episode,avg_qoe_per_user_slot,stall_ratio,stall_events_per_user_slot,scheduled_ratio,service_rate,chunks_per_user_slot,quality_utility_per_chunk,degradation_per_chunk,avg_quality_level_per_chunk,switch_user_slot_rate,avg_playback_queue,large_Q_exceed_rate,max_playback_queue,policy_loss,value_loss,entropy,approx_kl,clipfrac,grad_norm,explained_variance_preupdate,elapsed_sec
0,0.8188208333333346,0.020416666666666666,0.005833333333333334,0.7041666666666667,0.45208333333333334,1.2575,0.7570145791915184,0.24298542080848257,2.3313452617627566,0.3329166666666667,43.428333333333335,0.09458333333333334,151.0,0.0015018640784546732,553.1893821716309,6.8674027681350704,0.0007672627456486225,0.0,32.05949339866638,0.000689387321472168,1.4615719318389893
1,0.8919305555555564,0.007916666666666667,0.005416666666666667,0.7,0.4791666666666667,1.32375,0.7611898016997167,0.23881019830028327,2.356940509915014,0.35375,47.009166666666665,0.08083333333333333,149.0,0.00558647233992815,640.6677047729493,6.946659576892853,0.00029062544635962697,0.0,50.67442770004273,0.0023550987243652344,2.856814384460449
2,0.9076625000000004,0.00875,0.002916666666666667,0.7083333333333334,0.4766666666666667,1.32375,0.7741233868429338,0.22587661315706653,2.4422411079634876,0.3625,52.53375,0.11291666666666667,175.0,-0.008825065870769321,638.3757125854493,7.093772375583649,0.00034792971273418517,0.0,74.25169954299926,0.0016213059425354004,4.05920147895813
3,0.9919291666666671,0.005,0.0008333333333333334,0.7291666666666666,0.5179166666666667,1.43625,0.7714331302581958,0.22856686974180457,2.4223962866260518,0.38208333333333333,68.43083333333334,0.20625,230.0,-0.00866783345118165,733.6702285766602,7.400684726238251,0.00023681412785663268,0.0,101.83086166381835,0.002546072006225586,5.244096994400024
4,0.8756694444444444,0.008333333333333333,0.0020833333333333333,0.7,0.47541666666666665,1.31125,0.7575278042580238,0.2424721957419764,2.3339688592310135,0.3620833333333333,53.54875,0.10375,134.0,-0.004324204148724675,580.0116401672364,6.8549115538597105,0.0002534500610636314,0.0,101.70998725891113,0.014833390712738037,6.410206079483032
5,0.8886833333333332,0.009583333333333333,0.00375,0.6916666666666667,0.47125,1.2970833333333334,0.772515258592997,0.22748474140700295,2.429489238676518,0.3491666666666667,51.90291666666667,0.08208333333333333,135.0,0.015900819399394094,588.1057807922364,7.000586569309235,0.00010428183595649898,0.0,111.02414131164551,0.019224166870117188,7.592651844024658
6,0.9173152777777777,0.006666666666666667,0.0025,0.6875,0.48875,1.34125,0.7635570052811435,0.23644299471885685,2.3684374029201614,0.34875,56.170833333333334,0.18083333333333335,182.0,-0.003678208275232464,600.796711730957,7.044208896160126,-0.00021183652279432863,0.0,120.79768657684326,0.001002967357635498,8.778534173965454
7,0.9305930555555557,0.004166666666666667,0.0016666666666666668,0.7083333333333334,0.49541666666666667,1.3666666666666667,0.7658810975609756,0.23411890243902428,2.391158536585366,0.3829166666666667,65.74666666666667,0.17791666666666667,170.0,0.005916389171034098,606.5491989135742,7.070562958717346,-3.83317303203512e-05,0.0,125.52534675598145,0.00042498111724853516,9.949373483657837
8,0.9020597222222223,0.0075,0.0025,0.675,0.4716666666666667,1.305,0.7776532567049802,0.22234674329501916,2.4655172413793105,0.35625,54.83208333333334,0.16125,205.0,0.0003232802962884307,580.3296180725098,6.881547772884369,-6.216485016921069e-05,0.0,123.89811820983887,0.0008951425552368164,11.1140296459198
9,0.8789333333333336,0.016666666666666666,0.005833333333333334,0.7125,0.47541666666666665,1.3141666666666667,0.7653582752060862,0.2346417247939125,2.381737476220672,0.34458333333333335,53.903333333333336,0.11125,145.0,-0.0006954175420105458,527.37310256958,7.053701043128967,1.5444900782313198e-06,0.0,120.51086559295655,0.000731050968170166,12.277849197387695
10,0.879419444444445,0.004166666666666667,0.0016666666666666668,0.6708333333333333,0.4633333333333333,1.2879166666666666,0.7631640245875124,0.23683597541248785,2.3684891620834683,0.35333333333333333,45.84583333333333,0.07833333333333334,141.0,0.004769361868966371,530.0408325195312,6.861651825904846,0.00039274157024919986,0.0,117.90829505920411,0.03675001859664917,13.452762842178345
11,1.0016388888888887,0.0033333333333333335,0.0016666666666666668,0.75,0.5216666666666666,1.4404166666666667,0.7730980619033846,0.2269019380966158,2.4341914955163437,0.38708333333333333,70.39375,0.28833333333333333,197.0,-0.004896098515018821,677.9825775146485,7.27440699338913,0.000150973040581448,0.0,141.01962242126464,0.00021529197692871094,14.643143892288208
12,0.9883819444444442,0.00375,0.00125,0.7166666666666667,0.5133333333333333,1.4325,0.7671465968586385,0.23285340314136127,2.393542757417103,0.3854166666666667,61.0675,0.16625,182.0,0.00339445824502036,651.5592758178711,7.259992253780365,-0.0001881268177385209,0.0,137.7980640411377,0.00041854381561279297,15.815173864364624
13,0.8676444444444447,0.0175,0.00625,0.6791666666666667,0.4683333333333333,1.2945833333333334,0.7704151915030583,0.2295848084969425,2.4158352108142904,0.3491666666666667,49.74333333333333,0.12666666666666668,178.0,-0.0014474497176706791,498.69614868164064,6.749126660823822,0.00022105226562416647,0.0,117.78653240203857,0.014913558959960938,16.978928089141846
14,0.9682069444444449,0.006666666666666667,0.0016666666666666668,0.7041666666666667,0.5025,1.4041666666666666,0.7728575667655784,0.22714243323442135,2.434718100890208,0.37833333333333335,64.98583333333333,0.22583333333333333,230.0,-0.012868750700727105,629.2205474853515,6.94422755241394,-0.00014095966180320828,0.0,135.9252986907959,0.0002630949020385742,18.123323917388916
15,0.9172611111111115,0.00375,0.0016666666666666668,0.6916666666666667,0.4825,1.3333333333333333,0.7657062499999993,0.23429375,2.3840625,0.3545833333333333,51.91291666666667,0.06125,148.0,-0.01121172234416008,559.4889038085937,6.84066561460495,-2.2539527344633824e-05,0.0,126.66543331146241,0.00021886825561523438,19.287471532821655
16,0.9706944444444455,0.004583333333333333,0.00125,0.7041666666666667,0.50375,1.395,0.7741935483870961,0.22580645161290336,2.4408602150537635,0.37416666666666665,69.61166666666666,0.19541666666666666,228.0,0.004500540718436241,606.433317565918,7.026793074607849,0.00010926054601441137,0.0,134.19512214660645,0.000156402587890625,20.443424940109253
17,0.9527236111111118,0.007916666666666667,0.0020833333333333333,0.7166666666666667,0.5020833333333333,1.3925,0.7692609216038302,0.23073907839617006,2.4087372830640335,0.37333333333333335,66.49458333333334,0.23291666666666666,158.0,-0.009173873974941672,592.8611038208007,7.164257872104645,0.00016268662481024875,0.0,132.45890159606932,9.28044319152832e-05,21.60352659225464
18,0.8981944444444447,0.007083333333333333,0.00375,0.6875,0.47458333333333336,1.3025,0.7731925783749203,0.22680742162507975,2.432181701855406,0.34708333333333335,54.52625,0.10708333333333334,141.0,-0.006434109434485436,532.6665573120117,6.930486679077148,-0.0003708306365297176,0.0,119.67111206054688,0.03519392013549805,22.770636320114136
19,0.8967472222222233,0.009583333333333333,0.002916666666666667,0.6625,0.47291666666666665,1.3066666666666666,0.7730739795918367,0.22692602040816345,2.4333545918367347,0.3458333333333333,49.79833333333333,0.12833333333333333,169.0,-0.0018130689160898328,520.7352142333984,6.667782199382782,-6.960172086110106e-05,0.0,119.62985668182372,0.01073235273361206,23.92066240310669
20,0.9379750000000006,0.00125,0.0004166666666666667,0.675,0.49375,1.3608333333333333,0.7615248009797929,0.23847519902020842,2.355786895284752,0.36291666666666667,58.4125,0.13833333333333334,153.0,-0.0020941901486366985,571.0084808349609,6.970632767677307,-6.493494220194407e-06,0.0,126.2324254989624,0.047177910804748535,25.07929825782776
21,0.9293083333333342,0.006666666666666667,0.002916666666666667,0.6791666666666667,0.48791666666666667,1.3466666666666667,0.7717636138613858,0.22823638613861374,2.421720297029703,0.36375,54.897083333333335,0.15041666666666667,158.0,-0.003451957670040429,565.9720314025878,6.8947772026062015,0.0003395935826119967,0.0,123.40559558868408,0.0487065315246582,26.247172355651855
22,0.9457583333333344,0.008333333333333333,0.0020833333333333333,0.6916666666666667,0.50375,1.3845833333333333,0.7682275052663254,0.23177249473367437,2.3981342160698165,0.37625,64.58166666666666,0.18083333333333335,164.0,0.0039935082662850615,573.877547454834,7.154031312465667,-0.0001125052571296692,0.0,128.2958541870117,0.042175352573394775,27.421309232711792
23,0.990704166666667,0.004166666666666667,0.0016666666666666668,0.7,0.5204166666666666,1.4320833333333334,0.769767238871108,0.23023276112889146,2.40791387838231,0.3875,72.39458333333333,0.28208333333333335,244.0,-0.003233011264819652,609.5233917236328,7.122151112556457,0.0003289085783762857,0.0,134.89005355834962,5.7220458984375e-05,28.598569869995117
24,0.9499416666666677,0.00125,0.0008333333333333334,0.6916666666666667,0.49291666666666667,1.3604166666666666,0.7726983154670746,0.22730168453292507,2.4278713629402757,0.365,67.33125,0.2925,192.0,0.008505219267681241,547.2805786132812,6.884705340862274,-2.692842608666979e-05,0.0,126.23814659118652,9.816884994506836e-05,29.7542781829834
25,0.9937625000000007,0.0033333333333333335,0.00125,0.7208333333333333,0.5175,1.4229166666666666,0.7724831625183021,0.2275168374816985,2.4266471449487557,0.38125,66.34041666666667,0.24958333333333332,179.0,0.009635252179577947,592.9911987304688,7.0661045670509335,-9.929609077516944e-05,0.0,134.14716987609864,8.738040924072266e-05,31.15982699394226
26,0.9533375000000008,0.004583333333333333,0.00125,0.6916666666666667,0.5016666666666667,1.37,0.7770711678832113,0.22292883211678835,2.45985401459854,0.3825,66.69625,0.21,180.0,0.002403421141207218,541.2037384033204,6.9445143103599545,0.0005736288647312903,0.0,126.66175498962403,4.500150680541992e-05,32.32298493385315
27,1.0635833333333329,0.0033333333333333335,0.0016666666666666668,0.7375,0.5483333333333333,1.5208333333333333,0.776876712328767,0.22312328767123313,2.461095890410959,0.40958333333333335,82.11458333333333,0.38166666666666665,205.0,-0.0026891333356616086,693.0140731811523,7.281987595558166,0.000125026582099963,0.0,145.1652561187744,6.139278411865234e-05,33.493937253952026
28,1.000040277777778,0.004166666666666667,0.00125,0.7166666666666667,0.5220833333333333,1.445,0.769155132641292,0.23084486735870813,2.404555940023068,0.385,72.80708333333334,0.24541666666666667,206.0,-0.005059535591863095,596.0190399169921,7.046266543865204,0.00022698454704368488,0.0,134.07906017303466,4.601478576660156e-05,34.65064263343811
29,0.9854777777777789,0.00875,0.002916666666666667,0.7041666666666667,0.52125,1.4329166666666666,0.7734748473393428,0.22652515266065718,2.435300959581274,0.39125,79.51958333333333,0.3475,193.0,-0.002639724942855537,580.4468406677246,7.131660783290863,-0.0006020287721185014,0.0,130.5547882080078,0.00011259317398071289,35.80856227874756
30,1.0285555555555563,0.00625,0.00125,0.7083333333333334,0.5345833333333333,1.48125,0.776849507735584,0.22315049226441622,2.457665260196906,0.4075,81.37875,0.3283333333333333,189.0,0.0033336279448121786,634.6801544189453,7.052711391448975,2.654265517776366e-06,0.0,136.82939376831055,5.906820297241211e-05,36.960100412368774
31,0.9438958333333337,0.0020833333333333333,0.0004166666666666667,0.6708333333333333,0.48625,1.3425,0.774006828057107,0.22599317194289265,2.436374922408442,0.3575,57.19958333333334,0.17833333333333334,174.0,0.005198588757775724,532.8122177124023,6.77526957988739,-3.782602434512228e-05,0.0,118.80097579956055,0.02689540386199951,38.13567519187927
32,1.0045236111111118,0.0,0.0,0.7166666666666667,0.5154166666666666,1.4308333333333334,0.7734973791496794,0.22650262085032055,2.435352358765288,0.3779166666666667,67.37291666666667,0.22583333333333333,236.0,-0.004081756109371781,573.4210845947266,6.964587533473969,0.0008529949351213873,0.0,131.55088119506837,5.6624412536621094e-05,39.32183575630188
33,1.0550083333333338,0.005,0.0025,0.7166666666666667,0.5479166666666667,1.5054166666666666,0.7791364517021869,0.22086354829781354,2.4707998892886796,0.41333333333333333,82.98833333333333,0.38166666666666665,203.0,-0.008708537789061666,666.0257446289063,6.891636562347412,-0.0004894684796454384,0.0,140.440864944458,4.762411117553711e-05,40.49840235710144
34,1.0264708333333339,0.0033333333333333335,0.00125,0.7166666666666667,0.5408333333333334,1.47625,0.772941010443127,0.22705898955687284,2.431555179226644,0.4033333333333333,77.60208333333334,0.27291666666666664,234.0,-0.003890451299957931,602.7181427001954,7.050155353546143,0.00042728051776066425,0.0,134.92212142944337,3.981590270996094e-05,41.68210244178772
35,1.0073527777777782,0.00375,0.0016666666666666668,0.7208333333333333,0.5258333333333334,1.4516666666666667,0.7712342135476469,0.22876578645235368,2.4184845005740527,0.3954166666666667,77.5625,0.34125,179.0,-0.0035503963474184273,572.8620414733887,7.051616704463958,-7.128113502403721e-05,0.0,130.83565616607666,2.014636993408203e-05,42.851706981658936
36,1.0479597222222214,0.00375,0.0004166666666666667,0.7208333333333333,0.5433333333333333,1.4875,0.7829887955182068,0.2170112044817926,2.500280112044818,0.39916666666666667,80.85333333333334,0.3304166666666667,203.0,-0.0019629808608442544,617.192106628418,6.821152007579803,-7.005120714893564e-05,0.0,137.12751693725585,4.708766937255859e-06,44.02957606315613
37,0.9797625000000009,0.009583333333333333,0.0020833333333333333,0.6833333333333333,0.5145833333333333,1.4041666666666666,0.7796528189910975,0.22034718100890205,2.4753709198813056,0.3625,68.03833333333333,0.24541666666666667,174.0,0.004647029913030565,569.1591018676758,6.826578891277313,0.00030315260682982624,0.0,124.05793571472168,0.12599962949752808,45.21377110481262
38,1.0632388888888895,0.0033333333333333335,0.0020833333333333333,0.7166666666666667,0.55,1.5129166666666667,0.7773175433764794,0.2226824566235199,2.459928394381713,0.40791666666666665,86.93083333333334,0.38916666666666666,205.0,0.006855143141001463,637.9701644897461,6.644655334949493,0.000776208691240754,0.0,137.90194149017333,2.7000904083251953e-05,46.4168004989624
39,1.0180166666666666,0.0033333333333333335,0.00125,0.6875,0.52625,1.4470833333333333,0.7779268643823781,0.22207313561762188,2.466455513964872,0.3858333333333333,80.11416666666666,0.3283333333333333,205.0,-0.00016859837342053652,575.2789642333985,6.885473573207856,0.0006016282160999254,0.0,130.29534168243407,1.537799835205078e-05,47.59966731071472
40,1.01371388888889,0.0025,0.0008333333333333334,0.7,0.5220833333333333,1.4379166666666667,0.7844334975369457,0.21556650246305403,2.509417560127499,0.405,70.96125,0.24,194.0,-0.01044629591051489,553.6745704650879,6.906457149982453,0.0006251599932511453,0.0,127.88335952758788,0.05515098571777344,48.767926931381226
41,1.0733555555555552,0.005833333333333334,0.0016666666666666668,0.7125,0.5529166666666666,1.5133333333333334,0.7869548458149779,0.21304515418502218,2.5245044052863435,0.40208333333333335,74.175,0.2941666666666667,202.0,-0.005212164437398315,639.4059829711914,6.735810840129853,0.00031659149390179665,0.0,138.29720935821533,2.6524066925048828e-05,49.91086983680725
42,1.038965277777778,0.0016666666666666668,0.00125,0.6833333333333333,0.5283333333333333,1.45625,0.7852217453505007,0.21477825464949943,2.512160228898426,0.3908333333333333,76.60458333333334,0.30083333333333334,195.0,0.0004310987889766693,593.2948120117187,6.674769878387451,-0.00013556932099163533,0.0,132.14519748687744,2.5033950805664062e-06,51.075194358825684
43,1.0363944444444448,0.0008333333333333334,0.0008333333333333334,0.7208333333333333,0.535,1.4595833333333332,0.785378247216672,0.21462175278332862,2.5138452754781615,0.4066666666666667,71.11208333333333,0.25,198.0,0.0002903781831264496,572.0661750793457,7.076625454425812,-0.0001473782564062276,0.0,130.88101558685304,1.4424324035644531e-05,52.254984617233276
44,1.081670833333334,0.00375,0.0004166666666666667,0.7041666666666667,0.56375,1.5441666666666667,0.7784700485698871,0.22152995143011356,2.467889908256881,0.41583333333333333,85.73041666666667,0.3725,192.0,-0.01542948242276907,641.7461013793945,6.741021072864532,0.000285363649163628,0.0,138.61409454345704,1.996755599975586e-05,53.43201971054077
45,1.0801638888888887,0.005833333333333334,0.0016666666666666668,0.7166666666666667,0.5533333333333333,1.5241666666666667,0.7880153089119737,0.21198469108802626,2.533624931656643,0.4083333333333333,86.36416666666666,0.40875,197.0,0.005259827757254243,638.8211212158203,6.901684272289276,5.9647452508215794e-05,0.0,135.66434726715087,0.018206536769866943,54.609445095062256
46,0.9898430555555552,0.002916666666666667,0.0008333333333333334,0.65,0.5041666666666667,1.3816666666666666,0.7886881785283474,0.2113118214716527,2.53437876960193,0.3625,63.943333333333335,0.2125,211.0,0.012421652278862893,537.123235321045,6.542032611370087,0.00029569978069048374,0.0,120.69319896697998,0.03968167304992676,55.78183126449585
47,1.0063055555555562,0.006666666666666667,0.002916666666666667,0.6833333333333333,0.5233333333333333,1.4295833333333334,0.7849897988924521,0.2150102011075488,2.512678519382104,0.3829166666666667,67.80916666666667,0.2808333333333333,183.0,0.0037647185381501913,534.6658370971679,6.74886417388916,0.0008510152692906559,0.0,124.57696857452393,1.9252300262451172e-05,56.95547103881836
48,1.029847222222222,0.0033333333333333335,0.0008333333333333334,0.6875,0.5258333333333334,1.4441666666666666,0.7886035776110791,0.21139642238892095,2.5375072129255627,0.38166666666666665,65.91458333333334,0.21,169.0,0.012398651297553442,564.7647918701172,6.739824938774109,2.9917926713096677e-05,0.0,125.80795516967774,0.04583477973937988,58.127504110336304
49,1.0325083333333325,0.0033333333333333335,0.0016666666666666668,0.6958333333333333,0.525,1.4508333333333334,0.7869098219414126,0.2130901780585871,2.523836875358989,0.3904166666666667,69.91541666666667,0.2629166666666667,189.0,0.004378941934555769,537.4153701782227,6.686768329143524,-0.00025304885348305107,0.0,126.65677738189697,7.569789886474609e-06,59.29031038284302
50,1.0892041666666663,0.007083333333333333,0.0025,0.725,0.5583333333333333,1.5320833333333332,0.7889828664672284,0.21101713353277116,2.5384824585259724,0.40208333333333335,87.35333333333334,0.40125,222.0,-0.0009727456374093891,625.8822158813476,6.853718638420105,-0.0002903368615079671,0.0,136.72874279022216,1.4722347259521484e-05,60.67161297798157
51,1.112027777777778,0.0004166666666666667,0.0004166666666666667,0.7125,0.5616666666666666,1.5425,0.7921934089681253,0.2078065910318746,2.561858454889249,0.40875,88.13625,0.36,272.0,0.006299091735854745,648.7885513305664,6.79603533744812,0.0010089666213843884,0.0,138.4807243347168,1.8537044525146484e-05,61.84809446334839
52,0.9972888888888892,0.01375,0.005,0.6833333333333333,0.5183333333333333,1.4229166666666666,0.7903836017569539,0.2096163982430453,2.5455344070278185,0.38416666666666666,67.33,0.2725,181.0,0.007436348567716777,499.19238433837893,6.615089762210846,-0.00012811642900487641,0.0,119.3944543838501,1.919269561767578e-05,63.014989614486694
53,1.094726388888889,0.00125,0.0004166666666666667,0.7125,0.5533333333333333,1.5233333333333334,0.788842997811816,0.211157002188184,2.538566739606127,0.39875,82.58,0.32625,230.0,-0.006844246620312333,602.6335037231445,6.792767417430878,0.0007003052160143852,0.0,134.61191444396974,1.341104507446289e-05,64.16572403907776
54,1.076269444444444,0.0020833333333333333,0.0008333333333333334,0.6833333333333333,0.5479166666666667,1.4820833333333334,0.7986730390778749,0.20132696092212543,2.599662637053697,0.40958333333333335,77.53625,0.31666666666666665,203.0,0.006548731122165918,627.1363357543945,6.6811300158500675,-0.0002565041057096096,0.0,129.6477674484253,0.05797547101974487,65.33133697509766
55,1.0311069444444438,0.007083333333333333,0.0020833333333333333,0.6583333333333333,0.53125,1.4570833333333333,0.7878152702316276,0.21218472976837308,2.5310265942236203,0.3875,70.15375,0.26875,205.0,-0.007547128404257819,566.3027282714844,6.366209089756012,0.000756265535892453,0.0,124.77981395721436,1.4007091522216797e-05,66.50408673286438
56,1.0894499999999994,0.005833333333333334,0.0016666666666666668,0.7166666666666667,0.5570833333333334,1.5229166666666667,0.7923885088919287,0.207611491108071,2.558686730506156,0.40375,77.99333333333334,0.28958333333333336,227.0,0.004571696161292493,593.848681640625,6.988756465911865,-0.00018044737516902386,0.0,131.36072483062745,0.026706039905548096,67.68336653709412
57,1.1034513888888888,0.0008333333333333334,0.0008333333333333334,0.6875,0.5541666666666667,1.5258333333333334,0.7944975423265974,0.20550245767340242,2.5737302020753687,0.4075,91.3575,0.39,208.0,0.008907725848257542,639.662183380127,6.6845497488975525,-0.00021153779816813768,0.0,132.9537052154541,8.940696716308594e-06,68.82452654838562
58,1.1215486111111104,0.002916666666666667,0.0008333333333333334,0.7166666666666667,0.57,1.5683333333333334,0.7892003188097759,0.21079968119022333,2.5393198724760895,0.42,90.14375,0.3904166666666667,268.0,0.004336691915523261,622.5823760986328,6.780735898017883,0.0004419248827616684,0.0,136.56039981842042,1.0728836059570312e-05,69.97306656837463
59,1.0888180555555558,0.0016666666666666668,0.0004166666666666667,0.6958333333333333,0.5458333333333333,1.5033333333333334,0.7958231707317078,0.2041768292682927,2.582039911308204,0.40125,81.52041666666666,0.3179166666666667,217.0,0.009146939357742667,577.3157485961914,6.790972423553467,0.00031355921819340435,0.0,129.55594139099122,5.7220458984375e-06,71.12743830680847
60,1.1002027777777772,0.002916666666666667,0.0008333333333333334,0.7041666666666667,0.5579166666666666,1.5254166666666666,0.7954984976782298,0.20450150232177,2.5815350996995354,0.41291666666666665,89.83833333333334,0.43916666666666665,221.0,0.0025028945179656147,607.6621536254883,6.7619068145751955,0.00018208680412499235,0.0,131.75052909851075,9.179115295410156e-06,72.28523993492126
61,1.1603638888888896,0.00125,0.0008333333333333334,0.725,0.5725,1.5920833333333333,0.79365087673384,0.20634912326616076,2.56241821512693,0.4075,94.86833333333334,0.4525,236.0,0.0012609551660716534,649.3080932617188,6.7395907759666445,-0.0005216028890572489,0.0,140.38254051208497,6.198883056640625e-06,73.45932269096375
62,1.1555069444444441,0.0,0.0,0.7083333333333334,0.5733333333333334,1.5754166666666667,0.7987437185929643,0.2012562814070351,2.6011637133033587,0.4083333333333333,92.07666666666667,0.4141666666666667,236.0,-0.0014972166158258916,654.3518905639648,6.596104943752289,-0.0006059572314143225,0.0,139.13634490966797,8.58306884765625e-06,74.62573218345642
63,1.0615861111111118,0.00125,0.0008333333333333334,0.65,0.5241666666666667,1.4445833333333333,0.8023190077877127,0.19768099221228735,2.626189789443323,0.37125,77.43958333333333,0.3154166666666667,196.0,0.008111665071919561,591.8893142700196,6.523119699954987,-2.7136603353028477e-05,0.0,121.04287605285644,0.09544193744659424,75.80661034584045
64,1.1580208333333333,0.004166666666666667,0.0016666666666666668,0.725,0.58,1.59,0.7993317610062894,0.20066823899371083,2.604559748427673,0.40625,100.48541666666667,0.50375,244.0,-0.0013422960648313165,656.2089996337891,6.842275989055634,-7.114281906979158e-05,0.0,139.64589500427246,1.1801719665527344e-05,76.99297738075256
65,1.1636666666666668,0.0,0.0,0.7291666666666666,0.5725,1.5654166666666667,0.8097684322597816,0.19023156774021815,2.673143465531009,0.41375,88.92708333333333,0.35125,283.0,-0.0026140608824789524,640.3468048095704,6.746097981929779,0.0006286895106313751,0.0,138.539302444458,3.993511199951172e-06,78.16320943832397
66,1.0927861111111108,0.0016666666666666668,0.0004166666666666667,0.6833333333333333,0.5404166666666667,1.4870833333333333,0.8034519473241803,0.19654805267581954,2.636312692630989,0.37958333333333333,74.16666666666667,0.27125,186.0,-0.012939107790589332,571.164094543457,6.573902332782746,-0.00014895352651365102,0.0,127.28225135803223,0.03795146942138672,79.33515667915344
67,1.139845833333334,0.004583333333333333,0.0016666666666666668,0.6833333333333333,0.5720833333333334,1.56,0.8037206196581193,0.1962793803418803,2.635149572649573,0.41041666666666665,94.28166666666667,0.47125,252.0,0.0028644797392189504,653.7712265014649,6.535265922546387,0.00047107851423788816,0.0,135.6705223083496,1.0251998901367188e-05,80.50060606002808
68,1.0783888888888895,0.005,0.0016666666666666668,0.6916666666666667,0.5333333333333333,1.45875,0.8137103684661517,0.18628963153384745,2.704370179948586,0.3879166666666667,75.8925,0.29125,228.0,-0.006215187057387083,552.6824172973633,6.6268271684646605,-0.00043066097277915104,0.0,125.24471073150634,5.4836273193359375e-06,81.64462161064148
69,1.1057736111111103,0.004583333333333333,0.0016666666666666668,0.7083333333333334,0.5579166666666666,1.5133333333333334,0.8058067180616738,0.19419328193832613,2.6481277533039647,0.40541666666666665,81.91541666666667,0.3695833333333333,246.0,-0.011507847718894482,571.4257034301758,6.769213092327118,-0.00037602977899950927,0.0,128.94127807617187,8.046627044677734e-06,82.82324028015137
70,1.2106361111111112,0.0020833333333333333,0.0008333333333333334,0.725,0.595,1.62625,0.8120317704330009,0.1879682295669998,2.6907507045862156,0.4216666666666667,102.48958333333333,0.4583333333333333,251.0,-0.0034855376463383434,703.859097290039,6.717020797729492,0.00034634265648492146,0.0,144.75091056823732,8.52346420288086e-06,83.98288702964783
71,1.1894180555555551,0.0,0.0,0.7125,0.585,1.6008333333333333,0.8100650702758977,0.18993492972410195,2.678292555960437,0.4216666666666667,99.69875,0.46875,240.0,0.006086166738532484,667.1782165527344,6.715997183322907,0.0009890180683214567,0.0,139.41242866516114,0.09680819511413574,85.1316385269165
72,1.1272625000000003,0.0075,0.0016666666666666668,0.7083333333333334,0.5629166666666666,1.5279166666666666,0.8153613307881105,0.18463866921188982,2.7131169893646034,0.4041666666666667,84.87208333333334,0.41291666666666665,219.0,0.0014604316325858234,602.7917541503906,6.541384387016296,0.00030295108335849364,0.0,131.61517162322997,6.9141387939453125e-06,86.29574728012085
73,1.2023875000000004,0.0,0.0,0.7333333333333333,0.5883333333333334,1.6258333333333332,0.8060558687852377,0.19394413121476173,2.6504356740133264,0.42791666666666667,98.86583333333333,0.495,228.0,-0.004599049704847857,655.8878997802734,6.673498213291168,5.6373843108303845e-05,0.0,140.7198715209961,5.066394805908203e-06,87.44734191894531
74,1.1770666666666667,0.0016666666666666668,0.0008333333333333334,0.7041666666666667,0.5733333333333334,1.57,0.8155414012738854,0.1844585987261147,2.711783439490446,0.40208333333333335,92.25708333333333,0.44625,238.0,0.0037995003629475834,633.9195701599122,6.438972699642181,0.0008611673663835972,0.0,135.58596801757812,3.635883331298828e-06,88.604483127594
75,1.1594625000000007,0.00375,0.0016666666666666668,0.7166666666666667,0.57125,1.5570833333333334,0.8147471233609846,0.18525287663901502,2.7093925608777094,0.4066666666666667,87.19375,0.34833333333333333,245.0,-0.005261026485823095,600.587353515625,6.539396262168884,0.000305360033235047,0.0,132.5959888458252,3.874301910400391e-06,90.05924725532532
76,1.104347222222223,0.0020833333333333333,0.0008333333333333334,0.6791666666666667,0.5433333333333333,1.4829166666666667,0.8128968811463899,0.1871031188536104,2.69570103961787,0.38333333333333336,77.42541666666666,0.3125,185.0,0.002720326115377247,538.8204643249512,6.365669178962707,0.00037545764571405015,0.0,123.26710758209228,2.5033950805664062e-06,91.20110011100769
77,1.1768541666666659,0.0033333333333333335,0.0016666666666666668,0.7333333333333333,0.57875,1.5816666666666668,0.8112355110642775,0.18876448893572176,2.6825605900948366,0.4058333333333333,93.16041666666666,0.44416666666666665,252.0,-0.011167899332940578,615.0661834716797,6.6177506923675535,0.0007286297186510637,0.0,135.6263032913208,2.6226043701171875e-06,92.35055232048035
78,1.1400499999999996,0.004583333333333333,0.0025,0.6833333333333333,0.5583333333333333,1.5279166666666666,0.8121407144805013,0.18785928551949824,2.6891191709844557,0.37875,86.1925,0.38125,261.0,-0.011850615544244648,596.9968551635742,6.290195572376251,-1.8394659855403005e-05,0.0,128.27629299163817,0.0274505615234375,93.5099937915802
79,1.145226388888889,0.00125,0.0008333333333333334,0.6916666666666667,0.5604166666666667,1.5329166666666667,0.8118265833106828,0.18817341668931778,2.6874150584397936,0.39458333333333334,85.61208333333333,0.3325,310.0,-0.008507741568610071,585.7796051025391,6.477148318290711,0.0004214337561279535,0.0,128.7539258956909,4.351139068603516e-06,94.66929483413696
80,1.1973416666666683,0.0008333333333333334,0.0004166666666666667,0.7041666666666667,0.5779166666666666,1.5916666666666666,0.8154764397905763,0.18452356020942418,2.712041884816754,0.39958333333333335,91.87541666666667,0.39875,241.0,-0.0008396961493417621,639.9433822631836,6.4527597546577455,-4.2320864667999555e-05,0.0,136.35077133178712,2.6226043701171875e-06,95.82624006271362
81,1.157730555555556,0.008333333333333333,0.0016666666666666668,0.6916666666666667,0.56375,1.5375,0.8251273712737124,0.17487262872628703,2.7775067750677507,0.3904166666666667,89.52291666666666,0.4066666666666667,253.0,-0.00591526793432422,595.8933120727539,6.33801189661026,-0.00024208635622926522,0.0,129.90779056549073,3.874301910400391e-06,97.00700211524963
82,1.1506736111111122,0.0004166666666666667,0.0004166666666666667,0.7166666666666667,0.5679166666666666,1.53,0.8153458605664484,0.18465413943355127,2.712962962962963,0.39416666666666667,83.15166666666667,0.35,250.0,7.522357627749443e-05,555.618276977539,6.408188462257385,0.000691944221398444,0.0,127.65134239196777,3.874301910400391e-06,98.16949081420898
83,1.2558527777777777,0.0008333333333333334,0.0004166666666666667,0.7166666666666667,0.59625,1.645,0.8206382978723399,0.17936170212765964,2.74468085106383,0.38916666666666666,104.49958333333333,0.49166666666666664,277.0,0.002698506123851985,690.2412719726562,6.2954518556594845,-0.0003034154200577177,0.0,143.62317237854003,4.172325134277344e-06,99.32583856582642
84,1.3267986111111112,0.0033333333333333335,0.00125,0.7375,0.635,1.7433333333333334,0.8216180688336526,0.17838193116634798,2.7526290630975145,0.4216666666666667,119.21375,0.59125,291.0,-0.0006501327734440565,804.389631652832,6.48468017578125,0.0006642956283030799,0.0,156.02607841491698,6.377696990966797e-06,100.48330044746399
85,1.2069458333333338,0.0008333333333333334,0.0004166666666666667,0.7291666666666666,0.5866666666666667,1.5925,0.8191182626896903,0.18088173731030868,2.7341705913134486,0.40708333333333335,95.91041666666666,0.42875,280.0,0.0015904608881101012,610.4432769775391,6.5401308059692385,0.00012646430222957862,0.0,134.87462272644044,3.874301910400391e-06,101.62525653839111
86,1.189201388888889,0.0004166666666666667,0.0004166666666666667,0.7166666666666667,0.5691666666666667,1.5583333333333333,0.823596256684492,0.1764037433155079,2.7636363636363637,0.3933333333333333,97.83416666666666,0.46791666666666665,227.0,0.008395869145169854,596.8793121337891,6.407179987430572,0.0002960739162517712,0.0,130.5774034500122,1.4901161193847656e-06,102.76901745796204
87,1.114065277777776,0.004583333333333333,0.00125,0.6833333333333333,0.54625,1.4883333333333333,0.8158146696528545,0.18418533034714446,2.7144456886898096,0.37666666666666665,86.16583333333334,0.39125,233.0,0.004757804749533534,515.4555473327637,6.184998893737793,0.0007548240797859762,0.0,118.187109375,2.7418136596679688e-06,103.92247128486633
88,1.2981513888888891,0.00125,0.0008333333333333334,0.7333333333333333,0.6175,1.6983333333333333,0.8232899901864571,0.17671000981354285,2.7612855740922475,0.41291666666666665,106.48791666666666,0.5054166666666666,264.0,9.780116379261017e-05,727.7697479248047,6.439842081069946,-0.0006002506270306185,0.0,148.34855613708496,2.5033950805664062e-06,105.05457544326782
89,1.2217500000000008,0.0008333333333333334,0.0008333333333333334,0.725,0.5829166666666666,1.60375,0.8192257729280329,0.18077422707196658,2.7344764873993244,0.38375,93.3075,0.42041666666666666,235.0,0.003027273761108518,607.0825881958008,6.561993956565857,-0.00017661447927821427,0.0,135.1304874420166,9.5367431640625e-07,106.2101047039032
90,1.2225986111111118,0.0,0.0,0.7208333333333333,0.5754166666666667,1.5966666666666667,0.822434759916493,0.1775652400835073,2.7536534446764094,0.38666666666666666,95.19208333333333,0.39625,260.0,-0.0062979403883218765,616.8010223388671,6.255113637447357,-0.0003519609531622336,0.0,134.32190017700196,2.682209014892578e-06,107.36722707748413
91,1.309870833333333,0.0020833333333333333,0.00125,0.7291666666666666,0.6195833333333334,1.6954166666666666,0.8286286556893577,0.1713713443106413,2.795772917178668,0.39416666666666667,108.95875,0.5104166666666666,268.0,-0.004935405403375626,735.3964172363281,6.451159155368805,-0.0010975791774399113,0.0,148.97294082641602,2.9802322387695312e-06,108.51409029960632
92,1.2533263888888884,0.006666666666666667,0.0008333333333333334,0.7416666666666667,0.6025,1.6479166666666667,0.8253223767383062,0.17467762326169403,2.7767383059418456,0.39916666666666667,102.86375,0.5054166666666666,274.0,0.0006378292571753263,653.0673797607421,6.4316982388496395,-0.00024413291830569506,0.0,139.38800220489503,3.635883331298828e-06,109.6685266494751
93,1.2095750000000005,0.0,0.0,0.7,0.5695833333333333,1.5675,0.8258851674641152,0.17411483253588522,2.7791068580542264,0.36125,90.66083333333333,0.39625,250.0,-0.004570392519235611,585.4925933837891,6.324311935901642,-9.31641163333552e-05,0.0,130.66351089477538,1.0728836059570312e-06,110.82218408584595
94,1.1958805555555563,0.0020833333333333333,0.0004166666666666667,0.6916666666666667,0.5775,1.5695833333333333,0.8211521104327044,0.1788478895672949,2.745951685691532,0.38916666666666666,94.21041666666666,0.4241666666666667,215.0,0.0032129152677953243,585.7422500610352,6.1355169177055355,-0.00044806230871472506,0.0,128.24397315979004,1.8477439880371094e-06,111.98988771438599
95,1.1916583333333333,0.004583333333333333,0.0025,0.7041666666666667,0.5804166666666667,1.5825,0.8167403896787778,0.18325961032122182,2.7177461822011586,0.3875,89.85083333333333,0.4083333333333333,232.0,0.0010036655701696872,563.659270477295,6.181266450881958,0.0016220386372879148,0.0,126.83710060119628,2.9802322387695312e-06,113.15571761131287
96,1.2712763888888887,0.004583333333333333,0.0025,0.7208333333333333,0.60375,1.6554166666666668,0.8276440976592002,0.17235590234080034,2.790838157563554,0.3883333333333333,101.14375,0.47541666666666665,294.0,0.007448695949278772,672.4145355224609,6.014333832263946,0.0006426422041840851,0.0,139.33809833526612,3.5762786865234375e-06,114.2999222278595
97,1.2449999999999997,0.002916666666666667,0.00125,0.725,0.5916666666666667,1.6204166666666666,0.8236050398560034,0.17639496014399586,2.760863975314991,0.3670833333333333,95.95,0.41791666666666666,299.0,-0.0038228177465498446,616.3257614135742,6.149558341503143,-0.0010333698330214248,0.0,135.12903156280518,2.0265579223632812e-06,115.45540475845337
98,1.3113138888888887,0.0,0.0,0.7375,0.6154166666666666,1.6925,0.8279960610536681,0.17200393894633176,2.79123584441162,0.39666666666666667,107.39083333333333,0.525,262.0,-0.008469848777167499,702.034945678711,6.359605133533478,0.00043271309114061295,0.0,145.1236873626709,1.9669532775878906e-06,116.60337138175964
99,1.3121152777777778,0.0020833333333333333,0.00125,0.7375,0.6195833333333334,1.7058333333333333,0.8248436736687833,0.17515632633121628,2.7681973619931606,0.3954166666666667,113.63,0.55875,291.0,0.00442999042570591,688.6068069458008,6.351451444625854,0.00029883222135822506,0.0,144.03179931640625,2.5033950805664062e-06,117.7486310005188
100,1.2145486111111115,0.0,0.0,0.6833333333333333,0.5645833333333333,1.55125,0.8313859790491536,0.1686140209508459,2.8122481869460114,0.33666666666666667,85.26875,0.39416666666666667,226.0,0.003830257593654096,598.0487007141113,5.977722156047821,-0.0007515984376368579,0.0,125.84247188568115,0.010452091693878174,119.20734024047852
101,1.2154833333333335,0.00125,0.0004166666666666667,0.7083333333333334,0.5704166666666667,1.5741666666666667,0.825611434621493,0.17438856537850708,2.774219163578613,0.3641666666666667,96.9125,0.4675,294.0,-0.003533523960504681,566.4590484619141,5.897272408008575,0.00047714044339954855,0.0,127.75373668670655,1.5497207641601562e-06,120.36982440948486
102,1.2259916666666673,0.005833333333333334,0.0020833333333333333,0.725,0.5858333333333333,1.595,0.8274242424242428,0.17257575757575752,2.7873563218390807,0.36083333333333334,87.19291666666666,0.38708333333333333,222.0,-0.0017558844760060311,567.7480422973633,6.066330695152283,-0.0001262594036234077,0.0,129.1879041671753,1.3113021850585938e-06,121.5251693725586
103,1.201188888888889,0.00375,0.00125,0.6875,0.5758333333333333,1.565,0.8257507987220445,0.17424920127795535,2.777156549520767,0.36625,89.88,0.43,235.0,0.012311737798154355,566.7454086303711,5.8989393472671505,0.0004454061847354751,0.0,124.12927684783935,1.7881393432617188e-06,122.69475293159485
104,1.240559722222222,0.0004166666666666667,0.0004166666666666667,0.7125,0.58375,1.5991666666666666,0.8288196977592499,0.1711803022407504,2.79833246482543,0.365,99.47375,0.49333333333333335,249.0,-0.0020674017956480383,592.3651298522949,5.974402678012848,0.0006736241150065326,0.0,129.777152633667,1.430511474609375e-06,123.87838339805603
105,1.2071499999999993,0.0008333333333333334,0.0008333333333333334,0.6916666666666667,0.5691666666666667,1.5525,0.8293505099302202,0.17064949006978,2.801663982823403,0.3491666666666667,91.56958333333333,0.41125,259.0,-0.0037614285945892336,562.5876914978028,5.873021709918976,0.00014771655987715348,0.0,123.69321632385254,1.9669532775878906e-06,125.04368257522583
106,1.3058083333333332,0.0008333333333333334,0.0008333333333333334,0.7333333333333333,0.6179166666666667,1.6825,0.8274987617632492,0.17250123823675087,2.7872709262010895,0.37333333333333335,105.2475,0.5029166666666667,274.0,0.004358823876827955,649.6527938842773,6.2739032983779905,0.00037482192856259645,0.0,139.35016136169435,1.430511474609375e-06,126.21800112724304
107,1.154630555555556,0.0008333333333333334,0.0004166666666666667,0.6541666666666667,0.5358333333333334,1.47,0.8351133786848068,0.16488662131519274,2.8381519274376417,0.3275,82.20583333333333,0.3641666666666667,192.0,-0.000809241714887321,509.0961433410645,5.823905730247498,0.0004205544788419502,0.0,113.69974918365479,0.01500391960144043,127.3804337978363
108,1.2295833333333335,0.0,0.0,0.7041666666666667,0.5733333333333334,1.5875,0.8261154855643044,0.17388451443569558,2.7774278215223096,0.36875,107.5225,0.56625,217.0,-0.011796680558472872,599.5147720336914,5.8675588965415955,0.00040741924167377876,0.0,126.09633560180664,1.9669532775878906e-06,128.5308654308319
109,1.249279166666666,0.005416666666666667,0.0008333333333333334,0.7125,0.5883333333333334,1.6145833333333333,0.8301341935483867,0.16986580645161287,2.8061935483870966,0.35791666666666666,96.31875,0.45708333333333334,236.0,-0.006422878196462989,588.0209083557129,6.037958204746246,-0.0005829617846757173,0.0,130.519144821167,1.4901161193847656e-06,129.66163277626038
110,1.3190277777777772,0.0,0.0,0.725,0.61,1.6816666666666666,0.8325074331020811,0.16749256689791878,2.8213577799801786,0.3645833333333333,106.32541666666667,0.5083333333333333,267.0,-0.005316851567476988,661.3783645629883,5.803124034404755,0.00034231914323754606,0.0,139.48481826782228,8.344650268554688e-07,130.8170976638794
111,1.1781444444444436,0.0025,0.0016666666666666668,0.6958333333333333,0.5595833333333333,1.5170833333333333,0.828860203240868,0.17113979675913216,2.7951112331776984,0.33208333333333334,80.18083333333334,0.3095833333333333,237.0,0.016453459463082253,497.3972877502441,5.753650629520417,0.00022648040030617266,0.0,115.6953577041626,1.430511474609375e-06,131.98966312408447
112,1.3218013888888895,0.0016666666666666668,0.00125,0.725,0.61,1.6745833333333333,0.837394874346853,0.16260512565314753,2.8531973127643693,0.35833333333333334,102.52541666666667,0.4820833333333333,265.0,-0.010858186567202211,657.2797241210938,5.889562964439392,-0.00021284944377839566,0.0,138.96879615783692,1.1920928955078125e-06,133.15556406974792
113,1.1522013888888896,0.015,0.0025,0.6833333333333333,0.5545833333333333,1.51,0.8304221854304638,0.1695778145695364,2.8054635761589406,0.32666666666666666,78.02791666666667,0.3695833333333333,220.0,-0.0026875903946347534,483.45253677368163,5.6854367852211,0.0007627984814462252,0.0,112.62637672424316,2.5033950805664062e-06,134.33303904533386
114,1.3213166666666667,0.0,0.0,0.7416666666666667,0.6145833333333334,1.6795833333333334,0.8333316794839992,0.1666683205160011,2.825353510295212,0.35875,107.37125,0.5058333333333334,247.0,0.006886840192601084,624.4311386108399,5.84904807806015,0.00041229664420825427,0.0,136.6075071334839,8.940696716308594e-07,135.47531366348267
115,1.2884486111111113,0.004583333333333333,0.00125,0.7208333333333333,0.5908333333333333,1.6283333333333334,0.8403556806550662,0.15964431934493345,2.8748720573183215,0.32875,94.98833333333333,0.4275,254.0,-0.0001778200501576066,605.5078811645508,5.843780720233918,-0.0003024338744580746,0.0,131.3286476135254,0.02239048480987549,136.63534355163574
116,1.293161111111111,0.0004166666666666667,0.0004166666666666667,0.725,0.5975,1.6404166666666666,0.8352603505207012,0.16473964947929903,2.840487680975362,0.33791666666666664,97.99208333333333,0.5025,229.0,0.0014063482172787189,594.9012145996094,5.876809704303741,0.00025886736693792045,0.0,131.7274808883667,8.940696716308594e-07,137.79844450950623
117,1.2655180555555554,0.00625,0.0016666666666666668,0.6958333333333333,0.5866666666666667,1.61125,0.8370597362296351,0.1629402637703647,2.8510473235065943,0.32625,81.9075,0.35083333333333333,241.0,0.0034249789314344525,588.8312355041504,5.610374271869659,-0.0006005776725942269,0.0,127.25075416564941,1.2516975402832031e-06,138.97353839874268
118,1.2808680555555552,0.004583333333333333,0.0016666666666666668,0.7083333333333334,0.59625,1.6270833333333334,0.8352752880921894,0.16472471190781046,2.8381562099871958,0.31916666666666665,98.21583333333334,0.48625,287.0,0.006758229108527303,576.7771476745605,5.757205367088318,0.0007826609187759459,0.0,128.66476593017578,7.748603820800781e-07,140.16516995429993
119,1.258926388888889,0.0004166666666666667,0.0004166666666666667,0.7041666666666667,0.5841666666666666,1.5941666666666667,0.8320935703084159,0.1679064296915838,2.817302665969681,0.29791666666666666,94.42708333333333,0.43833333333333335,240.0,-0.009823085553944112,553.6758613586426,5.499151885509491,-0.00039569479449710345,0.0,125.68315887451172,8.940696716308594e-07,141.3228681087494
120,1.1523291666666668,0.0,0.0,0.6666666666666666,0.545,1.4745833333333334,0.827942921729302,0.17205707827069794,2.7894885560892906,0.3129166666666667,84.87416666666667,0.39625,204.0,0.00621652053669095,466.1500411987305,5.340867340564728,0.0012622329697478563,0.0,106.19030494689942,0.10372549295425415,142.48244285583496
121,1.3192722222222222,0.0008333333333333334,0.0004166666666666667,0.7208333333333333,0.61375,1.6704166666666667,0.8324819156896985,0.16751808431030202,2.819156896981791,0.32375,105.10666666666667,0.48625,255.0,-0.006201994838193059,610.475862121582,5.430918550491333,0.00042374933836981655,0.0,133.62520084381103,4.76837158203125e-07,143.6438546180725
122,1.2271930555555555,0.0,0.0,0.6916666666666667,0.56375,1.54375,0.8349338731443982,0.16506612685560065,2.8337381916329285,0.28708333333333336,84.92375,0.3516666666666667,235.0,0.003920764662325382,504.4111503601074,5.487947154045105,-0.000192982263979502,0.0,116.97061862945557,1.2516975402832031e-06,144.8030891418457
123,1.2196486111111107,0.00625,0.0025,0.6875,0.5633333333333334,1.5408333333333333,0.8395051379123857,0.1604948620876149,2.8664142779881017,0.2916666666666667,83.43125,0.37875,212.0,0.0021263602189719676,510.25621871948243,5.498529243469238,-0.00033718446793500333,0.0,116.78076305389405,0.03862887620925903,145.95041513442993
124,1.2877583333333333,0.0,0.0,0.7125,0.5941666666666666,1.6295833333333334,0.8334492457172075,0.1665507542827922,2.8253643569419586,0.32708333333333334,100.04833333333333,0.4825,312.0,-0.0012316735927015543,564.8050804138184,5.571993041038513,0.00038179999974090605,0.0,126.41278114318848,6.556510925292969e-07,147.1021146774292
125,1.2080152777777775,0.009166666666666667,0.0020833333333333333,0.675,0.56375,1.5366666666666666,0.8392272234273314,0.16077277657266809,2.8655097613882865,0.29041666666666666,83.21083333333333,0.35875,252.0,0.008666344219818711,472.3198776245117,5.352868902683258,0.00038081352395238357,0.0,113.60919876098633,5.364418029785156e-07,148.44207906723022
126,1.347427777777779,0.0,0.0,0.7291666666666666,0.6158333333333333,1.6866666666666668,0.8384782608695648,0.16152173913043485,2.859189723320158,0.31583333333333335,104.56166666666667,0.50625,243.0,0.0017521132598631085,619.931974029541,5.642601466178894,0.00010764030739665031,0.0,134.72024955749512,4.172325134277344e-07,149.60800981521606
127,1.3469847222222238,0.0020833333333333333,0.00125,0.7416666666666667,0.62125,1.70625,0.8340488400488403,0.16595115995115978,2.831013431013431,0.3204166666666667,108.77333333333333,0.5129166666666667,281.0,-0.004447354690637439,616.8419754028321,5.613922476768494,0.000914263712184038,0.0,134.91957092285156,7.748603820800781e-07,150.7432894706726
128,1.281597222222222,0.007916666666666667,0.0016666666666666668,0.7166666666666667,0.5995833333333334,1.6308333333333334,0.8350792028615228,0.16492079713847735,2.835462442514052,0.3020833333333333,95.9325,0.455,257.0,-0.0038920429069548845,555.9554969787598,5.443585455417633,-0.00012986438159714452,0.0,124.88835105895996,1.0728836059570312e-06,152.23928451538086
129,1.300658333333333,0.004166666666666667,0.00125,0.7333333333333333,0.6025,1.6366666666666667,0.8402698574338086,0.15973014256619145,2.871181262729124,0.31416666666666665,108.01916666666666,0.51125,278.0,0.0034518270753324033,571.5927749633789,5.533938956260681,-0.00041067705751629546,0.0,125.20949668884278,4.172325134277344e-07,153.43928050994873
130,1.3061847222222223,0.0,0.0,0.7291666666666666,0.6041666666666666,1.6316666666666666,0.8402732379979571,0.15972676200204297,2.871297242083759,0.30666666666666664,99.7225,0.47291666666666665,241.0,-0.0009957587346434594,573.8928024291993,5.514338886737823,7.796119898557663e-05,0.0,126.24955177307129,8.940696716308594e-07,154.60444355010986
131,1.2507388888888888,0.00375,0.0020833333333333333,0.6958333333333333,0.57875,1.58,0.8380643459915612,0.1619356540084389,2.8557489451476794,0.3125,82.52875,0.35541666666666666,241.0,-0.000553229684010148,512.6134216308594,5.461737811565399,2.4052755907177926e-05,0.0,117.23256797790528,5.364418029785156e-07,155.77654099464417
132,1.2583861111111105,0.0033333333333333335,0.0020833333333333333,0.6958333333333333,0.5775,1.5795833333333333,0.8407966235821681,0.1592033764178316,2.87470324452651,0.30333333333333334,98.91666666666667,0.4116666666666667,243.0,0.004931120132096112,510.57256469726565,5.322146856784821,0.0002319966173672583,0.0,116.97453994750977,5.960464477539062e-07,156.95843362808228
133,1.1656694444444442,0.002916666666666667,0.0016666666666666668,0.6875,0.53625,1.46875,0.8370042553191495,0.16299574468085107,2.8485106382978724,0.27416666666666667,71.26125,0.2966666666666667,221.0,-0.009434753831010311,396.5375701904297,5.3357123851776125,0.0004039575323986355,0.0,101.4602207183838,5.364418029785156e-07,158.1319239139557
134,1.267243055555554,0.0025,0.0008333333333333334,0.6958333333333333,0.5808333333333333,1.5845833333333332,0.8389560872995003,0.16104391270049964,2.8608992900341836,0.27166666666666667,86.28375,0.3595833333333333,287.0,-0.012681576190516353,519.1797912597656,5.443507063388824,0.0006140396781120216,0.0,118.43694324493408,7.748603820800781e-07,159.30212116241455
135,1.2560013888888892,0.00625,0.002916666666666667,0.6958333333333333,0.5829166666666666,1.5825,0.8423038441284887,0.1576961558715114,2.8849394418114795,0.305,94.05375,0.41291666666666665,307.0,0.013757632789202034,496.2738784790039,5.541862535476684,-0.00046812254295218735,0.0,116.19183769226075,4.76837158203125e-07,160.47257113456726
136,1.2646791666666677,0.00125,0.0004166666666666667,0.7125,0.5883333333333334,1.5979166666666667,0.8365658409387224,0.1634341590612777,2.844850065189048,0.3308333333333333,96.64375,0.40708333333333335,289.0,0.009742585755884648,491.716967010498,5.72193421125412,0.0001023151577101089,0.0,115.13457012176514,3.5762786865234375e-07,161.66424894332886
137,1.2518027777777785,0.00125,0.0004166666666666667,0.7083333333333334,0.5791666666666667,1.56875,0.8398831341301459,0.16011686586985402,2.8666666666666667,0.3025,92.30541666666667,0.45375,212.0,0.01271411518100649,457.34946212768557,5.378188490867615,0.0010474578317371196,0.0,112.46825828552247,1.1920928955078125e-07,162.86217546463013
138,1.2887430555555552,0.004166666666666667,0.00125,0.7291666666666666,0.5966666666666667,1.62125,0.8404394757131842,0.15956052428681577,2.87124132613724,0.32,99.495,0.465,261.0,-0.0035967479925602674,537.1522224426269,5.584207761287689,-7.6387823355617e-05,0.0,120.7802131652832,5.960464477539062e-07,164.0225932598114
139,1.332618055555556,0.0025,0.0008333333333333334,0.725,0.6145833333333334,1.6675,0.8420664667666171,0.1579335332333833,2.8818090954522737,0.3225,108.72541666666666,0.5416666666666666,306.0,0.003306627389974892,575.6515289306641,5.646170282363892,0.00046637561947591164,0.0,125.79295959472657,7.152557373046875e-07,165.19539999961853
140,1.2132958333333337,0.0033333333333333335,0.0025,0.6875,0.555,1.53,0.840253267973857,0.15974673202614392,2.871732026143791,0.30666666666666664,77.57375,0.32958333333333334,248.0,-0.002150874468497932,429.1076095581055,5.401019954681397,-0.0004511661689321045,0.0,106.02084064483643,0.015720665454864502,166.35538744926453
141,1.2752902777777788,0.0008333333333333334,0.0004166666666666667,0.6916666666666667,0.5845833333333333,1.6070833333333334,0.8386129115893185,0.1613870884106818,2.8620689655172415,0.3325,99.3175,0.43041666666666667,255.0,-0.0009490035008639097,507.9181823730469,5.486908006668091,0.0004865474082180299,0.0,114.9168104171753,2.384185791015625e-07,167.52451944351196
142,1.2560319444444443,0.0016666666666666668,0.00125,0.7125,0.57875,1.5866666666666667,0.836084558823529,0.16391544117647047,2.841386554621849,0.3179166666666667,97.81833333333333,0.5208333333333334,272.0,-0.005692819909017999,455.7524833679199,5.595274758338928,-6.558508321177214e-05,0.0,111.85350646972657,0.02363210916519165,168.6806938648224
143,1.2761861111111112,0.00125,0.0004166666666666667,0.6875,0.5825,1.61125,0.838293250581847,0.1617067494181537,2.859581070597362,0.3333333333333333,93.47666666666667,0.44708333333333333,256.0,0.006843469711020589,495.3164596557617,5.635607063770294,8.16597144876141e-05,0.0,113.8164218902588,1.7881393432617188e-07,169.85574507713318
144,1.2640027777777783,0.0008333333333333334,0.0008333333333333334,0.7041666666666667,0.5829166666666666,1.59625,0.8368415557295745,0.1631584442704255,2.846776298616549,0.33375,90.67791666666666,0.3729166666666667,246.0,0.006512330775149166,465.54406509399416,5.635664117336273,0.0001272045250516385,0.0,110.9241132736206,2.384185791015625e-07,171.0096414089203
145,1.2885347222222234,0.0025,0.0016666666666666668,0.7125,0.59625,1.6291666666666667,0.8375063938618929,0.1624936061381073,2.8539641943734013,0.3308333333333333,95.85,0.4429166666666667,231.0,0.005730807245709002,494.0505935668945,5.680651271343232,6.308103875198867e-05,0.0,115.4941888809204,0.02006995677947998,172.18866777420044
146,1.308052777777778,0.0,0.0,0.7166666666666667,0.6016666666666667,1.6525,0.8350126071608674,0.16498739283913272,2.8345940494200708,0.33916666666666667,100.3175,0.4575,255.0,-0.00017003592802211642,496.18701248168946,5.695002484321594,7.637217495357618e-05,0.0,116.81066856384277,4.172325134277344e-07,173.3699963092804
147,1.2057763888888884,0.005416666666666667,0.0016666666666666668,0.6833333333333333,0.565,1.54125,0.8342876453095435,0.1657123546904569,2.829954041632874,0.3254166666666667,86.94208333333333,0.38875,215.0,-0.0055231914389878515,406.51423263549805,5.520867669582367,-0.0002702331788896117,0.0,102.26504917144776,0.019531965255737305,174.52733206748962
148,1.292486111111111,0.0,0.0,0.7208333333333333,0.5954166666666667,1.6366666666666667,0.8339613034623214,0.16603869653767817,2.8276476578411405,0.3425,98.42791666666666,0.4866666666666667,272.0,-0.005268443236127495,465.45525588989256,5.650934052467346,-0.0003503144422211335,0.0,113.78182868957519,1.1920928955078125e-07,175.71840596199036
149,1.2976708333333324,0.0016666666666666668,0.0004166666666666667,0.7291666666666666,0.6041666666666666,1.65,0.8344469696969697,0.16555303030303026,2.8325757575757575,0.35125,106.085,0.5204166666666666,274.0,0.0055991180939599875,463.5095390319824,5.8841274857521055,-0.0003108311015239451,0.0,113.76463470458984,1.1920928955078125e-07,176.91433382034302
150,1.1906597222222224,0.0,0.0,0.6833333333333333,0.5545833333333333,1.5066666666666666,0.8352461283185842,0.16475387168141584,2.836283185840708,0.3145833333333333,81.87833333333333,0.3641666666666667,224.0,-0.0063422597799217325,368.05833129882814,5.533347201347351,-0.0001524927676655352,0.0,96.86357307434082,1.7881393432617188e-07,178.3057610988617
151,1.296408333333334,0.00125,0.0008333333333333334,0.7333333333333333,0.5966666666666667,1.6304166666666666,0.8402453360592895,0.15975466394071036,2.871709685663174,0.32625,97.18791666666667,0.43416666666666665,259.0,0.005063445167616009,450.8080657958984,5.857349324226379,0.0005265297621008358,0.0,112.5763011932373,-1.1920928955078125e-07,179.49929857254028
152,1.2178319444444443,0.005,0.0004166666666666667,0.7083333333333334,0.5679166666666666,1.5545833333333334,0.8343956043956047,0.16560439560439563,2.832216563923881,0.31666666666666665,93.445,0.43916666666666665,305.0,-0.003858083439990878,400.35880584716796,5.692676615715027,0.0007319507345528109,0.0,99.18817501068115,5.960464477539063e-08,180.65223383903503
153,1.2258666666666653,0.0,0.0,0.6791666666666667,0.5625,1.5466666666666666,0.8375754310344828,0.16242456896551727,2.8542564655172415,0.32416666666666666,89.72125,0.3975,239.0,-0.009043441410176456,396.67724456787107,5.57346955537796,0.0019346715291248984,0.0,99.99855709075928,0.016490817070007324,181.8273687362671
154,1.2393541666666663,0.002916666666666667,0.0008333333333333334,0.7,0.5816666666666667,1.5870833333333334,0.8307823575741665,0.1692176424258335,2.8059858230506696,0.3433333333333333,84.48083333333334,0.3258333333333333,287.0,-0.003959465632215142,401.511971282959,5.647062611579895,0.00047382548509631304,0.0,102.64298763275147,1.1920928955078125e-07,183.00989603996277
155,1.2938416666666657,0.0,0.0,0.7125,0.6,1.6241666666666668,0.838178553104156,0.16182144689584393,2.85479733196511,0.32208333333333333,94.26958333333333,0.4175,273.0,-0.011308417748659849,431.0829360961914,5.667320585250854,0.0002543355119996704,0.0,109.97855625152587,0.0,184.1655490398407
156,1.3495208333333328,0.002916666666666667,0.00125,0.725,0.6245833333333334,1.71,0.8364644249512669,0.16353557504873298,2.844785575048733,0.35125,115.31958333333333,0.5741666666666667,257.0,0.00422613623086363,524.2157722473145,5.510668623447418,0.0006700473983073607,0.0,118.79719638824463,3.5762786865234375e-07,185.33825206756592
157,1.3476430555555554,0.00125,0.0008333333333333334,0.7333333333333333,0.6258333333333334,1.69625,0.8368975681650698,0.16310243183493012,2.845246868091378,0.33458333333333334,110.63125,0.5079166666666667,337.0,0.0030019909609109163,490.80428619384764,5.756796288490295,0.00030596690776292236,0.0,116.98114376068115,1.1920928955078125e-07,186.49615168571472
158,1.2686944444444448,0.0016666666666666668,0.0008333333333333334,0.7083333333333334,0.5841666666666666,1.6,0.8370312500000001,0.1629687500000001,2.846875,0.31875,88.15166666666667,0.38708333333333333,254.0,-0.007537497719749808,413.33460540771483,5.472539210319519,0.0004997130978154019,0.0,104.96657180786133,1.1920928955078125e-07,187.67439937591553
159,1.2761069444444442,0.0033333333333333335,0.0020833333333333333,0.7083333333333334,0.5925,1.6116666666666666,0.8354420889348501,0.16455791106515008,2.8350568769389866,0.30583333333333335,92.00916666666667,0.44583333333333336,252.0,-0.006755237746983766,417.4893943786621,5.471866977214813,5.341974347174983e-05,0.0,105.80038986206054,1.7881393432617188e-07,188.8463490009308
160,1.2529444444444446,0.005,0.0016666666666666668,0.6958333333333333,0.5766666666666667,1.5804166666666666,0.8387556024255209,0.16124439757447936,2.8584234115475877,0.30583333333333335,90.6025,0.4295833333333333,217.0,-0.005567110516130925,398.1806076049805,5.464645433425903,-0.00010320665508629645,0.0,101.63037185668945,1.7881393432617188e-07,189.9953737258911
161,1.2732138888888895,0.0033333333333333335,0.0008333333333333334,0.7,0.5808333333333333,1.5966666666666667,0.8407828810020884,0.15921711899791216,2.873695198329854,0.3,94.42541666666666,0.4820833333333333,232.0,-0.0020879971329122783,421.8967964172363,5.316706752777099,-0.0001353102288703667,0.0,103.41876678466797,0.020021438598632812,191.2059850692749
162,1.2575611111111111,0.0025,0.00125,0.7,0.5754166666666667,1.57625,0.8376896642876028,0.16231033571239753,2.851176315093841,0.28,91.91875,0.37666666666666665,243.0,-0.0061146748252213,394.8523399353027,5.433157360553741,-0.00024972146547952434,0.0,100.27888622283936,5.960464477539063e-08,192.40537071228027
163,1.3615305555555546,0.00125,0.0004166666666666667,0.7333333333333333,0.6266666666666667,1.7079166666666667,0.8380922176140522,0.1619077823859478,2.856062454257136,0.32,112.00125,0.5425,247.0,-0.0027121901512145996,498.4563705444336,5.4993973016738895,0.0009149560602963902,0.0,116.30423679351807,2.980232238769531e-07,193.57928228378296
164,1.306915277777778,0.00375,0.0016666666666666668,0.7,0.6,1.645,0.8381281661600807,0.161871833839919,2.855116514690983,0.3075,108.37291666666667,0.51875,267.0,-0.005029315548017621,459.7300964355469,5.394967949390411,0.0005992731064907275,0.0,107.6855655670166,5.960464477539063e-08,194.7614026069641
165,1.2290097222222212,0.002916666666666667,0.0008333333333333334,0.675,0.5658333333333333,1.5504166666666668,0.834934157484547,0.1650658425154528,2.833915614082236,0.27875,92.20583333333333,0.43916666666666665,246.0,-0.0022187262307852506,388.10463638305663,5.111979115009308,0.0003296092632808723,0.0,93.71545181274413,0.020253121852874756,195.94262194633484
166,1.3207749999999996,0.0020833333333333333,0.0004166666666666667,0.7125,0.6008333333333333,1.6475,0.839873545776429,0.16012645422357102,2.8677288821446636,0.2825,103.75541666666666,0.44458333333333333,277.0,-0.006503109447658062,456.259587097168,5.042730653285981,-8.572063234169035e-06,0.0,108.21225757598877,1.7881393432617188e-07,197.1173813343048
167,1.3005416666666665,0.0020833333333333333,0.0004166666666666667,0.7291666666666666,0.6016666666666667,1.6354166666666667,0.836,0.16399999999999992,2.8394904458598726,0.2991666666666667,99.84833333333333,0.47,264.0,-0.0014594636391848325,401.52784271240233,5.4326363682746885,7.4951123679056765e-06,0.0,104.71536865234376,1.1920928955078125e-07,198.2892770767212
168,1.3360152777777763,0.0004166666666666667,0.0004166666666666667,0.7041666666666667,0.6020833333333333,1.6583333333333334,0.841273869346734,0.15872613065326646,2.8751256281407036,0.29125,97.45375,0.43083333333333335,274.0,0.0013832671800628304,453.09405212402345,5.391383635997772,0.0002774490325464285,0.0,109.39356899261475,0.0,199.47938561439514
169,1.3133069444444452,0.0008333333333333334,0.0008333333333333334,0.7041666666666667,0.5920833333333333,1.6383333333333334,0.8374287894201423,0.16257121057985763,2.8491861648016275,0.2783333333333333,93.55291666666666,0.43916666666666665,228.0,-0.008473619911819696,435.8865051269531,5.404802238941192,0.0001447204514988698,0.0,105.91278438568115,2.384185791015625e-07,200.64964771270752
170,1.3036958333333335,0.0025,0.0008333333333333334,0.7291666666666666,0.6016666666666667,1.6429166666666666,0.8344838955110323,0.165516104488968,2.8293177783413643,0.29833333333333334,100.08625,0.505,254.0,-0.00054964036680758,419.4752426147461,5.359574645757675,-0.00041126074975181834,0.0,104.53240242004395,1.1920928955078125e-07,201.8204174041748
171,1.2792263888888888,0.0020833333333333333,0.0008333333333333334,0.7041666666666667,0.5891666666666666,1.6120833333333333,0.8351796329800985,0.16482036701990183,2.835616438356164,0.295,94.00583333333333,0.38916666666666666,297.0,0.0073269640794023875,371.7175323486328,5.31901524066925,7.521774095948785e-05,0.0,98.34608726501465,1.1920928955078125e-07,202.9943482875824
172,1.2261902777777793,0.005416666666666667,0.0025,0.675,0.5683333333333334,1.5495833333333333,0.8373729497176661,0.16262705028233396,2.8491529981177734,0.28875,92.29541666666667,0.45625,262.0,0.014980439422652125,348.78613090515137,5.055807590484619,0.0006425660736567807,0.0,89.28414258956909,0.024401724338531494,204.18239331245422
173,1.3060583333333329,0.0,0.0,0.7,0.5954166666666667,1.635,0.8361467889908257,0.16385321100917422,2.8402140672782874,0.29375,98.49791666666667,0.46208333333333335,242.0,-0.003105963743291795,408.5308410644531,5.159221589565277,-2.2662756782665384e-05,0.0,101.89877815246582,5.960464477539063e-08,205.37524795532227
174,1.339825,0.00125,0.0004166666666666667,0.7166666666666667,0.61375,1.6816666666666666,0.8351288404360752,0.16487115956392484,2.83201189296333,0.29791666666666666,109.16708333333334,0.525,289.0,-0.007888148468919099,438.54005126953126,5.267656314373016,-0.00029369797484832814,0.0,107.2273759841919,0.0,206.53506565093994
175,1.3169027777777782,0.0,0.0,0.7208333333333333,0.6045833333333334,1.6391666666666667,0.8390696492119984,0.16093035078800208,2.8579054397559736,0.28708333333333336,97.90458333333333,0.445,262.0,0.0013822901528328657,408.64443893432616,5.2668535828590395,-0.0002021096122916788,0.0,103.33970623016357,1.1920928955078125e-07,207.9115025997162
176,1.317890277777778,0.0016666666666666668,0.0008333333333333334,0.7291666666666666,0.60375,1.6491666666666667,0.8374861040929771,0.16251389590702384,2.8494188984335524,0.28958333333333336,101.80666666666667,0.47833333333333333,276.0,0.0026927294209599497,398.525772857666,5.389408087730407,0.00031358168562292124,0.0,102.32440414428712,1.1920928955078125e-07,209.0840253829956
177,1.228886111111111,0.0033333333333333335,0.0016666666666666668,0.6875,0.5629166666666666,1.5383333333333333,0.8371235102925244,0.16287648970747554,2.8450704225352115,0.26416666666666666,89.64375,0.42833333333333334,218.0,-0.012804823089390993,346.6963775634766,5.358128309249878,-0.00030777339607084285,0.0,87.3780418395996,0.0,210.2511568069458
178,1.3905569444444446,0.0004166666666666667,0.0004166666666666667,0.7416666666666667,0.63375,1.7420833333333334,0.8348887825878981,0.1651112174121024,2.83042334369768,0.305,115.67625,0.5320833333333334,282.0,-0.003029425675049424,463.0076057434082,5.398601102828979,1.5061603335198015e-05,0.0,112.90907573699951,2.384185791015625e-07,211.4116611480713
179,1.2194777777777777,0.0025,0.00125,0.6666666666666666,0.5658333333333333,1.5316666666666667,0.8359847660500537,0.1640152339499455,2.8405875952121873,0.27,87.725,0.4008333333333333,228.0,0.0055889938026666645,356.6906967163086,5.137672245502472,-9.164285547740292e-05,0.0,85.1924337387085,0.0558968186378479,212.56629300117493
180,1.2972958333333324,0.00125,0.0008333333333333334,0.7333333333333333,0.5995833333333334,1.6379166666666667,0.8318519460697016,0.16814805393029758,2.809463240905622,0.30333333333333334,98.72208333333333,0.4558333333333333,250.0,-0.0020712795667350292,358.30017776489257,5.283715677261353,-0.00041587347914173733,0.0,97.54972248077392,1.1920928955078125e-07,213.72574591636658
181,1.3580805555555542,0.0,0.0,0.7291666666666666,0.6166666666666667,1.6945833333333333,0.8351512171133515,0.16484878288664856,2.830833538234571,0.2916666666666667,111.14666666666666,0.5558333333333333,267.0,-0.001472378522157669,412.0924247741699,5.515361416339874,9.296382595493923e-05,0.0,105.82119235992431,0.0,214.85587120056152
182,1.285279166666667,0.0016666666666666668,0.0008333333333333334,0.6875,0.5891666666666666,1.605,0.8370119418483916,0.16298805815160963,2.8455347871235723,0.265,96.41333333333333,0.46625,254.0,-0.003817980922758579,361.7792572021484,5.005133104324341,-0.00021819410649186465,0.0,93.74674701690674,1.7881393432617188e-07,216.0080394744873
183,1.2989333333333328,0.0008333333333333334,0.0008333333333333334,0.6875,0.58875,1.615,0.8396388028895774,0.16036119711042304,2.863519091847265,0.26916666666666667,94.36625,0.4083333333333333,248.0,-0.012212625099346041,363.93572463989256,4.860285294055939,0.0010388340873760172,0.0,95.70294589996338,0.03623431921005249,217.16600561141968
184,1.2944999999999995,0.00625,0.002916666666666667,0.6916666666666667,0.58875,1.62,0.8408693415637855,0.15913065843621405,2.8721707818930042,0.27291666666666664,99.66333333333333,0.49375,244.0,0.004979399079456925,379.40436096191405,4.998302263021469,0.0004801188479177654,0.0,94.55095691680908,5.960464477539063e-08,218.32839131355286
185,1.234183333333333,0.0016666666666666668,0.0008333333333333334,0.6791666666666667,0.5570833333333334,1.5320833333333332,0.8395539842262715,0.16044601577372855,2.8612999728039163,0.24708333333333332,87.02958333333333,0.38,235.0,-0.004456961795222014,323.5346046447754,5.0240323662757875,8.643859182484448e-05,0.0,84.0695143699646,5.960464477539063e-08,219.49549007415771
186,1.3763083333333341,0.0008333333333333334,0.0008333333333333334,0.725,0.6275,1.7066666666666668,0.8397558593750006,0.16024414062500006,2.86376953125,0.2733333333333333,110.545,0.5170833333333333,294.0,0.011084048659540713,434.3939750671387,5.107730531692505,0.00018969021766679361,0.0,106.61741218566894,1.7881393432617188e-07,220.69112348556519
187,1.365413888888888,0.0,0.0,0.7208333333333333,0.60625,1.69375,0.8374317343173437,0.1625682656826569,2.848708487084871,0.25583333333333336,102.3025,0.47208333333333335,288.0,0.007855703169479967,410.0393356323242,5.070639038085938,0.00016406135036959313,0.0,103.72074375152587,1.1920928955078125e-07,221.85790085792542
188,1.320361111111111,0.0,0.0,0.6916666666666667,0.595,1.6366666666666667,0.8394093686354382,0.16059063136456206,2.859470468431772,0.27416666666666667,95.92958333333333,0.44125,252.0,-0.005417792359367013,402.9602340698242,4.984415948390961,-0.0004506235949520487,0.0,95.79101390838623,0.026677966117858887,223.01915502548218
189,1.2387166666666658,0.005416666666666667,0.0033333333333333335,0.6833333333333333,0.57,1.5525,0.8370692431561997,0.16293075684380026,2.845410628019324,0.24458333333333335,90.82875,0.4583333333333333,223.0,-0.007537181209772825,330.24175720214845,4.881938874721527,-2.3134144976211245e-05,0.0,83.1846583366394,0.0,224.18037033081055
190,1.2935999999999999,0.0016666666666666668,0.0008333333333333334,0.6833333333333333,0.5808333333333333,1.595,0.8423824451410662,0.15761755485893408,2.8824451410658307,0.23541666666666666,87.85916666666667,0.41791666666666666,195.0,0.007645510835573077,364.73283767700195,4.8909383654594425,-0.00020526582520687952,0.0,90.64938926696777,0.02429807186126709,225.34027576446533
191,1.3224569444444438,0.0020833333333333333,0.0004166666666666667,0.7041666666666667,0.60125,1.6470833333333332,0.8365115102453834,0.16348848975461674,2.8413862888945105,0.25083333333333335,96.73833333333333,0.4554166666666667,242.0,-0.006677014799788594,379.789688873291,4.891119050979614,-0.00024960202390502675,0.0,94.93400154113769,2.384185791015625e-07,226.49525618553162
192,1.3483402777777764,0.004166666666666667,0.0020833333333333333,0.6958333333333333,0.6095833333333334,1.6816666666666666,0.8382928642220022,0.16170713577799806,2.8538156590683847,0.2625,101.9575,0.48583333333333334,268.0,-0.0035640547052025796,404.55975036621095,4.881219327449799,0.00011098653340013698,0.0,99.93194370269775,0.032583415508270264,227.654465675354
193,1.3057597222222226,0.0020833333333333333,0.0008333333333333334,0.725,0.5925,1.6204166666666666,0.83903059912574,0.1609694008742607,2.8590897402931343,0.24375,102.635,0.5270833333333333,258.0,0.009901929320767522,342.05990371704104,5.048089385032654,5.804719548905268e-05,0.0,90.76817836761475,5.960464477539063e-08,228.79333925247192
194,1.2726736111111108,0.0004166666666666667,0.0004166666666666667,0.675,0.5720833333333334,1.5658333333333334,0.8437333688131983,0.1562666311868014,2.89196381053752,0.23291666666666666,90.06,0.4175,256.0,-0.010583843709900976,341.24511337280273,4.858809530735016,-0.0003758079998078756,0.0,85.74751262664795,0.011906683444976807,229.95263671875
195,1.332870833333333,0.0004166666666666667,0.0004166666666666667,0.7166666666666667,0.5929166666666666,1.6391666666666667,0.8444051855617691,0.1555948144382309,2.8962887646161666,0.2554166666666667,98.385,0.4691666666666667,254.0,0.001985945459455252,346.21626739501954,4.895763003826142,-0.00021361483632063028,0.0,94.09150371551513,0.0,231.10916900634766
196,1.2123124999999997,0.004166666666666667,0.0008333333333333334,0.6916666666666667,0.5566666666666666,1.505,0.8424833887043189,0.15751661129568104,2.882059800664452,0.23666666666666666,80.52625,0.3275,239.0,-0.0045325820799916984,248.41776657104492,4.858030933141708,3.0650710505142344e-05,0.0,74.59259815216065,0.0,232.2712950706482
197,1.2544194444444448,0.0016666666666666668,0.00125,0.675,0.5725,1.5575,0.8405403959336545,0.15945960406634554,2.868111289459604,0.25916666666666666,91.90791666666667,0.43875,253.0,0.006209943047724664,309.5234767913818,4.914990794658661,0.0003567687548638787,0.0,80.35244512557983,0.008511602878570557,233.4326171875
198,1.3458374999999998,0.0,0.0,0.7333333333333333,0.6033333333333334,1.64875,0.8462244124336615,0.1537755875663383,2.9082638362395756,0.25416666666666665,103.28208333333333,0.51375,237.0,0.0007860098034143448,358.47061080932616,5.160828483104706,-0.00017393521750364016,0.0,94.15946769714355,0.0,234.5706570148468
199,1.2873263888888888,0.00375,0.00125,0.6916666666666667,0.5866666666666667,1.5908333333333333,0.8448795180722889,0.15512048192771072,2.8988999476165533,0.24833333333333332,91.84958333333333,0.3616666666666667,252.0,0.004324187710881233,325.7968574523926,4.8371958374977115,-0.00019883511995431036,0.0,85.20031433105468,5.960464477539063e-08,235.72530388832092
200,1.3359708333333338,0.0,0.0,0.7125,0.5975,1.6433333333333333,0.8417418864097362,0.1582581135902637,2.877028397565923,0.23708333333333334,99.84458333333333,0.46208333333333335,246.0,-0.007884372398257256,353.4276039123535,4.948398101329803,-6.571494304807857e-05,0.0,92.31623039245605,-1.1920928955078125e-07,237.19957566261292
201,1.3021166666666664,0.0,0.0,0.6916666666666667,0.5829166666666666,1.5908333333333333,0.845751702462022,0.15424829753797792,2.905185961236249,0.21375,92.48583333333333,0.3954166666666667,257.0,0.004224362480454147,337.17837142944336,4.812089043855667,0.0002065180931822397,0.0,84.8054856300354,0.0,238.3632357120514
202,1.3168972222222217,0.007083333333333333,0.0016666666666666668,0.7208333333333333,0.6008333333333333,1.6366666666666667,0.8417057026476586,0.15829429735234204,2.875763747454175,0.23958333333333334,105.21208333333334,0.5275,234.0,-0.00770115137565881,358.2323257446289,5.044897019863129,-0.00023892076133051886,0.0,89.54129486083984,0.0,239.5319049358368
203,1.349325000000001,0.007083333333333333,0.0016666666666666668,0.7166666666666667,0.6058333333333333,1.6791666666666667,0.8428982630272951,0.15710173697270471,2.8863523573200993,0.25333333333333335,104.08708333333334,0.49916666666666665,253.0,-0.0038853276055306196,342.6932197570801,5.016288697719574,0.0004363940577604808,0.0,92.7895112991333,0.0,240.69928979873657
204,1.3146458333333337,0.002916666666666667,0.00125,0.6916666666666667,0.595,1.6270833333333334,0.84101152368758,0.1589884763124199,2.872215108834827,0.23833333333333334,100.42916666666666,0.53375,247.0,-0.004631856619380414,330.58933715820314,4.737860494852066,2.8223390108905734e-05,0.0,88.42998600006104,0.022092700004577637,241.857914686203
205,1.4025375000000004,0.0004166666666666667,0.0004166666666666667,0.7375,0.62375,1.7225,0.8407329462989845,0.15926705370101607,2.8686502177068216,0.22583333333333333,109.16291666666666,0.49083333333333334,264.0,0.0025272538885474207,374.5762351989746,4.9901011228561405,-0.0004392042581457645,0.0,100.13937511444092,0.0,243.0150649547577
206,1.298041666666666,0.00375,0.00125,0.6916666666666667,0.5866666666666667,1.6133333333333333,0.8399535123966944,0.16004648760330567,2.864669421487603,0.2475,104.77708333333334,0.4995833333333333,329.0,0.0032986104022711517,322.75281219482423,4.909548926353454,-0.00013047661874452388,0.0,82.01281414031982,0.0,244.17880702018738
207,1.3107152777777766,0.002916666666666667,0.0008333333333333334,0.7041666666666667,0.5820833333333333,1.62125,0.8398997686969931,0.160100231303007,2.8650732459521975,0.21958333333333332,94.58125,0.41083333333333333,268.0,0.0016796951415017248,311.0283290863037,4.906343615055084,0.00011579236161196604,0.0,84.33801898956298,5.960464477539063e-08,245.35053491592407
208,1.2747944444444448,0.0,0.0,0.6791666666666667,0.57375,1.56875,0.8421885790172641,0.15781142098273573,2.8799468791500664,0.23166666666666666,83.97666666666667,0.375,225.0,-0.0009379579685628414,284.5568164825439,4.645579612255096,-0.00034602958112373017,0.0,77.37517404556274,0.0,246.52293705940247
209,1.2765513888888878,0.0020833333333333333,0.0004166666666666667,0.6958333333333333,0.58375,1.58,0.8410838607594933,0.15891613924050632,2.8718354430379747,0.24125,86.90416666666667,0.36541666666666667,230.0,-0.0024683447554707527,273.60700874328614,4.843774890899658,-0.0011428548998082988,0.0,77.88499698638915,0.0,247.69694781303406
210,1.3307527777777788,0.00125,0.0008333333333333334,0.7333333333333333,0.5991666666666666,1.6475,0.8391856348002021,0.16081436519979764,2.859129994941831,0.24541666666666667,100.8325,0.47791666666666666,270.0,-0.004844422428868711,313.31725082397463,4.857372200489044,-7.595748957101023e-05,0.0,85.71327075958251,0.0,248.86947894096375
211,1.2738930555555552,0.0004166666666666667,0.0004166666666666667,0.6875,0.5820833333333333,1.5858333333333334,0.8355254860746181,0.16447451392538104,2.8352601156069364,0.24375,93.63375,0.4508333333333333,242.0,-0.012926707323640586,282.81235122680664,4.816009700298309,0.0007820921290658589,0.0,76.80756454467773,-1.1920928955078125e-07,250.02697896957397
212,1.363715277777778,0.0016666666666666668,0.0008333333333333334,0.725,0.6154166666666666,1.68375,0.8409428359317006,0.1590571640683001,2.8715664439495177,0.24125,108.52041666666666,0.515,255.0,-0.0017879631835967303,348.46231842041016,4.855070126056671,-0.0003913714217560482,0.0,89.61858539581299,0.0,251.18843936920166
213,1.3631263888888887,0.0008333333333333334,0.0008333333333333334,0.7125,0.6083333333333333,1.6658333333333333,0.8450900450225122,0.1549099549774888,2.8979489744872438,0.22333333333333333,98.23375,0.475,251.0,-0.00633918191306293,326.14794006347654,4.931212985515595,-5.6240832054754716e-05,0.0,89.73005867004395,0.0,252.35132575035095
214,1.3272374999999992,0.002916666666666667,0.0008333333333333334,0.6916666666666667,0.5958333333333333,1.63625,0.8422128851540618,0.1577871148459384,2.8803157626687037,0.22291666666666668,105.03833333333333,0.44916666666666666,277.0,0.0036130089312791823,312.72930908203125,4.700503849983216,-6.521121395053342e-06,0.0,83.24459896087646,0.0,253.49147081375122
215,1.3179680555555555,0.0004166666666666667,0.0004166666666666667,0.7208333333333333,0.5891666666666666,1.6141666666666667,0.8442927207021171,0.15570727929788342,2.8941662364481155,0.22583333333333333,102.72458333333333,0.54375,252.0,-0.00020668033976107837,287.4964916229248,4.883654308319092,-7.445647788699717e-05,0.0,80.21667938232422,1.7881393432617188e-07,254.63459658622742
216,1.3778847222222221,0.0016666666666666668,0.0008333333333333334,0.7375,0.62625,1.6995833333333332,0.842262809512136,0.15773719048786483,2.88060799215494,0.25166666666666665,113.74916666666667,0.5158333333333334,269.0,-0.003254169039428234,326.503670501709,4.92554332613945,6.154374477773672e-05,0.0,90.23527183532715,0.0,255.80188870429993
217,1.3277236111111117,0.0016666666666666668,0.0004166666666666667,0.7125,0.5966666666666667,1.6366666666666667,0.8422530549898178,0.15774694501018333,2.8806008146639512,0.23875,100.92291666666667,0.46458333333333335,257.0,-0.00646944073960185,311.50696029663084,4.720999085903168,-0.00017192095292557498,0.0,81.24309902191162,0.0,256.98456501960754
218,1.3940888888888892,0.0004166666666666667,0.0004166666666666667,0.7208333333333333,0.61375,1.7120833333333334,0.8418057921635443,0.15819420783645635,2.876612314431735,0.235,109.67458333333333,0.48833333333333334,300.0,-0.010273808892816306,358.10648880004885,4.665861451625824,-0.0001580169109729468,0.0,91.61179065704346,0.0,258.14002776145935
219,1.3206166666666668,0.0016666666666666668,0.0004166666666666667,0.7041666666666667,0.5933333333333334,1.63125,0.840607918263091,0.1593920817369092,2.870242656449553,0.22875,101.45166666666667,0.40791666666666665,290.0,-0.007660271879285574,303.7069980621338,4.912718987464904,-0.00015055742042022758,0.0,79.36824836730958,0.0,259.34556770324707
220,1.3260777777777777,0.0004166666666666667,0.0004166666666666667,0.7291666666666666,0.5975,1.625,0.8430564102564108,0.15694358974358988,2.885128205128205,0.2175,100.07791666666667,0.44875,257.0,0.00031783850863575935,267.3522159576416,4.898208022117615,0.0002001261200348381,0.0,79.00494155883788,0.0,260.5211112499237
221,1.3850888888888884,0.0004166666666666667,0.0004166666666666667,0.7083333333333334,0.6154166666666666,1.6929166666666666,0.8452818114693579,0.15471818853064243,2.9005660841742555,0.23041666666666666,111.90416666666667,0.5095833333333334,299.0,-0.00038060303777456286,331.15588455200196,4.818213498592376,0.00018684955648495816,0.0,87.66444606781006,0.0,261.6727373600006
222,1.310415277777777,0.0004166666666666667,0.0004166666666666667,0.7291666666666666,0.5925,1.6179166666666667,0.8409296935359261,0.15907030646407416,2.8720061807880506,0.24125,96.63041666666666,0.4404166666666667,260.0,0.011612751404754817,242.19320983886718,5.06769231557846,0.0007963099626067561,0.0,75.13566513061524,-1.1920928955078125e-07,262.83125925064087
223,1.3232791666666675,0.002916666666666667,0.00125,0.7041666666666667,0.5954166666666667,1.63625,0.8415762668703842,0.1584237331296154,2.8759867583396996,0.23791666666666667,103.75875,0.5145833333333333,255.0,-0.003316432423889637,269.4971557617188,4.824232912063598,0.0001790580317901913,0.0,77.35614490509033,0.0,263.99102544784546
224,1.2061305555555553,0.007083333333333333,0.0025,0.6541666666666667,0.54875,1.4975,0.8435948803561498,0.15640511964385084,2.889259877573734,0.21666666666666667,72.80958333333334,0.29541666666666666,207.0,-0.006960654910653829,223.49800300598145,4.728439396619796,-0.0011309467736282386,0.0,58.262600612640384,0.01923447847366333,265.1472020149231
225,1.3470722222222224,0.0004166666666666667,0.0004166666666666667,0.7166666666666667,0.61,1.6508333333333334,0.8460726905603232,0.15392730943967706,2.907874810701666,0.24291666666666667,100.21708333333333,0.4579166666666667,300.0,-0.007594111328944564,275.60073471069336,4.7338410258293155,0.0002477323519997299,0.0,79.92111587524414,0.0,266.51543712615967
226,1.2934499999999989,0.00125,0.0008333333333333334,0.7125,0.5825,1.5925,0.8425641025641025,0.15743589743589748,2.882522239665097,0.23083333333333333,93.67458333333333,0.41791666666666666,277.0,5.432306788861751e-05,230.60776710510254,4.865999114513397,0.0007688764308113605,0.0,70.06316938400269,1.1920928955078125e-07,267.65935015678406
227,1.3253208333333328,0.0025,0.0008333333333333334,0.6875,0.5966666666666667,1.63625,0.8419327731092439,0.1580672268907562,2.878533231474408,0.23708333333333334,93.19833333333334,0.43166666666666664,260.0,0.006592331873252988,309.7528160095215,4.723475754261017,0.00022965284588281066,0.0,75.62525119781495,0.0286407470703125,268.81247878074646
228,1.3605458333333336,0.0,0.0,0.7166666666666667,0.60625,1.66375,0.845932882544453,0.15406711745554716,2.90633608815427,0.23583333333333334,106.80416666666666,0.5220833333333333,260.0,-0.00536791505292058,288.43231239318845,4.9100430607795715,-6.830281690781704e-05,0.0,80.41745796203614,5.960464477539063e-08,269.9913275241852
229,1.3271069444444443,0.0016666666666666668,0.0004166666666666667,0.7166666666666667,0.5941666666666666,1.63,0.842635480572597,0.1573645194274028,2.882924335378323,0.21958333333333332,93.5825,0.43083333333333335,229.0,0.017318877461366355,284.72572593688966,4.81983870267868,0.000513567559664807,0.0,74.17215905189514,-1.1920928955078125e-07,271.15567898750305
230,1.3406888888888882,0.002916666666666667,0.00125,0.725,0.5995833333333334,1.64125,0.8459812135059659,0.15401878649403403,2.906067529829906,0.21041666666666667,96.57,0.46375,248.0,0.0056545156054198745,263.72853507995603,4.811918783187866,-0.00012811962169507752,0.0,76.93933200836182,0.0,272.3199806213379
231,1.2598402777777775,0.008333333333333333,0.0033333333333333335,0.675,0.5729166666666666,1.56125,0.8455964771817456,0.15440352281825453,2.903923138510809,0.21708333333333332,82.41833333333334,0.35875,233.0,0.0032337552402168512,243.1758777618408,4.648884415626526,0.0002265072260343004,0.0,63.73138055801392,0.043119847774505615,273.4720733165741
232,1.3491208333333338,0.0016666666666666668,0.0016666666666666668,0.7083333333333334,0.6033333333333334,1.6558333333333333,0.844335681932562,0.15566431806743836,2.89582284851535,0.22958333333333333,105.57541666666667,0.5183333333333333,251.0,-0.002685293182730675,273.7754497528076,4.821944296360016,0.0009969296126655536,0.000390625,75.8981598854065,5.960464477539063e-08,274.6559386253357
233,1.3217541666666675,0.0,0.0,0.7083333333333334,0.595,1.6145833333333333,0.8476670967741942,0.15233290322580648,2.9179354838709677,0.23375,90.77583333333334,0.4166666666666667,265.0,0.009679578081704675,247.715811920166,4.9695299625396725,-0.0004026134411105886,0.0,70.65215520858764,0.0,275.8300986289978
234,1.3410819444444444,0.00125,0.0008333333333333334,0.7,0.6033333333333334,1.6470833333333332,0.845542625853782,0.15445737414621802,2.9028585884138627,0.24791666666666667,97.25458333333333,0.4425,268.0,-0.0018849408719688655,276.8178230285645,4.774612009525299,4.351566021796316e-05,0.0,73.7607642173767,1.1920928955078125e-07,276.99249625205994
235,1.304888888888889,0.0004166666666666667,0.0004166666666666667,0.6833333333333333,0.58625,1.59625,0.8467501957713401,0.15324980422866097,2.9115113547376663,0.23125,92.09666666666666,0.4479166666666667,222.0,0.0017030976538080721,265.3238864898682,4.813407826423645,0.00023469069274142384,0.0,67.03906927108764,0.0,278.1646249294281
236,1.3284138888888888,0.0,0.0,0.7041666666666667,0.59375,1.6266666666666667,0.8442264344262295,0.15577356557377048,2.895235655737705,0.22208333333333333,101.09041666666667,0.4816666666666667,248.0,0.00027205662336200477,250.95710868835448,5.015480279922485,0.0004709439075668342,0.0,70.23300418853759,0.031142055988311768,279.33833956718445
237,1.2577847222222218,0.007083333333333333,0.0020833333333333333,0.6875,0.5733333333333334,1.5645833333333334,0.8439014647137152,0.1560985352862849,2.892143808255659,0.24791666666666667,86.43625,0.40041666666666664,258.0,-0.003156990528805181,204.56334915161133,4.751848316192627,-3.28606187395053e-05,0.0,59.295495700836184,-1.1920928955078125e-07,280.5120484828949
238,1.303945833333334,0.0008333333333333334,0.0004166666666666667,0.6958333333333333,0.5879166666666666,1.6066666666666667,0.8446498962655609,0.15535010373444,2.8965248962655603,0.25958333333333333,93.71833333333333,0.36,318.0,0.005148183275014162,245.63879737854003,5.035629463195801,-0.0006995691481279209,0.0,65.35762462615966,-1.1920928955078125e-07,281.6684935092926
239,1.410461111111111,0.00125,0.0008333333333333334,0.7208333333333333,0.6358333333333334,1.7416666666666667,0.8430478468899528,0.15695215311004795,2.8866028708133973,0.275,118.35833333333333,0.5858333333333333,271.0,0.00150802549906075,311.58400955200193,5.037327456474304,-0.00032615490345051513,0.0,81.6887544631958,0.0,282.8238215446472
240,1.3913041666666663,0.0008333333333333334,0.0004166666666666667,0.7333333333333333,0.625,1.71875,0.8426981818181823,0.15730181818181818,2.8843636363636365,0.28,115.55833333333334,0.5808333333333333,267.0,-0.0070708824205212295,294.70527000427245,5.120136082172394,0.00020593251174432224,0.0,79.17009582519532,5.960464477539063e-08,283.98007559776306
241,1.3867291666666668,0.0,0.0,0.7208333333333333,0.6216666666666667,1.7116666666666667,0.841565238558909,0.1584347614410906,2.877555988315482,0.2629166666666667,116.81041666666667,0.52875,330.0,-0.00034137102775275705,280.58365058898926,4.841386640071869,0.00016875836881808938,0.0,76.61200437545776,0.0,285.14774346351624
242,1.3483361111111114,0.00625,0.00125,0.7333333333333333,0.6091666666666666,1.6741666666666666,0.8434146341463419,0.15658536585365862,2.8897461423593827,0.25083333333333335,110.84,0.5341666666666667,301.0,0.005375870317220688,248.40880393981934,5.16869729757309,2.4799907259875907e-05,0.0,71.07301959991455,5.960464477539063e-08,286.3076102733612
243,1.330930555555554,0.0016666666666666668,0.0004166666666666667,0.7416666666666667,0.6075,1.645,0.8425531914893615,0.1574468085106382,2.884498480243161,0.2520833333333333,103.24791666666667,0.5116666666666667,247.0,0.003074296354316175,220.7590675354004,5.40812908411026,0.00031349949713330714,0.0,67.64681339263916,1.1920928955078125e-07,287.47215723991394
244,1.324193055555556,0.00125,0.0008333333333333334,0.7083333333333334,0.5995833333333334,1.6420833333333333,0.8413422989089063,0.15865770109109378,2.8751585891905607,0.26708333333333334,97.01708333333333,0.4125,264.0,0.015015537547878922,215.5110767364502,5.060533142089843,6.761859985999763e-05,0.0,64.60515899658203,1.1920928955078125e-07,288.6531958580017
245,1.300868055555554,0.0020833333333333333,0.0008333333333333334,0.7208333333333333,0.5916666666666667,1.6104166666666666,0.8439197930142306,0.15608020698576971,2.8941785252263905,0.26125,99.45833333333333,0.45958333333333334,222.0,-0.001789974025450647,212.42793769836425,5.0703419089317325,9.096416761167347e-05,0.0,61.34232702255249,0.0,289.84447407722473
246,1.4014569444444454,0.0025,0.0020833333333333333,0.725,0.6279166666666667,1.73875,0.8420393002635989,0.1579606997364006,2.8801821231727773,0.28208333333333335,112.99291666666667,0.5016666666666667,327.0,-4.352889955043793e-05,275.34208221435546,5.057636094093323,-6.717293581459671e-05,0.0,77.88997068405152,5.960464477539063e-08,291.0091543197632
247,1.2607138888888885,0.00375,0.0008333333333333334,0.7041666666666667,0.57125,1.5641666666666667,0.8432019179541822,0.1567980820458178,2.887320191795418,0.25083333333333335,90.64708333333333,0.4116666666666667,250.0,0.0010389917995780706,202.52458076477052,5.045190989971161,0.00019776332010223996,0.0,53.86326560974121,2.980232238769531e-07,292.1537563800812
248,1.2895625000000008,0.0016666666666666668,0.0008333333333333334,0.6958333333333333,0.58625,1.5995833333333334,0.843175306069289,0.15682469393071113,2.8874706954936182,0.2775,92.09416666666667,0.39666666666666667,290.0,-0.0012669332325458526,178.11717929840088,4.951987183094024,0.0002251046200399287,0.0,57.63769111633301,0.0,293.32917380332947
249,1.3525763888888889,0.0016666666666666668,0.00125,0.7333333333333333,0.6116666666666667,1.68375,0.8414625092798818,0.15853749072011877,2.8760207869339274,0.29333333333333333,108.14916666666667,0.4675,284.0,0.010170389665290713,237.20037765502929,5.3983060121536255,-9.030023284140043e-05,0.0,67.24223146438598,1.7881393432617188e-07,294.50174927711487
250,1.3667486111111118,0.00375,0.0004166666666666667,0.7416666666666667,0.6183333333333333,1.705,0.8405498533724342,0.15945014662756596,2.8702346041055717,0.28291666666666665,108.56416666666667,0.5220833333333333,255.0,-0.00291233928874135,215.14550018310547,5.321525192260742,9.184007562907936e-05,0.0,69.98487939834595,1.1920928955078125e-07,295.8226840496063
251,1.2742486111111109,0.0020833333333333333,0.0008333333333333334,0.6958333333333333,0.5779166666666666,1.5816666666666668,0.8435273972602748,0.15647260273972607,2.8904109589041096,0.2758333333333333,87.7225,0.36875,245.0,0.0026191259268671272,187.65784034729003,5.203763794898987,7.707173899689224e-05,0.0,54.09844236373901,5.960464477539063e-08,296.9869136810303
252,1.275745833333334,0.0020833333333333333,0.0004166666666666667,0.7,0.5825,1.5929166666666668,0.8395997907402565,0.16040020925974363,2.863981166623071,0.27958333333333335,96.07958333333333,0.4508333333333333,231.0,-0.009027508459985257,188.94778022766113,5.0404776453971865,0.00016519453711225652,0.0,53.7512167930603,0.02143460512161255,298.14545726776123
253,1.389216666666665,0.0,0.0,0.725,0.6325,1.72375,0.8407348320038676,0.15926516799613252,2.8721295624848926,0.29375,114.90166666666667,0.5716666666666667,287.0,0.006034675729461014,259.89135932922363,5.1954984903335575,0.00021981264580972493,0.0,70.71267890930176,0.0,299.31422781944275
254,1.305002777777778,0.0004166666666666667,0.0004166666666666667,0.6958333333333333,0.58875,1.6195833333333334,0.843154103421662,0.15684589657833803,2.8886030357602266,0.2875,99.27791666666667,0.4870833333333333,239.0,0.004907859861850739,199.41156349182128,4.982368016242981,0.00022991564983385616,0.0,56.3715124130249,0.0,300.4695942401886
255,1.2791416666666668,0.0025,0.0016666666666666668,0.7041666666666667,0.5816666666666667,1.5883333333333334,0.8435047219307454,0.156495278069255,2.891395592864638,0.2675,88.73208333333334,0.38958333333333334,247.0,0.0031655735918320717,187.79457740783693,4.896926903724671,-9.726796779432333e-05,0.0,52.53581113815308,0.0,301.6379203796387
256,1.291927777777778,0.0,0.0,0.7083333333333334,0.5895833333333333,1.6058333333333332,0.8415827711468601,0.15841722885313964,2.879346133886871,0.28458333333333335,98.03291666666667,0.45125,237.0,0.005069063371047377,183.9832551956177,5.142537927627563,0.0013544234603614313,0.0,53.26075601577759,-1.1920928955078125e-07,302.79610800743103
257,1.3061180555555565,0.00125,0.0004166666666666667,0.6916666666666667,0.5829166666666666,1.60125,0.8492974238875876,0.15070257611241217,2.929742388758782,0.2554166666666667,97.83583333333333,0.47791666666666666,217.0,-0.0034312793985009195,206.08620986938476,4.966826522350312,0.0004168747953372076,0.0,55.40032138824463,0.0,303.97806119918823
258,1.328505555555555,0.0020833333333333333,0.00125,0.7166666666666667,0.6004166666666667,1.6425,0.8454033485540342,0.15459665144596663,2.902587519025875,0.27875,97.22375,0.4529166666666667,278.0,-0.009907400282099844,209.4715263366699,5.043147563934326,0.000860618679143954,0.0,59.79096355438232,0.0,305.1593425273895
259,1.3966624999999993,0.0008333333333333334,0.0004166666666666667,0.7333333333333333,0.6304166666666666,1.7291666666666667,0.8418048192771085,0.15819518072289152,2.87855421686747,0.28041666666666665,113.98541666666667,0.5341666666666667,292.0,-0.00945792687125504,225.08233947753905,5.330124819278717,0.0001019331451971084,0.0,69.45719594955445,0.0,306.3262858390808
260,1.2939555555555553,0.00125,0.0004166666666666667,0.6833333333333333,0.5754166666666667,1.5825,0.8474618220115849,0.15253817798841485,2.9149552395997893,0.2325,90.61541666666666,0.4141666666666667,207.0,-0.0030313937459141016,199.67871894836426,4.741083574295044,0.0005916375064771273,0.0,51.998017120361325,0.02145671844482422,307.5108540058136
261,1.2200388888888887,0.0016666666666666668,0.0004166666666666667,0.6916666666666667,0.5579166666666666,1.5045833333333334,0.8452672389919694,0.15473276100803096,2.901412351149266,0.24,77.94958333333334,0.2945833333333333,221.0,0.0039041868411004545,147.4515832901001,4.99909827709198,0.00011192841120646335,0.0,39.811904191970825,0.012012124061584473,308.6794493198395
262,1.3149916666666668,0.0004166666666666667,0.0004166666666666667,0.7041666666666667,0.5904166666666667,1.6133333333333333,0.8445196280991735,0.15548037190082648,2.896177685950413,0.23708333333333334,93.03458333333333,0.3770833333333333,247.0,-0.006649465835653246,181.99416542053223,5.0946308135986325,-0.0008109013069770299,0.0,54.293902206420896,0.0,309.8533914089203
263,1.3921847222222208,0.0,0.0,0.725,0.6308333333333334,1.7108333333333334,0.8438650754992697,0.15613492450073052,2.8906478324403313,0.26416666666666666,108.74708333333334,0.5183333333333333,281.0,-0.0023329442832618953,235.28431930541993,4.844672775268554,0.00010737985940068029,0.0,66.18610734939575,5.960464477539063e-08,311.0074951648712
264,1.2828999999999986,0.0020833333333333333,0.0004166666666666667,0.7041666666666667,0.5845833333333333,1.5854166666666667,0.8429592641261499,0.15704073587385015,2.8851511169513797,0.24708333333333332,89.00916666666667,0.39,265.0,0.0038652647286653518,171.72993850708008,4.924326610565186,1.544584156363271e-05,0.0,48.128539419174196,0.0,312.17531514167786
265,1.2282736111111108,0.004583333333333333,0.00125,0.6666666666666666,0.56,1.53,0.8414188453159042,0.1585811546840958,2.8760893246187362,0.24333333333333335,89.80291666666666,0.44083333333333335,216.0,-0.0032528502633795142,160.94094104766845,4.789960122108459,0.00034550319905974903,0.0,38.35170154571533,0.006542623043060303,313.344820022583
266,1.334844444444445,0.0,0.0,0.6916666666666667,0.5929166666666666,1.635,0.8469571865443425,0.15304281345565748,2.9128440366972477,0.25666666666666665,91.82208333333334,0.38458333333333333,255.0,-0.00539605082012713,193.5238971710205,4.983645194768906,7.284930716195958e-05,0.0,54.720049667358396,5.960464477539063e-08,314.5102572441101
267,1.286851388888889,0.0,0.0,0.6875,0.5725,1.5841666666666667,0.8452419779063655,0.15475802209363487,2.9024197790636506,0.255,93.92125,0.4033333333333333,276.0,0.0034316332195885478,183.29027366638184,4.883146977424621,0.0004693659306212794,0.0,46.173383474349976,5.960464477539063e-08,315.67725920677185
268,1.2848458333333326,0.005,0.0008333333333333334,0.6916666666666667,0.5816666666666667,1.5941666666666667,0.843865656037637,0.15613434396236278,2.8907475169890224,0.2579166666666667,97.36541666666666,0.43041666666666667,238.0,0.01007552796509117,194.87982788085938,4.928329485654831,-0.0001866485323262168,0.0,45.82921435534954,0.0,316.837961435318
269,1.3090763888888879,0.0,0.0,0.7291666666666666,0.5870833333333333,1.61,0.8450957556935823,0.1549042443064183,2.9003623188405796,0.25833333333333336,96.02541666666667,0.425,251.0,-0.007022919983137399,168.76055660247803,5.010650682449341,0.0009969610269763506,0.0,48.57167749404907,0.0,318.0195336341858
270,1.2252611111111098,0.005416666666666667,0.0016666666666666668,0.6708333333333333,0.5608333333333333,1.5129166666666667,0.8464500137703111,0.15354998622968882,2.907463508675296,0.23833333333333334,81.49458333333334,0.3258333333333333,215.0,0.012256935518234969,177.74569416046143,4.784200072288513,-0.0001385561074130237,0.0,36.310011529922484,0.010327577590942383,319.1967580318451
271,1.230888888888889,0.0,0.0,0.6541666666666667,0.5525,1.5033333333333334,0.8483370288248336,0.15166297117516628,2.9223946784922394,0.22791666666666666,84.31916666666666,0.3375,206.0,-0.012352860090322793,173.00944728851317,4.738127040863037,9.838556870818138e-05,0.0,35.6666305065155,0.016455769538879395,320.38678216934204
272,1.2955138888888877,0.006666666666666667,0.0020833333333333333,0.6958333333333333,0.5858333333333333,1.6008333333333333,0.8462779802186352,0.1537220197813638,2.907339927121291,0.235,101.00625,0.495,215.0,0.008981315419077873,196.6221408843994,4.847157442569733,0.00010832712650881149,0.0,45.99375343322754,0.007290482521057129,321.55196952819824
273,1.3399194444444449,0.0,0.0,0.7291666666666666,0.5991666666666666,1.6441666666666668,0.8449417131272181,0.15505828687278253,2.89863152559554,0.2504166666666667,103.50958333333334,0.52625,282.0,-0.0022565911058336496,179.28623809814454,4.694384616613388,0.00015044164174469188,0.0,51.86320037841797,0.0,322.72499990463257
274,1.3746055555555554,0.0016666666666666668,0.0008333333333333334,0.7,0.61,1.6745833333333333,0.8500174172679767,0.1499825827320229,2.933067927345111,0.23583333333333334,105.6375,0.49666666666666665,231.0,0.002941324794664979,231.00958099365235,4.917893350124359,1.3691806816495956e-05,0.0,57.49016704559326,0.0,323.8809652328491
275,1.3554805555555556,0.002916666666666667,0.0008333333333333334,0.7083333333333334,0.6104166666666667,1.6716666666666666,0.8433000997008967,0.15669990029910266,2.8873379860418744,0.24375,111.25041666666667,0.5529166666666666,285.0,-0.006357465730980038,190.98974990844727,4.799021553993225,-3.1762011712999086e-05,0.0,54.560457134246825,0.0,325.22730469703674
276,1.3723097222222225,0.002916666666666667,0.0020833333333333333,0.7291666666666666,0.6145833333333334,1.6858333333333333,0.844836875926842,0.1551631240731587,2.8969352446861096,0.23875,108.4175,0.5333333333333333,264.0,-0.009669580729678273,194.44263343811036,4.966750490665436,0.00017525625335110818,0.0,56.35175724029541,0.0,326.37442350387573
277,1.3011958333333336,0.0016666666666666668,0.0008333333333333334,0.7,0.5895833333333333,1.5991666666666666,0.8438952579468474,0.1561047420531526,2.889265242313705,0.2325,96.34458333333333,0.48041666666666666,248.0,-0.0004911070689558982,163.2923879623413,4.785012698173523,0.0005116627687357323,0.0,43.00401153564453,0.0,327.5386393070221
278,1.373205555555556,0.0,0.0,0.7166666666666667,0.61125,1.6795833333333334,0.8442967005705783,0.15570329942942207,2.8943190275365915,0.22166666666666668,105.75458333333333,0.52375,282.0,-0.005839659087359905,183.50710849761964,4.89222754240036,-0.0007388607176835648,0.0,54.44331645965576,-1.1920928955078125e-07,328.70717692375183
279,1.3907874999999998,0.0,0.0,0.7083333333333334,0.6191666666666666,1.6945833333333333,0.8458052618637819,0.1541947381362183,2.902876813375953,0.22208333333333333,111.08208333333333,0.5545833333333333,278.0,0.0028950141742825506,197.38767890930177,4.947841155529022,8.860281159286387e-05,0.0,56.07811613082886,0.0,329.8574101924896
280,1.410727777777779,0.0016666666666666668,0.00125,0.725,0.6245833333333334,1.72625,0.8469901037895247,0.15300989621047553,2.912865073618151,0.24541666666666667,111.7525,0.5204166666666666,298.0,-0.013125607976689935,202.56679306030273,4.739262175559998,0.0005888073952519335,0.0,60.667888927459714,0.0,331.02981328964233
281,1.3361041666666666,0.002916666666666667,0.00125,0.7166666666666667,0.5979166666666667,1.6379166666666667,0.8477868226914277,0.15221317730857295,2.91859577715594,0.23666666666666666,97.82291666666667,0.4675,274.0,-0.003463225229643285,166.0072229385376,4.734128892421722,0.0001735638046255872,0.0,48.69373197555542,-1.1920928955078125e-07,332.1923277378082
282,1.3978513888888884,0.002916666666666667,0.0008333333333333334,0.7333333333333333,0.6329166666666667,1.7241666666666666,0.8415925567907202,0.15840744320928007,2.874577090381827,0.2425,109.15291666666667,0.51,281.0,-0.003971371706575156,177.37007102966308,4.825167274475097,0.00013297178593347781,0.0,56.82239656448364,0.0,333.3564131259918
283,1.3779930555555553,0.0,0.0,0.725,0.6158333333333333,1.6791666666666667,0.8467369727047142,0.15326302729528535,2.910421836228288,0.2275,106.40041666666667,0.54875,282.0,-0.009698216104879975,180.91292495727538,4.769119191169739,-6.657250547732474e-05,0.0,53.4621762752533,-1.1920928955078125e-07,334.5393009185791
284,1.3610986111111114,0.0004166666666666667,0.0004166666666666667,0.7,0.6083333333333333,1.6625,0.844729323308271,0.15527067669172948,2.8977443609022555,0.215,106.31208333333333,0.5145833333333333,259.0,0.0029694316152017565,181.34877967834473,4.646048301458359,0.0003845589249976911,0.0,49.676280689239505,0.0,335.7098824977875
285,1.424222222222222,0.0004166666666666667,0.0004166666666666667,0.7375,0.6366666666666667,1.75,0.8428095238095248,0.1571904761904763,2.8847619047619046,0.24708333333333332,117.15458333333333,0.57875,307.0,-0.008112192759290338,224.17060317993165,4.764657640457154,0.0002373814095335547,0.0,59.63881387710571,0.0,336.8741991519928
286,1.3008305555555553,0.0008333333333333334,0.0004166666666666667,0.7083333333333334,0.5804166666666667,1.5945833333333332,0.8450901489417298,0.1549098510582701,2.899660308335511,0.22541666666666665,99.1525,0.46125,263.0,0.017355488194152714,165.9949827194214,4.832441759109497,-1.4475686384685105e-05,0.0,37.23792051076889,0.0,338.05421447753906
287,1.3855208333333326,0.0008333333333333334,0.0004166666666666667,0.7166666666666667,0.6145833333333334,1.6866666666666668,0.848505434782608,0.15149456521739135,2.9221837944664033,0.22791666666666666,107.17125,0.49333333333333335,260.0,0.0060711485566571355,192.39364624023438,4.689568829536438,-6.672510226053418e-05,0.0,51.26454887390137,0.0,339.23926305770874
288,1.448155555555556,0.0,0.0,0.7375,0.64,1.7620833333333332,0.8481295814613384,0.15187041853866162,2.9207850555686923,0.235,121.27041666666666,0.6083333333333333,276.0,-0.00803688713349402,200.55780296325685,4.8968587756156925,-0.00010744497703853994,0.0,61.2380352973938,0.0,340.38969564437866
289,1.3977722222222229,0.0004166666666666667,0.0004166666666666667,0.7083333333333334,0.6233333333333333,1.7070833333333333,0.8450866487673916,0.15491335123260921,2.8979741274103,0.23125,107.12666666666667,0.4575,350.0,-0.0048779682663735,189.73229293823243,4.733407092094422,-0.00021303337707649915,0.0,52.90923128128052,-1.1920928955078125e-07,341.5500454902649
290,1.3166388888888896,0.0016666666666666668,0.0004166666666666667,0.7041666666666667,0.5875,1.6058333333333332,0.848365334717177,0.15163466528282307,2.921120913336793,0.22041666666666668,99.88291666666667,0.44666666666666666,312.0,0.00011706473305821419,154.5632122039795,4.679216682910919,-2.35363666433841e-05,0.0,39.57512831687927,0.00607752799987793,342.7251579761505
291,1.4193402777777777,0.0008333333333333334,0.0008333333333333334,0.7291666666666666,0.6316666666666667,1.73625,0.8451523878089758,0.15484761219102483,2.900167986561075,0.235,113.06041666666667,0.5129166666666667,289.0,0.015105622680857777,196.96124534606935,4.69638854265213,0.00010855373245703959,0.0,54.13255155086517,0.0,343.9030797481537
292,1.3328500000000003,0.004583333333333333,0.0016666666666666668,0.6958333333333333,0.6033333333333334,1.6425,0.8433130390664645,0.15668696093353626,2.8863521055301877,0.22166666666666668,97.095,0.4841666666666667,235.0,0.009871007245965301,169.02780418395997,4.6033567667007445,0.00030459896852335077,0.0,40.0930938243866,0.013877809047698975,345.0747754573822
293,1.2316388888888883,0.0020833333333333333,0.0008333333333333334,0.6416666666666667,0.5504166666666667,1.5020833333333334,0.8485714285714288,0.15142857142857133,2.9220527045769766,0.20625,87.7575,0.37666666666666665,228.0,-0.0011316009797155858,175.17229022979737,4.595433384180069,-0.000937006701133214,0.0,22.979474169015884,0.0,346.2500126361847
294,1.40844861111111,0.004583333333333333,0.0020833333333333333,0.7375,0.6379166666666667,1.73625,0.8440388768898487,0.15596112311015117,2.8920086393088553,0.23833333333333334,115.18041666666667,0.5508333333333333,295.0,0.009667153190821409,193.70264358520507,4.685915338993072,-5.035828726249747e-05,0.0,52.667381048202515,0.0,347.41548371315
295,1.3439958333333328,0.002916666666666667,0.0008333333333333334,0.7166666666666667,0.6,1.6479166666666667,0.8459140328697853,0.15408596713021494,2.9051833122629582,0.22208333333333333,99.69458333333333,0.41083333333333333,269.0,-0.001780521884211339,149.13536167144775,4.868863868713379,1.7986167222261429e-06,0.0,40.620695734024046,0.0,348.58049607276917
296,1.2771111111111115,0.00125,0.00125,0.6833333333333333,0.57125,1.5658333333333334,0.8431080361894635,0.15689196381053774,2.8842469398616286,0.20875,89.9,0.43291666666666667,241.0,0.0008199592586606741,169.25464344024658,4.611304211616516,2.9382188222371043e-05,0.0,29.17778627872467,0.010960161685943604,349.74736642837524
297,1.302555555555556,0.0016666666666666668,0.00125,0.7083333333333334,0.5854166666666667,1.5966666666666667,0.8459812108559498,0.15401878914405012,2.9065762004175366,0.22375,97.29333333333334,0.4345833333333333,261.0,0.001564752496778965,156.05014667510986,4.893996393680572,8.814184511720668e-05,0.0,32.09467055797577,0.0,350.9188394546509
298,1.399676388888889,0.002916666666666667,0.0004166666666666667,0.7291666666666666,0.625,1.705,0.8498020527859239,0.1501979472140763,2.9303519061583576,0.23291666666666666,110.38875,0.52625,313.0,0.006283162604086101,175.0915033340454,4.70796171426773,-8.348498158738948e-05,0.0,48.04343194961548,0.0,352.11042308807373
299,1.3129388888888893,0.0033333333333333335,0.0008333333333333334,0.7083333333333334,0.59,1.6129166666666668,0.8447997933350555,0.15520020666494452,2.8971841901317488,0.21833333333333332,96.4825,0.41291666666666665,283.0,0.004592988174408674,137.1577091217041,4.795768392086029,0.0001893136213766411,0.0,34.312662267684935,0.0,353.29135513305664
300,1.3721416666666664,0.005416666666666667,0.00125,0.7291666666666666,0.6195833333333334,1.6833333333333333,0.8475594059405942,0.1524405940594062,2.9155940594059406,0.22458333333333333,102.11375,0.46166666666666667,320.0,0.0062329861335456375,167.02665157318114,4.938343787193299,0.00026744998431240676,0.0,43.86420750617981,0.0,354.6832711696625
301,1.3953652777777776,0.0,0.0,0.7041666666666667,0.6245833333333334,1.71125,0.844706598490382,0.15529340150961782,2.8960311663014364,0.25833333333333336,109.35708333333334,0.48875,341.0,0.00027921636356040833,157.215984916687,4.666693264245987,-1.81834993782104e-05,0.0,45.20493984222412,0.0,355.8614308834076
302,1.2873680555555551,0.005416666666666667,0.0020833333333333333,0.6708333333333333,0.5779166666666666,1.58125,0.8496310935441371,0.1503689064558631,2.930961791831357,0.23375,91.69333333333333,0.42333333333333334,207.0,-0.006748146703466773,158.94333000183104,4.749101459980011,-0.001136473473161459,0.0,30.722636532783508,0.03313767910003662,357.027489900589
303,1.2676708333333326,0.0,0.0,0.6916666666666667,0.5641666666666667,1.5408333333333333,0.849624121146566,0.1503758788534342,2.9310438074634937,0.21416666666666667,94.45083333333334,0.49833333333333335,237.0,0.002583313873037696,149.0829231262207,4.5951359331607815,0.0006024351809173822,0.0,22.952472114562987,1.1920928955078125e-07,358.2151608467102
304,1.2694916666666674,0.0,0.0,0.6583333333333333,0.5704166666666667,1.555,0.8478778135048232,0.1521221864951768,2.9188102893890675,0.25125,88.32,0.39208333333333334,205.0,0.005438717408105731,152.21147441864014,4.608049523830414,-0.0004365098649941501,0.0,24.53587852716446,0.03399038314819336,359.3782331943512
305,1.3441430555555558,0.0,0.0,0.7125,0.6033333333333334,1.6341666666666668,0.8499770525242226,0.1500229474757777,2.9329423763386027,0.23708333333333334,102.30083333333333,0.49333333333333335,235.0,0.002511308528482914,167.7180414199829,4.755994689464569,-0.00013212162775744218,0.0,34.40824391841888,1.1920928955078125e-07,360.55405259132385
306,1.321116666666667,0.0,0.0,0.7083333333333334,0.5879166666666666,1.6158333333333332,0.8463589479112945,0.1536410520887054,2.9082001031459517,0.23583333333333334,99.87333333333333,0.48791666666666667,223.0,-0.00285241556703113,151.45644359588624,4.864192295074463,3.4479345777072014e-05,0.0,30.030233812332153,0.0,361.72377014160156
307,1.310620833333334,0.0008333333333333334,0.0004166666666666667,0.6875,0.58625,1.6079166666666667,0.8464602228556619,0.15353977714433792,2.9087846592381448,0.24958333333333332,98.91916666666667,0.495,242.0,0.00023511413019150496,153.1368194580078,4.720178866386414,-0.0001181280254968442,0.0,28.06494209766388,0.0,362.8981132507324
308,1.268902777777778,0.00625,0.0025,0.6791666666666667,0.5779166666666666,1.575,0.8447619047619049,0.15523809523809523,2.8984126984126983,0.2475,87.0975,0.37833333333333335,255.0,-0.0004330153577029705,146.28059120178222,4.664864039421081,-0.00013690433843294159,0.0,21.606413343548773,3.5762786865234375e-07,364.0709562301636
309,1.3725180555555552,0.00125,0.0004166666666666667,0.7208333333333333,0.61625,1.6858333333333333,0.8444661393969355,0.1555338606030647,2.8954522985664854,0.24833333333333332,106.265,0.5233333333333333,251.0,0.0064023725222796205,151.95378875732422,5.0668741106987,-2.6320884353481232e-05,0.0,38.115720224380496,2.384185791015625e-07,365.24316120147705
310,1.3524402777777762,0.0008333333333333334,0.0004166666666666667,0.725,0.6095833333333334,1.66,0.8464332329317265,0.1535667670682731,2.9086345381526106,0.25916666666666666,106.96166666666667,0.5204166666666666,277.0,-0.002150309830904007,137.6460189819336,4.904350352287293,0.00012276833986106793,0.0,33.82153534889221,2.384185791015625e-07,366.4241826534271
311,1.364940277777777,0.004166666666666667,0.00125,0.7333333333333333,0.6120833333333333,1.6675,0.8504972513743135,0.14950274862568713,2.9367816091954024,0.22833333333333333,100.06458333333333,0.46291666666666664,248.0,-0.0025522979558445513,124.49511280059815,5.07199479341507,-0.0001754840683133807,0.0,36.47825446128845,1.7881393432617188e-07,367.5950708389282
312,1.329295833333334,0.005833333333333334,0.0025,0.7166666666666667,0.6020833333333333,1.64125,0.8459786747905557,0.15402132520944395,2.9063214013709064,0.24041666666666667,99.16458333333334,0.42583333333333334,296.0,-0.004924661060795188,134.52384881973268,4.808348023891449,7.68828991567716e-05,0.0,30.058003628253935,1.1920928955078125e-07,368.77724504470825
313,1.3480124999999996,0.0033333333333333335,0.0016666666666666668,0.7291666666666666,0.61,1.6658333333333333,0.8428539269634812,0.15714607303651806,2.884442221110555,0.24916666666666668,108.87416666666667,0.5229166666666667,243.0,0.0007325578946620226,126.88943462371826,4.847674918174744,-1.2895501276943832e-05,0.0,31.09019265174866,0.0,369.95192408561707
314,1.3347416666666663,0.0033333333333333335,0.00125,0.7166666666666667,0.5979166666666667,1.6525,0.8441452344931918,0.15585476550680796,2.893343419062027,0.2704166666666667,101.1825,0.4845833333333333,253.0,0.0001630860147997737,108.66275177001953,4.826531887054443,-0.0009583897578522738,0.0,28.073379826545715,1.1920928955078125e-07,371.0862889289856
315,1.3594263888888887,0.0004166666666666667,0.0004166666666666667,0.7041666666666667,0.6029166666666667,1.6641666666666666,0.8457160741111674,0.1542839258888331,2.902854281422133,0.2475,99.36041666666667,0.42583333333333334,308.0,-0.0034014170058071615,124.42260475158692,4.758708333969116,0.00011779328779084607,0.0,32.08481216430664,5.960464477539063e-08,372.2533142566681
316,1.404008333333333,0.0,0.0,0.75,0.62,1.7133333333333334,0.8476702334630354,0.15232976653696498,2.916828793774319,0.2525,112.55041666666666,0.5241666666666667,283.0,0.004735440295189619,132.7551643371582,5.069200444221496,0.000246572137871226,0.0,37.80865454673767,5.960464477539063e-08,373.43256998062134
317,1.3457055555555553,0.0,0.0,0.7,0.6033333333333334,1.65125,0.8444007065354531,0.15559929346454712,2.8945243502397173,0.2475,103.71,0.5104166666666666,236.0,0.002278759959153831,137.03618755340577,4.840107882022858,1.3840881729265675e-05,0.0,28.20085699558258,1.1920928955078125e-07,374.61228585243225
318,1.236326388888889,0.0033333333333333335,0.0008333333333333334,0.6833333333333333,0.5604166666666667,1.52375,0.8440935192780965,0.15590648072190322,2.8917145200984415,0.22791666666666666,96.28833333333333,0.4708333333333333,241.0,-0.0017686379607766867,147.52653789520264,4.90491155385971,0.000523916034217109,0.0,22.530558294057847,0.13595598936080933,375.78998374938965
319,1.3644986111111121,0.004583333333333333,0.0008333333333333334,0.6958333333333333,0.6029166666666667,1.6695833333333334,0.8464262540554033,0.15357374594459702,2.9079111554779136,0.20416666666666666,99.22791666666667,0.46375,238.0,-0.0021175644593313336,157.90642261505127,4.792356777191162,-0.0006185612772242166,0.0,31.077674388885498,5.960464477539062e-07,376.9596059322357
320,1.3065416666666658,0.0,0.0,0.675,0.5845833333333333,1.6016666666666666,0.8447450572320501,0.15525494276795007,2.8967221644120706,0.235,89.34083333333334,0.3983333333333333,246.0,-0.005854280176572501,148.28897380828857,4.683158880472183,5.811572336824611e-05,0.0,22.190000736713408,0.03823333978652954,378.127322435379
321,1.349984722222222,0.002916666666666667,0.0004166666666666667,0.6958333333333333,0.6045833333333334,1.65375,0.8455857898715043,0.1544142101284958,2.9032501889644746,0.21875,99.6675,0.46625,274.0,-0.006023838208056987,139.29534797668458,4.789076578617096,0.0002594226665678434,0.0,28.49525444507599,4.76837158203125e-07,379.3091518878937
322,1.2521708333333328,0.0033333333333333335,0.0008333333333333334,0.6708333333333333,0.5616666666666666,1.5404166666666668,0.8439843116040033,0.15601568839599675,2.8901812280227213,0.21583333333333332,89.77333333333333,0.4266666666666667,198.0,0.0007090940373018384,152.08930072784423,4.684418570995331,-0.0002537095730076544,0.0,14.45286591053009,0.071522057056427,380.4897241592407
323,1.3106138888888892,0.0016666666666666668,0.00125,0.6916666666666667,0.5883333333333334,1.6058333333333332,0.8466891541255848,0.15331084587441615,2.911261027503892,0.23,98.84041666666667,0.46416666666666667,272.0,-0.004132252180716023,152.899169921875,4.779742562770844,0.0011436178858275526,0.0026041666977107527,20.02585175037384,2.980232238769531e-07,381.6741273403168
324,1.3715097222222226,0.0033333333333333335,0.00125,0.7208333333333333,0.6216666666666667,1.6933333333333334,0.8454207677165365,0.1545792322834645,2.9018208661417324,0.27166666666666667,108.55541666666667,0.5120833333333333,275.0,-0.001873079501092434,116.04653453826904,4.836876630783081,-0.0001668113759251355,0.0,29.995859742164612,4.172325134277344e-07,382.8567907810211
325,1.3436763888888905,0.0,0.0,0.7083333333333334,0.6033333333333334,1.6475,0.8450910470409718,0.15490895295902896,2.898330804248862,0.2504166666666667,99.97208333333333,0.4404166666666667,291.0,0.0054872572422027584,127.58264904022217,4.913270568847656,-2.1327566355466842e-05,0.0,23.32347172498703,1.7881393432617188e-07,384.24350571632385
326,1.3474597222222222,0.0004166666666666667,0.0004166666666666667,0.725,0.6066666666666667,1.6629166666666666,0.84078426459534,0.15921573540466064,2.8709596592332747,0.25416666666666665,100.20416666666667,0.48083333333333333,246.0,-0.0004413984948769212,117.97909355163574,4.9872606039047245,0.0002530288551497506,0.0,24.066891741752624,2.980232238769531e-07,385.4109923839569
327,1.2902569444444438,0.004583333333333333,0.00125,0.7,0.5920833333333333,1.60125,0.8442492844132189,0.15575071558678122,2.894353369763206,0.2633333333333333,96.87375,0.44083333333333335,250.0,-0.013457855279557406,110.0529658317566,4.91473788022995,0.00047152748256849006,0.0,16.16056407094002,2.980232238769531e-07,386.6018056869507
328,1.3370458333333326,0.0004166666666666667,0.0004166666666666667,0.6958333333333333,0.59875,1.6429166666666666,0.8437509510524988,0.15624904894750194,2.8901851382196297,0.24166666666666667,101.2025,0.4895833333333333,267.0,-0.009492687322199345,163.30480308532714,4.740367823839188,0.00020229979472787817,0.0,24.415696477890016,0.08967489004135132,387.7732410430908
329,1.2727430555555554,0.0033333333333333335,0.0016666666666666668,0.6708333333333333,0.5758333333333333,1.5775,0.842511885895404,0.15748811410459573,2.880348652931854,0.25833333333333336,91.80708333333334,0.40458333333333335,255.0,-0.0021856661885976793,126.23999052047729,4.764959180355072,0.0030535673664417117,0.000390625,11.582354997098445,4.172325134277344e-07,388.95364260673523
330,1.3561277777777774,0.0,0.0,0.7125,0.60375,1.66,0.8463955823293173,0.15360441767068275,2.9093875502008033,0.24333333333333335,99.38458333333334,0.47333333333333333,268.0,-0.008571823849342764,121.82617015838623,4.795630443096161,0.0013453006336931138,0.0,23.467930483818055,0.0,390.10530400276184
331,1.4053500000000003,0.002916666666666667,0.0008333333333333334,0.7291666666666666,0.6308333333333334,1.7366666666666666,0.84077255278311,0.15922744721689072,2.867802303262956,0.25166666666666665,118.00125,0.5770833333333333,286.0,0.00039185695350170137,125.67722244262696,4.822589957714081,0.00013675899099325762,0.0,30.92692278623581,4.172325134277344e-07,391.2804763317108
332,1.3226166666666663,0.00125,0.0008333333333333334,0.6916666666666667,0.5966666666666667,1.6183333333333334,0.8454634397528314,0.15453656024716797,2.901132852729145,0.22,103.21,0.46875,261.0,0.009413518197834491,149.5743143081665,4.750873690843582,0.0006880243512568995,0.0,18.02840982079506,0.07347279787063599,392.42748761177063
333,1.3031930555555553,0.005,0.00125,0.7,0.5904166666666667,1.6129166666666668,0.8427615603203307,0.15723843967966933,2.8840092999225004,0.22625,89.84875,0.36541666666666667,255.0,-0.006346225994639099,118.10925741195679,4.753543639183045,0.0004485349651076831,0.0,14.469496005773545,3.5762786865234375e-07,393.59126567840576
334,1.3272513888888888,0.00125,0.0004166666666666667,0.7125,0.5991666666666666,1.63625,0.8416271963330788,0.1583728036669213,2.875477463712758,0.23625,100.60083333333333,0.46,309.0,0.0015202807728201151,125.80707216262817,4.823470574617386,-0.00014844371617073193,0.0,17.433999659121035,4.172325134277344e-07,394.75317883491516
335,1.3610222222222228,0.0016666666666666668,0.0008333333333333334,0.7125,0.615,1.6879166666666667,0.8384645766477413,0.16153542335225884,2.853369538385584,0.2608333333333333,109.15916666666666,0.5620833333333334,303.0,0.001458860852289945,112.69407320022583,4.96820696592331,-0.00039994100807234646,0.0,22.15686192512512,5.960464477539062e-07,395.93185901641846
336,1.3551888888888874,0.004166666666666667,0.0008333333333333334,0.7125,0.6091666666666666,1.675,0.8420696517412938,0.15793034825870644,2.8781094527363185,0.24041666666666667,109.665,0.5020833333333333,270.0,-0.008900436665862798,111.20395240783691,4.918559700250626,1.7104235985243578e-05,0.0,21.078509092330933,6.556510925292969e-07,397.119099855423
337,1.3458916666666658,0.0008333333333333334,0.0004166666666666667,0.7208333333333333,0.6129166666666667,1.6704166666666667,0.8386480419057123,0.16135195809428776,2.8550760788226492,0.27,110.76291666666667,0.575,292.0,-0.00627288508694619,119.4415530204773,5.03023728132248,8.272109407698735e-05,0.0,17.925602865219116,7.748603820800781e-07,398.3074460029602
338,1.2735833333333326,0.002916666666666667,0.0008333333333333334,0.6833333333333333,0.5808333333333333,1.5825,0.8406003159557663,0.1593996840442339,2.868088467614534,0.25458333333333333,87.43375,0.4170833333333333,212.0,-0.005233925208449364,138.9447081565857,4.934791707992554,-0.0008051797733060085,0.0,9.769097674638033,3.5762786865234375e-07,399.47147941589355
339,1.3767236111111096,0.0,0.0,0.7083333333333334,0.61875,1.6991666666666667,0.8412138303089751,0.1587861696910249,2.872486512996567,0.26458333333333334,113.76625,0.5758333333333333,272.0,0.00395637743640691,151.82654495239257,5.084379160404206,-0.000515163131058216,0.0,22.354022440314292,1.3709068298339844e-06,400.64834928512573
340,1.3279722222222217,0.0033333333333333335,0.00125,0.7208333333333333,0.5983333333333334,1.6504166666666666,0.8403938399394086,0.15960616006059075,2.8672052511991923,0.265,102.24291666666667,0.46458333333333335,262.0,-0.0006288670934736729,112.57112007141113,4.947852504253388,0.00012457010307116435,0.0,15.327344647049904,1.430511474609375e-06,401.8343508243561
341,1.3950486111111107,0.0004166666666666667,0.0004166666666666667,0.725,0.6283333333333333,1.7291666666666667,0.8389036144578316,0.1610963855421687,2.8571084337349397,0.27625,113.03666666666666,0.53125,284.0,-0.0002970605157315731,122.36398267745972,5.04030339717865,0.0007403379451716319,0.0,23.876735317707062,5.602836608886719e-06,403.0086250305176
342,1.3377694444444448,0.0,0.0,0.7291666666666666,0.61125,1.6416666666666666,0.8436497461928938,0.15635025380710654,2.8890862944162436,0.24166666666666667,99.69333333333333,0.50125,228.0,-0.0020472925156354905,109.58243551254273,5.082396507263184,6.743947328686772e-05,0.0,237.7670090675354,1.3947486877441406e-05,404.18617367744446
343,1.4375319444444437,0.0008333333333333334,0.0004166666666666667,0.7375,0.6495833333333333,1.7729166666666667,0.8442796709753232,0.15572032902467695,2.8954171562867215,0.28791666666666665,125.75041666666667,0.6045833333333334,293.0,-0.0051481867209076885,378.37906913757325,5.049259781837463,-4.2418670000188284e-05,0.0,841.5067134857178,0.04907834529876709,405.361656665802
344,1.314629166666667,0.004166666666666667,0.0016666666666666668,0.7125,0.59375,1.6358333333333333,0.8399414161996949,0.16005858380030571,2.862455425369333,0.26,92.76625,0.43,250.0,-0.008700115722604096,106.73124275207519,5.064135110378265,-1.8219773664895911e-06,0.0,100.27612671852111,0.28873491287231445,406.5191240310669
345,1.3903555555555558,0.0,0.0,0.7166666666666667,0.6216666666666667,1.7129166666666666,0.8423789832157632,0.15762101678423737,2.8800778399416203,0.26916666666666667,111.18458333333334,0.48125,287.0,0.008038684725761414,94.68024044036865,4.780618417263031,1.9573203007894336e-05,0.0,110.81542201042176,0.4084480404853821,407.6788852214813
346,1.3615499999999994,0.0008333333333333334,0.0008333333333333334,0.6958333333333333,0.60875,1.6845833333333333,0.8389116992332433,0.1610883007667575,2.8575315359881275,0.24583333333333332,103.95708333333333,0.50625,249.0,-0.015480673778802157,127.00337200164795,4.873819494247437,-5.930856145823782e-05,0.0,103.19797358512878,0.35425740480422974,408.8353054523468
347,1.396509722222222,0.002916666666666667,0.0008333333333333334,0.7208333333333333,0.6283333333333333,1.7233333333333334,0.8425507736943908,0.1574492263056094,2.8822533849129592,0.25083333333333335,111.97666666666667,0.52875,301.0,-0.009527138364501298,120.35203876495362,5.008892560005188,4.2929267419822284e-05,0.0,164.91396770477294,0.15926223993301392,409.99702763557434
348,1.3843624999999997,0.0,0.0,0.725,0.62,1.69875,0.8439955849889632,0.15600441501103735,2.891832229580574,0.25416666666666665,111.55625,0.5041666666666667,284.0,0.0029533832799643277,117.90200786590576,4.953011775016785,-2.3194728782982565e-05,0.0,98.4354552268982,0.2222251296043396,411.17975997924805
349,1.2965152777777766,0.0033333333333333335,0.0004166666666666667,0.6833333333333333,0.585,1.6066666666666667,0.8414081950207468,0.15859180497925293,2.8729253112033195,0.24458333333333335,101.11375,0.46458333333333335,280.0,-0.007756284193601459,134.888569355011,4.71649621129036,-6.812640276621096e-06,0.0,100.17591490745545,0.21043866872787476,412.37030243873596
350,1.339243055555555,0.00375,0.0008333333333333334,0.7291666666666666,0.6104166666666667,1.6516666666666666,0.8438067608476287,0.15619323915237118,2.890010090817356,0.24208333333333334,102.73375,0.5308333333333334,233.0,0.008297329861670732,87.47598142623902,5.051752185821533,-1.3474514707922935e-05,0.0,114.07028527259827,0.17517751455307007,413.7432425022125
351,1.3223555555555546,0.0016666666666666668,0.00125,0.7125,0.6029166666666667,1.63375,0.8436164243815348,0.15638357561846464,2.889313950522826,0.2658333333333333,99.86333333333333,0.47583333333333333,284.0,0.0090767900692299,130.7092809677124,4.9533210635185245,1.6808556119940475e-05,0.0,154.58725819587707,0.22904598712921143,414.8913972377777
352,1.3141430555555553,0.0,0.0,0.7041666666666667,0.5904166666666667,1.615,0.8438106295149647,0.15618937048503612,2.8913828689370487,0.24375,98.89333333333333,0.46,276.0,0.013737207558006049,104.20976390838624,4.8277363061904905,4.1942329471567066e-05,0.0,127.70725302696228,0.39389342069625854,416.0482351779938
353,1.4054347222222214,0.0025,0.00125,0.7208333333333333,0.6258333333333334,1.735,0.8422694524495687,0.15773054755043228,2.8796829971181555,0.25666666666666665,108.56833333333333,0.4395833333333333,332.0,0.0022057398920878766,96.63205471038819,4.897515070438385,8.910072028811556e-06,0.0,140.50709800720216,0.4181821346282959,417.195348739624
354,1.299169444444444,0.00125,0.0008333333333333334,0.7,0.58875,1.6041666666666667,0.8426857142857145,0.15731428571428563,2.883116883116883,0.25375,101.61708333333333,0.4691666666666667,263.0,0.0024475799174979327,98.89212713241577,4.922370564937592,2.8758464395650663e-06,0.0,72.11616854667663,0.12382882833480835,418.349333524704
355,1.3881222222222227,0.0025,0.0004166666666666667,0.7333333333333333,0.6233333333333333,1.7125,0.8432262773722631,0.15677372262773734,2.886131386861314,0.2579166666666667,112.0725,0.5345833333333333,280.0,-0.009334972687065601,89.58586196899414,5.015985774993896,4.6256616769824175e-06,0.0,143.83630056381224,0.5591896772384644,419.50325894355774
356,1.3755194444444432,0.002916666666666667,0.0008333333333333334,0.7291666666666666,0.6166666666666667,1.7004166666666667,0.8425827003185491,0.15741729968145066,2.8833619210977703,0.25375,114.08625,0.5470833333333334,272.0,-0.005513954372145235,88.76598892211913,5.118575954437256,6.76351295112454e-06,0.0,98.86297903060913,0.5319685935974121,420.6719214916229
357,1.3548916666666673,0.0004166666666666667,0.0004166666666666667,0.7166666666666667,0.6141666666666666,1.67625,0.8397315436241618,0.16026845637583895,2.8627889634601043,0.25916666666666666,100.02041666666666,0.47125,235.0,-0.009447558131068946,92.85056295394898,4.887937653064728,-8.78546416060999e-08,0.0,108.12917108535767,0.2829415202140808,421.8321216106415
358,1.266145833333333,0.0008333333333333334,0.0008333333333333334,0.6875,0.5775,1.5625,0.8426000000000005,0.15739999999999996,2.8824,0.245,85.31541666666666,0.35791666666666666,219.0,0.008364028460346163,107.61720695495606,4.8231931865215305,-0.00016205534484470263,0.0,111.68893623352051,0.10418856143951416,422.9912066459656
359,1.4280722222222233,0.0016666666666666668,0.00125,0.7291666666666666,0.6354166666666666,1.7604166666666667,0.8426130177514791,0.15738698224852077,2.8833136094674554,0.2625,117.2325,0.52125,293.0,-0.007717061787843704,143.1476414680481,5.010742259025574,3.664909509097925e-05,0.0,676.8252864360809,0.42077088356018066,424.1555497646332
360,1.3058263888888881,0.005,0.00125,0.6916666666666667,0.59125,1.6195833333333334,0.8416902495497814,0.15830975045021892,2.8759969127862104,0.23791666666666667,103.19166666666666,0.4845833333333333,234.0,-0.0029821378644555806,77.17840614318848,4.950023221969604,-5.2320134636829606e-05,0.0,107.60188593864441,0.6234899759292603,425.31784749031067
361,1.341501388888889,0.0008333333333333334,0.0008333333333333334,0.7083333333333334,0.60625,1.6491666666666667,0.8443077311773631,0.15569226882263779,2.8933804951995956,0.25833333333333336,100.58416666666666,0.42291666666666666,292.0,0.004698421293869615,128.82451305389404,4.944402348995209,8.846102089137276e-05,0.0,120.00616998672486,0.11928606033325195,426.5074419975281
362,1.283204166666667,0.010416666666666666,0.0020833333333333333,0.6958333333333333,0.5866666666666667,1.6116666666666666,0.8398888314374361,0.16011116856256474,2.8642709410548086,0.24708333333333332,87.17041666666667,0.3933333333333333,266.0,-0.0015815911872778087,104.76833028793335,4.843125176429749,-0.00015506637209909967,0.0,46.10765476226807,0.11331748962402344,427.6730146408081
363,1.3437597222222222,0.0016666666666666668,0.00125,0.725,0.6029166666666667,1.6541666666666666,0.8432468513853902,0.15675314861460976,2.8866498740554154,0.24083333333333334,103.56291666666667,0.51375,234.0,-0.006913697149138897,74.62215614318848,5.116835713386536,1.4240325435821433e-05,0.0,72.97583985328674,0.5055931806564331,428.8289484977722
364,1.3917152777777784,0.002916666666666667,0.0008333333333333334,0.7208333333333333,0.6233333333333333,1.7104166666666667,0.8452984165651651,0.1547015834348356,2.9010962241169307,0.24833333333333332,110.27083333333333,0.53125,270.0,-0.0074096280615776776,78.46981029510498,5.034382057189942,-2.0381419562909287e-05,0.0,108.58313870429993,0.5436289310455322,429.9853582382202
365,1.437297222222222,0.0,0.0,0.7333333333333333,0.6429166666666667,1.77375,0.8410101010101009,0.15898989898989901,2.8722104768616394,0.2654166666666667,126.86041666666667,0.5883333333333334,369.0,-0.011832947260700166,131.55999526977538,4.882765698432922,9.75459497567499e-06,0.0,218.30934867858886,0.6021295785903931,431.11492800712585
366,1.3472222222222212,0.004166666666666667,0.00125,0.7041666666666667,0.6083333333333333,1.6679166666666667,0.843492380714464,0.15650761928553586,2.8888333749687733,0.25583333333333336,105.02,0.4820833333333333,293.0,0.00048046745359897614,103.58182249069213,5.001483619213104,6.45696505671367e-05,0.0,91.57752637863159,0.2720245122909546,432.2882823944092
367,1.3512444444444456,0.002916666666666667,0.0008333333333333334,0.7125,0.60625,1.6733333333333333,0.8425846613545813,0.15741533864541823,2.88296812749004,0.26208333333333333,104.76041666666667,0.48583333333333334,295.0,0.004427514551207423,98.41182117462158,4.907433366775512,2.453386114211753e-05,0.0,115.19936885833741,0.38824063539505005,433.4526312351227
368,1.37312361111111,0.0,0.0,0.725,0.6129166666666667,1.7020833333333334,0.838269277845777,0.16173072215422282,2.8531211750305996,0.26375,112.77666666666667,0.5604166666666667,256.0,-0.00919887968339026,84.09400939941406,5.193233096599579,3.864001500915037e-05,0.0,95.50313906669616,0.5419925451278687,434.60343170166016
369,1.2997888888888882,0.00125,0.0004166666666666667,0.6875,0.5870833333333333,1.60125,0.843393182409576,0.1566068175904241,2.8886286755139214,0.24666666666666667,97.06375,0.42625,242.0,0.007787529600318521,111.77285823822021,4.914492911100387,-7.213869685074314e-06,0.0,120.03384189605713,0.31770652532577515,435.76826763153076
370,1.321269444444445,0.0004166666666666667,0.0004166666666666667,0.7083333333333334,0.6,1.6304166666666666,0.8410120112445695,0.15898798875543058,2.8701763352926144,0.25,99.50833333333334,0.49125,249.0,0.0033126043155789374,79.8893256187439,5.145876777172089,9.481515735387803e-06,0.0,116.75259590148926,0.4538506269454956,436.92531180381775
371,1.4276416666666665,0.0008333333333333334,0.0004166666666666667,0.7375,0.6370833333333333,1.74875,0.8474720038122463,0.1525279961877531,2.916130569454372,0.26666666666666666,114.71166666666667,0.5229166666666667,300.0,-0.0055462547636125235,80.57719221115113,5.049706733226776,4.381784247016185e-05,0.0,184.17597312927245,0.6783511638641357,438.06996035575867
372,1.3177819444444439,0.009166666666666667,0.0025,0.7083333333333334,0.60375,1.6475,0.8419347496206376,0.1580652503793627,2.8770864946889225,0.25916666666666666,100.50333333333333,0.4816666666666667,255.0,0.005084726097993553,93.96582355499268,4.978787088394165,0.0001254414206414367,0.0,130.19607377052307,0.30972349643707275,439.22402358055115
373,1.3093152777777768,0.0,0.0,0.6916666666666667,0.58625,1.60875,0.8430950530950526,0.15690494690494686,2.884744884744885,0.2425,100.80375,0.4970833333333333,271.0,0.0018597355578094722,106.04214353561402,4.904715871810913,-9.127777666435577e-05,0.0,95.69461946487426,0.283780038356781,440.4043323993683
374,1.413133333333332,0.00375,0.0016666666666666668,0.7458333333333333,0.63375,1.7391666666666667,0.8458361284139909,0.15416387158600867,2.9056061332055583,0.2525,114.30333333333333,0.5420833333333334,272.0,-0.002147350460290909,68.2888313293457,5.112008726596832,6.889768701512366e-06,0.0,164.68910851478577,0.6835824847221375,441.58527517318726
375,1.391820833333332,0.00625,0.0016666666666666668,0.725,0.63375,1.7391666666666667,0.8383732630570194,0.16162673694298035,2.8540967896502156,0.26416666666666666,116.68375,0.585,310.0,-0.002148937914171256,93.77015008926392,4.9334556579589846,0.0001329880044067977,0.0,83.5973204612732,0.4758831858634949,443.063339471817
376,1.3600569444444446,0.0016666666666666668,0.0008333333333333334,0.6916666666666667,0.6066666666666667,1.6704166666666667,0.8444674482414559,0.15553255175854322,2.895734597156398,0.23541666666666666,112.95333333333333,0.585,252.0,0.0023734413320198656,113.94547004699707,4.931173801422119,1.6608151645414183e-05,0.0,117.81428127288818,0.19935446977615356,444.2205181121826
377,1.3042541666666674,0.0004166666666666667,0.0004166666666666667,0.7083333333333334,0.5879166666666666,1.6075,0.8437558320373254,0.156244167962675,2.890357698289269,0.26,93.83208333333333,0.42625,242.0,0.002184862014837563,75.79667329788208,4.979378521442413,-3.41930594004225e-05,0.0,83.12633085250854,0.39370936155319214,445.37117862701416
378,1.282177777777777,0.0,0.0,0.675,0.5741666666666667,1.5683333333333334,0.8459245483528159,0.1540754516471841,2.90356004250797,0.2325,96.9,0.4625,275.0,-0.0060913581401109695,85.55195226669312,4.771553528308869,7.66688674048055e-05,0.0,97.80376267433167,0.5593866109848022,446.51105403900146
379,1.3108500000000007,0.0016666666666666668,0.00125,0.6875,0.5920833333333333,1.6241666666666668,0.8412108773730121,0.15878912262698802,2.8724987172909184,0.2604166666666667,101.27125,0.46166666666666667,264.0,0.0038159499992616473,84.34911718368531,4.749009096622467,0.0001957533877430251,0.0,75.38848419189453,0.48292917013168335,447.68201756477356
380,1.385665277777778,0.004583333333333333,0.00125,0.7375,0.6220833333333333,1.7191666666666667,0.8429301987396995,0.15706980126030048,2.884876393601551,0.27958333333333335,112.97,0.5525,266.0,0.005906548188067973,70.24728879928588,5.144827508926392,1.034171727951616e-05,0.0,171.05863652229309,0.6777206063270569,448.83378863334656
381,1.332022222222222,0.004583333333333333,0.0008333333333333334,0.7166666666666667,0.59375,1.6391666666666667,0.8469801728520593,0.15301982714794093,2.9133197763091,0.23666666666666666,101.215,0.49541666666666667,248.0,-0.002958013163879514,67.03089141845703,4.9435546875,6.029520463926019e-05,0.0,99.86337041854858,0.5320571660995483,449.987450838089
382,1.3506666666666662,0.00125,0.0008333333333333334,0.6958333333333333,0.6008333333333333,1.6583333333333334,0.8443718592964832,0.15562814070351763,2.89321608040201,0.24541666666666667,102.87041666666667,0.5091666666666667,280.0,-0.008609154261648655,98.67594680786132,4.897885358333587,-5.037430673837661e-06,0.0,93.18059363365174,0.5281216502189636,451.14556765556335
383,1.3651263888888892,0.0,0.0,0.7083333333333334,0.61,1.6820833333333334,0.843192965073075,0.15680703492692596,2.8860540004954176,0.2733333333333333,100.12708333333333,0.4529166666666667,245.0,-0.005544933350756764,70.00610074996948,4.868943190574646,1.1477509633550654e-05,0.0,138.11384506225585,0.5484604835510254,452.33221530914307
384,1.261544444444444,0.0020833333333333333,0.0004166666666666667,0.6833333333333333,0.5745833333333333,1.5616666666666668,0.8428601921024547,0.15713980789754525,2.8834044823906084,0.25583333333333336,89.65666666666667,0.42833333333333334,241.0,-0.0033847715239971876,105.75734205245972,4.902039051055908,-9.736014703776164e-06,0.0,143.28598370552064,0.21281039714813232,453.4790208339691
385,1.3927527777777782,0.002916666666666667,0.0016666666666666668,0.7208333333333333,0.61875,1.715,0.844373177842566,0.15562682215743437,2.8943148688046647,0.2504166666666667,111.71166666666667,0.5358333333333334,271.0,0.003480073157697916,118.2935245513916,4.932863819599151,3.589782863855362e-05,0.0,289.3851637840271,0.5203028321266174,454.6313967704773
386,1.3310277777777781,0.0033333333333333335,0.0016666666666666668,0.6958333333333333,0.6,1.64625,0.8425208807896735,0.1574791192103265,2.882308276385725,0.25166666666666665,101.0225,0.46291666666666664,244.0,0.006445629487279803,92.98270483016968,4.938219475746155,-3.658481946331449e-05,0.0,98.60983800888062,0.3308566212654114,455.7862651348114
387,1.2900680555555555,0.00375,0.0008333333333333334,0.7166666666666667,0.5904166666666667,1.6016666666666666,0.8412669094693029,0.15873309053069715,2.8722684703433923,0.25458333333333333,99.05541666666667,0.39708333333333334,283.0,0.004928280040621758,106.3786244392395,4.87073267698288,8.423195026807662e-05,0.0,96.62887723445893,0.08716630935668945,456.93457651138306
388,1.266694444444445,0.002916666666666667,0.00125,0.6833333333333333,0.5720833333333334,1.5675,0.842477405635301,0.15752259436469973,2.879851143009038,0.24708333333333332,79.29083333333334,0.3375,247.0,0.008239106158725917,123.12370834350585,4.930775308609009,0.000299094988804427,0.0,52.26595766544342,0.03496551513671875,458.0793581008911
389,1.3223458333333329,0.0004166666666666667,0.0004166666666666667,0.6875,0.5945833333333334,1.6275,0.8445033282130053,0.1554966717869944,2.8960573476702507,0.25708333333333333,95.05458333333333,0.4504166666666667,246.0,-0.002132618613541126,114.61496791839599,4.938158023357391,4.744321722682798e-05,0.0,82.74849610328674,0.3391149044036865,459.24340415000916
390,1.3426555555555564,0.00125,0.0004166666666666667,0.7125,0.6066666666666667,1.655,0.8440433031218528,0.155956696878147,2.891742195367573,0.2604166666666667,106.62708333333333,0.5325,219.0,-0.0023154618917033075,73.47532024383545,4.918401527404785,-0.00012014528401778079,0.0,68.46878132820129,0.5559994578361511,460.3953197002411
391,1.4069361111111107,0.0025,0.0008333333333333334,0.7375,0.63875,1.7458333333333333,0.8400906921241048,0.15990930787589494,2.8651551312649164,0.275,117.99708333333334,0.545,298.0,-0.00243269894272089,68.17657260894775,5.001679491996765,-0.00013775299448752775,0.0,177.45189867019653,0.77658611536026,461.538622379303
392,1.3689277777777777,0.0020833333333333333,0.00125,0.7166666666666667,0.6191666666666666,1.6770833333333333,0.847269565217392,0.15273043478260864,2.9135403726708073,0.24833333333333332,108.60958333333333,0.50125,289.0,-0.001425284903962165,69.53440055847167,5.20017819404602,6.009163371345494e-05,0.0,106.06245546340942,0.5401656031608582,462.70942521095276
393,1.2608305555555555,0.008333333333333333,0.0020833333333333333,0.6708333333333333,0.57125,1.5633333333333332,0.846257995735608,0.15374200426439225,2.9077825159914714,0.22791666666666666,85.95166666666667,0.35541666666666666,282.0,-0.002503456687554717,112.72620391845703,4.814026725292206,-0.00010166588890569983,0.0,59.60110738277435,0.28038954734802246,463.8787612915039
394,1.4466791666666665,0.0033333333333333335,0.0008333333333333334,0.7458333333333333,0.64875,1.7904166666666668,0.8415243192925301,0.15847568070747048,2.874563649057482,0.26208333333333333,121.23208333333334,0.5341666666666667,301.0,0.002281417208723724,90.4381025314331,5.013960492610932,-7.956116411378389e-05,0.0,224.38620300292968,0.5725991725921631,465.0485701560974
