[SBATCH-START] job=141239 host=moana-u2 cwd=/data/surt321/repos/lab/uav_rsu/env/Lyapunov_RL_based_UAV_delivery/research/Lyapunov_uav/proposed mode=train
[RESOURCES] GPU=1 CPUs_per_GPU=16 host_RAM=29696 torch_threads=1
[PYTHON] /data/surt321/anaconda3/envs/lab/bin/python
[CUDA-OK] 3.10.20 2.4.1+cu121 12.1 NVIDIA RTX A2000 12GB
[DEPENDENCIES] numpy= 2.1.3 matplotlib= 3.10.9
[RUN-METADATA] /data/surt321/repos/lab/uav_rsu/env/Lyapunov_RL_based_UAV_delivery/research/Lyapunov_uav/proposed/outputs/hppo/batch_141239.json
--- P3 scheduling-only hierarchical PPO ---
regions=10 users=50 J^R=3 J^U=2 frames=2 slots/frame=10 points=5
frame obs dim=558 heads=50 | slot obs dim=558 heads=150
reward mode=dpp (CSI hidden from both agents); logs -> /data/surt321/repos/lab/uav_rsu/env/Lyapunov_RL_based_UAV_delivery/research/Lyapunov_uav/proposed/outputs/hppo/hrl50_seed2026_job141239_smoke
ep=0000 frame=000 slot=09 J_F=    73.90 meanZ=96.98 SoC=0.9937
ep=0000 frame=001 slot=09 J_F=  -285.60 meanZ=97.32 SoC=0.9894
EP 0000 DPP/us=   3.946 orig/us=0.2428 stall=0.365 served=0.329 hire=0.750 Zcost=0.972 proj=0 dual=1.000 [12s]
ep=0001 frame=000 slot=09 J_F=  -678.80 meanZ=97.88 SoC=0.9932
ep=0001 frame=001 slot=09 J_F=   353.60 meanZ=97.12 SoC=0.9877
EP 0001 DPP/us=   2.915 orig/us=0.2411 stall=0.379 served=0.344 hire=0.850 Zcost=0.977 proj=0 dual=1.000 [21s]
ep=0002 frame=000 slot=09 J_F= -1174.90 meanZ=97.48 SoC=0.9935
ep=0002 frame=001 slot=09 J_F=   346.50 meanZ=97.80 SoC=0.9889
EP 0002 DPP/us=   5.897 orig/us=0.2218 stall=0.406 served=0.324 hire=0.750 Zcost=0.978 proj=0 dual=1.000 [29s]
done in 29.0s; trace=/data/surt321/repos/lab/uav_rsu/env/Lyapunov_RL_based_UAV_delivery/research/Lyapunov_uav/proposed/outputs/hppo/hrl50_seed2026_job141239_smoke/trace.jsonl debug=/data/surt321/repos/lab/uav_rsu/env/Lyapunov_RL_based_UAV_delivery/research/Lyapunov_uav/proposed/outputs/hppo/hrl50_seed2026_job141239_smoke/debug.log
trace verification for /data/surt321/repos/lab/uav_rsu/env/Lyapunov_RL_based_UAV_delivery/research/Lyapunov_uav/proposed/outputs/hppo/hrl50_seed2026_job141239_smoke
check     passed    failed
A1            60         0
A2          1800         0
B1           940         0
B2           130         0
B3           690         0
D1          3600         0
D2            66         0
F1           180         0
F2           154         0
F3           120         0
M1          6000         0
P1          2033         0
P2           600         0
Q1          6300         0
Q2          3000         0
Q3          3060         0
R1          5439         0
R2          1442         0
R3           534         0
R4          4070         0
S0          2323         0
S1           180         0
S2          1272         0
S3           663         0
TOTAL  passed=44656 failed=0
loaded frame checkpoint: {'episode': 2, 'dual_lambda_z': 1.0, 'pair_id': '1789317791415419190-ep2-f2-s3'}
loaded slot checkpoint: {'episode': 2, 'dual_lambda_z': 1.0, 'pair_id': '1789317791415419190-ep2-f2-s3'}
--- P3 scheduling-only hierarchical PPO ---
regions=10 users=50 J^R=3 J^U=2 frames=2 slots/frame=10 points=5
frame obs dim=558 heads=50 | slot obs dim=558 heads=150
reward mode=dpp (CSI hidden from both agents); logs -> /data/surt321/repos/lab/uav_rsu/env/Lyapunov_RL_based_UAV_delivery/research/Lyapunov_uav/proposed/outputs/hppo/hrl50_seed2026_job141239_smoke_eval
ep=1000000 frame=000 slot=09 J_F= -1554.20 meanZ=95.54 SoC=0.9951
ep=1000000 frame=001 slot=09 J_F=  -701.10 meanZ=91.72 SoC=0.9919
EVAL 000 DPP/us= -18.225 orig/us=0.3131 stall=0.458 hire=0.500 Q>Qe=0.0000 viol(reserve,power)=(0,0)
mean dpp_cost_per_user_slot: -18.2250 (std 0.0000)
mean original_cost_per_user_slot: 0.3131 (std 0.0000)
mean stall_ratio: 0.4580 (std 0.0000)
mean hire_rate: 0.5000 (std 0.0000)
done in 9.5s; trace=/data/surt321/repos/lab/uav_rsu/env/Lyapunov_RL_based_UAV_delivery/research/Lyapunov_uav/proposed/outputs/hppo/hrl50_seed2026_job141239_smoke_eval/trace.jsonl debug=/data/surt321/repos/lab/uav_rsu/env/Lyapunov_RL_based_UAV_delivery/research/Lyapunov_uav/proposed/outputs/hppo/hrl50_seed2026_job141239_smoke_eval/debug.log
trace verification for /data/surt321/repos/lab/uav_rsu/env/Lyapunov_RL_based_UAV_delivery/research/Lyapunov_uav/proposed/outputs/hppo/hrl50_seed2026_job141239_smoke_eval
check     passed    failed
A1            20         0
A2           600         0
B1           200         0
B2           100         0
B3           230         0
D1          1200         0
D2            22         0
F1            60         0
F2            40         0
F3            40         0
M1          2000         0
P1           510         0
P2           200         0
Q1          2100         0
Q2          1000         0
Q3          1020         0
R1          1881         0
R2           490         0
R3           164         0
R4          1400         0
S0           777         0
S1            60         0
S2           430         0
S3           221         0
TOTAL  passed=14765 failed=0
/data/surt321/repos/lab/uav_rsu/env/Lyapunov_RL_based_UAV_delivery/research/Lyapunov_uav/proposed/outputs/hppo/hrl50_seed2026_job141239_smoke/plots
/data/surt321/repos/lab/uav_rsu/env/Lyapunov_RL_based_UAV_delivery/research/Lyapunov_uav/proposed/outputs/hppo/hrl50_seed2026_job141239_smoke_eval/plots
[GPU-SMOKE-PASS] /data/surt321/repos/lab/uav_rsu/env/Lyapunov_RL_based_UAV_delivery/research/Lyapunov_uav/proposed/outputs/hppo/hrl50_seed2026_job141239_smoke
--- P3 scheduling-only hierarchical PPO ---
regions=10 users=50 J^R=3 J^U=2 frames=30 slots/frame=10 points=5
frame obs dim=558 heads=50 | slot obs dim=558 heads=150
reward mode=dpp (CSI hidden from both agents); logs -> /data/surt321/repos/lab/uav_rsu/env/Lyapunov_RL_based_UAV_delivery/research/Lyapunov_uav/proposed/outputs/hppo/hrl50_seed2026_job141239
ep=0000 frame=000 slot=09 J_F=    73.90 meanZ=96.98 SoC=0.9937
ep=0000 frame=001 slot=09 J_F=  -285.60 meanZ=97.32 SoC=0.9894
ep=0000 frame=002 slot=09 J_F=  -151.70 meanZ=96.80 SoC=0.9852
ep=0000 frame=003 slot=09 J_F=  1631.80 meanZ=97.46 SoC=0.9794
ep=0000 frame=004 slot=09 J_F=   917.60 meanZ=97.54 SoC=0.9750
ep=0000 frame=005 slot=09 J_F=  -142.60 meanZ=98.42 SoC=0.9695
ep=0000 frame=006 slot=09 J_F=  -386.10 meanZ=98.22 SoC=0.9648
ep=0000 frame=007 slot=09 J_F=  -120.40 meanZ=97.56 SoC=0.9616
ep=0000 frame=008 slot=09 J_F=   339.50 meanZ=97.58 SoC=0.9575
ep=0000 frame=009 slot=09 J_F=   -50.20 meanZ=97.26 SoC=0.9552
ep=0000 frame=010 slot=09 J_F=   916.80 meanZ=96.80 SoC=0.9511
ep=0000 frame=011 slot=09 J_F=   514.30 meanZ=97.70 SoC=0.9471
ep=0000 frame=012 slot=09 J_F=  -153.00 meanZ=97.20 SoC=0.9409
ep=0000 frame=013 slot=09 J_F=   794.80 meanZ=96.70 SoC=0.9369
ep=0000 frame=014 slot=09 J_F=   500.10 meanZ=97.76 SoC=0.9325
ep=0000 frame=015 slot=09 J_F=   235.70 meanZ=98.12 SoC=0.9288
ep=0000 frame=016 slot=09 J_F=   434.70 meanZ=98.24 SoC=0.9273
ep=0000 frame=017 slot=09 J_F=  -126.10 meanZ=97.32 SoC=0.9231
ep=0000 frame=018 slot=09 J_F=   136.40 meanZ=96.56 SoC=0.9164
ep=0000 frame=019 slot=09 J_F=   -78.40 meanZ=97.42 SoC=0.9106
ep=0000 frame=020 slot=09 J_F=  -312.80 meanZ=96.94 SoC=0.9084
ep=0000 frame=021 slot=09 J_F=   490.90 meanZ=97.22 SoC=0.9031
ep=0000 frame=022 slot=09 J_F=   587.10 meanZ=97.76 SoC=0.8968
ep=0000 frame=023 slot=09 J_F=   605.10 meanZ=98.08 SoC=0.8921
ep=0000 frame=024 slot=09 J_F=  -685.00 meanZ=97.56 SoC=0.8893
ep=0000 frame=025 slot=09 J_F=   -52.10 meanZ=96.80 SoC=0.8855
ep=0000 frame=026 slot=09 J_F=   825.40 meanZ=97.36 SoC=0.8810
ep=0000 frame=027 slot=09 J_F=  1145.50 meanZ=97.52 SoC=0.8785
ep=0000 frame=028 slot=09 J_F=  -200.80 meanZ=96.48 SoC=0.8738
ep=0000 frame=029 slot=09 J_F=  -235.90 meanZ=95.68 SoC=0.8736
EP 0000 DPP/us=   1.287 orig/us=0.2036 stall=0.487 served=0.285 hire=0.720 Zcost=0.971 proj=0 dual=1.000 [124s]
ep=0001 frame=000 slot=09 J_F=  -228.80 meanZ=98.00 SoC=0.9962
ep=0001 frame=001 slot=09 J_F=  -294.50 meanZ=97.22 SoC=0.9910
ep=0001 frame=002 slot=09 J_F=   -31.20 meanZ=96.82 SoC=0.9860
ep=0001 frame=003 slot=09 J_F=  -140.60 meanZ=96.94 SoC=0.9821
ep=0001 frame=004 slot=09 J_F=    -9.10 meanZ=97.20 SoC=0.9787
ep=0001 frame=005 slot=09 J_F=  -113.30 meanZ=97.58 SoC=0.9738
ep=0001 frame=006 slot=09 J_F=  -803.40 meanZ=97.18 SoC=0.9710
ep=0001 frame=007 slot=09 J_F=   160.40 meanZ=97.44 SoC=0.9669
ep=0001 frame=008 slot=09 J_F=  -338.90 meanZ=96.40 SoC=0.9637
ep=0001 frame=009 slot=09 J_F=   509.90 meanZ=96.22 SoC=0.9603
ep=0001 frame=010 slot=09 J_F=   523.30 meanZ=97.18 SoC=0.9545
ep=0001 frame=011 slot=09 J_F=   238.40 meanZ=97.52 SoC=0.9507
ep=0001 frame=012 slot=09 J_F=   792.40 meanZ=97.44 SoC=0.9487
ep=0001 frame=013 slot=09 J_F=    19.10 meanZ=97.44 SoC=0.9474
ep=0001 frame=014 slot=09 J_F=   174.70 meanZ=96.16 SoC=0.9441
ep=0001 frame=015 slot=09 J_F=   924.50 meanZ=95.76 SoC=0.9389
ep=0001 frame=016 slot=09 J_F=   570.50 meanZ=95.08 SoC=0.9348
ep=0001 frame=017 slot=09 J_F=  -517.50 meanZ=94.94 SoC=0.9285
ep=0001 frame=018 slot=09 J_F=   255.10 meanZ=95.74 SoC=0.9227
ep=0001 frame=019 slot=09 J_F=  -253.50 meanZ=96.04 SoC=0.9207
ep=0001 frame=020 slot=09 J_F=   -25.00 meanZ=95.38 SoC=0.9158
ep=0001 frame=021 slot=09 J_F=  -318.20 meanZ=95.94 SoC=0.9103
ep=0001 frame=022 slot=09 J_F=  -692.60 meanZ=95.56 SoC=0.9078
ep=0001 frame=023 slot=09 J_F=  -268.50 meanZ=95.16 SoC=0.9023
ep=0001 frame=024 slot=09 J_F=  -144.60 meanZ=95.90 SoC=0.8955
ep=0001 frame=025 slot=09 J_F=   350.50 meanZ=95.78 SoC=0.8915
ep=0001 frame=026 slot=09 J_F=   980.00 meanZ=96.22 SoC=0.8885
ep=0001 frame=027 slot=09 J_F=   492.70 meanZ=95.86 SoC=0.8847
ep=0001 frame=028 slot=09 J_F= -1237.10 meanZ=94.92 SoC=0.8802
ep=0001 frame=029 slot=09 J_F=   -40.60 meanZ=94.92 SoC=0.8750
EP 0001 DPP/us=   1.183 orig/us=0.2199 stall=0.421 served=0.318 hire=0.697 Zcost=0.962 proj=0 dual=1.000 [258s]
ep=0002 frame=000 slot=09 J_F=  -335.80 meanZ=97.20 SoC=0.9927
ep=0002 frame=001 slot=09 J_F=  -249.40 meanZ=97.60 SoC=0.9875
ep=0002 frame=002 slot=09 J_F=   -54.10 meanZ=97.42 SoC=0.9826
ep=0002 frame=003 slot=09 J_F=  -183.60 meanZ=96.10 SoC=0.9787
ep=0002 frame=004 slot=09 J_F=   231.40 meanZ=95.92 SoC=0.9721
ep=0002 frame=005 slot=09 J_F=  -298.90 meanZ=96.64 SoC=0.9651
ep=0002 frame=006 slot=09 J_F=  -303.80 meanZ=96.58 SoC=0.9596
ep=0002 frame=007 slot=09 J_F=    97.00 meanZ=97.12 SoC=0.9543
ep=0002 frame=008 slot=09 J_F=   455.50 meanZ=97.06 SoC=0.9510
ep=0002 frame=009 slot=09 J_F=  -862.90 meanZ=95.78 SoC=0.9465
ep=0002 frame=010 slot=09 J_F=   -85.20 meanZ=96.02 SoC=0.9419
ep=0002 frame=011 slot=09 J_F=   -11.60 meanZ=96.22 SoC=0.9364
ep=0002 frame=012 slot=09 J_F=   830.60 meanZ=96.16 SoC=0.9309
ep=0002 frame=013 slot=09 J_F=   902.60 meanZ=96.64 SoC=0.9271
ep=0002 frame=014 slot=09 J_F=  -543.30 meanZ=96.42 SoC=0.9208
ep=0002 frame=015 slot=09 J_F=    -5.60 meanZ=96.42 SoC=0.9145
ep=0002 frame=016 slot=09 J_F=    -7.30 meanZ=96.22 SoC=0.9098
ep=0002 frame=017 slot=09 J_F=   293.40 meanZ=96.10 SoC=0.9045
ep=0002 frame=018 slot=09 J_F=   139.30 meanZ=96.16 SoC=0.9000
ep=0002 frame=019 slot=09 J_F=   370.80 meanZ=96.18 SoC=0.8941
ep=0002 frame=020 slot=09 J_F=   123.20 meanZ=95.90 SoC=0.8920
ep=0002 frame=021 slot=09 J_F=   587.10 meanZ=96.86 SoC=0.8871
ep=0002 frame=022 slot=09 J_F=  -313.90 meanZ=96.78 SoC=0.8829
ep=0002 frame=023 slot=09 J_F=   -56.00 meanZ=96.42 SoC=0.8798
ep=0002 frame=024 slot=09 J_F=  -582.30 meanZ=96.30 SoC=0.8732
ep=0002 frame=025 slot=09 J_F=   119.00 meanZ=96.96 SoC=0.8677
ep=0002 frame=026 slot=09 J_F=  -529.80 meanZ=96.70 SoC=0.8649
ep=0002 frame=027 slot=09 J_F=  1175.40 meanZ=95.32 SoC=0.8618
ep=0002 frame=028 slot=09 J_F=   218.00 meanZ=96.46 SoC=0.8571
ep=0002 frame=029 slot=09 J_F=   118.00 meanZ=96.38 SoC=0.8500
EP 0002 DPP/us=   1.758 orig/us=0.2322 stall=0.430 served=0.309 hire=0.790 Zcost=0.962 proj=0 dual=1.000 [393s]
ep=0003 frame=000 slot=09 J_F=   235.20 meanZ=95.40 SoC=0.9937
ep=0003 frame=001 slot=09 J_F=   507.40 meanZ=96.34 SoC=0.9899
ep=0003 frame=002 slot=09 J_F=  -402.20 meanZ=95.14 SoC=0.9847
ep=0003 frame=003 slot=09 J_F=  -432.40 meanZ=94.52 SoC=0.9782
ep=0003 frame=004 slot=09 J_F=   349.20 meanZ=95.12 SoC=0.9711
ep=0003 frame=005 slot=09 J_F=   236.60 meanZ=95.40 SoC=0.9657
ep=0003 frame=006 slot=09 J_F=  -203.30 meanZ=95.10 SoC=0.9597
ep=0003 frame=007 slot=09 J_F=   272.70 meanZ=96.30 SoC=0.9549
ep=0003 frame=008 slot=09 J_F=  -377.00 meanZ=96.08 SoC=0.9500
ep=0003 frame=009 slot=09 J_F=  -202.50 meanZ=95.52 SoC=0.9442
ep=0003 frame=010 slot=09 J_F=   174.60 meanZ=96.34 SoC=0.9361
ep=0003 frame=011 slot=09 J_F=   728.40 meanZ=96.64 SoC=0.9298
ep=0003 frame=012 slot=09 J_F=  -456.70 meanZ=95.46 SoC=0.9254
ep=0003 frame=013 slot=09 J_F= -1024.30 meanZ=95.18 SoC=0.9201
ep=0003 frame=014 slot=09 J_F=   606.40 meanZ=94.80 SoC=0.9136
ep=0003 frame=015 slot=09 J_F=   372.90 meanZ=94.80 SoC=0.9079
ep=0003 frame=016 slot=09 J_F=  -537.30 meanZ=94.18 SoC=0.9019
ep=0003 frame=017 slot=09 J_F=    46.90 meanZ=94.30 SoC=0.8961
ep=0003 frame=018 slot=09 J_F= -1068.50 meanZ=93.82 SoC=0.8922
ep=0003 frame=019 slot=09 J_F=   910.70 meanZ=94.32 SoC=0.8852
ep=0003 frame=020 slot=09 J_F=  -229.40 meanZ=94.12 SoC=0.8800
ep=0003 frame=021 slot=09 J_F=  -277.50 meanZ=95.18 SoC=0.8742
ep=0003 frame=022 slot=09 J_F=   572.10 meanZ=95.20 SoC=0.8666
ep=0003 frame=023 slot=09 J_F=  -296.40 meanZ=94.54 SoC=0.8601
ep=0003 frame=024 slot=09 J_F=   277.50 meanZ=95.06 SoC=0.8542
ep=0003 frame=025 slot=09 J_F=   419.60 meanZ=96.14 SoC=0.8476
ep=0003 frame=026 slot=09 J_F=  -170.20 meanZ=96.06 SoC=0.8426
ep=0003 frame=027 slot=09 J_F=  -689.10 meanZ=95.18 SoC=0.8365
ep=0003 frame=028 slot=09 J_F=   222.60 meanZ=95.14 SoC=0.8294
ep=0003 frame=029 slot=09 J_F=   492.10 meanZ=94.90 SoC=0.8224
EP 0003 DPP/us=   1.467 orig/us=0.2544 stall=0.371 served=0.337 hire=0.863 Zcost=0.948 proj=0 dual=1.000 [519s]
ep=0004 frame=000 slot=09 J_F=   228.20 meanZ=96.58 SoC=0.9929
ep=0004 frame=001 slot=09 J_F=  -227.00 meanZ=95.12 SoC=0.9877
ep=0004 frame=002 slot=09 J_F=    22.30 meanZ=94.18 SoC=0.9823
ep=0004 frame=003 slot=09 J_F=   249.20 meanZ=94.12 SoC=0.9770
ep=0004 frame=004 slot=09 J_F=  -984.60 meanZ=93.56 SoC=0.9694
ep=0004 frame=005 slot=09 J_F=   106.90 meanZ=93.62 SoC=0.9631
ep=0004 frame=006 slot=09 J_F=   -94.40 meanZ=92.90 SoC=0.9560
ep=0004 frame=007 slot=09 J_F=   236.70 meanZ=92.56 SoC=0.9501
ep=0004 frame=008 slot=09 J_F=   266.60 meanZ=92.58 SoC=0.9438
ep=0004 frame=009 slot=09 J_F=   648.00 meanZ=92.60 SoC=0.9388
ep=0004 frame=010 slot=09 J_F=   689.30 meanZ=94.44 SoC=0.9339
ep=0004 frame=011 slot=09 J_F=   383.40 meanZ=93.26 SoC=0.9273
ep=0004 frame=012 slot=09 J_F=  -841.80 meanZ=91.36 SoC=0.9218
ep=0004 frame=013 slot=09 J_F=  -201.00 meanZ=91.10 SoC=0.9155
ep=0004 frame=014 slot=09 J_F=   455.20 meanZ=92.08 SoC=0.9084
ep=0004 frame=015 slot=09 J_F=   346.50 meanZ=92.98 SoC=0.9011
ep=0004 frame=016 slot=09 J_F=  -206.50 meanZ=93.38 SoC=0.8944
ep=0004 frame=017 slot=09 J_F=    85.60 meanZ=93.18 SoC=0.8878
ep=0004 frame=018 slot=09 J_F=   802.70 meanZ=92.38 SoC=0.8835
ep=0004 frame=019 slot=09 J_F=   974.50 meanZ=92.32 SoC=0.8772
ep=0004 frame=020 slot=09 J_F=   787.70 meanZ=91.92 SoC=0.8718
ep=0004 frame=021 slot=09 J_F= -1514.80 meanZ=91.38 SoC=0.8681
ep=0004 frame=022 slot=09 J_F=   -43.90 meanZ=90.12 SoC=0.8623
ep=0004 frame=023 slot=09 J_F=   662.70 meanZ=90.58 SoC=0.8561
ep=0004 frame=024 slot=09 J_F=   732.80 meanZ=90.50 SoC=0.8522
ep=0004 frame=025 slot=09 J_F=   118.40 meanZ=89.26 SoC=0.8446
ep=0004 frame=026 slot=09 J_F=   248.00 meanZ=89.34 SoC=0.8370
ep=0004 frame=027 slot=09 J_F=  -153.80 meanZ=89.48 SoC=0.8297
ep=0004 frame=028 slot=09 J_F=  -836.90 meanZ=89.86 SoC=0.8238
ep=0004 frame=029 slot=09 J_F=   790.10 meanZ=90.16 SoC=0.8188
EP 0004 DPP/us=   0.619 orig/us=0.2910 stall=0.287 served=0.374 hire=0.880 Zcost=0.919 proj=0 dual=1.000 [640s]
ep=0005 frame=000 slot=09 J_F=   -33.30 meanZ=95.88 SoC=0.9932
ep=0005 frame=001 slot=09 J_F=  -582.60 meanZ=94.34 SoC=0.9861
ep=0005 frame=002 slot=09 J_F= -1135.30 meanZ=92.72 SoC=0.9793
ep=0005 frame=003 slot=09 J_F=   456.30 meanZ=93.24 SoC=0.9734
ep=0005 frame=004 slot=09 J_F=   229.00 meanZ=91.88 SoC=0.9666
ep=0005 frame=005 slot=09 J_F=  -479.10 meanZ=91.34 SoC=0.9609
ep=0005 frame=006 slot=09 J_F=   244.40 meanZ=91.06 SoC=0.9533
ep=0005 frame=007 slot=09 J_F=  -463.30 meanZ=90.88 SoC=0.9495
ep=0005 frame=008 slot=09 J_F=   -73.40 meanZ=89.16 SoC=0.9440
ep=0005 frame=009 slot=09 J_F=   313.90 meanZ=89.00 SoC=0.9400
ep=0005 frame=010 slot=09 J_F=   253.10 meanZ=89.52 SoC=0.9354
ep=0005 frame=011 slot=09 J_F=  -207.40 meanZ=88.66 SoC=0.9283
ep=0005 frame=012 slot=09 J_F=   635.00 meanZ=88.76 SoC=0.9210
ep=0005 frame=013 slot=09 J_F=  1210.20 meanZ=88.12 SoC=0.9174
ep=0005 frame=014 slot=09 J_F=    -2.70 meanZ=87.12 SoC=0.9108
ep=0005 frame=015 slot=09 J_F=  -787.80 meanZ=85.16 SoC=0.9040
ep=0005 frame=016 slot=09 J_F=   241.00 meanZ=85.48 SoC=0.8974
ep=0005 frame=017 slot=09 J_F=  -935.10 meanZ=85.64 SoC=0.8911
ep=0005 frame=018 slot=09 J_F=   829.20 meanZ=86.94 SoC=0.8862
ep=0005 frame=019 slot=09 J_F=   567.60 meanZ=86.66 SoC=0.8796
ep=0005 frame=020 slot=09 J_F=   734.10 meanZ=88.26 SoC=0.8733
ep=0005 frame=021 slot=09 J_F=    52.80 meanZ=87.60 SoC=0.8657
ep=0005 frame=022 slot=09 J_F=    70.00 meanZ=87.24 SoC=0.8581
ep=0005 frame=023 slot=09 J_F=   604.00 meanZ=88.56 SoC=0.8515
ep=0005 frame=024 slot=09 J_F=   380.10 meanZ=88.84 SoC=0.8462
ep=0005 frame=025 slot=09 J_F=   105.90 meanZ=88.20 SoC=0.8400
ep=0005 frame=026 slot=09 J_F=   666.90 meanZ=88.44 SoC=0.8335
ep=0005 frame=027 slot=09 J_F=   453.40 meanZ=88.18 SoC=0.8275
ep=0005 frame=028 slot=09 J_F=   -84.30 meanZ=87.46 SoC=0.8244
ep=0005 frame=029 slot=09 J_F=   470.70 meanZ=87.42 SoC=0.8186
EP 0005 DPP/us=  -0.160 orig/us=0.3004 stall=0.258 served=0.384 hire=0.873 Zcost=0.883 proj=0 dual=1.000 [764s]
ep=0006 frame=000 slot=09 J_F= -1158.30 meanZ=95.94 SoC=0.9932
ep=0006 frame=001 slot=09 J_F=  -135.50 meanZ=94.78 SoC=0.9871
ep=0006 frame=002 slot=09 J_F=   486.00 meanZ=94.50 SoC=0.9812
ep=0006 frame=003 slot=09 J_F= -1128.40 meanZ=92.02 SoC=0.9736
ep=0006 frame=004 slot=09 J_F=    36.60 meanZ=90.16 SoC=0.9668
ep=0006 frame=005 slot=09 J_F=   813.50 meanZ=90.32 SoC=0.9610
ep=0006 frame=006 slot=09 J_F=   577.00 meanZ=88.48 SoC=0.9539
ep=0006 frame=007 slot=09 J_F=   285.40 meanZ=88.56 SoC=0.9466
ep=0006 frame=008 slot=09 J_F=   402.30 meanZ=88.40 SoC=0.9403
ep=0006 frame=009 slot=09 J_F=   180.00 meanZ=88.44 SoC=0.9359
ep=0006 frame=010 slot=09 J_F=  -220.60 meanZ=87.70 SoC=0.9288
ep=0006 frame=011 slot=09 J_F=  -244.10 meanZ=87.56 SoC=0.9222
ep=0006 frame=012 slot=09 J_F=   519.00 meanZ=87.80 SoC=0.9151
ep=0006 frame=013 slot=09 J_F=   178.20 meanZ=88.72 SoC=0.9075
ep=0006 frame=014 slot=09 J_F=  -525.10 meanZ=88.62 SoC=0.8994
ep=0006 frame=015 slot=09 J_F=   468.30 meanZ=89.20 SoC=0.8921
ep=0006 frame=016 slot=09 J_F=  -720.40 meanZ=87.14 SoC=0.8853
ep=0006 frame=017 slot=09 J_F=  -902.00 meanZ=85.50 SoC=0.8803
ep=0006 frame=018 slot=09 J_F=  -128.10 meanZ=86.72 SoC=0.8755
ep=0006 frame=019 slot=09 J_F=  1042.70 meanZ=86.90 SoC=0.8706
ep=0006 frame=020 slot=09 J_F=   490.40 meanZ=86.54 SoC=0.8638
ep=0006 frame=021 slot=09 J_F=  -307.30 meanZ=85.42 SoC=0.8590
ep=0006 frame=022 slot=09 J_F=  -277.80 meanZ=83.42 SoC=0.8524
ep=0006 frame=023 slot=09 J_F=   443.10 meanZ=82.84 SoC=0.8470
ep=0006 frame=024 slot=09 J_F=   412.40 meanZ=81.84 SoC=0.8407
ep=0006 frame=025 slot=09 J_F=   231.30 meanZ=81.18 SoC=0.8331
ep=0006 frame=026 slot=09 J_F=    -7.30 meanZ=80.98 SoC=0.8265
ep=0006 frame=027 slot=09 J_F=   406.80 meanZ=81.66 SoC=0.8202
ep=0006 frame=028 slot=09 J_F=  -183.30 meanZ=82.20 SoC=0.8153
ep=0006 frame=029 slot=09 J_F=   284.70 meanZ=81.94 SoC=0.8090
EP 0006 DPP/us=  -0.945 orig/us=0.3289 stall=0.227 served=0.400 hire=0.923 Zcost=0.870 proj=0 dual=1.000 [888s]
ep=0007 frame=000 slot=09 J_F= -1328.90 meanZ=93.10 SoC=0.9929
ep=0007 frame=001 slot=09 J_F=   159.00 meanZ=91.50 SoC=0.9868
ep=0007 frame=002 slot=09 J_F=    31.10 meanZ=90.58 SoC=0.9811
ep=0007 frame=003 slot=09 J_F=  -209.30 meanZ=90.10 SoC=0.9743
ep=0007 frame=004 slot=09 J_F=   571.10 meanZ=89.40 SoC=0.9670
ep=0007 frame=005 slot=09 J_F=   -48.40 meanZ=88.50 SoC=0.9614
ep=0007 frame=006 slot=09 J_F=  -534.00 meanZ=85.88 SoC=0.9553
ep=0007 frame=007 slot=09 J_F=   155.30 meanZ=85.46 SoC=0.9488
ep=0007 frame=008 slot=09 J_F=   391.90 meanZ=85.94 SoC=0.9417
ep=0007 frame=009 slot=09 J_F=   -14.10 meanZ=85.76 SoC=0.9349
ep=0007 frame=010 slot=09 J_F=   822.80 meanZ=85.74 SoC=0.9278
ep=0007 frame=011 slot=09 J_F=   959.50 meanZ=85.66 SoC=0.9225
ep=0007 frame=012 slot=09 J_F=   838.20 meanZ=86.14 SoC=0.9154
ep=0007 frame=013 slot=09 J_F=  -130.90 meanZ=85.40 SoC=0.9086
ep=0007 frame=014 slot=09 J_F=   514.40 meanZ=85.52 SoC=0.9029
ep=0007 frame=015 slot=09 J_F=  -397.70 meanZ=84.98 SoC=0.8958
ep=0007 frame=016 slot=09 J_F=  -657.80 meanZ=83.94 SoC=0.8882
ep=0007 frame=017 slot=09 J_F=    -3.80 meanZ=83.80 SoC=0.8811
ep=0007 frame=018 slot=09 J_F=   294.50 meanZ=82.72 SoC=0.8740
ep=0007 frame=019 slot=09 J_F=  -111.60 meanZ=81.70 SoC=0.8674
ep=0007 frame=020 slot=09 J_F=   466.80 meanZ=80.58 SoC=0.8630
ep=0007 frame=021 slot=09 J_F=  1150.30 meanZ=81.92 SoC=0.8572
ep=0007 frame=022 slot=09 J_F=   575.90 meanZ=82.76 SoC=0.8527
ep=0007 frame=023 slot=09 J_F=  -520.60 meanZ=81.04 SoC=0.8461
ep=0007 frame=024 slot=09 J_F=    95.10 meanZ=81.56 SoC=0.8394
ep=0007 frame=025 slot=09 J_F=  -523.80 meanZ=78.58 SoC=0.8341
ep=0007 frame=026 slot=09 J_F=   236.40 meanZ=76.98 SoC=0.8286
ep=0007 frame=027 slot=09 J_F=  -418.50 meanZ=75.94 SoC=0.8228
ep=0007 frame=028 slot=09 J_F=   251.90 meanZ=76.22 SoC=0.8169
ep=0007 frame=029 slot=09 J_F=   203.40 meanZ=76.62 SoC=0.8124
EP 0007 DPP/us=  -2.235 orig/us=0.3407 stall=0.199 served=0.415 hire=0.930 Zcost=0.833 proj=0 dual=1.000 [1014s]
ep=0008 frame=000 slot=09 J_F= -1969.10 meanZ=93.10 SoC=0.9948
ep=0008 frame=001 slot=09 J_F=    32.90 meanZ=91.82 SoC=0.9893
ep=0008 frame=002 slot=09 J_F=    37.80 meanZ=91.28 SoC=0.9822
ep=0008 frame=003 slot=09 J_F=   103.30 meanZ=90.90 SoC=0.9756
ep=0008 frame=004 slot=09 J_F=  -350.80 meanZ=89.28 SoC=0.9688
ep=0008 frame=005 slot=09 J_F=   354.20 meanZ=88.42 SoC=0.9643
ep=0008 frame=006 slot=09 J_F=  -190.40 meanZ=86.82 SoC=0.9599
ep=0008 frame=007 slot=09 J_F=   754.60 meanZ=87.52 SoC=0.9523
ep=0008 frame=008 slot=09 J_F=  -687.90 meanZ=85.66 SoC=0.9447
ep=0008 frame=009 slot=09 J_F=   419.70 meanZ=85.32 SoC=0.9384
ep=0008 frame=010 slot=09 J_F=   618.50 meanZ=85.40 SoC=0.9308
ep=0008 frame=011 slot=09 J_F=  -115.90 meanZ=84.02 SoC=0.9240
ep=0008 frame=012 slot=09 J_F=  -101.20 meanZ=82.00 SoC=0.9177
ep=0008 frame=013 slot=09 J_F=   174.50 meanZ=80.90 SoC=0.9117
ep=0008 frame=014 slot=09 J_F=  -574.80 meanZ=79.94 SoC=0.9044
ep=0008 frame=015 slot=09 J_F=  -853.50 meanZ=77.26 SoC=0.8973
ep=0008 frame=016 slot=09 J_F=    99.00 meanZ=77.98 SoC=0.8913
ep=0008 frame=017 slot=09 J_F=   392.80 meanZ=77.70 SoC=0.8853
ep=0008 frame=018 slot=09 J_F=   972.40 meanZ=78.52 SoC=0.8780
ep=0008 frame=019 slot=09 J_F=   -71.40 meanZ=78.40 SoC=0.8713
ep=0008 frame=020 slot=09 J_F=   132.20 meanZ=75.90 SoC=0.8631
ep=0008 frame=021 slot=09 J_F=   933.90 meanZ=75.46 SoC=0.8569
ep=0008 frame=022 slot=09 J_F=  1063.20 meanZ=76.78 SoC=0.8503
ep=0008 frame=023 slot=09 J_F=   -29.30 meanZ=76.96 SoC=0.8445
ep=0008 frame=024 slot=09 J_F=   388.20 meanZ=76.30 SoC=0.8384
ep=0008 frame=025 slot=09 J_F=   159.60 meanZ=75.48 SoC=0.8340
ep=0008 frame=026 slot=09 J_F=  1171.40 meanZ=76.58 SoC=0.8272
ep=0008 frame=027 slot=09 J_F=   322.90 meanZ=76.20 SoC=0.8204
ep=0008 frame=028 slot=09 J_F=   161.90 meanZ=76.74 SoC=0.8133
ep=0008 frame=029 slot=09 J_F=   122.50 meanZ=76.38 SoC=0.8067
EP 0008 DPP/us=  -1.925 orig/us=0.3532 stall=0.187 served=0.413 hire=0.920 Zcost=0.811 proj=0 dual=1.000 [1142s]
ep=0009 frame=000 slot=09 J_F= -1841.20 meanZ=94.72 SoC=0.9929
ep=0009 frame=001 slot=09 J_F= -1479.90 meanZ=91.46 SoC=0.9869
ep=0009 frame=002 slot=09 J_F=   -33.80 meanZ=90.06 SoC=0.9798
ep=0009 frame=003 slot=09 J_F=  -298.90 meanZ=87.72 SoC=0.9733
ep=0009 frame=004 slot=09 J_F=  -529.70 meanZ=85.60 SoC=0.9657
ep=0009 frame=005 slot=09 J_F=  -474.80 meanZ=84.38 SoC=0.9591
ep=0009 frame=006 slot=09 J_F=   620.60 meanZ=85.36 SoC=0.9538
ep=0009 frame=007 slot=09 J_F=    95.10 meanZ=84.92 SoC=0.9465
ep=0009 frame=008 slot=09 J_F=  -991.90 meanZ=80.72 SoC=0.9392
ep=0009 frame=009 slot=09 J_F=   391.10 meanZ=80.64 SoC=0.9348
ep=0009 frame=010 slot=09 J_F=  -874.80 meanZ=78.24 SoC=0.9282
ep=0009 frame=011 slot=09 J_F=  -104.10 meanZ=75.34 SoC=0.9206
ep=0009 frame=012 slot=09 J_F=   323.00 meanZ=73.04 SoC=0.9148
ep=0009 frame=013 slot=09 J_F=  -460.60 meanZ=71.54 SoC=0.9080
ep=0009 frame=014 slot=09 J_F=   492.90 meanZ=71.58 SoC=0.9009
ep=0009 frame=015 slot=09 J_F=   588.30 meanZ=71.40 SoC=0.8939
ep=0009 frame=016 slot=09 J_F=   753.20 meanZ=70.14 SoC=0.8866
ep=0009 frame=017 slot=09 J_F=  -238.50 meanZ=68.48 SoC=0.8790
ep=0009 frame=018 slot=09 J_F=   433.90 meanZ=68.16 SoC=0.8709
ep=0009 frame=019 slot=09 J_F=  1491.10 meanZ=68.22 SoC=0.8654
ep=0009 frame=020 slot=09 J_F=   723.70 meanZ=68.12 SoC=0.8578
ep=0009 frame=021 slot=09 J_F=  -126.00 meanZ=67.46 SoC=0.8515
ep=0009 frame=022 slot=09 J_F=   515.80 meanZ=67.12 SoC=0.8452
ep=0009 frame=023 slot=09 J_F=   312.00 meanZ=65.08 SoC=0.8389
ep=0009 frame=024 slot=09 J_F=   194.60 meanZ=65.00 SoC=0.8330
ep=0009 frame=025 slot=09 J_F=  1023.60 meanZ=66.08 SoC=0.8254
ep=0009 frame=026 slot=09 J_F=   534.00 meanZ=64.98 SoC=0.8186
ep=0009 frame=027 slot=09 J_F=   647.20 meanZ=65.34 SoC=0.8115
ep=0009 frame=028 slot=09 J_F=   405.30 meanZ=66.38 SoC=0.8047
ep=0009 frame=029 slot=09 J_F=  1167.10 meanZ=67.92 SoC=0.7974
EP 0009 DPP/us=  -3.327 orig/us=0.3697 stall=0.158 served=0.433 hire=0.933 Zcost=0.753 proj=0 dual=1.000 [1267s]
ep=0010 frame=000 slot=09 J_F=  -856.10 meanZ=92.06 SoC=0.9924
ep=0010 frame=001 slot=09 J_F=  -284.00 meanZ=90.06 SoC=0.9861
ep=0010 frame=002 slot=09 J_F= -1406.40 meanZ=86.00 SoC=0.9798
ep=0010 frame=003 slot=09 J_F=  -206.10 meanZ=84.88 SoC=0.9756
ep=0010 frame=004 slot=09 J_F=   212.60 meanZ=82.74 SoC=0.9690
ep=0010 frame=005 slot=09 J_F=   550.90 meanZ=81.92 SoC=0.9640
ep=0010 frame=006 slot=09 J_F=  -119.60 meanZ=80.72 SoC=0.9580
ep=0010 frame=007 slot=09 J_F=   443.70 meanZ=78.60 SoC=0.9504
ep=0010 frame=008 slot=09 J_F=   102.90 meanZ=77.30 SoC=0.9441
ep=0010 frame=009 slot=09 J_F=  -321.80 meanZ=75.32 SoC=0.9393
ep=0010 frame=010 slot=09 J_F=  -786.80 meanZ=72.68 SoC=0.9312
ep=0010 frame=011 slot=09 J_F=   115.80 meanZ=69.14 SoC=0.9244
ep=0010 frame=012 slot=09 J_F=   415.50 meanZ=67.80 SoC=0.9176
ep=0010 frame=013 slot=09 J_F=   -19.80 meanZ=66.22 SoC=0.9111
ep=0010 frame=014 slot=09 J_F=   532.50 meanZ=65.74 SoC=0.9038
ep=0010 frame=015 slot=09 J_F=   387.50 meanZ=64.56 SoC=0.8970
ep=0010 frame=016 slot=09 J_F=   589.40 meanZ=64.50 SoC=0.8909
ep=0010 frame=017 slot=09 J_F=  -159.20 meanZ=62.26 SoC=0.8843
ep=0010 frame=018 slot=09 J_F=   243.80 meanZ=61.24 SoC=0.8770
ep=0010 frame=019 slot=09 J_F=  -296.40 meanZ=58.62 SoC=0.8718
ep=0010 frame=020 slot=09 J_F=   757.80 meanZ=60.14 SoC=0.8655
ep=0010 frame=021 slot=09 J_F=    10.90 meanZ=58.18 SoC=0.8597
ep=0010 frame=022 slot=09 J_F=   548.10 meanZ=57.64 SoC=0.8521
ep=0010 frame=023 slot=09 J_F=  -562.90 meanZ=57.30 SoC=0.8440
ep=0010 frame=024 slot=09 J_F=   -39.10 meanZ=56.60 SoC=0.8395
ep=0010 frame=025 slot=09 J_F=   -71.20 meanZ=55.96 SoC=0.8356
ep=0010 frame=026 slot=09 J_F=    67.10 meanZ=54.36 SoC=0.8285
ep=0010 frame=027 slot=09 J_F=   -88.40 meanZ=53.94 SoC=0.8230
ep=0010 frame=028 slot=09 J_F=    86.10 meanZ=53.62 SoC=0.8168
ep=0010 frame=029 slot=09 J_F=   429.40 meanZ=54.32 SoC=0.8115
EP 0010 DPP/us=  -5.631 orig/us=0.4006 stall=0.122 served=0.461 hire=0.923 Zcost=0.675 proj=0 dual=1.000 [1392s]
ep=0011 frame=000 slot=09 J_F= -1191.70 meanZ=94.80 SoC=0.9929
ep=0011 frame=001 slot=09 J_F= -1490.30 meanZ=90.76 SoC=0.9853
ep=0011 frame=002 slot=09 J_F=  -935.80 meanZ=87.48 SoC=0.9787
ep=0011 frame=003 slot=09 J_F=  -668.40 meanZ=83.66 SoC=0.9727
ep=0011 frame=004 slot=09 J_F=   538.20 meanZ=83.42 SoC=0.9666
ep=0011 frame=005 slot=09 J_F=  -563.60 meanZ=80.46 SoC=0.9603
ep=0011 frame=006 slot=09 J_F=   277.30 meanZ=80.28 SoC=0.9532
ep=0011 frame=007 slot=09 J_F=   333.60 meanZ=78.56 SoC=0.9456
ep=0011 frame=008 slot=09 J_F= -1518.70 meanZ=74.96 SoC=0.9395
ep=0011 frame=009 slot=09 J_F=    -0.90 meanZ=75.08 SoC=0.9329
ep=0011 frame=010 slot=09 J_F=   -74.80 meanZ=73.52 SoC=0.9269
ep=0011 frame=011 slot=09 J_F=  1264.80 meanZ=72.92 SoC=0.9198
ep=0011 frame=012 slot=09 J_F=  -994.80 meanZ=70.16 SoC=0.9125
ep=0011 frame=013 slot=09 J_F=   814.20 meanZ=69.88 SoC=0.9072
ep=0011 frame=014 slot=09 J_F=   417.60 meanZ=66.62 SoC=0.9006
ep=0011 frame=015 slot=09 J_F=   307.80 meanZ=64.58 SoC=0.8967
ep=0011 frame=016 slot=09 J_F=   398.60 meanZ=64.48 SoC=0.8919
ep=0011 frame=017 slot=09 J_F=  -149.30 meanZ=61.76 SoC=0.8875
ep=0011 frame=018 slot=09 J_F=   781.00 meanZ=61.24 SoC=0.8809
ep=0011 frame=019 slot=09 J_F=  -402.50 meanZ=60.02 SoC=0.8741
ep=0011 frame=020 slot=09 J_F=   267.20 meanZ=59.70 SoC=0.8673
ep=0011 frame=021 slot=09 J_F=   696.10 meanZ=59.12 SoC=0.8634
ep=0011 frame=022 slot=09 J_F=   866.30 meanZ=59.78 SoC=0.8576
ep=0011 frame=023 slot=09 J_F=    48.50 meanZ=60.78 SoC=0.8531
ep=0011 frame=024 slot=09 J_F=    13.00 meanZ=59.56 SoC=0.8460
ep=0011 frame=025 slot=09 J_F=  1292.20 meanZ=60.18 SoC=0.8392
ep=0011 frame=026 slot=09 J_F=  -384.90 meanZ=57.38 SoC=0.8338
ep=0011 frame=027 slot=09 J_F=   318.00 meanZ=56.38 SoC=0.8285
ep=0011 frame=028 slot=09 J_F=   -53.90 meanZ=55.66 SoC=0.8219
ep=0011 frame=029 slot=09 J_F=   -57.90 meanZ=56.02 SoC=0.8180
EP 0011 DPP/us=  -5.275 orig/us=0.3992 stall=0.129 served=0.463 hire=0.930 Zcost=0.696 proj=0 dual=1.000 [1512s]
ep=0012 frame=000 slot=09 J_F= -2323.30 meanZ=92.20 SoC=0.9924
ep=0012 frame=001 slot=09 J_F=  -217.10 meanZ=89.08 SoC=0.9858
ep=0012 frame=002 slot=09 J_F=  -336.30 meanZ=87.10 SoC=0.9782
ep=0012 frame=003 slot=09 J_F=  -657.60 meanZ=84.54 SoC=0.9719
ep=0012 frame=004 slot=09 J_F= -1148.00 meanZ=80.84 SoC=0.9667
ep=0012 frame=005 slot=09 J_F= -1097.00 meanZ=77.40 SoC=0.9591
ep=0012 frame=006 slot=09 J_F=   -46.00 meanZ=75.52 SoC=0.9538
ep=0012 frame=007 slot=09 J_F=   868.30 meanZ=74.44 SoC=0.9480
ep=0012 frame=008 slot=09 J_F=  -326.50 meanZ=73.48 SoC=0.9429
ep=0012 frame=009 slot=09 J_F=  -963.60 meanZ=69.50 SoC=0.9353
ep=0012 frame=010 slot=09 J_F=  1178.70 meanZ=69.32 SoC=0.9287
ep=0012 frame=011 slot=09 J_F=   360.40 meanZ=68.52 SoC=0.9244
ep=0012 frame=012 slot=09 J_F=   942.70 meanZ=68.24 SoC=0.9173
ep=0012 frame=013 slot=09 J_F=  -692.60 meanZ=66.26 SoC=0.9124
ep=0012 frame=014 slot=09 J_F=    76.80 meanZ=65.96 SoC=0.9082
ep=0012 frame=015 slot=09 J_F=  -493.90 meanZ=63.14 SoC=0.9025
ep=0012 frame=016 slot=09 J_F=    49.10 meanZ=61.36 SoC=0.8962
ep=0012 frame=017 slot=09 J_F=   370.30 meanZ=60.90 SoC=0.8899
ep=0012 frame=018 slot=09 J_F=   178.90 meanZ=59.44 SoC=0.8847
ep=0012 frame=019 slot=09 J_F=   411.60 meanZ=58.78 SoC=0.8803
ep=0012 frame=020 slot=09 J_F=   227.70 meanZ=59.56 SoC=0.8758
ep=0012 frame=021 slot=09 J_F=    45.80 meanZ=58.18 SoC=0.8703
ep=0012 frame=022 slot=09 J_F=  -110.80 meanZ=57.30 SoC=0.8659
ep=0012 frame=023 slot=09 J_F=   368.90 meanZ=57.08 SoC=0.8583
ep=0012 frame=024 slot=09 J_F=  -360.20 meanZ=56.96 SoC=0.8533
ep=0012 frame=025 slot=09 J_F=   219.70 meanZ=56.40 SoC=0.8502
ep=0012 frame=026 slot=09 J_F=   142.90 meanZ=55.52 SoC=0.8431
ep=0012 frame=027 slot=09 J_F=   643.00 meanZ=54.86 SoC=0.8363
ep=0012 frame=028 slot=09 J_F=  1267.90 meanZ=55.66 SoC=0.8332
ep=0012 frame=029 slot=09 J_F=   468.90 meanZ=56.88 SoC=0.8264
EP 0012 DPP/us=  -5.492 orig/us=0.3941 stall=0.112 served=0.463 hire=0.877 Zcost=0.649 proj=0 dual=1.000 [1631s]
ep=0013 frame=000 slot=09 J_F= -2766.30 meanZ=92.50 SoC=0.9929
ep=0013 frame=001 slot=09 J_F=  -653.70 meanZ=88.22 SoC=0.9858
ep=0013 frame=002 slot=09 J_F=  -796.90 meanZ=85.80 SoC=0.9787
ep=0013 frame=003 slot=09 J_F=  -389.00 meanZ=82.30 SoC=0.9711
ep=0013 frame=004 slot=09 J_F=    42.40 meanZ=79.06 SoC=0.9645
ep=0013 frame=005 slot=09 J_F=  -921.00 meanZ=74.92 SoC=0.9575
ep=0013 frame=006 slot=09 J_F=  -391.80 meanZ=72.94 SoC=0.9504
ep=0013 frame=007 slot=09 J_F=   652.50 meanZ=73.18 SoC=0.9433
ep=0013 frame=008 slot=09 J_F=  -383.10 meanZ=70.22 SoC=0.9352
ep=0013 frame=009 slot=09 J_F=   644.40 meanZ=69.68 SoC=0.9294
ep=0013 frame=010 slot=09 J_F=    51.10 meanZ=67.06 SoC=0.9231
ep=0013 frame=011 slot=09 J_F=   150.80 meanZ=65.30 SoC=0.9173
ep=0013 frame=012 slot=09 J_F=   652.10 meanZ=64.96 SoC=0.9110
ep=0013 frame=013 slot=09 J_F=  -370.50 meanZ=60.68 SoC=0.9045
ep=0013 frame=014 slot=09 J_F=  -247.90 meanZ=58.30 SoC=0.8984
ep=0013 frame=015 slot=09 J_F=   -89.60 meanZ=58.00 SoC=0.8921
ep=0013 frame=016 slot=09 J_F=   159.10 meanZ=55.98 SoC=0.8863
ep=0013 frame=017 slot=09 J_F=   329.60 meanZ=54.42 SoC=0.8811
ep=0013 frame=018 slot=09 J_F=   476.90 meanZ=54.26 SoC=0.8758
ep=0013 frame=019 slot=09 J_F=   452.70 meanZ=54.26 SoC=0.8708
ep=0013 frame=020 slot=09 J_F=  -281.20 meanZ=52.32 SoC=0.8627
ep=0013 frame=021 slot=09 J_F=  -249.40 meanZ=51.36 SoC=0.8556
ep=0013 frame=022 slot=09 J_F=   195.90 meanZ=51.60 SoC=0.8499
ep=0013 frame=023 slot=09 J_F=  -360.60 meanZ=50.04 SoC=0.8423
ep=0013 frame=024 slot=09 J_F=   239.30 meanZ=48.78 SoC=0.8342
ep=0013 frame=025 slot=09 J_F=   566.50 meanZ=47.00 SoC=0.8287
ep=0013 frame=026 slot=09 J_F=    53.90 meanZ=45.30 SoC=0.8234
ep=0013 frame=027 slot=09 J_F=    75.70 meanZ=42.70 SoC=0.8182
ep=0013 frame=028 slot=09 J_F=   -37.90 meanZ=42.86 SoC=0.8134
ep=0013 frame=029 slot=09 J_F=  -185.20 meanZ=41.60 SoC=0.8063
EP 0013 DPP/us=  -7.480 orig/us=0.4338 stall=0.096 served=0.491 hire=0.947 Zcost=0.633 proj=0 dual=1.000 [1752s]
ep=0014 frame=000 slot=09 J_F= -2218.20 meanZ=91.90 SoC=0.9924
ep=0014 frame=001 slot=09 J_F= -1535.10 meanZ=87.06 SoC=0.9858
ep=0014 frame=002 slot=09 J_F=  -492.60 meanZ=83.80 SoC=0.9792
ep=0014 frame=003 slot=09 J_F=  -752.00 meanZ=80.28 SoC=0.9732
ep=0014 frame=004 slot=09 J_F=  -540.00 meanZ=78.08 SoC=0.9661
ep=0014 frame=005 slot=09 J_F=  -878.00 meanZ=73.34 SoC=0.9585
ep=0014 frame=006 slot=09 J_F=   368.10 meanZ=71.66 SoC=0.9532
ep=0014 frame=007 slot=09 J_F=    22.30 meanZ=68.78 SoC=0.9484
ep=0014 frame=008 slot=09 J_F=  -442.50 meanZ=65.60 SoC=0.9414
ep=0014 frame=009 slot=09 J_F=  -466.50 meanZ=61.52 SoC=0.9358
ep=0014 frame=010 slot=09 J_F=   301.20 meanZ=58.86 SoC=0.9300
ep=0014 frame=011 slot=09 J_F=   203.90 meanZ=57.44 SoC=0.9237
ep=0014 frame=012 slot=09 J_F=   478.80 meanZ=54.98 SoC=0.9169
ep=0014 frame=013 slot=09 J_F=   523.90 meanZ=54.18 SoC=0.9117
ep=0014 frame=014 slot=09 J_F=   -44.60 meanZ=53.22 SoC=0.9064
ep=0014 frame=015 slot=09 J_F=   481.80 meanZ=52.26 SoC=0.9001
ep=0014 frame=016 slot=09 J_F=   249.80 meanZ=50.60 SoC=0.8973
ep=0014 frame=017 slot=09 J_F=    31.20 meanZ=49.36 SoC=0.8925
ep=0014 frame=018 slot=09 J_F=  -491.90 meanZ=46.90 SoC=0.8862
ep=0014 frame=019 slot=09 J_F=   528.60 meanZ=45.46 SoC=0.8803
ep=0014 frame=020 slot=09 J_F=   179.20 meanZ=44.20 SoC=0.8750
ep=0014 frame=021 slot=09 J_F=   303.10 meanZ=44.34 SoC=0.8700
ep=0014 frame=022 slot=09 J_F=   733.80 meanZ=43.02 SoC=0.8638
ep=0014 frame=023 slot=09 J_F=   250.60 meanZ=43.30 SoC=0.8573
ep=0014 frame=024 slot=09 J_F=   355.60 meanZ=42.48 SoC=0.8512
ep=0014 frame=025 slot=09 J_F=   420.60 meanZ=41.94 SoC=0.8464
ep=0014 frame=026 slot=09 J_F=   341.20 meanZ=40.02 SoC=0.8433
ep=0014 frame=027 slot=09 J_F=   589.20 meanZ=39.62 SoC=0.8383
ep=0014 frame=028 slot=09 J_F=   749.80 meanZ=39.82 SoC=0.8337
ep=0014 frame=029 slot=09 J_F=   708.00 meanZ=39.46 SoC=0.8295
EP 0014 DPP/us=  -7.459 orig/us=0.4372 stall=0.069 served=0.505 hire=0.887 Zcost=0.555 proj=0 dual=1.000 [1872s]
ep=0015 frame=000 slot=09 J_F= -1728.70 meanZ=92.38 SoC=0.9924
ep=0015 frame=001 slot=09 J_F=  -100.50 meanZ=89.16 SoC=0.9863
ep=0015 frame=002 slot=09 J_F= -1467.20 meanZ=85.52 SoC=0.9808
ep=0015 frame=003 slot=09 J_F= -1591.10 meanZ=82.34 SoC=0.9750
ep=0015 frame=004 slot=09 J_F=  -696.10 meanZ=78.98 SoC=0.9677
ep=0015 frame=005 slot=09 J_F=   419.30 meanZ=78.34 SoC=0.9614
ep=0015 frame=006 slot=09 J_F=   744.10 meanZ=76.68 SoC=0.9564
ep=0015 frame=007 slot=09 J_F=    16.30 meanZ=73.00 SoC=0.9520
ep=0015 frame=008 slot=09 J_F=   139.50 meanZ=70.76 SoC=0.9462
ep=0015 frame=009 slot=09 J_F=  1074.30 meanZ=71.38 SoC=0.9431
ep=0015 frame=010 slot=09 J_F=   407.40 meanZ=70.84 SoC=0.9363
ep=0015 frame=011 slot=09 J_F=  -199.00 meanZ=68.86 SoC=0.9292
ep=0015 frame=012 slot=09 J_F=    -0.60 meanZ=67.08 SoC=0.9232
ep=0015 frame=013 slot=09 J_F=   440.70 meanZ=65.76 SoC=0.9174
ep=0015 frame=014 slot=09 J_F=  -218.90 meanZ=64.26 SoC=0.9117
ep=0015 frame=015 slot=09 J_F=   162.90 meanZ=62.26 SoC=0.9059
ep=0015 frame=016 slot=09 J_F=    -7.40 meanZ=59.38 SoC=0.8993
ep=0015 frame=017 slot=09 J_F=  -317.50 meanZ=56.88 SoC=0.8927
ep=0015 frame=018 slot=09 J_F=  -287.10 meanZ=53.78 SoC=0.8875
ep=0015 frame=019 slot=09 J_F=   731.00 meanZ=53.64 SoC=0.8815
ep=0015 frame=020 slot=09 J_F=  -193.00 meanZ=50.84 SoC=0.8757
ep=0015 frame=021 slot=09 J_F=    16.40 meanZ=49.38 SoC=0.8689
ep=0015 frame=022 slot=09 J_F=   459.30 meanZ=48.04 SoC=0.8621
ep=0015 frame=023 slot=09 J_F=  -824.40 meanZ=45.44 SoC=0.8558
ep=0015 frame=024 slot=09 J_F=   236.50 meanZ=44.20 SoC=0.8488
ep=0015 frame=025 slot=09 J_F=   609.10 meanZ=43.48 SoC=0.8430
ep=0015 frame=026 slot=09 J_F=   579.20 meanZ=43.86 SoC=0.8388
ep=0015 frame=027 slot=09 J_F=   845.30 meanZ=44.28 SoC=0.8315
ep=0015 frame=028 slot=09 J_F=   524.30 meanZ=45.22 SoC=0.8239
ep=0015 frame=029 slot=09 J_F=   273.10 meanZ=44.88 SoC=0.8171
EP 0015 DPP/us=  -6.964 orig/us=0.4359 stall=0.089 served=0.484 hire=0.900 Zcost=0.632 proj=0 dual=1.000 [1997s]
ep=0016 frame=000 slot=09 J_F= -3038.20 meanZ=89.20 SoC=0.9924
ep=0016 frame=001 slot=09 J_F=  -566.50 meanZ=86.10 SoC=0.9861
ep=0016 frame=002 slot=09 J_F=  -214.00 meanZ=84.14 SoC=0.9790
ep=0016 frame=003 slot=09 J_F= -1040.00 meanZ=79.72 SoC=0.9730
ep=0016 frame=004 slot=09 J_F= -1153.70 meanZ=74.80 SoC=0.9667
ep=0016 frame=005 slot=09 J_F=   808.60 meanZ=73.50 SoC=0.9614
ep=0016 frame=006 slot=09 J_F=  -432.90 meanZ=70.96 SoC=0.9546
ep=0016 frame=007 slot=09 J_F=  -949.70 meanZ=67.54 SoC=0.9486
ep=0016 frame=008 slot=09 J_F=  -565.20 meanZ=63.70 SoC=0.9431
ep=0016 frame=009 slot=09 J_F=   994.70 meanZ=62.54 SoC=0.9368
ep=0016 frame=010 slot=09 J_F=  -128.10 meanZ=59.64 SoC=0.9297
ep=0016 frame=011 slot=09 J_F=   436.30 meanZ=60.80 SoC=0.9231
ep=0016 frame=012 slot=09 J_F=   -93.60 meanZ=57.76 SoC=0.9160
ep=0016 frame=013 slot=09 J_F=  -132.30 meanZ=54.40 SoC=0.9084
ep=0016 frame=014 slot=09 J_F=   214.90 meanZ=53.36 SoC=0.9016
ep=0016 frame=015 slot=09 J_F=   404.50 meanZ=52.16 SoC=0.8954
ep=0016 frame=016 slot=09 J_F=   554.00 meanZ=51.46 SoC=0.8917
ep=0016 frame=017 slot=09 J_F=  -460.50 meanZ=49.90 SoC=0.8844
ep=0016 frame=018 slot=09 J_F=  -122.40 meanZ=47.86 SoC=0.8773
ep=0016 frame=019 slot=09 J_F=  -499.20 meanZ=46.64 SoC=0.8707
ep=0016 frame=020 slot=09 J_F=   487.10 meanZ=45.36 SoC=0.8645
ep=0016 frame=021 slot=09 J_F=  -121.80 meanZ=45.18 SoC=0.8579
ep=0016 frame=022 slot=09 J_F=   168.40 meanZ=42.52 SoC=0.8526
ep=0016 frame=023 slot=09 J_F=   196.30 meanZ=42.00 SoC=0.8473
ep=0016 frame=024 slot=09 J_F=  -434.50 meanZ=38.14 SoC=0.8410
ep=0016 frame=025 slot=09 J_F=   145.70 meanZ=38.06 SoC=0.8372
ep=0016 frame=026 slot=09 J_F=   108.80 meanZ=36.26 SoC=0.8304
ep=0016 frame=027 slot=09 J_F=   347.80 meanZ=35.88 SoC=0.8236
ep=0016 frame=028 slot=09 J_F=   182.50 meanZ=35.16 SoC=0.8170
ep=0016 frame=029 slot=09 J_F=   411.60 meanZ=33.66 SoC=0.8102
EP 0016 DPP/us=  -8.074 orig/us=0.4635 stall=0.062 served=0.519 hire=0.920 Zcost=0.555 proj=0 dual=1.000 [2116s]
ep=0017 frame=000 slot=09 J_F= -1826.10 meanZ=91.92 SoC=0.9932
ep=0017 frame=001 slot=09 J_F= -1364.70 meanZ=86.48 SoC=0.9856
ep=0017 frame=002 slot=09 J_F=  -855.10 meanZ=81.50 SoC=0.9795
ep=0017 frame=003 slot=09 J_F=   -52.00 meanZ=78.82 SoC=0.9719
ep=0017 frame=004 slot=09 J_F=  -899.00 meanZ=73.68 SoC=0.9648
ep=0017 frame=005 slot=09 J_F=    30.90 meanZ=70.84 SoC=0.9588
ep=0017 frame=006 slot=09 J_F=  -463.10 meanZ=68.60 SoC=0.9525
ep=0017 frame=007 slot=09 J_F=   -29.70 meanZ=66.62 SoC=0.9470
ep=0017 frame=008 slot=09 J_F=  -219.50 meanZ=64.96 SoC=0.9394
ep=0017 frame=009 slot=09 J_F=  -458.70 meanZ=60.82 SoC=0.9342
ep=0017 frame=010 slot=09 J_F=   956.70 meanZ=60.80 SoC=0.9284
ep=0017 frame=011 slot=09 J_F=   358.20 meanZ=58.90 SoC=0.9208
ep=0017 frame=012 slot=09 J_F=  -198.10 meanZ=56.94 SoC=0.9140
ep=0017 frame=013 slot=09 J_F=   555.30 meanZ=54.74 SoC=0.9082
ep=0017 frame=014 slot=09 J_F=   241.00 meanZ=53.70 SoC=0.9021
ep=0017 frame=015 slot=09 J_F=    -1.10 meanZ=52.26 SoC=0.8962
ep=0017 frame=016 slot=09 J_F=   845.40 meanZ=51.22 SoC=0.8907
ep=0017 frame=017 slot=09 J_F=   327.20 meanZ=50.18 SoC=0.8844
ep=0017 frame=018 slot=09 J_F=  -298.30 meanZ=47.08 SoC=0.8795
ep=0017 frame=019 slot=09 J_F=  -101.00 meanZ=43.56 SoC=0.8745
ep=0017 frame=020 slot=09 J_F=  -189.10 meanZ=42.80 SoC=0.8708
ep=0017 frame=021 slot=09 J_F=   269.00 meanZ=41.20 SoC=0.8641
ep=0017 frame=022 slot=09 J_F=    91.80 meanZ=39.42 SoC=0.8573
ep=0017 frame=023 slot=09 J_F=   929.90 meanZ=39.24 SoC=0.8523
ep=0017 frame=024 slot=09 J_F=   336.00 meanZ=39.66 SoC=0.8487
ep=0017 frame=025 slot=09 J_F=   587.70 meanZ=39.74 SoC=0.8429
ep=0017 frame=026 slot=09 J_F=   460.50 meanZ=39.42 SoC=0.8374
ep=0017 frame=027 slot=09 J_F=   238.00 meanZ=39.44 SoC=0.8319
ep=0017 frame=028 slot=09 J_F=   -76.30 meanZ=37.54 SoC=0.8265
ep=0017 frame=029 slot=09 J_F=   324.70 meanZ=36.92 SoC=0.8207
EP 0017 DPP/us=  -8.055 orig/us=0.4534 stall=0.068 served=0.509 hire=0.883 Zcost=0.562 proj=0 dual=1.000 [2240s]
ep=0018 frame=000 slot=09 J_F= -2279.60 meanZ=91.18 SoC=0.9924
ep=0018 frame=001 slot=09 J_F=  -127.60 meanZ=90.12 SoC=0.9848
ep=0018 frame=002 slot=09 J_F=  -300.60 meanZ=87.98 SoC=0.9772
ep=0018 frame=003 slot=09 J_F= -1382.90 meanZ=82.58 SoC=0.9701
ep=0018 frame=004 slot=09 J_F= -1172.20 meanZ=77.50 SoC=0.9635
ep=0018 frame=005 slot=09 J_F=  -804.70 meanZ=74.12 SoC=0.9554
ep=0018 frame=006 slot=09 J_F=  -782.00 meanZ=71.56 SoC=0.9517
ep=0018 frame=007 slot=09 J_F=   -34.70 meanZ=68.82 SoC=0.9459
ep=0018 frame=008 slot=09 J_F=  -163.00 meanZ=67.12 SoC=0.9409
ep=0018 frame=009 slot=09 J_F=   273.40 meanZ=63.96 SoC=0.9362
ep=0018 frame=010 slot=09 J_F=  -394.30 meanZ=60.34 SoC=0.9304
ep=0018 frame=011 slot=09 J_F=   721.20 meanZ=58.90 SoC=0.9241
ep=0018 frame=012 slot=09 J_F=  -105.30 meanZ=56.32 SoC=0.9192
ep=0018 frame=013 slot=09 J_F=  -213.10 meanZ=53.38 SoC=0.9163
ep=0018 frame=014 slot=09 J_F=  -405.10 meanZ=49.94 SoC=0.9105
ep=0018 frame=015 slot=09 J_F=   144.70 meanZ=46.80 SoC=0.9056
ep=0018 frame=016 slot=09 J_F=  -417.90 meanZ=44.82 SoC=0.9001
ep=0018 frame=017 slot=09 J_F=   136.70 meanZ=41.34 SoC=0.8935
ep=0018 frame=018 slot=09 J_F=   507.30 meanZ=40.62 SoC=0.8864
ep=0018 frame=019 slot=09 J_F=  -584.40 meanZ=38.38 SoC=0.8823
ep=0018 frame=020 slot=09 J_F=    35.20 meanZ=36.48 SoC=0.8747
ep=0018 frame=021 slot=09 J_F=   180.40 meanZ=35.68 SoC=0.8694
ep=0018 frame=022 slot=09 J_F=   298.50 meanZ=33.18 SoC=0.8642
ep=0018 frame=023 slot=09 J_F=   422.90 meanZ=33.10 SoC=0.8603
ep=0018 frame=024 slot=09 J_F=  -526.20 meanZ=31.96 SoC=0.8575
ep=0018 frame=025 slot=09 J_F=   803.70 meanZ=32.68 SoC=0.8520
ep=0018 frame=026 slot=09 J_F=   482.60 meanZ=30.10 SoC=0.8465
ep=0018 frame=027 slot=09 J_F=   107.80 meanZ=28.90 SoC=0.8384
ep=0018 frame=028 slot=09 J_F=   427.60 meanZ=27.72 SoC=0.8336
ep=0018 frame=029 slot=09 J_F=   110.80 meanZ=27.28 SoC=0.8276
EP 0018 DPP/us=  -9.105 orig/us=0.4707 stall=0.061 served=0.539 hire=0.880 Zcost=0.529 proj=0 dual=1.000 [2360s]
ep=0019 frame=000 slot=09 J_F= -2779.10 meanZ=90.10 SoC=0.9927
ep=0019 frame=001 slot=09 J_F=  -435.20 meanZ=86.98 SoC=0.9851
ep=0019 frame=002 slot=09 J_F= -1588.50 meanZ=81.66 SoC=0.9796
ep=0019 frame=003 slot=09 J_F=    12.90 meanZ=79.70 SoC=0.9731
ep=0019 frame=004 slot=09 J_F= -1029.20 meanZ=74.76 SoC=0.9673
ep=0019 frame=005 slot=09 J_F= -1048.60 meanZ=69.26 SoC=0.9605
ep=0019 frame=006 slot=09 J_F=  -138.80 meanZ=65.86 SoC=0.9542
ep=0019 frame=007 slot=09 J_F=  -287.40 meanZ=62.14 SoC=0.9481
ep=0019 frame=008 slot=09 J_F=  -330.70 meanZ=58.54 SoC=0.9405
ep=0019 frame=009 slot=09 J_F=   -93.50 meanZ=55.12 SoC=0.9353
ep=0019 frame=010 slot=09 J_F=   761.10 meanZ=53.12 SoC=0.9282
ep=0019 frame=011 slot=09 J_F=   662.10 meanZ=51.86 SoC=0.9211
ep=0019 frame=012 slot=09 J_F=    97.90 meanZ=50.32 SoC=0.9153
ep=0019 frame=013 slot=09 J_F=   187.80 meanZ=49.00 SoC=0.9100
ep=0019 frame=014 slot=09 J_F=  -441.90 meanZ=47.64 SoC=0.9053
ep=0019 frame=015 slot=09 J_F=  -311.10 meanZ=45.46 SoC=0.8993
ep=0019 frame=016 slot=09 J_F=    93.00 meanZ=43.44 SoC=0.8930
ep=0019 frame=017 slot=09 J_F=   314.70 meanZ=43.08 SoC=0.8875
ep=0019 frame=018 slot=09 J_F=   324.90 meanZ=42.68 SoC=0.8816
ep=0019 frame=019 slot=09 J_F=   334.50 meanZ=41.90 SoC=0.8781
ep=0019 frame=020 slot=09 J_F=   328.60 meanZ=41.56 SoC=0.8724
ep=0019 frame=021 slot=09 J_F=   227.20 meanZ=40.26 SoC=0.8685
ep=0019 frame=022 slot=09 J_F=   457.40 meanZ=39.80 SoC=0.8630
ep=0019 frame=023 slot=09 J_F=   700.50 meanZ=39.96 SoC=0.8592
ep=0019 frame=024 slot=09 J_F=   593.60 meanZ=39.08 SoC=0.8519
ep=0019 frame=025 slot=09 J_F=   493.50 meanZ=36.98 SoC=0.8459
ep=0019 frame=026 slot=09 J_F=   -44.70 meanZ=35.06 SoC=0.8378
ep=0019 frame=027 slot=09 J_F=   199.40 meanZ=35.34 SoC=0.8315
ep=0019 frame=028 slot=09 J_F=   855.00 meanZ=36.22 SoC=0.8247
ep=0019 frame=029 slot=09 J_F=    48.60 meanZ=35.64 SoC=0.8198
EP 0019 DPP/us=  -7.850 orig/us=0.4631 stall=0.064 served=0.526 hire=0.877 Zcost=0.522 proj=0 dual=1.000 [2487s]
ep=0020 frame=000 slot=09 J_F= -3384.90 meanZ=90.44 SoC=0.9929
ep=0020 frame=001 slot=09 J_F= -1345.70 meanZ=86.82 SoC=0.9861
ep=0020 frame=002 slot=09 J_F= -1406.00 meanZ=81.34 SoC=0.9795
ep=0020 frame=003 slot=09 J_F=   -13.20 meanZ=78.24 SoC=0.9743
ep=0020 frame=004 slot=09 J_F=  -810.40 meanZ=73.42 SoC=0.9667
ep=0020 frame=005 slot=09 J_F=  -833.30 meanZ=69.84 SoC=0.9591
ep=0020 frame=006 slot=09 J_F=   677.20 meanZ=69.64 SoC=0.9533
ep=0020 frame=007 slot=09 J_F=  -853.20 meanZ=65.74 SoC=0.9470
ep=0020 frame=008 slot=09 J_F=   118.20 meanZ=63.70 SoC=0.9412
ep=0020 frame=009 slot=09 J_F=   -76.50 meanZ=59.84 SoC=0.9355
ep=0020 frame=010 slot=09 J_F=   323.40 meanZ=58.22 SoC=0.9290
ep=0020 frame=011 slot=09 J_F=  -269.90 meanZ=55.20 SoC=0.9222
ep=0020 frame=012 slot=09 J_F=  -165.50 meanZ=51.48 SoC=0.9154
ep=0020 frame=013 slot=09 J_F=   215.60 meanZ=48.96 SoC=0.9096
ep=0020 frame=014 slot=09 J_F=  -104.20 meanZ=46.60 SoC=0.9039
ep=0020 frame=015 slot=09 J_F=    79.40 meanZ=44.76 SoC=0.8984
ep=0020 frame=016 slot=09 J_F=   206.20 meanZ=41.86 SoC=0.8921
ep=0020 frame=017 slot=09 J_F=  -305.30 meanZ=39.78 SoC=0.8861
ep=0020 frame=018 slot=09 J_F=    99.10 meanZ=38.06 SoC=0.8833
ep=0020 frame=019 slot=09 J_F=   480.60 meanZ=37.82 SoC=0.8783
ep=0020 frame=020 slot=09 J_F=    15.00 meanZ=37.16 SoC=0.8729
ep=0020 frame=021 slot=09 J_F=   168.20 meanZ=35.78 SoC=0.8666
ep=0020 frame=022 slot=09 J_F=   354.00 meanZ=36.68 SoC=0.8614
ep=0020 frame=023 slot=09 J_F=    66.50 meanZ=36.06 SoC=0.8568
ep=0020 frame=024 slot=09 J_F=  -327.70 meanZ=34.04 SoC=0.8508
ep=0020 frame=025 slot=09 J_F=   482.70 meanZ=34.76 SoC=0.8466
ep=0020 frame=026 slot=09 J_F=   300.20 meanZ=33.94 SoC=0.8409
ep=0020 frame=027 slot=09 J_F=   269.30 meanZ=32.48 SoC=0.8356
ep=0020 frame=028 slot=09 J_F=   606.50 meanZ=33.02 SoC=0.8295
ep=0020 frame=029 slot=09 J_F=   427.70 meanZ=33.30 SoC=0.8283
EP 0020 DPP/us=  -8.163 orig/us=0.4623 stall=0.064 served=0.533 hire=0.850 Zcost=0.502 proj=0 dual=1.000 [2626s]
ep=0021 frame=000 slot=09 J_F= -1956.40 meanZ=90.42 SoC=0.9919
ep=0021 frame=001 slot=09 J_F=  -337.20 meanZ=85.16 SoC=0.9873
ep=0021 frame=002 slot=09 J_F= -1486.10 meanZ=79.92 SoC=0.9826
ep=0021 frame=003 slot=09 J_F=  -201.20 meanZ=77.00 SoC=0.9768
ep=0021 frame=004 slot=09 J_F=    11.70 meanZ=74.90 SoC=0.9702
ep=0021 frame=005 slot=09 J_F=  -925.30 meanZ=71.34 SoC=0.9641
ep=0021 frame=006 slot=09 J_F=  -212.10 meanZ=69.20 SoC=0.9589
ep=0021 frame=007 slot=09 J_F=    51.40 meanZ=66.98 SoC=0.9516
ep=0021 frame=008 slot=09 J_F=   188.40 meanZ=63.92 SoC=0.9456
ep=0021 frame=009 slot=09 J_F=   -32.30 meanZ=61.02 SoC=0.9385
ep=0021 frame=010 slot=09 J_F=  -186.10 meanZ=58.80 SoC=0.9319
ep=0021 frame=011 slot=09 J_F=   518.60 meanZ=57.26 SoC=0.9253
ep=0021 frame=012 slot=09 J_F=    76.80 meanZ=52.94 SoC=0.9177
ep=0021 frame=013 slot=09 J_F=   281.30 meanZ=51.16 SoC=0.9118
ep=0021 frame=014 slot=09 J_F=  -229.30 meanZ=49.36 SoC=0.9052
ep=0021 frame=015 slot=09 J_F=   425.80 meanZ=48.30 SoC=0.8999
ep=0021 frame=016 slot=09 J_F=   420.30 meanZ=47.20 SoC=0.8963
ep=0021 frame=017 slot=09 J_F=   539.50 meanZ=44.00 SoC=0.8918
ep=0021 frame=018 slot=09 J_F=    21.70 meanZ=42.44 SoC=0.8855
ep=0021 frame=019 slot=09 J_F=  -623.50 meanZ=38.58 SoC=0.8816
ep=0021 frame=020 slot=09 J_F=   260.50 meanZ=37.38 SoC=0.8761
ep=0021 frame=021 slot=09 J_F=   530.70 meanZ=36.30 SoC=0.8730
ep=0021 frame=022 slot=09 J_F=   495.10 meanZ=36.32 SoC=0.8709
ep=0021 frame=023 slot=09 J_F=   -53.30 meanZ=34.06 SoC=0.8665
ep=0021 frame=024 slot=09 J_F=  -162.00 meanZ=32.00 SoC=0.8631
ep=0021 frame=025 slot=09 J_F=  -100.20 meanZ=30.88 SoC=0.8563
ep=0021 frame=026 slot=09 J_F=   419.60 meanZ=30.70 SoC=0.8506
ep=0021 frame=027 slot=09 J_F=   905.40 meanZ=30.72 SoC=0.8459
ep=0021 frame=028 slot=09 J_F=  -120.10 meanZ=29.84 SoC=0.8391
ep=0021 frame=029 slot=09 J_F=   313.00 meanZ=30.20 SoC=0.8339
EP 0021 DPP/us=  -8.631 orig/us=0.4706 stall=0.053 served=0.541 hire=0.867 Zcost=0.520 proj=0 dual=1.000 [2767s]
ep=0022 frame=000 slot=09 J_F= -1944.40 meanZ=91.72 SoC=0.9934
ep=0022 frame=001 slot=09 J_F=  -967.00 meanZ=87.16 SoC=0.9868
ep=0022 frame=002 slot=09 J_F=  -549.70 meanZ=83.52 SoC=0.9819
ep=0022 frame=003 slot=09 J_F=  -754.70 meanZ=78.90 SoC=0.9738
ep=0022 frame=004 slot=09 J_F=  -815.40 meanZ=74.34 SoC=0.9672
ep=0022 frame=005 slot=09 J_F=  -749.00 meanZ=70.18 SoC=0.9617
ep=0022 frame=006 slot=09 J_F=   152.20 meanZ=67.30 SoC=0.9560
ep=0022 frame=007 slot=09 J_F=  -663.70 meanZ=63.52 SoC=0.9484
ep=0022 frame=008 slot=09 J_F=    12.00 meanZ=60.54 SoC=0.9422
ep=0022 frame=009 slot=09 J_F=  -167.90 meanZ=58.34 SoC=0.9364
ep=0022 frame=010 slot=09 J_F=    65.50 meanZ=55.78 SoC=0.9303
ep=0022 frame=011 slot=09 J_F=  -787.20 meanZ=52.02 SoC=0.9240
ep=0022 frame=012 slot=09 J_F=  -189.10 meanZ=47.96 SoC=0.9190
ep=0022 frame=013 slot=09 J_F=   199.10 meanZ=46.60 SoC=0.9161
ep=0022 frame=014 slot=09 J_F=   349.80 meanZ=46.08 SoC=0.9115
ep=0022 frame=015 slot=09 J_F=   152.70 meanZ=43.12 SoC=0.9060
ep=0022 frame=016 slot=09 J_F=   -51.00 meanZ=40.54 SoC=0.8997
ep=0022 frame=017 slot=09 J_F=  -443.20 meanZ=36.92 SoC=0.8929
ep=0022 frame=018 slot=09 J_F=   323.10 meanZ=35.68 SoC=0.8874
ep=0022 frame=019 slot=09 J_F=   270.40 meanZ=35.44 SoC=0.8835
ep=0022 frame=020 slot=09 J_F=  -316.60 meanZ=33.76 SoC=0.8785
ep=0022 frame=021 slot=09 J_F=   182.40 meanZ=32.62 SoC=0.8720
ep=0022 frame=022 slot=09 J_F=   447.40 meanZ=33.34 SoC=0.8676
ep=0022 frame=023 slot=09 J_F=   387.40 meanZ=32.02 SoC=0.8626
ep=0022 frame=024 slot=09 J_F=   -82.70 meanZ=29.94 SoC=0.8560
ep=0022 frame=025 slot=09 J_F=   321.60 meanZ=28.52 SoC=0.8501
ep=0022 frame=026 slot=09 J_F=   613.10 meanZ=28.12 SoC=0.8454
ep=0022 frame=027 slot=09 J_F=   529.70 meanZ=28.22 SoC=0.8404
ep=0022 frame=028 slot=09 J_F=   115.30 meanZ=27.90 SoC=0.8363
ep=0022 frame=029 slot=09 J_F=   384.90 meanZ=27.82 SoC=0.8292
EP 0022 DPP/us=  -8.510 orig/us=0.4745 stall=0.058 served=0.543 hire=0.857 Zcost=0.501 proj=0 dual=1.000 [2897s]
ep=0023 frame=000 slot=09 J_F= -1831.70 meanZ=90.08 SoC=0.9934
ep=0023 frame=001 slot=09 J_F=  -426.20 meanZ=85.78 SoC=0.9863
ep=0023 frame=002 slot=09 J_F= -1019.90 meanZ=80.74 SoC=0.9787
ep=0023 frame=003 slot=09 J_F=  -302.90 meanZ=76.06 SoC=0.9721
ep=0023 frame=004 slot=09 J_F=   321.30 meanZ=74.48 SoC=0.9659
ep=0023 frame=005 slot=09 J_F=  -407.10 meanZ=71.22 SoC=0.9583
ep=0023 frame=006 slot=09 J_F=  -372.00 meanZ=65.48 SoC=0.9512
ep=0023 frame=007 slot=09 J_F=  -460.90 meanZ=60.48 SoC=0.9449
ep=0023 frame=008 slot=09 J_F=   335.10 meanZ=56.52 SoC=0.9378
ep=0023 frame=009 slot=09 J_F=  -527.90 meanZ=53.22 SoC=0.9312
ep=0023 frame=010 slot=09 J_F=   226.00 meanZ=50.38 SoC=0.9260
ep=0023 frame=011 slot=09 J_F=  -101.70 meanZ=46.46 SoC=0.9189
ep=0023 frame=012 slot=09 J_F=  -235.20 meanZ=43.08 SoC=0.9136
ep=0023 frame=013 slot=09 J_F=  -691.50 meanZ=39.52 SoC=0.9073
ep=0023 frame=014 slot=09 J_F=   101.30 meanZ=37.08 SoC=0.9005
ep=0023 frame=015 slot=09 J_F=   310.20 meanZ=36.82 SoC=0.8956
ep=0023 frame=016 slot=09 J_F=   200.60 meanZ=35.66 SoC=0.8906
ep=0023 frame=017 slot=09 J_F=   568.70 meanZ=34.76 SoC=0.8843
ep=0023 frame=018 slot=09 J_F=   380.70 meanZ=34.06 SoC=0.8793
ep=0023 frame=019 slot=09 J_F=   594.20 meanZ=32.78 SoC=0.8741
ep=0023 frame=020 slot=09 J_F=   361.00 meanZ=30.52 SoC=0.8683
ep=0023 frame=021 slot=09 J_F=   496.10 meanZ=31.10 SoC=0.8625
ep=0023 frame=022 slot=09 J_F=   460.70 meanZ=31.44 SoC=0.8570
ep=0023 frame=023 slot=09 J_F=    71.00 meanZ=30.38 SoC=0.8516
ep=0023 frame=024 slot=09 J_F=   326.00 meanZ=28.36 SoC=0.8461
ep=0023 frame=025 slot=09 J_F=   234.90 meanZ=28.06 SoC=0.8420
ep=0023 frame=026 slot=09 J_F=   954.20 meanZ=28.60 SoC=0.8391
ep=0023 frame=027 slot=09 J_F=   493.80 meanZ=26.72 SoC=0.8338
ep=0023 frame=028 slot=09 J_F=   312.00 meanZ=26.16 SoC=0.8292
ep=0023 frame=029 slot=09 J_F=   103.80 meanZ=25.04 SoC=0.8244
EP 0023 DPP/us=  -9.111 orig/us=0.4935 stall=0.036 served=0.548 hire=0.887 Zcost=0.464 proj=0 dual=1.000 [3026s]
ep=0024 frame=000 slot=09 J_F= -1838.50 meanZ=89.84 SoC=0.9924
ep=0024 frame=001 slot=09 J_F= -1477.00 meanZ=85.06 SoC=0.9868
ep=0024 frame=002 slot=09 J_F= -1947.70 meanZ=79.88 SoC=0.9808
ep=0024 frame=003 slot=09 J_F= -1326.30 meanZ=75.90 SoC=0.9737
ep=0024 frame=004 slot=09 J_F=  -954.40 meanZ=71.52 SoC=0.9684
ep=0024 frame=005 slot=09 J_F=  -559.00 meanZ=67.00 SoC=0.9608
ep=0024 frame=006 slot=09 J_F=  -375.60 meanZ=63.10 SoC=0.9550
ep=0024 frame=007 slot=09 J_F=  -150.90 meanZ=57.86 SoC=0.9484
ep=0024 frame=008 slot=09 J_F=   -51.10 meanZ=55.56 SoC=0.9440
ep=0024 frame=009 slot=09 J_F=   469.00 meanZ=53.02 SoC=0.9379
ep=0024 frame=010 slot=09 J_F=   400.50 meanZ=49.04 SoC=0.9303
ep=0024 frame=011 slot=09 J_F=   240.40 meanZ=46.64 SoC=0.9247
ep=0024 frame=012 slot=09 J_F=  -285.00 meanZ=44.22 SoC=0.9193
ep=0024 frame=013 slot=09 J_F=   254.50 meanZ=42.20 SoC=0.9145
ep=0024 frame=014 slot=09 J_F=   228.40 meanZ=40.72 SoC=0.9082
ep=0024 frame=015 slot=09 J_F=   339.20 meanZ=39.34 SoC=0.9014
ep=0024 frame=016 slot=09 J_F=   168.40 meanZ=37.54 SoC=0.8972
ep=0024 frame=017 slot=09 J_F=   489.20 meanZ=35.72 SoC=0.8920
ep=0024 frame=018 slot=09 J_F=   241.10 meanZ=33.26 SoC=0.8870
ep=0024 frame=019 slot=09 J_F=   398.40 meanZ=34.34 SoC=0.8834
ep=0024 frame=020 slot=09 J_F=   232.80 meanZ=33.24 SoC=0.8784
ep=0024 frame=021 slot=09 J_F=  -202.20 meanZ=31.76 SoC=0.8735
ep=0024 frame=022 slot=09 J_F=   796.00 meanZ=32.72 SoC=0.8693
ep=0024 frame=023 slot=09 J_F=   266.70 meanZ=32.78 SoC=0.8635
ep=0024 frame=024 slot=09 J_F=   471.90 meanZ=32.60 SoC=0.8573
ep=0024 frame=025 slot=09 J_F=   548.30 meanZ=33.76 SoC=0.8526
ep=0024 frame=026 slot=09 J_F=     5.20 meanZ=32.74 SoC=0.8471
ep=0024 frame=027 slot=09 J_F=    73.10 meanZ=31.50 SoC=0.8430
ep=0024 frame=028 slot=09 J_F=    19.90 meanZ=29.20 SoC=0.8380
ep=0024 frame=029 slot=09 J_F=  -129.30 meanZ=27.80 SoC=0.8336
EP 0024 DPP/us=  -8.748 orig/us=0.4873 stall=0.053 served=0.546 hire=0.870 Zcost=0.463 proj=0 dual=1.000 [3152s]
ep=0025 frame=000 slot=09 J_F= -2592.20 meanZ=90.68 SoC=0.9934
ep=0025 frame=001 slot=09 J_F= -1671.40 meanZ=83.96 SoC=0.9873
ep=0025 frame=002 slot=09 J_F=  -477.80 meanZ=80.56 SoC=0.9811
ep=0025 frame=003 slot=09 J_F=  -984.30 meanZ=74.72 SoC=0.9740
ep=0025 frame=004 slot=09 J_F=  -962.10 meanZ=68.98 SoC=0.9695
ep=0025 frame=005 slot=09 J_F=   -71.20 meanZ=65.48 SoC=0.9637
ep=0025 frame=006 slot=09 J_F=  -544.40 meanZ=59.96 SoC=0.9571
ep=0025 frame=007 slot=09 J_F=   222.70 meanZ=57.16 SoC=0.9501
ep=0025 frame=008 slot=09 J_F=   -19.10 meanZ=53.88 SoC=0.9433
ep=0025 frame=009 slot=09 J_F=  -376.70 meanZ=51.08 SoC=0.9370
ep=0025 frame=010 slot=09 J_F=  -507.60 meanZ=46.92 SoC=0.9325
ep=0025 frame=011 slot=09 J_F=  -489.30 meanZ=42.40 SoC=0.9271
ep=0025 frame=012 slot=09 J_F=  -322.10 meanZ=39.36 SoC=0.9221
ep=0025 frame=013 slot=09 J_F=   140.70 meanZ=34.84 SoC=0.9158
ep=0025 frame=014 slot=09 J_F=   368.80 meanZ=34.04 SoC=0.9130
ep=0025 frame=015 slot=09 J_F=   669.30 meanZ=33.38 SoC=0.9090
ep=0025 frame=016 slot=09 J_F=   329.50 meanZ=32.50 SoC=0.9038
ep=0025 frame=017 slot=09 J_F=   484.50 meanZ=32.94 SoC=0.8996
ep=0025 frame=018 slot=09 J_F=   314.40 meanZ=32.68 SoC=0.8943
ep=0025 frame=019 slot=09 J_F=    83.70 meanZ=32.62 SoC=0.8931
ep=0025 frame=020 slot=09 J_F=  -243.10 meanZ=31.22 SoC=0.8877
ep=0025 frame=021 slot=09 J_F=    86.20 meanZ=29.52 SoC=0.8809
ep=0025 frame=022 slot=09 J_F=   147.10 meanZ=29.02 SoC=0.8767
ep=0025 frame=023 slot=09 J_F=  -190.90 meanZ=27.70 SoC=0.8722
ep=0025 frame=024 slot=09 J_F=   362.50 meanZ=25.82 SoC=0.8693
ep=0025 frame=025 slot=09 J_F=  -167.20 meanZ=23.74 SoC=0.8625
ep=0025 frame=026 slot=09 J_F=   277.20 meanZ=23.22 SoC=0.8567
ep=0025 frame=027 slot=09 J_F=   426.10 meanZ=23.46 SoC=0.8500
ep=0025 frame=028 slot=09 J_F=   185.90 meanZ=21.54 SoC=0.8424
ep=0025 frame=029 slot=09 J_F=   334.90 meanZ=21.10 SoC=0.8371
EP 0025 DPP/us=  -9.775 orig/us=0.4925 stall=0.058 served=0.561 hire=0.853 Zcost=0.443 proj=0 dual=1.000 [3281s]
ep=0026 frame=000 slot=09 J_F= -1810.50 meanZ=90.12 SoC=0.9929
ep=0026 frame=001 slot=09 J_F=  -563.10 meanZ=86.10 SoC=0.9868
ep=0026 frame=002 slot=09 J_F= -1638.00 meanZ=79.18 SoC=0.9802
ep=0026 frame=003 slot=09 J_F= -1003.50 meanZ=73.16 SoC=0.9740
ep=0026 frame=004 slot=09 J_F=  -385.60 meanZ=70.30 SoC=0.9672
ep=0026 frame=005 slot=09 J_F=  -492.20 meanZ=67.14 SoC=0.9611
ep=0026 frame=006 slot=09 J_F=  -338.00 meanZ=63.26 SoC=0.9538
ep=0026 frame=007 slot=09 J_F=  -500.90 meanZ=59.60 SoC=0.9478
ep=0026 frame=008 slot=09 J_F= -1046.40 meanZ=55.08 SoC=0.9442
ep=0026 frame=009 slot=09 J_F=   114.80 meanZ=52.42 SoC=0.9387
ep=0026 frame=010 slot=09 J_F=  -257.60 meanZ=48.06 SoC=0.9314
ep=0026 frame=011 slot=09 J_F=   341.90 meanZ=45.14 SoC=0.9256
ep=0026 frame=012 slot=09 J_F=   -14.50 meanZ=41.86 SoC=0.9207
ep=0026 frame=013 slot=09 J_F=   307.40 meanZ=40.26 SoC=0.9152
ep=0026 frame=014 slot=09 J_F=   565.90 meanZ=39.78 SoC=0.9104
ep=0026 frame=015 slot=09 J_F=   239.70 meanZ=39.38 SoC=0.9063
ep=0026 frame=016 slot=09 J_F=   364.40 meanZ=39.08 SoC=0.9035
ep=0026 frame=017 slot=09 J_F=   313.90 meanZ=37.52 SoC=0.8995
ep=0026 frame=018 slot=09 J_F=  -196.50 meanZ=35.32 SoC=0.8935
ep=0026 frame=019 slot=09 J_F=   564.80 meanZ=33.98 SoC=0.8881
ep=0026 frame=020 slot=09 J_F=   180.30 meanZ=33.62 SoC=0.8821
ep=0026 frame=021 slot=09 J_F=   176.80 meanZ=32.16 SoC=0.8766
ep=0026 frame=022 slot=09 J_F=   527.10 meanZ=30.36 SoC=0.8719
ep=0026 frame=023 slot=09 J_F=   659.10 meanZ=31.44 SoC=0.8686
ep=0026 frame=024 slot=09 J_F=  -170.90 meanZ=30.14 SoC=0.8626
ep=0026 frame=025 slot=09 J_F=   569.90 meanZ=30.08 SoC=0.8575
ep=0026 frame=026 slot=09 J_F=  -112.20 meanZ=28.58 SoC=0.8530
ep=0026 frame=027 slot=09 J_F=   309.00 meanZ=27.28 SoC=0.8467
ep=0026 frame=028 slot=09 J_F=   -32.50 meanZ=26.40 SoC=0.8426
ep=0026 frame=029 slot=09 J_F=  -489.10 meanZ=24.30 SoC=0.8360
EP 0026 DPP/us=  -9.415 orig/us=0.4889 stall=0.058 served=0.541 hire=0.827 Zcost=0.481 proj=0 dual=1.000 [3407s]
ep=0027 frame=000 slot=09 J_F= -2033.10 meanZ=89.88 SoC=0.9924
ep=0027 frame=001 slot=09 J_F=  -747.00 meanZ=85.92 SoC=0.9848
ep=0027 frame=002 slot=09 J_F= -1967.70 meanZ=78.58 SoC=0.9782
ep=0027 frame=003 slot=09 J_F= -1185.00 meanZ=72.62 SoC=0.9711
ep=0027 frame=004 slot=09 J_F=  -721.20 meanZ=67.76 SoC=0.9659
ep=0027 frame=005 slot=09 J_F=  -859.00 meanZ=62.26 SoC=0.9619
ep=0027 frame=006 slot=09 J_F=  -598.80 meanZ=59.54 SoC=0.9551
ep=0027 frame=007 slot=09 J_F=  -110.70 meanZ=56.44 SoC=0.9493
ep=0027 frame=008 slot=09 J_F=  -280.00 meanZ=53.14 SoC=0.9439
ep=0027 frame=009 slot=09 J_F=   139.60 meanZ=49.88 SoC=0.9381
ep=0027 frame=010 slot=09 J_F=  -403.00 meanZ=46.46 SoC=0.9333
ep=0027 frame=011 slot=09 J_F=   159.10 meanZ=44.14 SoC=0.9269
ep=0027 frame=012 slot=09 J_F=   130.30 meanZ=41.56 SoC=0.9203
ep=0027 frame=013 slot=09 J_F=   532.60 meanZ=38.28 SoC=0.9137
ep=0027 frame=014 slot=09 J_F=  -139.10 meanZ=35.84 SoC=0.9080
ep=0027 frame=015 slot=09 J_F=   139.90 meanZ=33.30 SoC=0.9017
ep=0027 frame=016 slot=09 J_F=   231.00 meanZ=32.16 SoC=0.8955
ep=0027 frame=017 slot=09 J_F=   172.10 meanZ=30.28 SoC=0.8900
ep=0027 frame=018 slot=09 J_F=  -147.30 meanZ=28.08 SoC=0.8824
ep=0027 frame=019 slot=09 J_F=   687.30 meanZ=27.76 SoC=0.8764
ep=0027 frame=020 slot=09 J_F=   384.20 meanZ=25.98 SoC=0.8701
ep=0027 frame=021 slot=09 J_F=  -143.10 meanZ=25.40 SoC=0.8655
ep=0027 frame=022 slot=09 J_F=   479.60 meanZ=25.14 SoC=0.8610
ep=0027 frame=023 slot=09 J_F=   405.80 meanZ=24.54 SoC=0.8557
ep=0027 frame=024 slot=09 J_F=   283.30 meanZ=24.28 SoC=0.8529
ep=0027 frame=025 slot=09 J_F=   217.40 meanZ=24.74 SoC=0.8461
ep=0027 frame=026 slot=09 J_F=   409.90 meanZ=23.64 SoC=0.8401
ep=0027 frame=027 slot=09 J_F=   453.60 meanZ=24.20 SoC=0.8363
ep=0027 frame=028 slot=09 J_F=   563.90 meanZ=24.42 SoC=0.8310
ep=0027 frame=029 slot=09 J_F=   489.70 meanZ=25.34 SoC=0.8282
EP 0027 DPP/us=  -8.924 orig/us=0.5014 stall=0.024 served=0.558 hire=0.857 Zcost=0.439 proj=0 dual=1.000 [3533s]
ep=0028 frame=000 slot=09 J_F= -2669.40 meanZ=90.08 SoC=0.9937
ep=0028 frame=001 slot=09 J_F= -2225.70 meanZ=82.16 SoC=0.9866
ep=0028 frame=002 slot=09 J_F= -1891.30 meanZ=75.80 SoC=0.9795
ep=0028 frame=003 slot=09 J_F=  -999.20 meanZ=71.74 SoC=0.9724
ep=0028 frame=004 slot=09 J_F=  -671.00 meanZ=67.84 SoC=0.9653
ep=0028 frame=005 slot=09 J_F=  -632.10 meanZ=62.16 SoC=0.9604
ep=0028 frame=006 slot=09 J_F=   429.00 meanZ=57.72 SoC=0.9551
ep=0028 frame=007 slot=09 J_F=   701.00 meanZ=54.66 SoC=0.9480
ep=0028 frame=008 slot=09 J_F=  -217.30 meanZ=51.04 SoC=0.9426
ep=0028 frame=009 slot=09 J_F=   336.60 meanZ=49.86 SoC=0.9381
ep=0028 frame=010 slot=09 J_F=   218.70 meanZ=47.38 SoC=0.9328
ep=0028 frame=011 slot=09 J_F=  -443.70 meanZ=44.50 SoC=0.9289
ep=0028 frame=012 slot=09 J_F=   -66.70 meanZ=41.82 SoC=0.9244
ep=0028 frame=013 slot=09 J_F=   677.80 meanZ=41.24 SoC=0.9190
ep=0028 frame=014 slot=09 J_F=  -384.80 meanZ=39.34 SoC=0.9127
ep=0028 frame=015 slot=09 J_F=  -244.10 meanZ=36.88 SoC=0.9082
ep=0028 frame=016 slot=09 J_F=    28.30 meanZ=35.48 SoC=0.9014
ep=0028 frame=017 slot=09 J_F=   -36.90 meanZ=32.84 SoC=0.8968
ep=0028 frame=018 slot=09 J_F=  -128.40 meanZ=30.70 SoC=0.8926
ep=0028 frame=019 slot=09 J_F=   312.90 meanZ=29.30 SoC=0.8868
ep=0028 frame=020 slot=09 J_F=   117.40 meanZ=28.64 SoC=0.8817
ep=0028 frame=021 slot=09 J_F=   104.80 meanZ=27.54 SoC=0.8783
ep=0028 frame=022 slot=09 J_F=  -193.70 meanZ=23.74 SoC=0.8732
ep=0028 frame=023 slot=09 J_F=   277.70 meanZ=22.96 SoC=0.8672
ep=0028 frame=024 slot=09 J_F=   227.00 meanZ=22.78 SoC=0.8617
ep=0028 frame=025 slot=09 J_F=   316.10 meanZ=20.70 SoC=0.8559
ep=0028 frame=026 slot=09 J_F=   296.70 meanZ=20.42 SoC=0.8515
ep=0028 frame=027 slot=09 J_F=   -57.60 meanZ=19.70 SoC=0.8465
ep=0028 frame=028 slot=09 J_F=    20.60 meanZ=19.18 SoC=0.8429
ep=0028 frame=029 slot=09 J_F=   854.40 meanZ=21.04 SoC=0.8395
EP 0028 DPP/us=  -9.814 orig/us=0.4996 stall=0.042 served=0.567 hire=0.827 Zcost=0.413 proj=0 dual=1.000 [3658s]
ep=0029 frame=000 slot=09 J_F= -2544.30 meanZ=88.72 SoC=0.9929
ep=0029 frame=001 slot=09 J_F= -1203.40 meanZ=83.34 SoC=0.9861
ep=0029 frame=002 slot=09 J_F= -1459.40 meanZ=77.84 SoC=0.9809
ep=0029 frame=003 slot=09 J_F= -1898.80 meanZ=70.34 SoC=0.9727
ep=0029 frame=004 slot=09 J_F=  -567.00 meanZ=67.00 SoC=0.9662
ep=0029 frame=005 slot=09 J_F=  -691.00 meanZ=60.94 SoC=0.9609
ep=0029 frame=006 slot=09 J_F=  -276.00 meanZ=55.18 SoC=0.9538
ep=0029 frame=007 slot=09 J_F= -1195.00 meanZ=48.66 SoC=0.9467
ep=0029 frame=008 slot=09 J_F=   726.00 meanZ=46.40 SoC=0.9404
ep=0029 frame=009 slot=09 J_F=  -218.60 meanZ=42.94 SoC=0.9341
ep=0029 frame=010 slot=09 J_F=   436.60 meanZ=41.04 SoC=0.9300
ep=0029 frame=011 slot=09 J_F=   165.20 meanZ=39.56 SoC=0.9258
ep=0029 frame=012 slot=09 J_F=   117.80 meanZ=38.18 SoC=0.9190
ep=0029 frame=013 slot=09 J_F=  -479.10 meanZ=34.84 SoC=0.9136
ep=0029 frame=014 slot=09 J_F=    28.80 meanZ=32.86 SoC=0.9081
ep=0029 frame=015 slot=09 J_F=  -396.80 meanZ=31.84 SoC=0.9039
ep=0029 frame=016 slot=09 J_F=   233.60 meanZ=28.64 SoC=0.9000
ep=0029 frame=017 slot=09 J_F=   387.10 meanZ=29.46 SoC=0.8942
ep=0029 frame=018 slot=09 J_F=    24.00 meanZ=27.74 SoC=0.8887
ep=0029 frame=019 slot=09 J_F=   819.30 meanZ=28.30 SoC=0.8820
ep=0029 frame=020 slot=09 J_F=   380.80 meanZ=27.16 SoC=0.8797
ep=0029 frame=021 slot=09 J_F=   315.40 meanZ=27.28 SoC=0.8772
ep=0029 frame=022 slot=09 J_F=   -81.30 meanZ=25.28 SoC=0.8722
ep=0029 frame=023 slot=09 J_F=   289.80 meanZ=23.88 SoC=0.8670
ep=0029 frame=024 slot=09 J_F=   242.30 meanZ=23.34 SoC=0.8610
ep=0029 frame=025 slot=09 J_F=   272.90 meanZ=21.94 SoC=0.8578
ep=0029 frame=026 slot=09 J_F=   174.90 meanZ=21.38 SoC=0.8547
ep=0029 frame=027 slot=09 J_F=   331.50 meanZ=20.36 SoC=0.8479
ep=0029 frame=028 slot=09 J_F=   542.80 meanZ=18.78 SoC=0.8430
ep=0029 frame=029 slot=09 J_F=    76.00 meanZ=19.88 SoC=0.8401
EP 0029 DPP/us=  -9.811 orig/us=0.5038 stall=0.026 served=0.571 hire=0.820 Zcost=0.398 proj=0 dual=1.000 [3790s]
ep=0030 frame=000 slot=09 J_F= -3368.10 meanZ=88.62 SoC=0.9929
ep=0030 frame=001 slot=09 J_F= -1470.40 meanZ=82.62 SoC=0.9866
ep=0030 frame=002 slot=09 J_F=  -383.90 meanZ=79.08 SoC=0.9795
ep=0030 frame=003 slot=09 J_F= -1704.60 meanZ=74.78 SoC=0.9733
ep=0030 frame=004 slot=09 J_F= -1005.00 meanZ=69.26 SoC=0.9667
ep=0030 frame=005 slot=09 J_F=  -393.50 meanZ=65.14 SoC=0.9591
ep=0030 frame=006 slot=09 J_F= -1004.40 meanZ=57.72 SoC=0.9515
ep=0030 frame=007 slot=09 J_F=  -316.50 meanZ=53.62 SoC=0.9454
ep=0030 frame=008 slot=09 J_F=  -228.20 meanZ=49.76 SoC=0.9386
ep=0030 frame=009 slot=09 J_F=  -636.60 meanZ=45.62 SoC=0.9328
ep=0030 frame=010 slot=09 J_F=   -96.30 meanZ=42.10 SoC=0.9271
ep=0030 frame=011 slot=09 J_F=  -265.80 meanZ=40.28 SoC=0.9216
ep=0030 frame=012 slot=09 J_F=  -583.80 meanZ=36.08 SoC=0.9163
ep=0030 frame=013 slot=09 J_F=    33.20 meanZ=33.94 SoC=0.9117
ep=0030 frame=014 slot=09 J_F=   279.90 meanZ=32.68 SoC=0.9054
ep=0030 frame=015 slot=09 J_F=  -390.30 meanZ=30.72 SoC=0.8994
ep=0030 frame=016 slot=09 J_F=   190.70 meanZ=30.24 SoC=0.8949
ep=0030 frame=017 slot=09 J_F=   -15.30 meanZ=30.68 SoC=0.8926
ep=0030 frame=018 slot=09 J_F=    19.90 meanZ=30.36 SoC=0.8881
ep=0030 frame=019 slot=09 J_F=   301.60 meanZ=30.30 SoC=0.8848
ep=0030 frame=020 slot=09 J_F=   747.50 meanZ=29.76 SoC=0.8801
ep=0030 frame=021 slot=09 J_F=   275.00 meanZ=30.76 SoC=0.8765
ep=0030 frame=022 slot=09 J_F=   483.30 meanZ=29.68 SoC=0.8742
ep=0030 frame=023 slot=09 J_F=   664.90 meanZ=29.90 SoC=0.8708
ep=0030 frame=024 slot=09 J_F=   -92.00 meanZ=28.90 SoC=0.8693
ep=0030 frame=025 slot=09 J_F=   -92.00 meanZ=27.78 SoC=0.8630
ep=0030 frame=026 slot=09 J_F=   106.30 meanZ=25.96 SoC=0.8605
ep=0030 frame=027 slot=09 J_F=   177.70 meanZ=25.22 SoC=0.8592
ep=0030 frame=028 slot=09 J_F=  -278.00 meanZ=26.02 SoC=0.8545
ep=0030 frame=029 slot=09 J_F=   287.00 meanZ=25.58 SoC=0.8504
EP 0030 DPP/us=  -9.086 orig/us=0.4796 stall=0.060 served=0.553 hire=0.797 Zcost=0.406 proj=0 dual=1.000 [3920s]
ep=0031 frame=000 slot=09 J_F= -1926.70 meanZ=88.14 SoC=0.9924
ep=0031 frame=001 slot=09 J_F=  -902.30 meanZ=83.54 SoC=0.9863
ep=0031 frame=002 slot=09 J_F= -1256.90 meanZ=76.72 SoC=0.9782
ep=0031 frame=003 slot=09 J_F=  -487.50 meanZ=70.20 SoC=0.9719
ep=0031 frame=004 slot=09 J_F=    51.20 meanZ=66.36 SoC=0.9667
ep=0031 frame=005 slot=09 J_F= -1795.70 meanZ=60.30 SoC=0.9601
ep=0031 frame=006 slot=09 J_F=   -83.70 meanZ=56.72 SoC=0.9535
ep=0031 frame=007 slot=09 J_F=  -655.80 meanZ=51.66 SoC=0.9467
ep=0031 frame=008 slot=09 J_F=   582.70 meanZ=48.32 SoC=0.9407
ep=0031 frame=009 slot=09 J_F=  -449.60 meanZ=43.90 SoC=0.9331
ep=0031 frame=010 slot=09 J_F=   137.50 meanZ=41.70 SoC=0.9263
ep=0031 frame=011 slot=09 J_F=  -465.20 meanZ=37.44 SoC=0.9206
ep=0031 frame=012 slot=09 J_F=   -72.00 meanZ=33.64 SoC=0.9143
ep=0031 frame=013 slot=09 J_F=    35.30 meanZ=31.16 SoC=0.9072
ep=0031 frame=014 slot=09 J_F=   387.50 meanZ=29.16 SoC=0.9035
ep=0031 frame=015 slot=09 J_F=   -97.70 meanZ=27.20 SoC=0.8983
ep=0031 frame=016 slot=09 J_F=   -96.60 meanZ=24.50 SoC=0.8920
ep=0031 frame=017 slot=09 J_F=   -39.60 meanZ=21.54 SoC=0.8880
ep=0031 frame=018 slot=09 J_F=   420.10 meanZ=22.32 SoC=0.8826
ep=0031 frame=019 slot=09 J_F=   582.40 meanZ=22.74 SoC=0.8782
ep=0031 frame=020 slot=09 J_F=   283.00 meanZ=22.30 SoC=0.8706
ep=0031 frame=021 slot=09 J_F=  -470.30 meanZ=20.70 SoC=0.8651
ep=0031 frame=022 slot=09 J_F=   590.10 meanZ=20.80 SoC=0.8618
ep=0031 frame=023 slot=09 J_F=   271.80 meanZ=19.30 SoC=0.8568
ep=0031 frame=024 slot=09 J_F=   712.20 meanZ=20.98 SoC=0.8540
ep=0031 frame=025 slot=09 J_F=   330.00 meanZ=20.16 SoC=0.8507
ep=0031 frame=026 slot=09 J_F=   207.90 meanZ=18.76 SoC=0.8442
ep=0031 frame=027 slot=09 J_F=    61.40 meanZ=18.66 SoC=0.8403
ep=0031 frame=028 slot=09 J_F=   562.70 meanZ=19.98 SoC=0.8372
ep=0031 frame=029 slot=09 J_F=   369.60 meanZ=19.10 SoC=0.8327
EP 0031 DPP/us=  -9.690 orig/us=0.5106 stall=0.026 served=0.576 hire=0.840 Zcost=0.383 proj=0 dual=1.000 [4045s]
ep=0032 frame=000 slot=09 J_F= -1776.30 meanZ=88.84 SoC=0.9924
ep=0032 frame=001 slot=09 J_F= -1603.50 meanZ=81.86 SoC=0.9853
ep=0032 frame=002 slot=09 J_F= -1397.10 meanZ=75.18 SoC=0.9785
ep=0032 frame=003 slot=09 J_F= -1474.60 meanZ=67.70 SoC=0.9722
ep=0032 frame=004 slot=09 J_F= -1131.20 meanZ=60.96 SoC=0.9662
ep=0032 frame=005 slot=09 J_F= -1223.90 meanZ=55.40 SoC=0.9591
ep=0032 frame=006 slot=09 J_F=    89.40 meanZ=50.12 SoC=0.9518
ep=0032 frame=007 slot=09 J_F=   -92.40 meanZ=44.70 SoC=0.9471
ep=0032 frame=008 slot=09 J_F=  -234.00 meanZ=39.40 SoC=0.9395
ep=0032 frame=009 slot=09 J_F=  -476.90 meanZ=34.88 SoC=0.9330
ep=0032 frame=010 slot=09 J_F=    44.30 meanZ=32.48 SoC=0.9262
ep=0032 frame=011 slot=09 J_F=   108.50 meanZ=30.24 SoC=0.9216
ep=0032 frame=012 slot=09 J_F=   -41.80 meanZ=26.64 SoC=0.9174
ep=0032 frame=013 slot=09 J_F=   184.90 meanZ=23.90 SoC=0.9130
ep=0032 frame=014 slot=09 J_F=  -253.50 meanZ=22.72 SoC=0.9078
ep=0032 frame=015 slot=09 J_F=  -559.10 meanZ=21.28 SoC=0.9034
ep=0032 frame=016 slot=09 J_F=   346.50 meanZ=20.84 SoC=0.9001
ep=0032 frame=017 slot=09 J_F=   367.10 meanZ=20.64 SoC=0.8976
ep=0032 frame=018 slot=09 J_F=   174.70 meanZ=20.16 SoC=0.8908
ep=0032 frame=019 slot=09 J_F=   284.50 meanZ=18.60 SoC=0.8861
ep=0032 frame=020 slot=09 J_F=  -103.10 meanZ=17.94 SoC=0.8836
ep=0032 frame=021 slot=09 J_F=   342.40 meanZ=17.72 SoC=0.8796
ep=0032 frame=022 slot=09 J_F=  -209.80 meanZ=17.18 SoC=0.8753
ep=0032 frame=023 slot=09 J_F=   283.10 meanZ=17.74 SoC=0.8721
ep=0032 frame=024 slot=09 J_F=   157.20 meanZ=16.04 SoC=0.8675
ep=0032 frame=025 slot=09 J_F=   162.10 meanZ=16.90 SoC=0.8647
ep=0032 frame=026 slot=09 J_F=   476.50 meanZ=15.56 SoC=0.8606
ep=0032 frame=027 slot=09 J_F=   288.10 meanZ=16.58 SoC=0.8543
ep=0032 frame=028 slot=09 J_F=   579.40 meanZ=15.90 SoC=0.8515
ep=0032 frame=029 slot=09 J_F=   329.40 meanZ=15.24 SoC=0.8465
EP 0032 DPP/us= -10.520 orig/us=0.5025 stall=0.031 served=0.586 hire=0.767 Zcost=0.334 proj=0 dual=1.000 [4174s]
ep=0033 frame=000 slot=09 J_F= -3818.80 meanZ=88.24 SoC=0.9924
ep=0033 frame=001 slot=09 J_F= -1355.70 meanZ=81.80 SoC=0.9858
ep=0033 frame=002 slot=09 J_F= -1852.50 meanZ=74.46 SoC=0.9782
ep=0033 frame=003 slot=09 J_F= -1837.10 meanZ=67.76 SoC=0.9719
ep=0033 frame=004 slot=09 J_F= -1058.90 meanZ=60.88 SoC=0.9662
ep=0033 frame=005 slot=09 J_F=  -395.30 meanZ=53.52 SoC=0.9607
ep=0033 frame=006 slot=09 J_F=  -831.30 meanZ=48.38 SoC=0.9544
ep=0033 frame=007 slot=09 J_F= -1010.90 meanZ=42.74 SoC=0.9494
ep=0033 frame=008 slot=09 J_F=   -89.40 meanZ=37.90 SoC=0.9427
ep=0033 frame=009 slot=09 J_F=  -251.30 meanZ=33.20 SoC=0.9369
ep=0033 frame=010 slot=09 J_F=    -1.50 meanZ=30.00 SoC=0.9321
ep=0033 frame=011 slot=09 J_F=    47.50 meanZ=27.64 SoC=0.9253
ep=0033 frame=012 slot=09 J_F=   -54.70 meanZ=27.02 SoC=0.9199
ep=0033 frame=013 slot=09 J_F=   404.70 meanZ=25.96 SoC=0.9175
ep=0033 frame=014 slot=09 J_F=    25.00 meanZ=24.32 SoC=0.9121
ep=0033 frame=015 slot=09 J_F=   117.40 meanZ=22.46 SoC=0.9108
ep=0033 frame=016 slot=09 J_F=    90.70 meanZ=22.32 SoC=0.9064
ep=0033 frame=017 slot=09 J_F=   569.80 meanZ=22.84 SoC=0.9032
ep=0033 frame=018 slot=09 J_F=   237.30 meanZ=21.80 SoC=0.8978
ep=0033 frame=019 slot=09 J_F=    17.50 meanZ=20.66 SoC=0.8936
ep=0033 frame=020 slot=09 J_F=   240.20 meanZ=17.74 SoC=0.8900
ep=0033 frame=021 slot=09 J_F=   100.90 meanZ=16.36 SoC=0.8861
ep=0033 frame=022 slot=09 J_F=   284.50 meanZ=15.08 SoC=0.8800
ep=0033 frame=023 slot=09 J_F=   361.80 meanZ=14.42 SoC=0.8754
ep=0033 frame=024 slot=09 J_F=   256.40 meanZ=14.10 SoC=0.8715
ep=0033 frame=025 slot=09 J_F=   495.30 meanZ=12.64 SoC=0.8687
ep=0033 frame=026 slot=09 J_F=   370.90 meanZ=13.68 SoC=0.8647
ep=0033 frame=027 slot=09 J_F=   390.20 meanZ=14.18 SoC=0.8638
ep=0033 frame=028 slot=09 J_F=   761.00 meanZ=15.22 SoC=0.8584
ep=0033 frame=029 slot=09 J_F=   336.80 meanZ=15.72 SoC=0.8532
EP 0033 DPP/us= -10.539 orig/us=0.5016 stall=0.020 served=0.581 hire=0.777 Zcost=0.329 proj=0 dual=1.000 [4301s]
ep=0034 frame=000 slot=09 J_F= -2216.00 meanZ=88.86 SoC=0.9919
ep=0034 frame=001 slot=09 J_F= -1586.50 meanZ=83.72 SoC=0.9861
ep=0034 frame=002 slot=09 J_F= -1413.30 meanZ=76.06 SoC=0.9811
ep=0034 frame=003 slot=09 J_F=  -964.20 meanZ=68.94 SoC=0.9753
ep=0034 frame=004 slot=09 J_F= -1258.20 meanZ=61.88 SoC=0.9687
ep=0034 frame=005 slot=09 J_F= -1107.90 meanZ=55.42 SoC=0.9624
ep=0034 frame=006 slot=09 J_F=   254.10 meanZ=50.04 SoC=0.9558
ep=0034 frame=007 slot=09 J_F=  -302.20 meanZ=45.46 SoC=0.9485
ep=0034 frame=008 slot=09 J_F=  -285.70 meanZ=41.64 SoC=0.9438
ep=0034 frame=009 slot=09 J_F=   -53.50 meanZ=38.24 SoC=0.9370
ep=0034 frame=010 slot=09 J_F=  -541.20 meanZ=34.56 SoC=0.9307
ep=0034 frame=011 slot=09 J_F=    88.10 meanZ=29.02 SoC=0.9236
ep=0034 frame=012 slot=09 J_F=   526.30 meanZ=27.98 SoC=0.9171
ep=0034 frame=013 slot=09 J_F=   -40.50 meanZ=25.30 SoC=0.9108
ep=0034 frame=014 slot=09 J_F=   137.40 meanZ=24.06 SoC=0.9049
ep=0034 frame=015 slot=09 J_F=   324.20 meanZ=21.34 SoC=0.8994
ep=0034 frame=016 slot=09 J_F=   -73.20 meanZ=20.32 SoC=0.8947
ep=0034 frame=017 slot=09 J_F=   214.80 meanZ=18.24 SoC=0.8888
ep=0034 frame=018 slot=09 J_F=   301.30 meanZ=16.54 SoC=0.8841
ep=0034 frame=019 slot=09 J_F=   224.50 meanZ=15.44 SoC=0.8816
ep=0034 frame=020 slot=09 J_F=   190.60 meanZ=13.74 SoC=0.8781
ep=0034 frame=021 slot=09 J_F=    23.90 meanZ=13.08 SoC=0.8748
ep=0034 frame=022 slot=09 J_F=   277.90 meanZ=12.52 SoC=0.8714
ep=0034 frame=023 slot=09 J_F=    21.00 meanZ=11.22 SoC=0.8673
ep=0034 frame=024 slot=09 J_F=   440.60 meanZ=11.70 SoC=0.8631
ep=0034 frame=025 slot=09 J_F=   372.70 meanZ=12.44 SoC=0.8584
ep=0034 frame=026 slot=09 J_F=    15.90 meanZ=12.44 SoC=0.8543
ep=0034 frame=027 slot=09 J_F=    99.90 meanZ=11.26 SoC=0.8518
ep=0034 frame=028 slot=09 J_F=   572.70 meanZ=12.88 SoC=0.8513
ep=0034 frame=029 slot=09 J_F=   582.20 meanZ=14.50 SoC=0.8497
EP 0034 DPP/us= -10.669 orig/us=0.5014 stall=0.019 served=0.589 hire=0.787 Zcost=0.329 proj=0 dual=1.000 [4426s]
ep=0035 frame=000 slot=09 J_F= -3161.20 meanZ=88.36 SoC=0.9919
ep=0035 frame=001 slot=09 J_F= -1224.40 meanZ=82.98 SoC=0.9863
ep=0035 frame=002 slot=09 J_F= -2318.60 meanZ=74.90 SoC=0.9802
ep=0035 frame=003 slot=09 J_F= -1189.80 meanZ=68.58 SoC=0.9731
ep=0035 frame=004 slot=09 J_F= -1053.80 meanZ=60.64 SoC=0.9671
ep=0035 frame=005 slot=09 J_F=  -829.70 meanZ=54.42 SoC=0.9615
ep=0035 frame=006 slot=09 J_F=     9.90 meanZ=49.42 SoC=0.9539
ep=0035 frame=007 slot=09 J_F=  -409.70 meanZ=44.48 SoC=0.9466
ep=0035 frame=008 slot=09 J_F=    75.80 meanZ=40.24 SoC=0.9403
ep=0035 frame=009 slot=09 J_F=   100.00 meanZ=37.10 SoC=0.9337
ep=0035 frame=010 slot=09 J_F=  -321.70 meanZ=33.98 SoC=0.9297
ep=0035 frame=011 slot=09 J_F=   178.00 meanZ=31.82 SoC=0.9242
ep=0035 frame=012 slot=09 J_F=   518.00 meanZ=30.30 SoC=0.9195
ep=0035 frame=013 slot=09 J_F=   252.30 meanZ=27.50 SoC=0.9141
ep=0035 frame=014 slot=09 J_F=    70.90 meanZ=26.14 SoC=0.9099
ep=0035 frame=015 slot=09 J_F=  -180.70 meanZ=25.08 SoC=0.9058
ep=0035 frame=016 slot=09 J_F=   139.10 meanZ=26.76 SoC=0.9037
ep=0035 frame=017 slot=09 J_F=   227.50 meanZ=24.78 SoC=0.9004
ep=0035 frame=018 slot=09 J_F=   135.00 meanZ=23.10 SoC=0.8978
ep=0035 frame=019 slot=09 J_F=   545.60 meanZ=22.28 SoC=0.8962
ep=0035 frame=020 slot=09 J_F=   596.90 meanZ=21.42 SoC=0.8918
ep=0035 frame=021 slot=09 J_F=   636.70 meanZ=22.04 SoC=0.8881
ep=0035 frame=022 slot=09 J_F=   238.30 meanZ=20.50 SoC=0.8805
ep=0035 frame=023 slot=09 J_F=   420.60 meanZ=20.78 SoC=0.8777
ep=0035 frame=024 slot=09 J_F=   161.60 meanZ=20.48 SoC=0.8735
ep=0035 frame=025 slot=09 J_F=   428.10 meanZ=21.46 SoC=0.8731
ep=0035 frame=026 slot=09 J_F=   317.50 meanZ=21.34 SoC=0.8687
ep=0035 frame=027 slot=09 J_F=   401.10 meanZ=20.92 SoC=0.8645
ep=0035 frame=028 slot=09 J_F=    47.00 meanZ=20.96 SoC=0.8622
ep=0035 frame=029 slot=09 J_F=   568.20 meanZ=21.16 SoC=0.8575
EP 0035 DPP/us=  -9.545 orig/us=0.4863 stall=0.048 served=0.570 hire=0.773 Zcost=0.351 proj=0 dual=1.000 [4552s]
ep=0036 frame=000 slot=09 J_F= -3189.20 meanZ=87.84 SoC=0.9934
ep=0036 frame=001 slot=09 J_F=  -954.60 meanZ=80.80 SoC=0.9853
ep=0036 frame=002 slot=09 J_F=  -754.50 meanZ=75.94 SoC=0.9788
ep=0036 frame=003 slot=09 J_F=  -409.80 meanZ=71.78 SoC=0.9712
ep=0036 frame=004 slot=09 J_F= -1841.40 meanZ=65.98 SoC=0.9663
ep=0036 frame=005 slot=09 J_F= -1391.80 meanZ=59.22 SoC=0.9605
ep=0036 frame=006 slot=09 J_F= -1136.30 meanZ=52.50 SoC=0.9547
ep=0036 frame=007 slot=09 J_F=     8.30 meanZ=48.60 SoC=0.9502
ep=0036 frame=008 slot=09 J_F=  -728.10 meanZ=44.02 SoC=0.9448
ep=0036 frame=009 slot=09 J_F=     0.00 meanZ=39.98 SoC=0.9380
ep=0036 frame=010 slot=09 J_F=   214.40 meanZ=36.92 SoC=0.9343
ep=0036 frame=011 slot=09 J_F=    56.00 meanZ=33.48 SoC=0.9297
ep=0036 frame=012 slot=09 J_F=   513.50 meanZ=32.66 SoC=0.9216
ep=0036 frame=013 slot=09 J_F=   -95.00 meanZ=31.16 SoC=0.9177
ep=0036 frame=014 slot=09 J_F=   598.50 meanZ=31.50 SoC=0.9154
ep=0036 frame=015 slot=09 J_F=   202.90 meanZ=30.84 SoC=0.9104
ep=0036 frame=016 slot=09 J_F=   308.30 meanZ=30.26 SoC=0.9071
ep=0036 frame=017 slot=09 J_F=  -254.90 meanZ=28.34 SoC=0.9024
ep=0036 frame=018 slot=09 J_F=  -136.00 meanZ=27.90 SoC=0.8983
ep=0036 frame=019 slot=09 J_F=   744.80 meanZ=28.62 SoC=0.8967
ep=0036 frame=020 slot=09 J_F=   473.30 meanZ=28.42 SoC=0.8934
ep=0036 frame=021 slot=09 J_F=    -9.70 meanZ=29.10 SoC=0.8879
ep=0036 frame=022 slot=09 J_F=  -334.10 meanZ=29.16 SoC=0.8849
ep=0036 frame=023 slot=09 J_F=   429.90 meanZ=28.68 SoC=0.8786
ep=0036 frame=024 slot=09 J_F=   -73.40 meanZ=28.66 SoC=0.8733
ep=0036 frame=025 slot=09 J_F=   228.30 meanZ=26.90 SoC=0.8679
ep=0036 frame=026 slot=09 J_F=   112.70 meanZ=24.96 SoC=0.8639
ep=0036 frame=027 slot=09 J_F=   542.40 meanZ=24.32 SoC=0.8584
ep=0036 frame=028 slot=09 J_F=    59.80 meanZ=22.80 SoC=0.8527
ep=0036 frame=029 slot=09 J_F=  -268.20 meanZ=21.32 SoC=0.8490
EP 0036 DPP/us=  -9.426 orig/us=0.4956 stall=0.048 served=0.561 hire=0.783 Zcost=0.390 proj=0 dual=1.000 [4676s]
ep=0037 frame=000 slot=09 J_F= -2491.50 meanZ=88.44 SoC=0.9924
ep=0037 frame=001 slot=09 J_F= -1581.90 meanZ=81.82 SoC=0.9853
ep=0037 frame=002 slot=09 J_F= -1423.50 meanZ=74.46 SoC=0.9772
ep=0037 frame=003 slot=09 J_F=  -296.20 meanZ=69.44 SoC=0.9704
ep=0037 frame=004 slot=09 J_F=  -826.80 meanZ=62.24 SoC=0.9648
ep=0037 frame=005 slot=09 J_F=  -153.00 meanZ=57.48 SoC=0.9581
ep=0037 frame=006 slot=09 J_F=  -554.30 meanZ=51.36 SoC=0.9505
ep=0037 frame=007 slot=09 J_F=  -431.40 meanZ=47.38 SoC=0.9439
ep=0037 frame=008 slot=09 J_F=   273.20 meanZ=44.48 SoC=0.9371
ep=0037 frame=009 slot=09 J_F=  -416.50 meanZ=39.54 SoC=0.9326
ep=0037 frame=010 slot=09 J_F=   121.20 meanZ=37.20 SoC=0.9266
ep=0037 frame=011 slot=09 J_F=  -195.90 meanZ=34.16 SoC=0.9185
ep=0037 frame=012 slot=09 J_F=   -42.60 meanZ=31.90 SoC=0.9117
ep=0037 frame=013 slot=09 J_F=   359.00 meanZ=30.22 SoC=0.9052
ep=0037 frame=014 slot=09 J_F=  -285.20 meanZ=27.38 SoC=0.8979
ep=0037 frame=015 slot=09 J_F=   836.40 meanZ=26.74 SoC=0.8958
ep=0037 frame=016 slot=09 J_F=   223.10 meanZ=26.32 SoC=0.8909
ep=0037 frame=017 slot=09 J_F=   368.90 meanZ=25.32 SoC=0.8862
ep=0037 frame=018 slot=09 J_F=   207.80 meanZ=25.22 SoC=0.8807
ep=0037 frame=019 slot=09 J_F=   364.10 meanZ=24.28 SoC=0.8766
ep=0037 frame=020 slot=09 J_F=   125.40 meanZ=22.10 SoC=0.8701
ep=0037 frame=021 slot=09 J_F=    -1.40 meanZ=20.30 SoC=0.8654
ep=0037 frame=022 slot=09 J_F=    92.10 meanZ=18.38 SoC=0.8597
ep=0037 frame=023 slot=09 J_F=   741.80 meanZ=18.54 SoC=0.8539
ep=0037 frame=024 slot=09 J_F=   -11.00 meanZ=16.46 SoC=0.8505
ep=0037 frame=025 slot=09 J_F=   560.00 meanZ=15.90 SoC=0.8469
ep=0037 frame=026 slot=09 J_F=   411.60 meanZ=17.12 SoC=0.8444
ep=0037 frame=027 slot=09 J_F=  -118.70 meanZ=16.64 SoC=0.8405
ep=0037 frame=028 slot=09 J_F=   171.60 meanZ=14.46 SoC=0.8342
ep=0037 frame=029 slot=09 J_F=   206.40 meanZ=14.52 SoC=0.8296
EP 0037 DPP/us= -10.378 orig/us=0.5204 stall=0.025 served=0.581 hire=0.830 Zcost=0.357 proj=0 dual=1.000 [4802s]
ep=0038 frame=000 slot=09 J_F= -3945.90 meanZ=86.48 SoC=0.9937
ep=0038 frame=001 slot=09 J_F= -2902.00 meanZ=79.48 SoC=0.9866
ep=0038 frame=002 slot=09 J_F= -2387.40 meanZ=71.74 SoC=0.9800
ep=0038 frame=003 slot=09 J_F= -1158.40 meanZ=64.86 SoC=0.9741
ep=0038 frame=004 slot=09 J_F=  -686.70 meanZ=58.74 SoC=0.9660
ep=0038 frame=005 slot=09 J_F=  -412.50 meanZ=52.98 SoC=0.9584
ep=0038 frame=006 slot=09 J_F=  -475.60 meanZ=47.92 SoC=0.9526
ep=0038 frame=007 slot=09 J_F=  -167.70 meanZ=42.70 SoC=0.9465
ep=0038 frame=008 slot=09 J_F=  -629.00 meanZ=38.38 SoC=0.9412
ep=0038 frame=009 slot=09 J_F=   129.50 meanZ=32.36 SoC=0.9344
ep=0038 frame=010 slot=09 J_F=   220.50 meanZ=30.60 SoC=0.9300
ep=0038 frame=011 slot=09 J_F=  -502.70 meanZ=27.94 SoC=0.9240
ep=0038 frame=012 slot=09 J_F=   412.70 meanZ=28.42 SoC=0.9202
ep=0038 frame=013 slot=09 J_F=   450.30 meanZ=26.98 SoC=0.9173
ep=0038 frame=014 slot=09 J_F=   421.90 meanZ=26.58 SoC=0.9132
ep=0038 frame=015 slot=09 J_F=   691.70 meanZ=26.22 SoC=0.9077
ep=0038 frame=016 slot=09 J_F=  -180.80 meanZ=22.96 SoC=0.9035
ep=0038 frame=017 slot=09 J_F=    81.10 meanZ=23.28 SoC=0.9005
ep=0038 frame=018 slot=09 J_F=  -536.50 meanZ=21.10 SoC=0.8963
ep=0038 frame=019 slot=09 J_F=   569.00 meanZ=21.00 SoC=0.8927
ep=0038 frame=020 slot=09 J_F=   119.20 meanZ=19.88 SoC=0.8909
ep=0038 frame=021 slot=09 J_F=   271.60 meanZ=20.36 SoC=0.8894
ep=0038 frame=022 slot=09 J_F=    57.40 meanZ=19.26 SoC=0.8854
ep=0038 frame=023 slot=09 J_F=   305.50 meanZ=18.76 SoC=0.8807
ep=0038 frame=024 slot=09 J_F=   275.30 meanZ=17.64 SoC=0.8769
ep=0038 frame=025 slot=09 J_F=   445.10 meanZ=17.52 SoC=0.8717
ep=0038 frame=026 slot=09 J_F=   289.00 meanZ=15.26 SoC=0.8678
ep=0038 frame=027 slot=09 J_F=   426.50 meanZ=14.94 SoC=0.8644
ep=0038 frame=028 slot=09 J_F=   367.30 meanZ=15.06 SoC=0.8624
ep=0038 frame=029 slot=09 J_F=   432.50 meanZ=14.12 SoC=0.8579
EP 0038 DPP/us= -10.200 orig/us=0.5047 stall=0.030 served=0.602 hire=0.763 Zcost=0.330 proj=0 dual=1.000 [4926s]
ep=0039 frame=000 slot=09 J_F= -4025.50 meanZ=88.08 SoC=0.9937
ep=0039 frame=001 slot=09 J_F= -1666.20 meanZ=81.74 SoC=0.9869
ep=0039 frame=002 slot=09 J_F= -1547.30 meanZ=74.08 SoC=0.9812
ep=0039 frame=003 slot=09 J_F= -1595.30 meanZ=68.58 SoC=0.9759
ep=0039 frame=004 slot=09 J_F= -2242.70 meanZ=59.52 SoC=0.9688
ep=0039 frame=005 slot=09 J_F=  -586.30 meanZ=53.56 SoC=0.9622
ep=0039 frame=006 slot=09 J_F=  -626.40 meanZ=48.36 SoC=0.9575
ep=0039 frame=007 slot=09 J_F=     2.20 meanZ=42.68 SoC=0.9523
ep=0039 frame=008 slot=09 J_F=   -97.40 meanZ=38.68 SoC=0.9478
ep=0039 frame=009 slot=09 J_F=   510.30 meanZ=36.04 SoC=0.9410
ep=0039 frame=010 slot=09 J_F=  -113.60 meanZ=33.60 SoC=0.9358
ep=0039 frame=011 slot=09 J_F=   358.10 meanZ=32.16 SoC=0.9295
ep=0039 frame=012 slot=09 J_F=    92.50 meanZ=28.02 SoC=0.9227
ep=0039 frame=013 slot=09 J_F=   -73.10 meanZ=25.84 SoC=0.9209
ep=0039 frame=014 slot=09 J_F=   301.50 meanZ=24.44 SoC=0.9172
ep=0039 frame=015 slot=09 J_F=   269.40 meanZ=23.18 SoC=0.9131
ep=0039 frame=016 slot=09 J_F=  -243.80 meanZ=21.66 SoC=0.9089
ep=0039 frame=017 slot=09 J_F=   739.30 meanZ=20.92 SoC=0.9066
ep=0039 frame=018 slot=09 J_F=  -115.80 meanZ=21.22 SoC=0.9024
ep=0039 frame=019 slot=09 J_F=   395.50 meanZ=21.58 SoC=0.8996
ep=0039 frame=020 slot=09 J_F=   185.30 meanZ=21.66 SoC=0.8997
ep=0039 frame=021 slot=09 J_F=   463.50 meanZ=20.94 SoC=0.8970
ep=0039 frame=022 slot=09 J_F=   250.50 meanZ=21.34 SoC=0.8942
ep=0039 frame=023 slot=09 J_F=   636.90 meanZ=22.70 SoC=0.8884
ep=0039 frame=024 slot=09 J_F=   440.70 meanZ=23.14 SoC=0.8846
ep=0039 frame=025 slot=09 J_F=   140.20 meanZ=21.48 SoC=0.8844
ep=0039 frame=026 slot=09 J_F=   149.60 meanZ=20.98 SoC=0.8831
ep=0039 frame=027 slot=09 J_F=   -76.60 meanZ=20.32 SoC=0.8789
ep=0039 frame=028 slot=09 J_F=   465.30 meanZ=21.96 SoC=0.8742
ep=0039 frame=029 slot=09 J_F=   173.30 meanZ=21.70 SoC=0.8706
EP 0039 DPP/us=  -9.623 orig/us=0.4861 stall=0.040 served=0.579 hire=0.747 Zcost=0.340 proj=0 dual=1.000 [5052s]
ep=0040 frame=000 slot=09 J_F= -2839.50 meanZ=88.18 SoC=0.9924
ep=0040 frame=001 slot=09 J_F= -1996.60 meanZ=81.70 SoC=0.9853
ep=0040 frame=002 slot=09 J_F= -2056.50 meanZ=74.58 SoC=0.9772
ep=0040 frame=003 slot=09 J_F=   115.20 meanZ=69.60 SoC=0.9701
ep=0040 frame=004 slot=09 J_F= -1192.60 meanZ=62.38 SoC=0.9643
ep=0040 frame=005 slot=09 J_F=  -426.80 meanZ=57.64 SoC=0.9594
ep=0040 frame=006 slot=09 J_F= -1032.40 meanZ=50.48 SoC=0.9536
ep=0040 frame=007 slot=09 J_F=   238.40 meanZ=45.24 SoC=0.9478
ep=0040 frame=008 slot=09 J_F=   -61.20 meanZ=41.02 SoC=0.9402
ep=0040 frame=009 slot=09 J_F=    78.40 meanZ=38.00 SoC=0.9334
ep=0040 frame=010 slot=09 J_F=    15.10 meanZ=34.74 SoC=0.9266
ep=0040 frame=011 slot=09 J_F=   419.70 meanZ=31.86 SoC=0.9217
ep=0040 frame=012 slot=09 J_F=    50.90 meanZ=27.70 SoC=0.9141
ep=0040 frame=013 slot=09 J_F=   155.50 meanZ=25.82 SoC=0.9086
ep=0040 frame=014 slot=09 J_F=   255.40 meanZ=25.18 SoC=0.9041
ep=0040 frame=015 slot=09 J_F=  -388.20 meanZ=21.26 SoC=0.8984
ep=0040 frame=016 slot=09 J_F=   448.30 meanZ=20.24 SoC=0.8939
ep=0040 frame=017 slot=09 J_F=   380.80 meanZ=20.90 SoC=0.8887
ep=0040 frame=018 slot=09 J_F=   214.30 meanZ=19.64 SoC=0.8862
ep=0040 frame=019 slot=09 J_F=  -175.70 meanZ=18.98 SoC=0.8849
ep=0040 frame=020 slot=09 J_F=   358.60 meanZ=18.76 SoC=0.8802
ep=0040 frame=021 slot=09 J_F=   299.00 meanZ=18.16 SoC=0.8753
ep=0040 frame=022 slot=09 J_F=   -52.70 meanZ=17.70 SoC=0.8722
ep=0040 frame=023 slot=09 J_F=   554.90 meanZ=16.22 SoC=0.8654
ep=0040 frame=024 slot=09 J_F=   334.20 meanZ=16.82 SoC=0.8613
ep=0040 frame=025 slot=09 J_F=    69.70 meanZ=17.54 SoC=0.8550
ep=0040 frame=026 slot=09 J_F=   289.00 meanZ=17.36 SoC=0.8487
ep=0040 frame=027 slot=09 J_F=  -169.20 meanZ=15.84 SoC=0.8446
ep=0040 frame=028 slot=09 J_F=   477.40 meanZ=17.68 SoC=0.8417
ep=0040 frame=029 slot=09 J_F=   507.50 meanZ=17.34 SoC=0.8394
EP 0040 DPP/us= -10.191 orig/us=0.5020 stall=0.031 served=0.582 hire=0.817 Zcost=0.345 proj=0 dual=1.000 [5182s]
ep=0041 frame=000 slot=09 J_F= -3580.70 meanZ=87.04 SoC=0.9924
ep=0041 frame=001 slot=09 J_F= -2308.40 meanZ=81.34 SoC=0.9853
ep=0041 frame=002 slot=09 J_F=  -252.30 meanZ=74.36 SoC=0.9777
ep=0041 frame=003 slot=09 J_F=  -908.50 meanZ=69.18 SoC=0.9722
ep=0041 frame=004 slot=09 J_F=  -304.70 meanZ=64.88 SoC=0.9676
ep=0041 frame=005 slot=09 J_F= -1139.70 meanZ=59.34 SoC=0.9600
ep=0041 frame=006 slot=09 J_F=  -586.10 meanZ=53.72 SoC=0.9534
ep=0041 frame=007 slot=09 J_F= -1035.40 meanZ=47.36 SoC=0.9463
ep=0041 frame=008 slot=09 J_F=   203.20 meanZ=44.22 SoC=0.9416
ep=0041 frame=009 slot=09 J_F=  -723.50 meanZ=38.18 SoC=0.9348
ep=0041 frame=010 slot=09 J_F=     0.50 meanZ=34.06 SoC=0.9278
ep=0041 frame=011 slot=09 J_F=   125.20 meanZ=31.00 SoC=0.9238
ep=0041 frame=012 slot=09 J_F=   134.80 meanZ=27.24 SoC=0.9178
ep=0041 frame=013 slot=09 J_F=   202.00 meanZ=26.20 SoC=0.9144
ep=0041 frame=014 slot=09 J_F=    50.90 meanZ=22.92 SoC=0.9100
ep=0041 frame=015 slot=09 J_F=   508.00 meanZ=22.68 SoC=0.9064
ep=0041 frame=016 slot=09 J_F=   113.80 meanZ=19.82 SoC=0.9022
ep=0041 frame=017 slot=09 J_F=   409.80 meanZ=18.74 SoC=0.8978
ep=0041 frame=018 slot=09 J_F=    97.30 meanZ=18.36 SoC=0.8941
ep=0041 frame=019 slot=09 J_F=   320.90 meanZ=17.80 SoC=0.8907
ep=0041 frame=020 slot=09 J_F=   291.50 meanZ=17.86 SoC=0.8857
ep=0041 frame=021 slot=09 J_F=   258.50 meanZ=16.80 SoC=0.8829
ep=0041 frame=022 slot=09 J_F=   533.80 meanZ=16.60 SoC=0.8819
ep=0041 frame=023 slot=09 J_F=   171.10 meanZ=15.98 SoC=0.8756
ep=0041 frame=024 slot=09 J_F=   357.60 meanZ=15.18 SoC=0.8704
ep=0041 frame=025 slot=09 J_F=   368.60 meanZ=17.08 SoC=0.8692
ep=0041 frame=026 slot=09 J_F=   654.00 meanZ=17.84 SoC=0.8637
ep=0041 frame=027 slot=09 J_F=   307.10 meanZ=16.78 SoC=0.8596
ep=0041 frame=028 slot=09 J_F=   199.30 meanZ=15.84 SoC=0.8546
ep=0041 frame=029 slot=09 J_F=   497.70 meanZ=17.14 SoC=0.8491
EP 0041 DPP/us= -10.026 orig/us=0.5016 stall=0.022 served=0.583 hire=0.793 Zcost=0.344 proj=0 dual=1.000 [5307s]
ep=0042 frame=000 slot=09 J_F= -2966.00 meanZ=88.26 SoC=0.9924
ep=0042 frame=001 slot=09 J_F= -2524.30 meanZ=80.26 SoC=0.9853
ep=0042 frame=002 slot=09 J_F=  -816.80 meanZ=75.44 SoC=0.9785
ep=0042 frame=003 slot=09 J_F=  -834.40 meanZ=71.28 SoC=0.9727
ep=0042 frame=004 slot=09 J_F= -1006.10 meanZ=64.74 SoC=0.9662
ep=0042 frame=005 slot=09 J_F= -1125.70 meanZ=57.80 SoC=0.9594
ep=0042 frame=006 slot=09 J_F=  -354.80 meanZ=53.62 SoC=0.9541
ep=0042 frame=007 slot=09 J_F=  -675.20 meanZ=48.98 SoC=0.9499
ep=0042 frame=008 slot=09 J_F=   145.80 meanZ=46.58 SoC=0.9452
ep=0042 frame=009 slot=09 J_F=  -508.90 meanZ=42.30 SoC=0.9391
ep=0042 frame=010 slot=09 J_F=  -125.80 meanZ=40.38 SoC=0.9331
ep=0042 frame=011 slot=09 J_F=   -26.00 meanZ=37.42 SoC=0.9277
ep=0042 frame=012 slot=09 J_F=  -493.80 meanZ=33.62 SoC=0.9217
ep=0042 frame=013 slot=09 J_F=  -422.50 meanZ=32.00 SoC=0.9164
ep=0042 frame=014 slot=09 J_F=   -20.10 meanZ=28.04 SoC=0.9096
ep=0042 frame=015 slot=09 J_F=  -194.00 meanZ=25.14 SoC=0.9050
ep=0042 frame=016 slot=09 J_F=   254.20 meanZ=22.56 SoC=0.8985
ep=0042 frame=017 slot=09 J_F=   498.80 meanZ=21.70 SoC=0.8948
ep=0042 frame=018 slot=09 J_F=   150.90 meanZ=21.04 SoC=0.8928
ep=0042 frame=019 slot=09 J_F=   271.50 meanZ=20.66 SoC=0.8905
ep=0042 frame=020 slot=09 J_F=   240.00 meanZ=20.54 SoC=0.8863
ep=0042 frame=021 slot=09 J_F=   338.30 meanZ=20.34 SoC=0.8816
ep=0042 frame=022 slot=09 J_F=   397.70 meanZ=18.82 SoC=0.8765
ep=0042 frame=023 slot=09 J_F=   466.60 meanZ=19.50 SoC=0.8741
ep=0042 frame=024 slot=09 J_F=   719.20 meanZ=20.26 SoC=0.8723
ep=0042 frame=025 slot=09 J_F=    48.50 meanZ=18.68 SoC=0.8679
ep=0042 frame=026 slot=09 J_F=   533.40 meanZ=19.40 SoC=0.8643
ep=0042 frame=027 slot=09 J_F=   340.80 meanZ=19.50 SoC=0.8633
ep=0042 frame=028 slot=09 J_F=   359.50 meanZ=17.96 SoC=0.8565
ep=0042 frame=029 slot=09 J_F=   167.40 meanZ=17.40 SoC=0.8532
EP 0042 DPP/us=  -9.733 orig/us=0.5035 stall=0.028 served=0.582 hire=0.777 Zcost=0.370 proj=0 dual=1.000 [5432s]
ep=0043 frame=000 slot=09 J_F= -4395.90 meanZ=88.40 SoC=0.9934
ep=0043 frame=001 slot=09 J_F= -2238.30 meanZ=80.84 SoC=0.9868
ep=0043 frame=002 slot=09 J_F= -2113.70 meanZ=73.14 SoC=0.9802
ep=0043 frame=003 slot=09 J_F= -1580.10 meanZ=64.88 SoC=0.9731
ep=0043 frame=004 slot=09 J_F= -1535.50 meanZ=57.32 SoC=0.9669
ep=0043 frame=005 slot=09 J_F=  -934.60 meanZ=51.64 SoC=0.9616
ep=0043 frame=006 slot=09 J_F=  -529.80 meanZ=46.04 SoC=0.9548
ep=0043 frame=007 slot=09 J_F=  -288.20 meanZ=39.06 SoC=0.9477
ep=0043 frame=008 slot=09 J_F=  -107.60 meanZ=35.72 SoC=0.9404
ep=0043 frame=009 slot=09 J_F=  -314.30 meanZ=32.22 SoC=0.9333
ep=0043 frame=010 slot=09 J_F=  -346.60 meanZ=27.66 SoC=0.9275
ep=0043 frame=011 slot=09 J_F=   174.70 meanZ=24.86 SoC=0.9208
ep=0043 frame=012 slot=09 J_F=   206.10 meanZ=23.62 SoC=0.9140
ep=0043 frame=013 slot=09 J_F=   306.70 meanZ=22.50 SoC=0.9103
ep=0043 frame=014 slot=09 J_F=   445.50 meanZ=20.96 SoC=0.9067
ep=0043 frame=015 slot=09 J_F=    64.90 meanZ=22.02 SoC=0.9028
ep=0043 frame=016 slot=09 J_F=    14.20 meanZ=20.66 SoC=0.8984
ep=0043 frame=017 slot=09 J_F=   453.80 meanZ=20.04 SoC=0.8934
ep=0043 frame=018 slot=09 J_F=   543.80 meanZ=21.32 SoC=0.8916
ep=0043 frame=019 slot=09 J_F=   359.90 meanZ=21.74 SoC=0.8879
ep=0043 frame=020 slot=09 J_F=   238.10 meanZ=20.08 SoC=0.8851
ep=0043 frame=021 slot=09 J_F=   673.30 meanZ=22.32 SoC=0.8825
ep=0043 frame=022 slot=09 J_F=    51.10 meanZ=20.72 SoC=0.8801
ep=0043 frame=023 slot=09 J_F=   192.20 meanZ=18.72 SoC=0.8757
ep=0043 frame=024 slot=09 J_F=   474.50 meanZ=19.36 SoC=0.8710
ep=0043 frame=025 slot=09 J_F=   432.20 meanZ=19.24 SoC=0.8665
ep=0043 frame=026 slot=09 J_F=   436.30 meanZ=19.18 SoC=0.8642
ep=0043 frame=027 slot=09 J_F=   349.70 meanZ=18.74 SoC=0.8601
ep=0043 frame=028 slot=09 J_F=    82.30 meanZ=16.72 SoC=0.8543
ep=0043 frame=029 slot=09 J_F=   224.00 meanZ=15.26 SoC=0.8507
EP 0043 DPP/us= -10.104 orig/us=0.5076 stall=0.023 served=0.598 hire=0.803 Zcost=0.328 proj=0 dual=1.000 [5560s]
ep=0044 frame=000 slot=09 J_F= -1825.80 meanZ=88.88 SoC=0.9919
ep=0044 frame=001 slot=09 J_F= -1188.60 meanZ=82.60 SoC=0.9861
ep=0044 frame=002 slot=09 J_F= -1479.60 meanZ=76.68 SoC=0.9798
ep=0044 frame=003 slot=09 J_F=  -925.80 meanZ=68.82 SoC=0.9722
ep=0044 frame=004 slot=09 J_F=  -623.60 meanZ=63.84 SoC=0.9660
ep=0044 frame=005 slot=09 J_F=   323.80 meanZ=58.98 SoC=0.9620
ep=0044 frame=006 slot=09 J_F= -1852.30 meanZ=50.44 SoC=0.9562
ep=0044 frame=007 slot=09 J_F=  -179.50 meanZ=46.12 SoC=0.9491
ep=0044 frame=008 slot=09 J_F=   226.70 meanZ=43.18 SoC=0.9432
ep=0044 frame=009 slot=09 J_F=   470.90 meanZ=40.06 SoC=0.9369
ep=0044 frame=010 slot=09 J_F=  -210.50 meanZ=36.66 SoC=0.9301
ep=0044 frame=011 slot=09 J_F=   716.50 meanZ=35.40 SoC=0.9230
ep=0044 frame=012 slot=09 J_F=     2.60 meanZ=33.84 SoC=0.9175
ep=0044 frame=013 slot=09 J_F=   242.00 meanZ=32.26 SoC=0.9126
ep=0044 frame=014 slot=09 J_F=  -381.40 meanZ=29.82 SoC=0.9063
ep=0044 frame=015 slot=09 J_F=  -140.40 meanZ=28.74 SoC=0.9003
ep=0044 frame=016 slot=09 J_F=   -71.40 meanZ=26.32 SoC=0.8971
ep=0044 frame=017 slot=09 J_F=  -324.10 meanZ=23.62 SoC=0.8909
ep=0044 frame=018 slot=09 J_F=   105.90 meanZ=22.58 SoC=0.8851
ep=0044 frame=019 slot=09 J_F=   439.00 meanZ=23.00 SoC=0.8793
ep=0044 frame=020 slot=09 J_F=   251.30 meanZ=21.64 SoC=0.8746
ep=0044 frame=021 slot=09 J_F=   334.90 meanZ=20.22 SoC=0.8708
ep=0044 frame=022 slot=09 J_F=   409.30 meanZ=19.46 SoC=0.8669
ep=0044 frame=023 slot=09 J_F=   261.50 meanZ=19.12 SoC=0.8628
ep=0044 frame=024 slot=09 J_F=   169.60 meanZ=19.74 SoC=0.8613
ep=0044 frame=025 slot=09 J_F=   152.60 meanZ=18.50 SoC=0.8598
ep=0044 frame=026 slot=09 J_F=   158.50 meanZ=19.94 SoC=0.8564
ep=0044 frame=027 slot=09 J_F=   786.60 meanZ=19.58 SoC=0.8536
ep=0044 frame=028 slot=09 J_F=   691.20 meanZ=21.38 SoC=0.8515
ep=0044 frame=029 slot=09 J_F=   243.10 meanZ=20.64 SoC=0.8469
EP 0044 DPP/us=  -9.735 orig/us=0.5012 stall=0.032 served=0.581 hire=0.790 Zcost=0.365 proj=0 dual=1.000 [5686s]
ep=0045 frame=000 slot=09 J_F= -2682.80 meanZ=88.12 SoC=0.9924
ep=0045 frame=001 slot=09 J_F= -1055.60 meanZ=80.48 SoC=0.9866
ep=0045 frame=002 slot=09 J_F= -1943.30 meanZ=72.38 SoC=0.9798
ep=0045 frame=003 slot=09 J_F=  -751.10 meanZ=65.36 SoC=0.9738
ep=0045 frame=004 slot=09 J_F=  -889.70 meanZ=58.82 SoC=0.9685
ep=0045 frame=005 slot=09 J_F=  -154.00 meanZ=50.82 SoC=0.9622
ep=0045 frame=006 slot=09 J_F=  -513.90 meanZ=45.06 SoC=0.9564
ep=0045 frame=007 slot=09 J_F=  -325.10 meanZ=39.58 SoC=0.9493
ep=0045 frame=008 slot=09 J_F=  -212.30 meanZ=35.58 SoC=0.9439
ep=0045 frame=009 slot=09 J_F=  -504.50 meanZ=31.86 SoC=0.9381
ep=0045 frame=010 slot=09 J_F=   183.00 meanZ=28.20 SoC=0.9331
ep=0045 frame=011 slot=09 J_F=   234.60 meanZ=24.78 SoC=0.9298
ep=0045 frame=012 slot=09 J_F=   338.20 meanZ=22.10 SoC=0.9248
ep=0045 frame=013 slot=09 J_F=    70.60 meanZ=19.06 SoC=0.9190
ep=0045 frame=014 slot=09 J_F=   261.80 meanZ=16.34 SoC=0.9131
ep=0045 frame=015 slot=09 J_F=   359.40 meanZ=16.64 SoC=0.9097
ep=0045 frame=016 slot=09 J_F=   248.30 meanZ=15.10 SoC=0.9029
ep=0045 frame=017 slot=09 J_F=   467.50 meanZ=14.08 SoC=0.8983
ep=0045 frame=018 slot=09 J_F=   244.80 meanZ=13.92 SoC=0.8954
ep=0045 frame=019 slot=09 J_F=   365.80 meanZ=14.56 SoC=0.8944
ep=0045 frame=020 slot=09 J_F=    28.60 meanZ=14.34 SoC=0.8921
ep=0045 frame=021 slot=09 J_F=   271.30 meanZ=12.88 SoC=0.8876
ep=0045 frame=022 slot=09 J_F=   112.80 meanZ=12.24 SoC=0.8838
ep=0045 frame=023 slot=09 J_F=  -153.90 meanZ=12.12 SoC=0.8825
ep=0045 frame=024 slot=09 J_F=   347.70 meanZ=11.24 SoC=0.8789
ep=0045 frame=025 slot=09 J_F=   436.70 meanZ=12.34 SoC=0.8769
ep=0045 frame=026 slot=09 J_F=   406.30 meanZ=11.50 SoC=0.8722
ep=0045 frame=027 slot=09 J_F=   165.60 meanZ=10.62 SoC=0.8705
ep=0045 frame=028 slot=09 J_F=    81.80 meanZ=9.38 SoC=0.8650
ep=0045 frame=029 slot=09 J_F=   462.10 meanZ=9.32 SoC=0.8614
EP 0045 DPP/us= -10.593 orig/us=0.5196 stall=0.012 served=0.617 hire=0.753 Zcost=0.295 proj=0 dual=1.000 [5816s]
ep=0046 frame=000 slot=09 J_F= -2917.10 meanZ=88.22 SoC=0.9929
ep=0046 frame=001 slot=09 J_F= -1601.90 meanZ=80.98 SoC=0.9853
ep=0046 frame=002 slot=09 J_F=  -843.70 meanZ=74.20 SoC=0.9777
ep=0046 frame=003 slot=09 J_F= -2083.20 meanZ=66.72 SoC=0.9701
ep=0046 frame=004 slot=09 J_F= -1284.10 meanZ=59.72 SoC=0.9638
ep=0046 frame=005 slot=09 J_F=  -832.30 meanZ=52.62 SoC=0.9567
ep=0046 frame=006 slot=09 J_F=  -342.90 meanZ=46.74 SoC=0.9513
ep=0046 frame=007 slot=09 J_F=  -490.60 meanZ=40.70 SoC=0.9445
ep=0046 frame=008 slot=09 J_F=   -41.60 meanZ=37.14 SoC=0.9395
ep=0046 frame=009 slot=09 J_F=  -151.00 meanZ=33.84 SoC=0.9347
ep=0046 frame=010 slot=09 J_F=    50.90 meanZ=32.26 SoC=0.9285
ep=0046 frame=011 slot=09 J_F=  -303.60 meanZ=29.58 SoC=0.9240
ep=0046 frame=012 slot=09 J_F=   440.50 meanZ=28.82 SoC=0.9202
ep=0046 frame=013 slot=09 J_F=  -177.30 meanZ=26.14 SoC=0.9131
ep=0046 frame=014 slot=09 J_F=  -244.30 meanZ=24.04 SoC=0.9073
ep=0046 frame=015 slot=09 J_F=  -299.20 meanZ=22.38 SoC=0.9034
ep=0046 frame=016 slot=09 J_F=    81.80 meanZ=20.44 SoC=0.8971
ep=0046 frame=017 slot=09 J_F=    11.40 meanZ=19.94 SoC=0.8909
ep=0046 frame=018 slot=09 J_F=   293.50 meanZ=19.72 SoC=0.8857
ep=0046 frame=019 slot=09 J_F=   128.20 meanZ=17.40 SoC=0.8802
ep=0046 frame=020 slot=09 J_F=    14.60 meanZ=17.14 SoC=0.8746
ep=0046 frame=021 slot=09 J_F=   560.70 meanZ=19.04 SoC=0.8717
ep=0046 frame=022 slot=09 J_F=    42.90 meanZ=16.94 SoC=0.8673
ep=0046 frame=023 slot=09 J_F=   262.90 meanZ=16.98 SoC=0.8634
ep=0046 frame=024 slot=09 J_F=   461.90 meanZ=17.38 SoC=0.8596
ep=0046 frame=025 slot=09 J_F=   -71.60 meanZ=15.92 SoC=0.8565
ep=0046 frame=026 slot=09 J_F=   236.00 meanZ=16.64 SoC=0.8529
ep=0046 frame=027 slot=09 J_F=   107.30 meanZ=16.90 SoC=0.8503
ep=0046 frame=028 slot=09 J_F=    22.60 meanZ=16.06 SoC=0.8440
ep=0046 frame=029 slot=09 J_F=   488.60 meanZ=16.58 SoC=0.8392
EP 0046 DPP/us= -10.223 orig/us=0.5049 stall=0.031 served=0.603 hire=0.797 Zcost=0.325 proj=0 dual=1.000 [5943s]
ep=0047 frame=000 slot=09 J_F= -3172.70 meanZ=86.98 SoC=0.9919
ep=0047 frame=001 slot=09 J_F=  -830.70 meanZ=79.88 SoC=0.9853
ep=0047 frame=002 slot=09 J_F= -1964.20 meanZ=72.68 SoC=0.9792
ep=0047 frame=003 slot=09 J_F=  -951.10 meanZ=65.28 SoC=0.9716
ep=0047 frame=004 slot=09 J_F=  -997.50 meanZ=58.52 SoC=0.9635
ep=0047 frame=005 slot=09 J_F= -1139.00 meanZ=51.64 SoC=0.9579
ep=0047 frame=006 slot=09 J_F=  -161.90 meanZ=46.62 SoC=0.9525
ep=0047 frame=007 slot=09 J_F=  -256.50 meanZ=41.52 SoC=0.9475
ep=0047 frame=008 slot=09 J_F=    38.70 meanZ=39.08 SoC=0.9420
ep=0047 frame=009 slot=09 J_F=   316.10 meanZ=37.26 SoC=0.9371
ep=0047 frame=010 slot=09 J_F=   240.40 meanZ=35.06 SoC=0.9331
ep=0047 frame=011 slot=09 J_F=   327.80 meanZ=32.64 SoC=0.9273
ep=0047 frame=012 slot=09 J_F=   149.30 meanZ=32.06 SoC=0.9232
ep=0047 frame=013 slot=09 J_F=   330.50 meanZ=30.18 SoC=0.9185
ep=0047 frame=014 slot=09 J_F=   211.30 meanZ=28.24 SoC=0.9117
ep=0047 frame=015 slot=09 J_F=    53.50 meanZ=26.14 SoC=0.9046
ep=0047 frame=016 slot=09 J_F=   691.20 meanZ=27.40 SoC=0.9010
ep=0047 frame=017 slot=09 J_F=  -430.60 meanZ=23.72 SoC=0.8955
ep=0047 frame=018 slot=09 J_F=   318.50 meanZ=23.20 SoC=0.8898
ep=0047 frame=019 slot=09 J_F=    -1.00 meanZ=22.78 SoC=0.8845
ep=0047 frame=020 slot=09 J_F=   512.90 meanZ=22.04 SoC=0.8793
ep=0047 frame=021 slot=09 J_F=   257.10 meanZ=20.68 SoC=0.8757
ep=0047 frame=022 slot=09 J_F=   -55.90 meanZ=20.36 SoC=0.8712
ep=0047 frame=023 slot=09 J_F=   243.00 meanZ=19.14 SoC=0.8654
ep=0047 frame=024 slot=09 J_F=  -226.30 meanZ=16.86 SoC=0.8618
ep=0047 frame=025 slot=09 J_F=   381.60 meanZ=17.40 SoC=0.8563
ep=0047 frame=026 slot=09 J_F=   476.90 meanZ=16.28 SoC=0.8502
ep=0047 frame=027 slot=09 J_F=  -196.40 meanZ=16.68 SoC=0.8458
ep=0047 frame=028 slot=09 J_F=   423.50 meanZ=17.32 SoC=0.8403
ep=0047 frame=029 slot=09 J_F=   198.50 meanZ=16.22 SoC=0.8330
EP 0047 DPP/us=  -9.942 orig/us=0.5195 stall=0.014 served=0.593 hire=0.853 Zcost=0.345 proj=0 dual=1.000 [6069s]
ep=0048 frame=000 slot=09 J_F= -3159.70 meanZ=87.12 SoC=0.9932
ep=0048 frame=001 slot=09 J_F= -1000.30 meanZ=81.72 SoC=0.9866
ep=0048 frame=002 slot=09 J_F= -2620.40 meanZ=74.18 SoC=0.9790
ep=0048 frame=003 slot=09 J_F= -1483.40 meanZ=66.36 SoC=0.9722
ep=0048 frame=004 slot=09 J_F= -1281.40 meanZ=59.58 SoC=0.9651
ep=0048 frame=005 slot=09 J_F=  -423.10 meanZ=55.44 SoC=0.9592
ep=0048 frame=006 slot=09 J_F=  -479.10 meanZ=49.62 SoC=0.9539
ep=0048 frame=007 slot=09 J_F=  -604.10 meanZ=44.04 SoC=0.9513
ep=0048 frame=008 slot=09 J_F=  -496.50 meanZ=39.02 SoC=0.9437
ep=0048 frame=009 slot=09 J_F=   190.10 meanZ=37.44 SoC=0.9387
ep=0048 frame=010 slot=09 J_F=   281.30 meanZ=35.50 SoC=0.9306
ep=0048 frame=011 slot=09 J_F=   506.50 meanZ=35.68 SoC=0.9243
ep=0048 frame=012 slot=09 J_F=   -74.50 meanZ=34.32 SoC=0.9204
ep=0048 frame=013 slot=09 J_F=   -25.90 meanZ=34.16 SoC=0.9156
ep=0048 frame=014 slot=09 J_F=   112.90 meanZ=31.56 SoC=0.9106
ep=0048 frame=015 slot=09 J_F=   534.40 meanZ=31.14 SoC=0.9065
ep=0048 frame=016 slot=09 J_F=  -313.60 meanZ=30.12 SoC=0.9010
ep=0048 frame=017 slot=09 J_F=  -180.10 meanZ=27.40 SoC=0.8934
ep=0048 frame=018 slot=09 J_F=    43.10 meanZ=27.92 SoC=0.8882
ep=0048 frame=019 slot=09 J_F=  -222.50 meanZ=26.12 SoC=0.8819
ep=0048 frame=020 slot=09 J_F=  -175.50 meanZ=24.30 SoC=0.8757
ep=0048 frame=021 slot=09 J_F=   423.20 meanZ=23.30 SoC=0.8720
ep=0048 frame=022 slot=09 J_F=   450.00 meanZ=24.14 SoC=0.8692
ep=0048 frame=023 slot=09 J_F=  -167.00 meanZ=22.50 SoC=0.8627
ep=0048 frame=024 slot=09 J_F=   420.30 meanZ=23.28 SoC=0.8580
ep=0048 frame=025 slot=09 J_F=   133.90 meanZ=21.46 SoC=0.8526
ep=0048 frame=026 slot=09 J_F=   598.40 meanZ=20.94 SoC=0.8500
ep=0048 frame=027 slot=09 J_F=   140.50 meanZ=21.30 SoC=0.8440
ep=0048 frame=028 slot=09 J_F=   181.80 meanZ=20.04 SoC=0.8394
ep=0048 frame=029 slot=09 J_F=   324.40 meanZ=20.82 SoC=0.8374
EP 0048 DPP/us=  -9.590 orig/us=0.5061 stall=0.028 served=0.583 hire=0.817 Zcost=0.364 proj=0 dual=1.000 [6197s]
ep=0049 frame=000 slot=09 J_F= -3074.50 meanZ=88.84 SoC=0.9919
ep=0049 frame=001 slot=09 J_F= -1887.60 meanZ=82.10 SoC=0.9863
ep=0049 frame=002 slot=09 J_F= -2107.00 meanZ=75.30 SoC=0.9792
ep=0049 frame=003 slot=09 J_F= -1348.40 meanZ=69.70 SoC=0.9729
ep=0049 frame=004 slot=09 J_F= -1744.30 meanZ=61.52 SoC=0.9658
ep=0049 frame=005 slot=09 J_F=  -760.20 meanZ=55.10 SoC=0.9588
ep=0049 frame=006 slot=09 J_F=  -805.50 meanZ=49.80 SoC=0.9512
ep=0049 frame=007 slot=09 J_F=  -512.50 meanZ=44.36 SoC=0.9444
ep=0049 frame=008 slot=09 J_F=  -366.80 meanZ=38.90 SoC=0.9378
ep=0049 frame=009 slot=09 J_F=  -241.70 meanZ=33.30 SoC=0.9320
ep=0049 frame=010 slot=09 J_F=   218.90 meanZ=30.04 SoC=0.9262
ep=0049 frame=011 slot=09 J_F=    58.60 meanZ=28.58 SoC=0.9194
ep=0049 frame=012 slot=09 J_F=   653.30 meanZ=26.98 SoC=0.9129
ep=0049 frame=013 slot=09 J_F=   455.70 meanZ=25.58 SoC=0.9083
ep=0049 frame=014 slot=09 J_F=   202.60 meanZ=24.78 SoC=0.9028
ep=0049 frame=015 slot=09 J_F=  -253.10 meanZ=23.02 SoC=0.8973
ep=0049 frame=016 slot=09 J_F=   238.70 meanZ=23.58 SoC=0.8919
ep=0049 frame=017 slot=09 J_F=   -58.70 meanZ=22.64 SoC=0.8867
ep=0049 frame=018 slot=09 J_F=   -71.80 meanZ=20.86 SoC=0.8820
ep=0049 frame=019 slot=09 J_F=    47.80 meanZ=20.86 SoC=0.8769
ep=0049 frame=020 slot=09 J_F=   172.70 meanZ=20.46 SoC=0.8727
ep=0049 frame=021 slot=09 J_F=   142.70 meanZ=20.42 SoC=0.8696
ep=0049 frame=022 slot=09 J_F=   435.30 meanZ=20.46 SoC=0.8664
ep=0049 frame=023 slot=09 J_F=   539.70 meanZ=21.74 SoC=0.8649
ep=0049 frame=024 slot=09 J_F=   421.10 meanZ=21.84 SoC=0.8608
ep=0049 frame=025 slot=09 J_F=   493.90 meanZ=22.34 SoC=0.8582
ep=0049 frame=026 slot=09 J_F=   718.30 meanZ=23.00 SoC=0.8570
ep=0049 frame=027 slot=09 J_F=  -128.30 meanZ=22.92 SoC=0.8529
ep=0049 frame=028 slot=09 J_F=   271.80 meanZ=22.16 SoC=0.8503
ep=0049 frame=029 slot=09 J_F=   247.00 meanZ=22.56 SoC=0.8435
EP 0049 DPP/us=  -9.192 orig/us=0.4976 stall=0.036 served=0.574 hire=0.793 Zcost=0.337 proj=0 dual=1.000 [6324s]
ep=0050 frame=000 slot=09 J_F= -3248.80 meanZ=88.12 SoC=0.9924
ep=0050 frame=001 slot=09 J_F= -1562.30 meanZ=80.58 SoC=0.9866
ep=0050 frame=002 slot=09 J_F= -2143.10 meanZ=72.68 SoC=0.9795
ep=0050 frame=003 slot=09 J_F= -1194.80 meanZ=68.42 SoC=0.9738
ep=0050 frame=004 slot=09 J_F=  -447.00 meanZ=63.02 SoC=0.9680
ep=0050 frame=005 slot=09 J_F=  -927.70 meanZ=57.44 SoC=0.9609
ep=0050 frame=006 slot=09 J_F=  -634.80 meanZ=51.56 SoC=0.9554
ep=0050 frame=007 slot=09 J_F=   -19.90 meanZ=47.90 SoC=0.9499
ep=0050 frame=008 slot=09 J_F=   451.20 meanZ=43.78 SoC=0.9465
ep=0050 frame=009 slot=09 J_F=   -26.40 meanZ=40.58 SoC=0.9434
ep=0050 frame=010 slot=09 J_F=  -383.20 meanZ=37.56 SoC=0.9379
ep=0050 frame=011 slot=09 J_F=  -499.50 meanZ=32.78 SoC=0.9316
ep=0050 frame=012 slot=09 J_F=   203.90 meanZ=30.06 SoC=0.9274
ep=0050 frame=013 slot=09 J_F=   -91.50 meanZ=26.46 SoC=0.9225
ep=0050 frame=014 slot=09 J_F=   298.70 meanZ=24.66 SoC=0.9191
ep=0050 frame=015 slot=09 J_F=   271.90 meanZ=23.50 SoC=0.9137
ep=0050 frame=016 slot=09 J_F=   425.60 meanZ=23.40 SoC=0.9079
ep=0050 frame=017 slot=09 J_F=   -14.60 meanZ=23.42 SoC=0.9037
ep=0050 frame=018 slot=09 J_F=  -434.30 meanZ=20.06 SoC=0.8967
ep=0050 frame=019 slot=09 J_F=   388.10 meanZ=19.04 SoC=0.8936
ep=0050 frame=020 slot=09 J_F=    44.40 meanZ=17.98 SoC=0.8897
ep=0050 frame=021 slot=09 J_F=   432.40 meanZ=18.96 SoC=0.8855
ep=0050 frame=022 slot=09 J_F=   179.20 meanZ=17.34 SoC=0.8808
ep=0050 frame=023 slot=09 J_F=   143.20 meanZ=17.20 SoC=0.8767
ep=0050 frame=024 slot=09 J_F=   341.10 meanZ=17.48 SoC=0.8699
ep=0050 frame=025 slot=09 J_F=    44.80 meanZ=16.52 SoC=0.8618
ep=0050 frame=026 slot=09 J_F=   343.50 meanZ=16.78 SoC=0.8558
ep=0050 frame=027 slot=09 J_F=   281.60 meanZ=16.96 SoC=0.8514
ep=0050 frame=028 slot=09 J_F=   105.40 meanZ=15.88 SoC=0.8454
ep=0050 frame=029 slot=09 J_F=   275.50 meanZ=16.50 SoC=0.8433
EP 0050 DPP/us= -10.154 orig/us=0.5082 stall=0.029 served=0.600 hire=0.807 Zcost=0.356 proj=0 dual=1.000 [6448s]
ep=0051 frame=000 slot=09 J_F= -4147.90 meanZ=85.76 SoC=0.9939
ep=0051 frame=001 slot=09 J_F= -1419.70 meanZ=78.26 SoC=0.9863
ep=0051 frame=002 slot=09 J_F= -2053.40 meanZ=70.34 SoC=0.9792
ep=0051 frame=003 slot=09 J_F=  -770.80 meanZ=63.26 SoC=0.9737
ep=0051 frame=004 slot=09 J_F=  -624.60 meanZ=57.32 SoC=0.9684
ep=0051 frame=005 slot=09 J_F=   -74.80 meanZ=51.76 SoC=0.9621
ep=0051 frame=006 slot=09 J_F= -1240.00 meanZ=43.68 SoC=0.9555
ep=0051 frame=007 slot=09 J_F=  -611.00 meanZ=39.46 SoC=0.9500
ep=0051 frame=008 slot=09 J_F=  -312.10 meanZ=36.28 SoC=0.9456
ep=0051 frame=009 slot=09 J_F=  -113.70 meanZ=33.58 SoC=0.9408
ep=0051 frame=010 slot=09 J_F=   322.80 meanZ=32.50 SoC=0.9372
ep=0051 frame=011 slot=09 J_F=  -569.70 meanZ=30.90 SoC=0.9330
ep=0051 frame=012 slot=09 J_F=  -160.20 meanZ=27.54 SoC=0.9276
ep=0051 frame=013 slot=09 J_F=   431.20 meanZ=25.80 SoC=0.9242
ep=0051 frame=014 slot=09 J_F=   415.60 meanZ=25.76 SoC=0.9206
ep=0051 frame=015 slot=09 J_F=   341.10 meanZ=23.30 SoC=0.9153
ep=0051 frame=016 slot=09 J_F=    31.80 meanZ=23.04 SoC=0.9103
ep=0051 frame=017 slot=09 J_F=   -83.60 meanZ=21.62 SoC=0.9030
ep=0051 frame=018 slot=09 J_F=   338.00 meanZ=20.56 SoC=0.8959
ep=0051 frame=019 slot=09 J_F=   361.60 meanZ=18.68 SoC=0.8903
ep=0051 frame=020 slot=09 J_F=   397.50 meanZ=19.34 SoC=0.8866
ep=0051 frame=021 slot=09 J_F=   114.70 meanZ=18.94 SoC=0.8849
ep=0051 frame=022 slot=09 J_F=   167.00 meanZ=18.58 SoC=0.8801
ep=0051 frame=023 slot=09 J_F=   372.60 meanZ=19.22 SoC=0.8750
ep=0051 frame=024 slot=09 J_F=    86.00 meanZ=17.68 SoC=0.8695
ep=0051 frame=025 slot=09 J_F=   368.60 meanZ=16.92 SoC=0.8656
ep=0051 frame=026 slot=09 J_F=   328.60 meanZ=15.54 SoC=0.8589
ep=0051 frame=027 slot=09 J_F=   342.30 meanZ=16.34 SoC=0.8545
ep=0051 frame=028 slot=09 J_F=   262.60 meanZ=16.62 SoC=0.8490
ep=0051 frame=029 slot=09 J_F=   523.10 meanZ=16.22 SoC=0.8476
EP 0051 DPP/us= -10.187 orig/us=0.5134 stall=0.014 served=0.596 hire=0.793 Zcost=0.313 proj=0 dual=1.000 [6579s]
ep=0052 frame=000 slot=09 J_F= -3662.80 meanZ=88.30 SoC=0.9932
ep=0052 frame=001 slot=09 J_F= -1577.40 meanZ=81.00 SoC=0.9871
ep=0052 frame=002 slot=09 J_F= -1032.10 meanZ=75.10 SoC=0.9824
ep=0052 frame=003 slot=09 J_F= -1114.20 meanZ=69.62 SoC=0.9763
ep=0052 frame=004 slot=09 J_F= -1532.50 meanZ=63.20 SoC=0.9705
ep=0052 frame=005 slot=09 J_F=  -702.00 meanZ=57.06 SoC=0.9657
ep=0052 frame=006 slot=09 J_F=  -437.10 meanZ=51.04 SoC=0.9587
ep=0052 frame=007 slot=09 J_F=  -553.70 meanZ=45.18 SoC=0.9534
ep=0052 frame=008 slot=09 J_F=  -507.60 meanZ=40.38 SoC=0.9476
ep=0052 frame=009 slot=09 J_F=  -621.00 meanZ=36.68 SoC=0.9437
ep=0052 frame=010 slot=09 J_F=   202.70 meanZ=34.96 SoC=0.9361
ep=0052 frame=011 slot=09 J_F=   157.60 meanZ=31.74 SoC=0.9311
ep=0052 frame=012 slot=09 J_F=    50.20 meanZ=29.00 SoC=0.9258
ep=0052 frame=013 slot=09 J_F=   137.70 meanZ=25.88 SoC=0.9210
ep=0052 frame=014 slot=09 J_F=   368.30 meanZ=24.52 SoC=0.9170
ep=0052 frame=015 slot=09 J_F=   -80.20 meanZ=23.12 SoC=0.9123
ep=0052 frame=016 slot=09 J_F=  -347.50 meanZ=21.52 SoC=0.9071
ep=0052 frame=017 slot=09 J_F=   126.20 meanZ=20.56 SoC=0.9024
ep=0052 frame=018 slot=09 J_F=   265.70 meanZ=19.88 SoC=0.8980
ep=0052 frame=019 slot=09 J_F=   145.90 meanZ=18.56 SoC=0.8938
ep=0052 frame=020 slot=09 J_F=   165.10 meanZ=19.36 SoC=0.8896
ep=0052 frame=021 slot=09 J_F=  -214.50 meanZ=17.64 SoC=0.8842
ep=0052 frame=022 slot=09 J_F=   525.00 meanZ=16.04 SoC=0.8790
ep=0052 frame=023 slot=09 J_F=   405.70 meanZ=15.46 SoC=0.8735
ep=0052 frame=024 slot=09 J_F=   661.80 meanZ=17.16 SoC=0.8705
ep=0052 frame=025 slot=09 J_F=   116.20 meanZ=16.44 SoC=0.8650
ep=0052 frame=026 slot=09 J_F=   448.00 meanZ=17.42 SoC=0.8606
ep=0052 frame=027 slot=09 J_F=   279.40 meanZ=17.02 SoC=0.8567
ep=0052 frame=028 slot=09 J_F=    60.00 meanZ=16.62 SoC=0.8531
ep=0052 frame=029 slot=09 J_F=   629.80 meanZ=17.00 SoC=0.8512
EP 0052 DPP/us= -10.065 orig/us=0.5086 stall=0.022 served=0.596 hire=0.803 Zcost=0.348 proj=0 dual=1.000 [6705s]
ep=0053 frame=000 slot=09 J_F= -3656.30 meanZ=86.44 SoC=0.9924
ep=0053 frame=001 slot=09 J_F= -1967.80 meanZ=78.10 SoC=0.9858
ep=0053 frame=002 slot=09 J_F= -1666.20 meanZ=71.78 SoC=0.9782
ep=0053 frame=003 slot=09 J_F=  -658.00 meanZ=65.66 SoC=0.9706
ep=0053 frame=004 slot=09 J_F=  -340.30 meanZ=60.74 SoC=0.9657
ep=0053 frame=005 slot=09 J_F=  -192.50 meanZ=56.22 SoC=0.9604
ep=0053 frame=006 slot=09 J_F=  -251.40 meanZ=51.30 SoC=0.9528
ep=0053 frame=007 slot=09 J_F=  -612.90 meanZ=46.46 SoC=0.9465
ep=0053 frame=008 slot=09 J_F=   356.10 meanZ=42.72 SoC=0.9420
ep=0053 frame=009 slot=09 J_F=   243.30 meanZ=39.16 SoC=0.9363
ep=0053 frame=010 slot=09 J_F=    69.30 meanZ=35.36 SoC=0.9305
ep=0053 frame=011 slot=09 J_F=    34.30 meanZ=32.08 SoC=0.9237
ep=0053 frame=012 slot=09 J_F=   131.40 meanZ=31.64 SoC=0.9187
ep=0053 frame=013 slot=09 J_F=  -123.70 meanZ=28.78 SoC=0.9116
ep=0053 frame=014 slot=09 J_F=   183.80 meanZ=28.48 SoC=0.9067
ep=0053 frame=015 slot=09 J_F=   -14.20 meanZ=26.90 SoC=0.9009
ep=0053 frame=016 slot=09 J_F=   337.40 meanZ=25.16 SoC=0.8970
ep=0053 frame=017 slot=09 J_F=  -171.90 meanZ=24.48 SoC=0.8939
ep=0053 frame=018 slot=09 J_F=   649.70 meanZ=25.04 SoC=0.8916
ep=0053 frame=019 slot=09 J_F=   190.80 meanZ=25.36 SoC=0.8877
ep=0053 frame=020 slot=09 J_F=    21.00 meanZ=23.76 SoC=0.8831
ep=0053 frame=021 slot=09 J_F=   217.20 meanZ=22.06 SoC=0.8807
ep=0053 frame=022 slot=09 J_F=   259.20 meanZ=20.92 SoC=0.8763
ep=0053 frame=023 slot=09 J_F=   294.40 meanZ=20.04 SoC=0.8703
ep=0053 frame=024 slot=09 J_F=   394.60 meanZ=20.14 SoC=0.8630
ep=0053 frame=025 slot=09 J_F=   -48.20 meanZ=20.00 SoC=0.8570
ep=0053 frame=026 slot=09 J_F=   -29.40 meanZ=20.48 SoC=0.8542
ep=0053 frame=027 slot=09 J_F=   227.20 meanZ=18.76 SoC=0.8487
ep=0053 frame=028 slot=09 J_F=   -26.90 meanZ=17.54 SoC=0.8442
ep=0053 frame=029 slot=09 J_F=   229.70 meanZ=16.20 SoC=0.8404
EP 0053 DPP/us=  -9.913 orig/us=0.5133 stall=0.024 served=0.600 hire=0.817 Zcost=0.362 proj=0 dual=1.000 [6832s]
ep=0054 frame=000 slot=09 J_F= -4075.40 meanZ=86.76 SoC=0.9919
ep=0054 frame=001 slot=09 J_F= -2083.10 meanZ=77.40 SoC=0.9858
ep=0054 frame=002 slot=09 J_F= -1657.00 meanZ=69.36 SoC=0.9792
ep=0054 frame=003 slot=09 J_F= -1593.70 meanZ=63.20 SoC=0.9716
ep=0054 frame=004 slot=09 J_F= -1107.10 meanZ=57.70 SoC=0.9650
ep=0054 frame=005 slot=09 J_F=  -789.10 meanZ=49.72 SoC=0.9574
ep=0054 frame=006 slot=09 J_F=   114.70 meanZ=45.96 SoC=0.9509
ep=0054 frame=007 slot=09 J_F=  -271.90 meanZ=41.56 SoC=0.9436
ep=0054 frame=008 slot=09 J_F=  -193.90 meanZ=35.74 SoC=0.9370
ep=0054 frame=009 slot=09 J_F=   -92.00 meanZ=33.82 SoC=0.9307
ep=0054 frame=010 slot=09 J_F=  -265.20 meanZ=32.02 SoC=0.9257
ep=0054 frame=011 slot=09 J_F=  -306.70 meanZ=29.24 SoC=0.9194
ep=0054 frame=012 slot=09 J_F=   283.60 meanZ=26.20 SoC=0.9150
ep=0054 frame=013 slot=09 J_F=   500.30 meanZ=24.70 SoC=0.9118
ep=0054 frame=014 slot=09 J_F=    62.10 meanZ=22.38 SoC=0.9072
ep=0054 frame=015 slot=09 J_F=   -42.30 meanZ=19.52 SoC=0.8999
ep=0054 frame=016 slot=09 J_F=   220.70 meanZ=17.68 SoC=0.8941
ep=0054 frame=017 slot=09 J_F=   176.40 meanZ=16.80 SoC=0.8891
ep=0054 frame=018 slot=09 J_F=   149.40 meanZ=16.86 SoC=0.8845
ep=0054 frame=019 slot=09 J_F=   443.00 meanZ=17.08 SoC=0.8806
ep=0054 frame=020 slot=09 J_F=   326.20 meanZ=17.98 SoC=0.8778
ep=0054 frame=021 slot=09 J_F=    92.80 meanZ=15.26 SoC=0.8726
ep=0054 frame=022 slot=09 J_F=   335.30 meanZ=14.24 SoC=0.8675
ep=0054 frame=023 slot=09 J_F=   631.70 meanZ=16.48 SoC=0.8664
ep=0054 frame=024 slot=09 J_F=   446.00 meanZ=15.68 SoC=0.8633
ep=0054 frame=025 slot=09 J_F=   -19.40 meanZ=14.14 SoC=0.8607
ep=0054 frame=026 slot=09 J_F=   137.20 meanZ=14.56 SoC=0.8578
ep=0054 frame=027 slot=09 J_F=   541.10 meanZ=16.10 SoC=0.8545
ep=0054 frame=028 slot=09 J_F=  -308.70 meanZ=14.44 SoC=0.8514
ep=0054 frame=029 slot=09 J_F=   472.80 meanZ=14.78 SoC=0.8473
EP 0054 DPP/us= -10.203 orig/us=0.5175 stall=0.021 served=0.599 hire=0.797 Zcost=0.308 proj=0 dual=1.000 [6956s]
ep=0055 frame=000 slot=09 J_F= -3701.30 meanZ=88.60 SoC=0.9942
ep=0055 frame=001 slot=09 J_F= -1565.50 meanZ=81.72 SoC=0.9876
ep=0055 frame=002 slot=09 J_F= -2234.80 meanZ=73.78 SoC=0.9805
ep=0055 frame=003 slot=09 J_F= -1923.00 meanZ=67.18 SoC=0.9724
ep=0055 frame=004 slot=09 J_F=  -515.80 meanZ=60.20 SoC=0.9653
ep=0055 frame=005 slot=09 J_F=  -620.90 meanZ=53.70 SoC=0.9598
ep=0055 frame=006 slot=09 J_F=  -865.50 meanZ=44.66 SoC=0.9535
ep=0055 frame=007 slot=09 J_F=  -423.70 meanZ=40.36 SoC=0.9467
ep=0055 frame=008 slot=09 J_F=  -458.20 meanZ=35.76 SoC=0.9409
ep=0055 frame=009 slot=09 J_F=   -68.60 meanZ=32.70 SoC=0.9348
ep=0055 frame=010 slot=09 J_F=   686.10 meanZ=30.92 SoC=0.9299
ep=0055 frame=011 slot=09 J_F=    -9.50 meanZ=29.02 SoC=0.9257
ep=0055 frame=012 slot=09 J_F=   451.40 meanZ=29.44 SoC=0.9208
ep=0055 frame=013 slot=09 J_F=   167.30 meanZ=28.72 SoC=0.9137
ep=0055 frame=014 slot=09 J_F=   141.70 meanZ=26.08 SoC=0.9098
ep=0055 frame=015 slot=09 J_F=  -480.00 meanZ=23.36 SoC=0.9035
ep=0055 frame=016 slot=09 J_F=  -200.30 meanZ=21.70 SoC=0.9012
ep=0055 frame=017 slot=09 J_F=   162.60 meanZ=20.14 SoC=0.8952
ep=0055 frame=018 slot=09 J_F=   235.10 meanZ=19.44 SoC=0.8919
ep=0055 frame=019 slot=09 J_F=   243.80 meanZ=18.68 SoC=0.8896
ep=0055 frame=020 slot=09 J_F=   120.60 meanZ=18.34 SoC=0.8843
ep=0055 frame=021 slot=09 J_F=    72.50 meanZ=17.68 SoC=0.8798
ep=0055 frame=022 slot=09 J_F=   328.20 meanZ=18.08 SoC=0.8759
ep=0055 frame=023 slot=09 J_F=  -107.70 meanZ=17.78 SoC=0.8730
ep=0055 frame=024 slot=09 J_F=   356.50 meanZ=16.46 SoC=0.8676
ep=0055 frame=025 slot=09 J_F=    44.10 meanZ=16.50 SoC=0.8649
ep=0055 frame=026 slot=09 J_F=   468.20 meanZ=17.20 SoC=0.8611
ep=0055 frame=027 slot=09 J_F=   357.30 meanZ=18.86 SoC=0.8577
ep=0055 frame=028 slot=09 J_F=   795.20 meanZ=21.02 SoC=0.8547
ep=0055 frame=029 slot=09 J_F=   398.30 meanZ=18.90 SoC=0.8497
EP 0055 DPP/us=  -9.407 orig/us=0.5183 stall=0.023 served=0.596 hire=0.803 Zcost=0.338 proj=0 dual=1.000 [7081s]
ep=0056 frame=000 slot=09 J_F= -3055.40 meanZ=86.88 SoC=0.9924
ep=0056 frame=001 slot=09 J_F= -2136.90 meanZ=80.78 SoC=0.9858
ep=0056 frame=002 slot=09 J_F=  -968.60 meanZ=74.76 SoC=0.9792
ep=0056 frame=003 slot=09 J_F= -1968.00 meanZ=66.22 SoC=0.9721
ep=0056 frame=004 slot=09 J_F=  -901.30 meanZ=59.88 SoC=0.9658
ep=0056 frame=005 slot=09 J_F=  -498.70 meanZ=54.84 SoC=0.9588
ep=0056 frame=006 slot=09 J_F=  -126.50 meanZ=50.02 SoC=0.9512
ep=0056 frame=007 slot=09 J_F=   -72.80 meanZ=45.26 SoC=0.9430
ep=0056 frame=008 slot=09 J_F=  -546.00 meanZ=40.26 SoC=0.9371
ep=0056 frame=009 slot=09 J_F=  -464.70 meanZ=34.90 SoC=0.9300
ep=0056 frame=010 slot=09 J_F=   371.50 meanZ=30.28 SoC=0.9232
ep=0056 frame=011 slot=09 J_F=   244.00 meanZ=26.14 SoC=0.9182
ep=0056 frame=012 slot=09 J_F=   221.20 meanZ=24.54 SoC=0.9124
ep=0056 frame=013 slot=09 J_F=   204.50 meanZ=22.64 SoC=0.9070
ep=0056 frame=014 slot=09 J_F=    44.90 meanZ=19.26 SoC=0.9002
ep=0056 frame=015 slot=09 J_F=   339.60 meanZ=19.82 SoC=0.8945
ep=0056 frame=016 slot=09 J_F=   353.70 meanZ=18.82 SoC=0.8882
ep=0056 frame=017 slot=09 J_F=   -62.70 meanZ=15.70 SoC=0.8846
ep=0056 frame=018 slot=09 J_F=   275.00 meanZ=14.98 SoC=0.8798
ep=0056 frame=019 slot=09 J_F=   162.30 meanZ=13.80 SoC=0.8767
ep=0056 frame=020 slot=09 J_F=   263.90 meanZ=13.78 SoC=0.8739
ep=0056 frame=021 slot=09 J_F=   145.90 meanZ=13.38 SoC=0.8663
ep=0056 frame=022 slot=09 J_F=    11.40 meanZ=12.84 SoC=0.8623
ep=0056 frame=023 slot=09 J_F=   151.80 meanZ=13.84 SoC=0.8589
ep=0056 frame=024 slot=09 J_F=   569.30 meanZ=12.42 SoC=0.8545
ep=0056 frame=025 slot=09 J_F=   206.70 meanZ=11.82 SoC=0.8493
ep=0056 frame=026 slot=09 J_F=   225.40 meanZ=12.86 SoC=0.8478
ep=0056 frame=027 slot=09 J_F=   248.60 meanZ=14.04 SoC=0.8430
ep=0056 frame=028 slot=09 J_F=   181.20 meanZ=11.72 SoC=0.8381
ep=0056 frame=029 slot=09 J_F=  -140.30 meanZ=11.26 SoC=0.8347
EP 0056 DPP/us= -10.462 orig/us=0.5307 stall=0.016 served=0.620 hire=0.823 Zcost=0.316 proj=0 dual=1.000 [7208s]
ep=0057 frame=000 slot=09 J_F= -1966.10 meanZ=89.20 SoC=0.9934
ep=0057 frame=001 slot=09 J_F= -1913.80 meanZ=81.86 SoC=0.9863
ep=0057 frame=002 slot=09 J_F= -2246.70 meanZ=73.26 SoC=0.9797
ep=0057 frame=003 slot=09 J_F= -1476.60 meanZ=66.54 SoC=0.9734
ep=0057 frame=004 slot=09 J_F= -1173.30 meanZ=59.38 SoC=0.9669
ep=0057 frame=005 slot=09 J_F=  -378.00 meanZ=53.96 SoC=0.9598
ep=0057 frame=006 slot=09 J_F=  -124.10 meanZ=48.22 SoC=0.9527
ep=0057 frame=007 slot=09 J_F=  -487.50 meanZ=44.78 SoC=0.9472
ep=0057 frame=008 slot=09 J_F=  -886.50 meanZ=39.34 SoC=0.9391
ep=0057 frame=009 slot=09 J_F=   585.50 meanZ=36.06 SoC=0.9323
ep=0057 frame=010 slot=09 J_F=   140.40 meanZ=32.56 SoC=0.9265
ep=0057 frame=011 slot=09 J_F=   385.80 meanZ=30.72 SoC=0.9194
ep=0057 frame=012 slot=09 J_F=   458.20 meanZ=29.88 SoC=0.9138
ep=0057 frame=013 slot=09 J_F=   -57.20 meanZ=27.50 SoC=0.9057
ep=0057 frame=014 slot=09 J_F=    33.00 meanZ=24.26 SoC=0.9007
ep=0057 frame=015 slot=09 J_F=   472.40 meanZ=23.90 SoC=0.8984
ep=0057 frame=016 slot=09 J_F=   339.70 meanZ=23.38 SoC=0.8968
ep=0057 frame=017 slot=09 J_F=   129.50 meanZ=22.50 SoC=0.8914
ep=0057 frame=018 slot=09 J_F=   129.70 meanZ=21.30 SoC=0.8874
ep=0057 frame=019 slot=09 J_F=   212.80 meanZ=20.84 SoC=0.8856
ep=0057 frame=020 slot=09 J_F=   345.00 meanZ=18.82 SoC=0.8808
ep=0057 frame=021 slot=09 J_F=     0.70 meanZ=18.74 SoC=0.8780
ep=0057 frame=022 slot=09 J_F=   543.30 meanZ=18.34 SoC=0.8730
ep=0057 frame=023 slot=09 J_F=   661.10 meanZ=19.00 SoC=0.8705
ep=0057 frame=024 slot=09 J_F=   569.30 meanZ=18.74 SoC=0.8663
ep=0057 frame=025 slot=09 J_F=   581.80 meanZ=19.04 SoC=0.8638
ep=0057 frame=026 slot=09 J_F=    45.20 meanZ=17.80 SoC=0.8607
ep=0057 frame=027 slot=09 J_F=   125.40 meanZ=17.18 SoC=0.8565
ep=0057 frame=028 slot=09 J_F=   267.00 meanZ=15.72 SoC=0.8510
ep=0057 frame=029 slot=09 J_F=   261.60 meanZ=16.74 SoC=0.8474
EP 0057 DPP/us=  -9.745 orig/us=0.5186 stall=0.030 served=0.598 hire=0.807 Zcost=0.335 proj=0 dual=1.000 [7333s]
ep=0058 frame=000 slot=09 J_F= -3002.00 meanZ=89.20 SoC=0.9934
ep=0058 frame=001 slot=09 J_F= -2183.60 meanZ=81.44 SoC=0.9853
ep=0058 frame=002 slot=09 J_F= -1851.20 meanZ=73.56 SoC=0.9790
ep=0058 frame=003 slot=09 J_F=  -824.50 meanZ=66.46 SoC=0.9729
ep=0058 frame=004 slot=09 J_F= -1078.60 meanZ=59.56 SoC=0.9667
ep=0058 frame=005 slot=09 J_F=  -796.90 meanZ=53.40 SoC=0.9612
ep=0058 frame=006 slot=09 J_F=  -585.10 meanZ=47.84 SoC=0.9541
ep=0058 frame=007 slot=09 J_F=   -44.50 meanZ=43.08 SoC=0.9475
ep=0058 frame=008 slot=09 J_F=  -840.00 meanZ=37.26 SoC=0.9399
ep=0058 frame=009 slot=09 J_F=   -17.80 meanZ=35.08 SoC=0.9358
ep=0058 frame=010 slot=09 J_F=   575.00 meanZ=34.88 SoC=0.9308
ep=0058 frame=011 slot=09 J_F=  -226.30 meanZ=31.30 SoC=0.9263
ep=0058 frame=012 slot=09 J_F=    74.00 meanZ=29.62 SoC=0.9192
ep=0058 frame=013 slot=09 J_F=   283.60 meanZ=28.48 SoC=0.9141
ep=0058 frame=014 slot=09 J_F=   259.10 meanZ=28.30 SoC=0.9101
ep=0058 frame=015 slot=09 J_F=   -93.50 meanZ=26.58 SoC=0.9055
ep=0058 frame=016 slot=09 J_F=   294.80 meanZ=24.16 SoC=0.9028
ep=0058 frame=017 slot=09 J_F=  -190.80 meanZ=22.58 SoC=0.8971
ep=0058 frame=018 slot=09 J_F=   327.90 meanZ=21.30 SoC=0.8929
ep=0058 frame=019 slot=09 J_F=   505.50 meanZ=21.68 SoC=0.8903
ep=0058 frame=020 slot=09 J_F=    44.70 meanZ=19.56 SoC=0.8845
ep=0058 frame=021 slot=09 J_F=   188.90 meanZ=19.12 SoC=0.8805
ep=0058 frame=022 slot=09 J_F=   494.60 meanZ=19.30 SoC=0.8764
ep=0058 frame=023 slot=09 J_F=    18.40 meanZ=18.52 SoC=0.8717
ep=0058 frame=024 slot=09 J_F=   559.90 meanZ=19.92 SoC=0.8681
ep=0058 frame=025 slot=09 J_F=   311.60 meanZ=18.56 SoC=0.8634
ep=0058 frame=026 slot=09 J_F=   405.50 meanZ=19.86 SoC=0.8594
ep=0058 frame=027 slot=09 J_F=  -128.10 meanZ=18.54 SoC=0.8549
ep=0058 frame=028 slot=09 J_F=  -202.30 meanZ=15.18 SoC=0.8496
ep=0058 frame=029 slot=09 J_F=   453.40 meanZ=16.82 SoC=0.8461
EP 0058 DPP/us=  -9.795 orig/us=0.5139 stall=0.038 served=0.598 hire=0.810 Zcost=0.341 proj=0 dual=1.000 [7457s]
ep=0059 frame=000 slot=09 J_F= -3882.00 meanZ=86.70 SoC=0.9932
ep=0059 frame=001 slot=09 J_F= -1750.30 meanZ=78.72 SoC=0.9876
ep=0059 frame=002 slot=09 J_F= -1988.80 meanZ=70.82 SoC=0.9805
ep=0059 frame=003 slot=09 J_F=  -923.40 meanZ=64.60 SoC=0.9735
ep=0059 frame=004 slot=09 J_F= -1903.60 meanZ=55.58 SoC=0.9664
ep=0059 frame=005 slot=09 J_F=  -375.40 meanZ=48.54 SoC=0.9593
ep=0059 frame=006 slot=09 J_F=  -457.70 meanZ=41.90 SoC=0.9530
ep=0059 frame=007 slot=09 J_F=   388.50 meanZ=37.32 SoC=0.9487
ep=0059 frame=008 slot=09 J_F=  -206.20 meanZ=34.98 SoC=0.9435
ep=0059 frame=009 slot=09 J_F=  -153.70 meanZ=31.76 SoC=0.9372
ep=0059 frame=010 slot=09 J_F=   114.60 meanZ=30.38 SoC=0.9322
ep=0059 frame=011 slot=09 J_F=   -24.40 meanZ=28.42 SoC=0.9286
ep=0059 frame=012 slot=09 J_F=   448.70 meanZ=26.80 SoC=0.9244
ep=0059 frame=013 slot=09 J_F=   -26.80 meanZ=26.88 SoC=0.9197
ep=0059 frame=014 slot=09 J_F=   488.40 meanZ=25.86 SoC=0.9161
ep=0059 frame=015 slot=09 J_F=  -236.20 meanZ=24.08 SoC=0.9101
ep=0059 frame=016 slot=09 J_F=   125.40 meanZ=22.40 SoC=0.9036
ep=0059 frame=017 slot=09 J_F=   -97.80 meanZ=21.64 SoC=0.8984
ep=0059 frame=018 slot=09 J_F=   152.50 meanZ=19.06 SoC=0.8928
ep=0059 frame=019 slot=09 J_F=   485.80 meanZ=17.84 SoC=0.8878
ep=0059 frame=020 slot=09 J_F=   131.50 meanZ=16.20 SoC=0.8815
ep=0059 frame=021 slot=09 J_F=   101.50 meanZ=15.32 SoC=0.8766
ep=0059 frame=022 slot=09 J_F=  -148.10 meanZ=14.20 SoC=0.8729
ep=0059 frame=023 slot=09 J_F=    46.90 meanZ=12.78 SoC=0.8675
ep=0059 frame=024 slot=09 J_F=   159.20 meanZ=12.18 SoC=0.8633
ep=0059 frame=025 slot=09 J_F=   193.50 meanZ=10.14 SoC=0.8589
ep=0059 frame=026 slot=09 J_F=   330.30 meanZ=11.58 SoC=0.8569
ep=0059 frame=027 slot=09 J_F=   379.70 meanZ=11.10 SoC=0.8539
ep=0059 frame=028 slot=09 J_F=   148.00 meanZ=9.70 SoC=0.8502
ep=0059 frame=029 slot=09 J_F=   125.20 meanZ=9.56 SoC=0.8446
EP 0059 DPP/us= -10.722 orig/us=0.5272 stall=0.023 served=0.615 hire=0.810 Zcost=0.302 proj=0 dual=1.000 [7588s]
ep=0060 frame=000 slot=09 J_F= -3230.60 meanZ=87.48 SoC=0.9924
ep=0060 frame=001 slot=09 J_F= -2563.70 meanZ=79.84 SoC=0.9856
ep=0060 frame=002 slot=09 J_F= -2716.30 meanZ=72.90 SoC=0.9793
ep=0060 frame=003 slot=09 J_F=  -908.00 meanZ=66.50 SoC=0.9741
ep=0060 frame=004 slot=09 J_F= -1028.80 meanZ=58.80 SoC=0.9673
ep=0060 frame=005 slot=09 J_F=  -293.50 meanZ=52.06 SoC=0.9605
ep=0060 frame=006 slot=09 J_F=   -38.60 meanZ=48.94 SoC=0.9555
ep=0060 frame=007 slot=09 J_F=    45.40 meanZ=43.58 SoC=0.9494
ep=0060 frame=008 slot=09 J_F=   460.60 meanZ=40.60 SoC=0.9430
ep=0060 frame=009 slot=09 J_F=   357.90 meanZ=36.60 SoC=0.9370
ep=0060 frame=010 slot=09 J_F= -1082.10 meanZ=32.56 SoC=0.9289
ep=0060 frame=011 slot=09 J_F=   325.10 meanZ=29.36 SoC=0.9231
ep=0060 frame=012 slot=09 J_F=   102.80 meanZ=26.58 SoC=0.9178
ep=0060 frame=013 slot=09 J_F=   182.00 meanZ=25.94 SoC=0.9142
ep=0060 frame=014 slot=09 J_F=   -58.80 meanZ=24.22 SoC=0.9089
ep=0060 frame=015 slot=09 J_F=  -264.40 meanZ=21.26 SoC=0.9053
ep=0060 frame=016 slot=09 J_F=  -138.40 meanZ=17.72 SoC=0.9024
ep=0060 frame=017 slot=09 J_F=   313.30 meanZ=16.08 SoC=0.8980
ep=0060 frame=018 slot=09 J_F=   465.00 meanZ=16.06 SoC=0.8946
ep=0060 frame=019 slot=09 J_F=   141.40 meanZ=16.18 SoC=0.8905
ep=0060 frame=020 slot=09 J_F=   101.30 meanZ=15.62 SoC=0.8858
ep=0060 frame=021 slot=09 J_F=   266.90 meanZ=13.50 SoC=0.8820
ep=0060 frame=022 slot=09 J_F=   442.30 meanZ=14.28 SoC=0.8781
ep=0060 frame=023 slot=09 J_F=   245.60 meanZ=14.72 SoC=0.8734
ep=0060 frame=024 slot=09 J_F=    59.70 meanZ=13.68 SoC=0.8714
ep=0060 frame=025 slot=09 J_F=   118.70 meanZ=14.30 SoC=0.8688
ep=0060 frame=026 slot=09 J_F=   173.60 meanZ=11.58 SoC=0.8633
ep=0060 frame=027 slot=09 J_F=   471.50 meanZ=12.90 SoC=0.8603
ep=0060 frame=028 slot=09 J_F=   290.70 meanZ=12.62 SoC=0.8584
ep=0060 frame=029 slot=09 J_F=   377.30 meanZ=13.10 SoC=0.8543
EP 0060 DPP/us= -10.326 orig/us=0.5089 stall=0.034 served=0.597 hire=0.770 Zcost=0.308 proj=0 dual=1.000 [7714s]
ep=0061 frame=000 slot=09 J_F= -2663.70 meanZ=88.38 SoC=0.9927
ep=0061 frame=001 slot=09 J_F= -2291.60 meanZ=80.26 SoC=0.9876
ep=0061 frame=002 slot=09 J_F= -1171.40 meanZ=72.16 SoC=0.9805
ep=0061 frame=003 slot=09 J_F= -1806.80 meanZ=64.06 SoC=0.9735
ep=0061 frame=004 slot=09 J_F=    18.90 meanZ=58.50 SoC=0.9679
ep=0061 frame=005 slot=09 J_F= -1075.10 meanZ=51.16 SoC=0.9621
ep=0061 frame=006 slot=09 J_F=  -639.60 meanZ=44.38 SoC=0.9545
ep=0061 frame=007 slot=09 J_F=  -440.70 meanZ=39.76 SoC=0.9485
ep=0061 frame=008 slot=09 J_F=  -410.30 meanZ=34.18 SoC=0.9409
ep=0061 frame=009 slot=09 J_F=  -185.60 meanZ=30.40 SoC=0.9352
ep=0061 frame=010 slot=09 J_F=    82.60 meanZ=28.10 SoC=0.9299
ep=0061 frame=011 slot=09 J_F=   -71.90 meanZ=25.70 SoC=0.9249
ep=0061 frame=012 slot=09 J_F=   122.70 meanZ=24.16 SoC=0.9202
ep=0061 frame=013 slot=09 J_F=  -171.20 meanZ=21.70 SoC=0.9139
ep=0061 frame=014 slot=09 J_F=   133.50 meanZ=21.38 SoC=0.9073
ep=0061 frame=015 slot=09 J_F=    91.70 meanZ=21.12 SoC=0.9016
ep=0061 frame=016 slot=09 J_F=   -28.90 meanZ=20.28 SoC=0.8978
ep=0061 frame=017 slot=09 J_F=   330.80 meanZ=20.08 SoC=0.8931
ep=0061 frame=018 slot=09 J_F=   198.20 meanZ=17.60 SoC=0.8889
ep=0061 frame=019 slot=09 J_F=   220.10 meanZ=16.56 SoC=0.8852
ep=0061 frame=020 slot=09 J_F=   432.70 meanZ=18.24 SoC=0.8810
ep=0061 frame=021 slot=09 J_F=    88.80 meanZ=16.58 SoC=0.8761
ep=0061 frame=022 slot=09 J_F=   235.40 meanZ=16.22 SoC=0.8722
ep=0061 frame=023 slot=09 J_F=   431.30 meanZ=15.32 SoC=0.8654
ep=0061 frame=024 slot=09 J_F=   276.10 meanZ=18.14 SoC=0.8627
ep=0061 frame=025 slot=09 J_F=   378.90 meanZ=18.66 SoC=0.8577
ep=0061 frame=026 slot=09 J_F=    75.00 meanZ=16.66 SoC=0.8554
ep=0061 frame=027 slot=09 J_F=  -202.60 meanZ=14.88 SoC=0.8510
ep=0061 frame=028 slot=09 J_F=    87.30 meanZ=14.26 SoC=0.8463
ep=0061 frame=029 slot=09 J_F=   320.90 meanZ=13.76 SoC=0.8408
EP 0061 DPP/us= -10.342 orig/us=0.5106 stall=0.038 served=0.607 hire=0.823 Zcost=0.307 proj=0 dual=1.000 [7841s]
ep=0062 frame=000 slot=09 J_F= -4078.00 meanZ=85.90 SoC=0.9919
ep=0062 frame=001 slot=09 J_F= -1618.40 meanZ=77.58 SoC=0.9853
ep=0062 frame=002 slot=09 J_F= -2211.60 meanZ=68.88 SoC=0.9792
ep=0062 frame=003 slot=09 J_F= -1316.50 meanZ=62.38 SoC=0.9721
ep=0062 frame=004 slot=09 J_F= -1369.50 meanZ=53.56 SoC=0.9650
ep=0062 frame=005 slot=09 J_F=  -151.50 meanZ=47.46 SoC=0.9585
ep=0062 frame=006 slot=09 J_F=  -399.40 meanZ=43.42 SoC=0.9514
ep=0062 frame=007 slot=09 J_F=  -756.50 meanZ=37.60 SoC=0.9466
ep=0062 frame=008 slot=09 J_F=   -96.20 meanZ=32.92 SoC=0.9413
ep=0062 frame=009 slot=09 J_F=    76.00 meanZ=29.06 SoC=0.9337
ep=0062 frame=010 slot=09 J_F=   300.60 meanZ=27.22 SoC=0.9295
ep=0062 frame=011 slot=09 J_F=  -151.60 meanZ=23.36 SoC=0.9235
ep=0062 frame=012 slot=09 J_F=   -27.40 meanZ=20.88 SoC=0.9177
ep=0062 frame=013 slot=09 J_F=   295.50 meanZ=20.18 SoC=0.9122
ep=0062 frame=014 slot=09 J_F=   -29.60 meanZ=18.04 SoC=0.9086
ep=0062 frame=015 slot=09 J_F=   520.00 meanZ=19.24 SoC=0.9050
ep=0062 frame=016 slot=09 J_F=   158.80 meanZ=17.76 SoC=0.9000
ep=0062 frame=017 slot=09 J_F=   124.70 meanZ=18.42 SoC=0.8969
ep=0062 frame=018 slot=09 J_F=   285.10 meanZ=17.70 SoC=0.8933
ep=0062 frame=019 slot=09 J_F=   541.20 meanZ=18.60 SoC=0.8911
ep=0062 frame=020 slot=09 J_F=   257.40 meanZ=20.16 SoC=0.8892
ep=0062 frame=021 slot=09 J_F=   399.90 meanZ=21.46 SoC=0.8861
ep=0062 frame=022 slot=09 J_F=   484.50 meanZ=21.68 SoC=0.8817
ep=0062 frame=023 slot=09 J_F=   250.60 meanZ=21.00 SoC=0.8783
ep=0062 frame=024 slot=09 J_F=   306.10 meanZ=20.78 SoC=0.8736
ep=0062 frame=025 slot=09 J_F=   260.60 meanZ=21.28 SoC=0.8695
ep=0062 frame=026 slot=09 J_F=   594.20 meanZ=21.74 SoC=0.8640
ep=0062 frame=027 slot=09 J_F=   505.60 meanZ=21.52 SoC=0.8591
ep=0062 frame=028 slot=09 J_F=   421.40 meanZ=21.86 SoC=0.8559
ep=0062 frame=029 slot=09 J_F=    -2.30 meanZ=22.16 SoC=0.8536
EP 0062 DPP/us=  -9.082 orig/us=0.4965 stall=0.032 served=0.593 hire=0.800 Zcost=0.298 proj=0 dual=1.000 [7966s]
ep=0063 frame=000 slot=09 J_F= -2812.50 meanZ=87.08 SoC=0.9924
ep=0063 frame=001 slot=09 J_F= -2773.70 meanZ=78.72 SoC=0.9863
ep=0063 frame=002 slot=09 J_F= -1005.10 meanZ=72.40 SoC=0.9811
ep=0063 frame=003 slot=09 J_F= -2652.20 meanZ=63.20 SoC=0.9738
ep=0063 frame=004 slot=09 J_F= -1536.20 meanZ=55.22 SoC=0.9672
ep=0063 frame=005 slot=09 J_F=  -551.60 meanZ=48.88 SoC=0.9611
ep=0063 frame=006 slot=09 J_F=  -381.90 meanZ=43.16 SoC=0.9558
ep=0063 frame=007 slot=09 J_F=  -142.50 meanZ=41.30 SoC=0.9497
ep=0063 frame=008 slot=09 J_F=  -672.90 meanZ=34.74 SoC=0.9450
ep=0063 frame=009 slot=09 J_F=  -407.10 meanZ=31.74 SoC=0.9392
ep=0063 frame=010 slot=09 J_F=  -218.00 meanZ=26.70 SoC=0.9334
ep=0063 frame=011 slot=09 J_F=    83.10 meanZ=22.42 SoC=0.9275
ep=0063 frame=012 slot=09 J_F=  -148.10 meanZ=19.16 SoC=0.9207
ep=0063 frame=013 slot=09 J_F=   425.70 meanZ=18.68 SoC=0.9157
ep=0063 frame=014 slot=09 J_F=    55.50 meanZ=16.74 SoC=0.9121
ep=0063 frame=015 slot=09 J_F=   -46.70 meanZ=16.16 SoC=0.9102
ep=0063 frame=016 slot=09 J_F=   226.90 meanZ=15.78 SoC=0.9066
ep=0063 frame=017 slot=09 J_F=   -13.10 meanZ=14.22 SoC=0.9019
ep=0063 frame=018 slot=09 J_F=     9.00 meanZ=12.48 SoC=0.8978
ep=0063 frame=019 slot=09 J_F=   233.40 meanZ=13.50 SoC=0.8946
ep=0063 frame=020 slot=09 J_F=    30.30 meanZ=13.08 SoC=0.8913
ep=0063 frame=021 slot=09 J_F=   614.80 meanZ=14.34 SoC=0.8866
ep=0063 frame=022 slot=09 J_F=   402.50 meanZ=14.46 SoC=0.8823
ep=0063 frame=023 slot=09 J_F=   334.60 meanZ=15.18 SoC=0.8796
ep=0063 frame=024 slot=09 J_F=   310.60 meanZ=14.60 SoC=0.8765
ep=0063 frame=025 slot=09 J_F=   319.00 meanZ=15.56 SoC=0.8736
ep=0063 frame=026 slot=09 J_F=   481.60 meanZ=16.70 SoC=0.8687
ep=0063 frame=027 slot=09 J_F=   346.90 meanZ=15.24 SoC=0.8632
ep=0063 frame=028 slot=09 J_F=   567.00 meanZ=16.36 SoC=0.8585
ep=0063 frame=029 slot=09 J_F=   347.90 meanZ=14.86 SoC=0.8520
EP 0063 DPP/us= -10.061 orig/us=0.5191 stall=0.021 served=0.623 hire=0.807 Zcost=0.294 proj=0 dual=1.000 [8092s]
ep=0064 frame=000 slot=09 J_F= -4235.20 meanZ=85.64 SoC=0.9929
ep=0064 frame=001 slot=09 J_F=  -926.90 meanZ=80.68 SoC=0.9858
ep=0064 frame=002 slot=09 J_F= -1658.80 meanZ=71.96 SoC=0.9782
ep=0064 frame=003 slot=09 J_F= -1084.00 meanZ=64.78 SoC=0.9716
ep=0064 frame=004 slot=09 J_F= -1106.20 meanZ=58.18 SoC=0.9656
ep=0064 frame=005 slot=09 J_F=  -527.30 meanZ=53.12 SoC=0.9599
ep=0064 frame=006 slot=09 J_F=   179.80 meanZ=46.76 SoC=0.9562
ep=0064 frame=007 slot=09 J_F=   423.80 meanZ=43.20 SoC=0.9494
ep=0064 frame=008 slot=09 J_F=  -295.20 meanZ=38.64 SoC=0.9445
ep=0064 frame=009 slot=09 J_F=  -833.90 meanZ=35.32 SoC=0.9377
ep=0064 frame=010 slot=09 J_F=  -334.70 meanZ=29.76 SoC=0.9301
ep=0064 frame=011 slot=09 J_F=   -84.00 meanZ=27.02 SoC=0.9220
ep=0064 frame=012 slot=09 J_F=   113.20 meanZ=24.80 SoC=0.9157
ep=0064 frame=013 slot=09 J_F=    65.50 meanZ=22.30 SoC=0.9107
ep=0064 frame=014 slot=09 J_F=   106.80 meanZ=20.62 SoC=0.9044
ep=0064 frame=015 slot=09 J_F=    34.90 meanZ=19.38 SoC=0.8990
ep=0064 frame=016 slot=09 J_F=   252.20 meanZ=18.18 SoC=0.8933
ep=0064 frame=017 slot=09 J_F=  -123.20 meanZ=15.22 SoC=0.8873
ep=0064 frame=018 slot=09 J_F=   139.30 meanZ=14.60 SoC=0.8813
ep=0064 frame=019 slot=09 J_F=   465.90 meanZ=14.62 SoC=0.8780
ep=0064 frame=020 slot=09 J_F=   133.30 meanZ=13.40 SoC=0.8712
ep=0064 frame=021 slot=09 J_F=   158.00 meanZ=11.62 SoC=0.8662
ep=0064 frame=022 slot=09 J_F=   506.90 meanZ=12.20 SoC=0.8629
ep=0064 frame=023 slot=09 J_F=   328.20 meanZ=13.38 SoC=0.8585
ep=0064 frame=024 slot=09 J_F=   425.20 meanZ=14.56 SoC=0.8568
ep=0064 frame=025 slot=09 J_F=   401.90 meanZ=14.88 SoC=0.8529
ep=0064 frame=026 slot=09 J_F=   204.20 meanZ=14.86 SoC=0.8492
ep=0064 frame=027 slot=09 J_F=   572.00 meanZ=15.66 SoC=0.8469
ep=0064 frame=028 slot=09 J_F=   551.40 meanZ=15.74 SoC=0.8396
ep=0064 frame=029 slot=09 J_F=   454.80 meanZ=15.14 SoC=0.8341
EP 0064 DPP/us= -10.070 orig/us=0.5189 stall=0.015 served=0.614 hire=0.813 Zcost=0.319 proj=0 dual=1.000 [8220s]
ep=0065 frame=000 slot=09 J_F= -4153.30 meanZ=85.66 SoC=0.9924
ep=0065 frame=001 slot=09 J_F= -1868.40 meanZ=77.32 SoC=0.9848
ep=0065 frame=002 slot=09 J_F= -2161.30 meanZ=70.50 SoC=0.9772
ep=0065 frame=003 slot=09 J_F= -1398.40 meanZ=61.80 SoC=0.9696
ep=0065 frame=004 slot=09 J_F= -1011.20 meanZ=52.96 SoC=0.9628
ep=0065 frame=005 slot=09 J_F=  -270.50 meanZ=48.40 SoC=0.9565
ep=0065 frame=006 slot=09 J_F=   -68.80 meanZ=43.52 SoC=0.9494
ep=0065 frame=007 slot=09 J_F=  -614.20 meanZ=37.50 SoC=0.9423
ep=0065 frame=008 slot=09 J_F=  -381.60 meanZ=32.88 SoC=0.9369
ep=0065 frame=009 slot=09 J_F=  -517.20 meanZ=28.52 SoC=0.9296
ep=0065 frame=010 slot=09 J_F=   -78.90 meanZ=24.58 SoC=0.9233
ep=0065 frame=011 slot=09 J_F=   473.40 meanZ=21.40 SoC=0.9162
ep=0065 frame=012 slot=09 J_F=   477.60 meanZ=21.00 SoC=0.9115
ep=0065 frame=013 slot=09 J_F=  -189.90 meanZ=19.94 SoC=0.9074
ep=0065 frame=014 slot=09 J_F=   267.80 meanZ=18.96 SoC=0.9032
ep=0065 frame=015 slot=09 J_F=   497.00 meanZ=17.48 SoC=0.8996
ep=0065 frame=016 slot=09 J_F=   212.50 meanZ=16.72 SoC=0.8946
ep=0065 frame=017 slot=09 J_F=    50.80 meanZ=16.06 SoC=0.8899
ep=0065 frame=018 slot=09 J_F=   246.90 meanZ=15.74 SoC=0.8874
ep=0065 frame=019 slot=09 J_F=   431.40 meanZ=15.16 SoC=0.8814
ep=0065 frame=020 slot=09 J_F=   242.20 meanZ=14.54 SoC=0.8800
ep=0065 frame=021 slot=09 J_F=   430.20 meanZ=14.20 SoC=0.8759
ep=0065 frame=022 slot=09 J_F=   274.30 meanZ=15.96 SoC=0.8749
ep=0065 frame=023 slot=09 J_F=    10.20 meanZ=15.86 SoC=0.8746
ep=0065 frame=024 slot=09 J_F=   157.40 meanZ=15.76 SoC=0.8705
ep=0065 frame=025 slot=09 J_F=   204.70 meanZ=17.14 SoC=0.8690
ep=0065 frame=026 slot=09 J_F=   313.70 meanZ=19.06 SoC=0.8677
ep=0065 frame=027 slot=09 J_F=   286.50 meanZ=16.64 SoC=0.8640
ep=0065 frame=028 slot=09 J_F=   395.20 meanZ=18.02 SoC=0.8620
ep=0065 frame=029 slot=09 J_F=   562.40 meanZ=19.80 SoC=0.8580
EP 0065 DPP/us=  -9.964 orig/us=0.5036 stall=0.026 served=0.594 hire=0.757 Zcost=0.293 proj=0 dual=1.000 [8345s]
ep=0066 frame=000 slot=09 J_F= -3535.90 meanZ=87.92 SoC=0.9937
ep=0066 frame=001 slot=09 J_F= -2032.50 meanZ=80.08 SoC=0.9871
ep=0066 frame=002 slot=09 J_F= -1408.40 meanZ=73.06 SoC=0.9800
ep=0066 frame=003 slot=09 J_F= -1488.60 meanZ=64.10 SoC=0.9724
ep=0066 frame=004 slot=09 J_F=  -229.80 meanZ=59.12 SoC=0.9672
ep=0066 frame=005 slot=09 J_F=  -406.20 meanZ=52.42 SoC=0.9596
ep=0066 frame=006 slot=09 J_F=   363.40 meanZ=49.36 SoC=0.9541
ep=0066 frame=007 slot=09 J_F= -1124.80 meanZ=43.12 SoC=0.9460
ep=0066 frame=008 slot=09 J_F=  -111.00 meanZ=39.54 SoC=0.9402
ep=0066 frame=009 slot=09 J_F=  -360.10 meanZ=33.82 SoC=0.9339
ep=0066 frame=010 slot=09 J_F=  -113.80 meanZ=30.26 SoC=0.9276
ep=0066 frame=011 slot=09 J_F=   254.30 meanZ=29.58 SoC=0.9217
ep=0066 frame=012 slot=09 J_F=   122.90 meanZ=27.32 SoC=0.9172
ep=0066 frame=013 slot=09 J_F=    73.40 meanZ=25.94 SoC=0.9126
ep=0066 frame=014 slot=09 J_F=   200.70 meanZ=25.30 SoC=0.9073
ep=0066 frame=015 slot=09 J_F=   421.90 meanZ=24.66 SoC=0.9010
ep=0066 frame=016 slot=09 J_F=    40.50 meanZ=25.16 SoC=0.8963
ep=0066 frame=017 slot=09 J_F=    75.70 meanZ=23.62 SoC=0.8914
ep=0066 frame=018 slot=09 J_F=   530.60 meanZ=23.14 SoC=0.8888
ep=0066 frame=019 slot=09 J_F=   225.60 meanZ=23.00 SoC=0.8857
ep=0066 frame=020 slot=09 J_F=   532.20 meanZ=23.10 SoC=0.8807
ep=0066 frame=021 slot=09 J_F=  -123.00 meanZ=23.26 SoC=0.8771
ep=0066 frame=022 slot=09 J_F=   596.20 meanZ=22.78 SoC=0.8729
ep=0066 frame=023 slot=09 J_F=  -102.90 meanZ=21.84 SoC=0.8680
ep=0066 frame=024 slot=09 J_F=   252.00 meanZ=22.60 SoC=0.8654
ep=0066 frame=025 slot=09 J_F=   288.90 meanZ=21.38 SoC=0.8618
ep=0066 frame=026 slot=09 J_F=   116.50 meanZ=20.60 SoC=0.8571
ep=0066 frame=027 slot=09 J_F=    99.20 meanZ=21.32 SoC=0.8530
ep=0066 frame=028 slot=09 J_F=   244.40 meanZ=21.04 SoC=0.8472
ep=0066 frame=029 slot=09 J_F=   495.00 meanZ=20.58 SoC=0.8417
EP 0066 DPP/us=  -9.319 orig/us=0.5006 stall=0.045 served=0.596 hire=0.813 Zcost=0.341 proj=0 dual=1.000 [8469s]
ep=0067 frame=000 slot=09 J_F= -4248.00 meanZ=85.70 SoC=0.9929
ep=0067 frame=001 slot=09 J_F= -1104.30 meanZ=77.78 SoC=0.9866
ep=0067 frame=002 slot=09 J_F= -1429.60 meanZ=70.58 SoC=0.9798
ep=0067 frame=003 slot=09 J_F= -1312.20 meanZ=63.46 SoC=0.9732
ep=0067 frame=004 slot=09 J_F=    56.70 meanZ=57.68 SoC=0.9675
ep=0067 frame=005 slot=09 J_F= -1011.50 meanZ=51.30 SoC=0.9607
ep=0067 frame=006 slot=09 J_F=    10.50 meanZ=47.50 SoC=0.9547
ep=0067 frame=007 slot=09 J_F=   211.90 meanZ=42.30 SoC=0.9492
ep=0067 frame=008 slot=09 J_F=    32.30 meanZ=37.92 SoC=0.9443
ep=0067 frame=009 slot=09 J_F=  -340.20 meanZ=34.02 SoC=0.9396
ep=0067 frame=010 slot=09 J_F=  -602.80 meanZ=30.80 SoC=0.9325
ep=0067 frame=011 slot=09 J_F=  -336.60 meanZ=26.48 SoC=0.9264
ep=0067 frame=012 slot=09 J_F=  -263.90 meanZ=23.74 SoC=0.9205
ep=0067 frame=013 slot=09 J_F=   203.30 meanZ=23.66 SoC=0.9132
ep=0067 frame=014 slot=09 J_F=   434.00 meanZ=21.50 SoC=0.9090
ep=0067 frame=015 slot=09 J_F=   -89.30 meanZ=19.62 SoC=0.9035
ep=0067 frame=016 slot=09 J_F=    92.60 meanZ=18.66 SoC=0.9002
ep=0067 frame=017 slot=09 J_F=   239.50 meanZ=18.28 SoC=0.8982
ep=0067 frame=018 slot=09 J_F=   567.60 meanZ=18.90 SoC=0.8943
ep=0067 frame=019 slot=09 J_F=   230.10 meanZ=18.46 SoC=0.8888
ep=0067 frame=020 slot=09 J_F=   661.20 meanZ=19.58 SoC=0.8863
ep=0067 frame=021 slot=09 J_F=   407.10 meanZ=20.18 SoC=0.8825
ep=0067 frame=022 slot=09 J_F=   644.80 meanZ=20.78 SoC=0.8786
ep=0067 frame=023 slot=09 J_F=   506.60 meanZ=19.48 SoC=0.8736
ep=0067 frame=024 slot=09 J_F=   642.60 meanZ=20.36 SoC=0.8719
ep=0067 frame=025 slot=09 J_F=   351.00 meanZ=20.40 SoC=0.8691
ep=0067 frame=026 slot=09 J_F=   185.30 meanZ=21.38 SoC=0.8662
ep=0067 frame=027 slot=09 J_F=   200.10 meanZ=21.12 SoC=0.8611
ep=0067 frame=028 slot=09 J_F=   413.90 meanZ=20.28 SoC=0.8577
ep=0067 frame=029 slot=09 J_F=    22.60 meanZ=19.60 SoC=0.8536
EP 0067 DPP/us=  -9.325 orig/us=0.4998 stall=0.030 served=0.597 hire=0.750 Zcost=0.325 proj=0 dual=1.000 [8592s]
ep=0068 frame=000 slot=09 J_F= -3551.50 meanZ=86.44 SoC=0.9919
ep=0068 frame=001 slot=09 J_F= -1149.50 meanZ=78.58 SoC=0.9853
ep=0068 frame=002 slot=09 J_F= -1344.90 meanZ=72.88 SoC=0.9800
ep=0068 frame=003 slot=09 J_F= -1045.30 meanZ=67.62 SoC=0.9729
ep=0068 frame=004 slot=09 J_F= -1179.40 meanZ=60.40 SoC=0.9664
ep=0068 frame=005 slot=09 J_F=  -822.80 meanZ=52.46 SoC=0.9593
ep=0068 frame=006 slot=09 J_F=  -961.20 meanZ=45.42 SoC=0.9535
ep=0068 frame=007 slot=09 J_F=  -537.90 meanZ=40.60 SoC=0.9469
ep=0068 frame=008 slot=09 J_F=   104.90 meanZ=37.72 SoC=0.9401
ep=0068 frame=009 slot=09 J_F=    16.80 meanZ=32.88 SoC=0.9338
ep=0068 frame=010 slot=09 J_F=  -610.70 meanZ=28.82 SoC=0.9279
ep=0068 frame=011 slot=09 J_F=   207.90 meanZ=26.16 SoC=0.9234
ep=0068 frame=012 slot=09 J_F=  -162.70 meanZ=24.80 SoC=0.9187
ep=0068 frame=013 slot=09 J_F=   550.00 meanZ=24.88 SoC=0.9143
ep=0068 frame=014 slot=09 J_F=   386.60 meanZ=24.08 SoC=0.9098
ep=0068 frame=015 slot=09 J_F=   245.80 meanZ=22.56 SoC=0.9059
ep=0068 frame=016 slot=09 J_F=    33.10 meanZ=20.38 SoC=0.9022
ep=0068 frame=017 slot=09 J_F=   173.50 meanZ=21.20 SoC=0.8984
ep=0068 frame=018 slot=09 J_F=   676.70 meanZ=23.22 SoC=0.8929
ep=0068 frame=019 slot=09 J_F=   314.40 meanZ=20.84 SoC=0.8874
ep=0068 frame=020 slot=09 J_F=   495.90 meanZ=20.50 SoC=0.8806
ep=0068 frame=021 slot=09 J_F=   263.10 meanZ=21.20 SoC=0.8768
ep=0068 frame=022 slot=09 J_F=  -423.20 meanZ=19.18 SoC=0.8726
ep=0068 frame=023 slot=09 J_F=   113.40 meanZ=17.82 SoC=0.8700
ep=0068 frame=024 slot=09 J_F=   336.10 meanZ=17.22 SoC=0.8668
ep=0068 frame=025 slot=09 J_F=   314.10 meanZ=17.40 SoC=0.8632
ep=0068 frame=026 slot=09 J_F=   262.50 meanZ=16.06 SoC=0.8592
ep=0068 frame=027 slot=09 J_F=    17.90 meanZ=14.56 SoC=0.8551
ep=0068 frame=028 slot=09 J_F=   323.60 meanZ=14.78 SoC=0.8528
ep=0068 frame=029 slot=09 J_F=   546.10 meanZ=16.18 SoC=0.8489
EP 0068 DPP/us=  -9.871 orig/us=0.5123 stall=0.031 served=0.596 hire=0.807 Zcost=0.321 proj=0 dual=1.000 [8716s]
ep=0069 frame=000 slot=09 J_F= -3966.30 meanZ=85.88 SoC=0.9924
ep=0069 frame=001 slot=09 J_F= -2077.50 meanZ=77.98 SoC=0.9856
ep=0069 frame=002 slot=09 J_F= -1746.70 meanZ=70.46 SoC=0.9790
ep=0069 frame=003 slot=09 J_F= -1007.20 meanZ=64.16 SoC=0.9714
ep=0069 frame=004 slot=09 J_F= -1218.90 meanZ=56.62 SoC=0.9662
ep=0069 frame=005 slot=09 J_F=  -880.70 meanZ=48.62 SoC=0.9581
ep=0069 frame=006 slot=09 J_F=  -502.30 meanZ=43.90 SoC=0.9513
ep=0069 frame=007 slot=09 J_F=     1.40 meanZ=39.86 SoC=0.9450
ep=0069 frame=008 slot=09 J_F=  -539.00 meanZ=35.02 SoC=0.9397
ep=0069 frame=009 slot=09 J_F=   333.80 meanZ=30.42 SoC=0.9347
ep=0069 frame=010 slot=09 J_F=  -327.00 meanZ=26.94 SoC=0.9290
ep=0069 frame=011 slot=09 J_F=    42.00 meanZ=23.78 SoC=0.9240
ep=0069 frame=012 slot=09 J_F=   378.50 meanZ=22.44 SoC=0.9177
ep=0069 frame=013 slot=09 J_F=   423.10 meanZ=21.54 SoC=0.9139
ep=0069 frame=014 slot=09 J_F=   425.10 meanZ=21.56 SoC=0.9099
ep=0069 frame=015 slot=09 J_F=   298.60 meanZ=20.70 SoC=0.9053
ep=0069 frame=016 slot=09 J_F=   -31.30 meanZ=20.42 SoC=0.9019
ep=0069 frame=017 slot=09 J_F=   -83.80 meanZ=19.92 SoC=0.8988
ep=0069 frame=018 slot=09 J_F=  -194.90 meanZ=18.92 SoC=0.8951
ep=0069 frame=019 slot=09 J_F=   474.30 meanZ=17.18 SoC=0.8913
ep=0069 frame=020 slot=09 J_F=   352.10 meanZ=17.28 SoC=0.8884
ep=0069 frame=021 slot=09 J_F=   596.00 meanZ=18.14 SoC=0.8856
ep=0069 frame=022 slot=09 J_F=   144.50 meanZ=18.08 SoC=0.8828
ep=0069 frame=023 slot=09 J_F=   294.90 meanZ=16.96 SoC=0.8786
ep=0069 frame=024 slot=09 J_F=   587.70 meanZ=17.64 SoC=0.8758
ep=0069 frame=025 slot=09 J_F=   339.40 meanZ=17.62 SoC=0.8731
ep=0069 frame=026 slot=09 J_F=   362.50 meanZ=18.52 SoC=0.8685
ep=0069 frame=027 slot=09 J_F=   -93.50 meanZ=17.40 SoC=0.8627
ep=0069 frame=028 slot=09 J_F=   303.40 meanZ=16.00 SoC=0.8559
ep=0069 frame=029 slot=09 J_F=  -109.20 meanZ=15.58 SoC=0.8520
EP 0069 DPP/us= -10.006 orig/us=0.5133 stall=0.016 served=0.611 hire=0.790 Zcost=0.308 proj=0 dual=1.000 [8843s]
ep=0070 frame=000 slot=09 J_F= -4425.00 meanZ=87.40 SoC=0.9929
ep=0070 frame=001 slot=09 J_F= -3242.20 meanZ=79.12 SoC=0.9863
ep=0070 frame=002 slot=09 J_F= -1999.30 meanZ=71.22 SoC=0.9797
ep=0070 frame=003 slot=09 J_F= -2376.60 meanZ=61.06 SoC=0.9726
ep=0070 frame=004 slot=09 J_F=  -628.10 meanZ=52.86 SoC=0.9679
ep=0070 frame=005 slot=09 J_F=   230.00 meanZ=47.78 SoC=0.9603
ep=0070 frame=006 slot=09 J_F=  -487.40 meanZ=42.04 SoC=0.9543
ep=0070 frame=007 slot=09 J_F=    29.50 meanZ=37.34 SoC=0.9482
ep=0070 frame=008 slot=09 J_F=   224.10 meanZ=32.14 SoC=0.9406
ep=0070 frame=009 slot=09 J_F=  -352.10 meanZ=28.88 SoC=0.9352
ep=0070 frame=010 slot=09 J_F=  -137.10 meanZ=23.10 SoC=0.9294
ep=0070 frame=011 slot=09 J_F=  -129.50 meanZ=22.32 SoC=0.9276
ep=0070 frame=012 slot=09 J_F=    63.90 meanZ=19.56 SoC=0.9215
ep=0070 frame=013 slot=09 J_F=   208.10 meanZ=18.06 SoC=0.9170
ep=0070 frame=014 slot=09 J_F=   340.80 meanZ=18.66 SoC=0.9129
ep=0070 frame=015 slot=09 J_F=   210.40 meanZ=19.02 SoC=0.9103
ep=0070 frame=016 slot=09 J_F=   639.90 meanZ=20.06 SoC=0.9091
ep=0070 frame=017 slot=09 J_F=   624.20 meanZ=20.98 SoC=0.9073
ep=0070 frame=018 slot=09 J_F=   545.40 meanZ=21.68 SoC=0.9058
ep=0070 frame=019 slot=09 J_F=   562.50 meanZ=22.26 SoC=0.9032
ep=0070 frame=020 slot=09 J_F=   285.30 meanZ=23.36 SoC=0.9004
ep=0070 frame=021 slot=09 J_F=   215.70 meanZ=22.52 SoC=0.8962
ep=0070 frame=022 slot=09 J_F=   731.70 meanZ=23.62 SoC=0.8947
ep=0070 frame=023 slot=09 J_F=   379.30 meanZ=23.94 SoC=0.8921
ep=0070 frame=024 slot=09 J_F=   915.70 meanZ=24.36 SoC=0.8884
ep=0070 frame=025 slot=09 J_F=    43.90 meanZ=25.02 SoC=0.8848
ep=0070 frame=026 slot=09 J_F=   601.60 meanZ=25.00 SoC=0.8833
ep=0070 frame=027 slot=09 J_F=   268.80 meanZ=25.32 SoC=0.8783
ep=0070 frame=028 slot=09 J_F=   419.20 meanZ=24.80 SoC=0.8728
ep=0070 frame=029 slot=09 J_F=   460.90 meanZ=25.34 SoC=0.8708
EP 0070 DPP/us=  -9.155 orig/us=0.4995 stall=0.019 served=0.578 hire=0.750 Zcost=0.311 proj=0 dual=1.000 [8967s]
ep=0071 frame=000 slot=09 J_F= -4462.60 meanZ=86.38 SoC=0.9932
ep=0071 frame=001 slot=09 J_F= -2032.90 meanZ=78.86 SoC=0.9866
ep=0071 frame=002 slot=09 J_F= -2453.30 meanZ=70.56 SoC=0.9795
ep=0071 frame=003 slot=09 J_F= -1629.20 meanZ=62.18 SoC=0.9724
ep=0071 frame=004 slot=09 J_F= -1542.60 meanZ=54.52 SoC=0.9664
ep=0071 frame=005 slot=09 J_F=  -649.50 meanZ=48.08 SoC=0.9604
ep=0071 frame=006 slot=09 J_F=  -102.40 meanZ=42.02 SoC=0.9538
ep=0071 frame=007 slot=09 J_F=  -438.40 meanZ=36.32 SoC=0.9462
ep=0071 frame=008 slot=09 J_F=   177.10 meanZ=33.72 SoC=0.9399
ep=0071 frame=009 slot=09 J_F=   263.20 meanZ=31.08 SoC=0.9341
ep=0071 frame=010 slot=09 J_F=    20.30 meanZ=27.22 SoC=0.9287
ep=0071 frame=011 slot=09 J_F=   514.60 meanZ=26.46 SoC=0.9245
ep=0071 frame=012 slot=09 J_F=  -109.30 meanZ=25.26 SoC=0.9205
ep=0071 frame=013 slot=09 J_F=   127.50 meanZ=22.70 SoC=0.9151
ep=0071 frame=014 slot=09 J_F=   179.70 meanZ=20.92 SoC=0.9111
ep=0071 frame=015 slot=09 J_F=   482.20 meanZ=19.98 SoC=0.9060
ep=0071 frame=016 slot=09 J_F=   554.40 meanZ=20.30 SoC=0.9021
ep=0071 frame=017 slot=09 J_F=   395.30 meanZ=20.44 SoC=0.8971
ep=0071 frame=018 slot=09 J_F=   603.60 meanZ=21.68 SoC=0.8940
ep=0071 frame=019 slot=09 J_F=   -97.80 meanZ=19.70 SoC=0.8906
ep=0071 frame=020 slot=09 J_F=   277.20 meanZ=20.56 SoC=0.8874
ep=0071 frame=021 slot=09 J_F=   489.70 meanZ=20.78 SoC=0.8824
ep=0071 frame=022 slot=09 J_F=   342.60 meanZ=21.80 SoC=0.8791
ep=0071 frame=023 slot=09 J_F=   482.10 meanZ=19.94 SoC=0.8744
ep=0071 frame=024 slot=09 J_F=   -79.90 meanZ=19.74 SoC=0.8711
ep=0071 frame=025 slot=09 J_F=   198.70 meanZ=19.00 SoC=0.8677
ep=0071 frame=026 slot=09 J_F=   410.70 meanZ=18.74 SoC=0.8631
ep=0071 frame=027 slot=09 J_F=  -145.30 meanZ=18.28 SoC=0.8568
ep=0071 frame=028 slot=09 J_F=   -27.60 meanZ=16.22 SoC=0.8518
ep=0071 frame=029 slot=09 J_F=   380.00 meanZ=14.58 SoC=0.8472
EP 0071 DPP/us= -10.162 orig/us=0.5213 stall=0.025 served=0.604 hire=0.803 Zcost=0.306 proj=0 dual=1.000 [9094s]
ep=0072 frame=000 slot=09 J_F= -2300.90 meanZ=87.88 SoC=0.9929
ep=0072 frame=001 slot=09 J_F= -3029.90 meanZ=80.06 SoC=0.9863
ep=0072 frame=002 slot=09 J_F= -1806.00 meanZ=72.40 SoC=0.9797
ep=0072 frame=003 slot=09 J_F= -1331.80 meanZ=65.92 SoC=0.9721
ep=0072 frame=004 slot=09 J_F= -2209.10 meanZ=58.14 SoC=0.9648
ep=0072 frame=005 slot=09 J_F= -1432.50 meanZ=49.52 SoC=0.9591
ep=0072 frame=006 slot=09 J_F= -1167.20 meanZ=41.12 SoC=0.9523
ep=0072 frame=007 slot=09 J_F=    75.30 meanZ=35.44 SoC=0.9452
ep=0072 frame=008 slot=09 J_F=  -137.50 meanZ=29.42 SoC=0.9392
ep=0072 frame=009 slot=09 J_F=   418.70 meanZ=25.18 SoC=0.9337
ep=0072 frame=010 slot=09 J_F=  -264.90 meanZ=22.76 SoC=0.9288
ep=0072 frame=011 slot=09 J_F=  -271.40 meanZ=20.10 SoC=0.9235
ep=0072 frame=012 slot=09 J_F=   218.30 meanZ=19.08 SoC=0.9185
ep=0072 frame=013 slot=09 J_F=    24.10 meanZ=19.12 SoC=0.9125
ep=0072 frame=014 slot=09 J_F=   506.60 meanZ=19.04 SoC=0.9084
ep=0072 frame=015 slot=09 J_F=   194.40 meanZ=18.14 SoC=0.9050
ep=0072 frame=016 slot=09 J_F=   109.90 meanZ=16.44 SoC=0.9008
ep=0072 frame=017 slot=09 J_F=   339.40 meanZ=15.30 SoC=0.8937
ep=0072 frame=018 slot=09 J_F=   134.90 meanZ=14.10 SoC=0.8874
ep=0072 frame=019 slot=09 J_F=   119.80 meanZ=13.84 SoC=0.8814
ep=0072 frame=020 slot=09 J_F=   311.50 meanZ=13.44 SoC=0.8770
ep=0072 frame=021 slot=09 J_F=   236.20 meanZ=12.36 SoC=0.8731
ep=0072 frame=022 slot=09 J_F=   232.20 meanZ=11.16 SoC=0.8695
ep=0072 frame=023 slot=09 J_F=   262.70 meanZ=11.72 SoC=0.8653
ep=0072 frame=024 slot=09 J_F=   368.60 meanZ=11.32 SoC=0.8609
ep=0072 frame=025 slot=09 J_F=   371.20 meanZ=11.70 SoC=0.8562
ep=0072 frame=026 slot=09 J_F=   272.90 meanZ=12.26 SoC=0.8537
ep=0072 frame=027 slot=09 J_F=    78.10 meanZ=10.96 SoC=0.8474
ep=0072 frame=028 slot=09 J_F=   583.40 meanZ=11.38 SoC=0.8424
ep=0072 frame=029 slot=09 J_F=   406.20 meanZ=14.00 SoC=0.8378
EP 0072 DPP/us= -10.057 orig/us=0.5215 stall=0.024 served=0.615 hire=0.823 Zcost=0.283 proj=0 dual=1.000 [9219s]
ep=0073 frame=000 slot=09 J_F= -4159.70 meanZ=85.38 SoC=0.9924
ep=0073 frame=001 slot=09 J_F= -2175.60 meanZ=77.74 SoC=0.9856
ep=0073 frame=002 slot=09 J_F= -2688.50 meanZ=66.50 SoC=0.9785
ep=0073 frame=003 slot=09 J_F=  -197.80 meanZ=61.06 SoC=0.9724
ep=0073 frame=004 slot=09 J_F= -1041.10 meanZ=52.98 SoC=0.9648
ep=0073 frame=005 slot=09 J_F=  -535.40 meanZ=44.54 SoC=0.9588
ep=0073 frame=006 slot=09 J_F=   -81.80 meanZ=38.64 SoC=0.9512
ep=0073 frame=007 slot=09 J_F=   -14.40 meanZ=32.64 SoC=0.9464
ep=0073 frame=008 slot=09 J_F=   -53.60 meanZ=30.00 SoC=0.9393
ep=0073 frame=009 slot=09 J_F=  -402.90 meanZ=26.00 SoC=0.9338
ep=0073 frame=010 slot=09 J_F=    57.50 meanZ=25.20 SoC=0.9279
ep=0073 frame=011 slot=09 J_F=   -90.80 meanZ=21.72 SoC=0.9229
ep=0073 frame=012 slot=09 J_F=   476.70 meanZ=21.52 SoC=0.9168
ep=0073 frame=013 slot=09 J_F=  -222.10 meanZ=18.74 SoC=0.9132
ep=0073 frame=014 slot=09 J_F=   370.90 meanZ=18.20 SoC=0.9092
ep=0073 frame=015 slot=09 J_F=   264.30 meanZ=17.42 SoC=0.9048
ep=0073 frame=016 slot=09 J_F=    54.60 meanZ=16.58 SoC=0.8996
ep=0073 frame=017 slot=09 J_F=   203.50 meanZ=17.22 SoC=0.8970
ep=0073 frame=018 slot=09 J_F=   219.20 meanZ=16.44 SoC=0.8944
ep=0073 frame=019 slot=09 J_F=   597.30 meanZ=15.90 SoC=0.8916
ep=0073 frame=020 slot=09 J_F=   614.00 meanZ=18.20 SoC=0.8903
ep=0073 frame=021 slot=09 J_F=   569.90 meanZ=17.50 SoC=0.8861
ep=0073 frame=022 slot=09 J_F=   108.90 meanZ=18.18 SoC=0.8814
ep=0073 frame=023 slot=09 J_F=   200.90 meanZ=17.90 SoC=0.8762
ep=0073 frame=024 slot=09 J_F=   -81.30 meanZ=16.56 SoC=0.8715
ep=0073 frame=025 slot=09 J_F=   267.60 meanZ=14.50 SoC=0.8671
ep=0073 frame=026 slot=09 J_F=  -106.40 meanZ=12.54 SoC=0.8624
ep=0073 frame=027 slot=09 J_F=   397.00 meanZ=13.48 SoC=0.8601
ep=0073 frame=028 slot=09 J_F=   379.90 meanZ=14.18 SoC=0.8567
ep=0073 frame=029 slot=09 J_F=   472.20 meanZ=13.56 SoC=0.8518
EP 0073 DPP/us= -10.498 orig/us=0.5216 stall=0.017 served=0.613 hire=0.803 Zcost=0.287 proj=0 dual=1.000 [9344s]
ep=0074 frame=000 slot=09 J_F= -3540.80 meanZ=86.96 SoC=0.9919
ep=0074 frame=001 slot=09 J_F= -2160.00 meanZ=79.22 SoC=0.9848
ep=0074 frame=002 slot=09 J_F= -1797.40 meanZ=70.76 SoC=0.9782
ep=0074 frame=003 slot=09 J_F= -1943.60 meanZ=63.50 SoC=0.9711
ep=0074 frame=004 slot=09 J_F=  -948.40 meanZ=56.60 SoC=0.9645
ep=0074 frame=005 slot=09 J_F=  -747.90 meanZ=50.60 SoC=0.9582
ep=0074 frame=006 slot=09 J_F=  -633.30 meanZ=43.46 SoC=0.9523
ep=0074 frame=007 slot=09 J_F=    20.80 meanZ=38.84 SoC=0.9450
ep=0074 frame=008 slot=09 J_F=   -17.20 meanZ=33.96 SoC=0.9390
ep=0074 frame=009 slot=09 J_F=    75.30 meanZ=30.08 SoC=0.9343
ep=0074 frame=010 slot=09 J_F=   136.80 meanZ=29.40 SoC=0.9297
ep=0074 frame=011 slot=09 J_F=  -267.90 meanZ=26.84 SoC=0.9239
ep=0074 frame=012 slot=09 J_F=  -275.60 meanZ=25.02 SoC=0.9192
ep=0074 frame=013 slot=09 J_F=   -28.60 meanZ=23.30 SoC=0.9151
ep=0074 frame=014 slot=09 J_F=   250.80 meanZ=22.36 SoC=0.9078
ep=0074 frame=015 slot=09 J_F=   -30.70 meanZ=20.64 SoC=0.9026
ep=0074 frame=016 slot=09 J_F=    96.00 meanZ=20.38 SoC=0.9006
ep=0074 frame=017 slot=09 J_F=   271.70 meanZ=19.22 SoC=0.9001
ep=0074 frame=018 slot=09 J_F=   380.20 meanZ=19.58 SoC=0.8959
ep=0074 frame=019 slot=09 J_F=  -155.90 meanZ=18.64 SoC=0.8941
ep=0074 frame=020 slot=09 J_F=   672.90 meanZ=19.32 SoC=0.8900
ep=0074 frame=021 slot=09 J_F=  -196.40 meanZ=17.04 SoC=0.8858
ep=0074 frame=022 slot=09 J_F=   353.20 meanZ=17.46 SoC=0.8814
ep=0074 frame=023 slot=09 J_F=   -54.00 meanZ=17.10 SoC=0.8755
ep=0074 frame=024 slot=09 J_F=    11.10 meanZ=16.32 SoC=0.8716
ep=0074 frame=025 slot=09 J_F=   585.40 meanZ=16.32 SoC=0.8685
ep=0074 frame=026 slot=09 J_F=   176.10 meanZ=16.64 SoC=0.8656
ep=0074 frame=027 slot=09 J_F=   546.30 meanZ=18.70 SoC=0.8623
ep=0074 frame=028 slot=09 J_F=    56.40 meanZ=19.18 SoC=0.8573
ep=0074 frame=029 slot=09 J_F=   601.80 meanZ=18.18 SoC=0.8529
EP 0074 DPP/us=  -9.813 orig/us=0.5152 stall=0.018 served=0.598 hire=0.763 Zcost=0.309 proj=0 dual=1.000 [9470s]
ep=0075 frame=000 slot=09 J_F= -3553.20 meanZ=86.56 SoC=0.9924
ep=0075 frame=001 slot=09 J_F= -1105.10 meanZ=78.54 SoC=0.9853
ep=0075 frame=002 slot=09 J_F= -1338.10 meanZ=71.98 SoC=0.9782
ep=0075 frame=003 slot=09 J_F= -1230.40 meanZ=64.94 SoC=0.9706
ep=0075 frame=004 slot=09 J_F= -1185.90 meanZ=57.58 SoC=0.9643
ep=0075 frame=005 slot=09 J_F=  -707.10 meanZ=50.88 SoC=0.9582
ep=0075 frame=006 slot=09 J_F=   256.70 meanZ=46.10 SoC=0.9512
ep=0075 frame=007 slot=09 J_F= -1307.90 meanZ=39.28 SoC=0.9454
ep=0075 frame=008 slot=09 J_F=  -227.10 meanZ=34.88 SoC=0.9391
ep=0075 frame=009 slot=09 J_F=   395.40 meanZ=32.38 SoC=0.9338
ep=0075 frame=010 slot=09 J_F=   272.90 meanZ=30.40 SoC=0.9289
ep=0075 frame=011 slot=09 J_F=  -549.90 meanZ=26.38 SoC=0.9234
ep=0075 frame=012 slot=09 J_F=   182.50 meanZ=25.00 SoC=0.9181
ep=0075 frame=013 slot=09 J_F=  -144.20 meanZ=25.24 SoC=0.9145
ep=0075 frame=014 slot=09 J_F=    10.50 meanZ=23.58 SoC=0.9082
ep=0075 frame=015 slot=09 J_F=   -77.20 meanZ=21.26 SoC=0.9037
ep=0075 frame=016 slot=09 J_F=  -104.60 meanZ=19.46 SoC=0.8995
ep=0075 frame=017 slot=09 J_F=   -53.60 meanZ=17.12 SoC=0.8932
ep=0075 frame=018 slot=09 J_F=   317.80 meanZ=16.36 SoC=0.8875
ep=0075 frame=019 slot=09 J_F=   133.90 meanZ=14.40 SoC=0.8809
ep=0075 frame=020 slot=09 J_F=   343.50 meanZ=15.36 SoC=0.8781
ep=0075 frame=021 slot=09 J_F=   497.30 meanZ=15.12 SoC=0.8744
ep=0075 frame=022 slot=09 J_F=   652.00 meanZ=16.52 SoC=0.8721
ep=0075 frame=023 slot=09 J_F=   -13.10 meanZ=14.28 SoC=0.8675
ep=0075 frame=024 slot=09 J_F=   277.10 meanZ=13.96 SoC=0.8612
ep=0075 frame=025 slot=09 J_F=   302.00 meanZ=13.40 SoC=0.8568
ep=0075 frame=026 slot=09 J_F=   321.20 meanZ=13.74 SoC=0.8556
ep=0075 frame=027 slot=09 J_F=   357.90 meanZ=15.66 SoC=0.8528
ep=0075 frame=028 slot=09 J_F=    94.20 meanZ=16.22 SoC=0.8499
ep=0075 frame=029 slot=09 J_F=   232.80 meanZ=15.42 SoC=0.8426
EP 0075 DPP/us= -10.256 orig/us=0.5150 stall=0.029 served=0.598 hire=0.820 Zcost=0.311 proj=0 dual=1.000 [9594s]
ep=0076 frame=000 slot=09 J_F= -3714.60 meanZ=86.90 SoC=0.9919
ep=0076 frame=001 slot=09 J_F= -2383.40 meanZ=78.58 SoC=0.9863
ep=0076 frame=002 slot=09 J_F= -2096.90 meanZ=69.06 SoC=0.9792
ep=0076 frame=003 slot=09 J_F= -1402.50 meanZ=61.64 SoC=0.9726
ep=0076 frame=004 slot=09 J_F=  -436.50 meanZ=53.78 SoC=0.9655
ep=0076 frame=005 slot=09 J_F= -1037.80 meanZ=46.34 SoC=0.9596
ep=0076 frame=006 slot=09 J_F=  -213.60 meanZ=39.74 SoC=0.9530
ep=0076 frame=007 slot=09 J_F=   151.50 meanZ=37.66 SoC=0.9459
ep=0076 frame=008 slot=09 J_F=  -446.10 meanZ=31.88 SoC=0.9383
ep=0076 frame=009 slot=09 J_F=   227.80 meanZ=30.26 SoC=0.9348
ep=0076 frame=010 slot=09 J_F=   174.20 meanZ=28.16 SoC=0.9296
ep=0076 frame=011 slot=09 J_F=    48.10 meanZ=24.32 SoC=0.9233
ep=0076 frame=012 slot=09 J_F=    94.70 meanZ=23.66 SoC=0.9186
ep=0076 frame=013 slot=09 J_F=    86.10 meanZ=21.58 SoC=0.9113
ep=0076 frame=014 slot=09 J_F=   378.00 meanZ=20.76 SoC=0.9077
ep=0076 frame=015 slot=09 J_F=   -18.60 meanZ=19.34 SoC=0.9014
ep=0076 frame=016 slot=09 J_F=   458.40 meanZ=18.76 SoC=0.8969
ep=0076 frame=017 slot=09 J_F=   650.70 meanZ=17.90 SoC=0.8920
ep=0076 frame=018 slot=09 J_F=    78.70 meanZ=17.92 SoC=0.8897
ep=0076 frame=019 slot=09 J_F=   215.90 meanZ=17.14 SoC=0.8834
ep=0076 frame=020 slot=09 J_F=    19.30 meanZ=17.82 SoC=0.8797
ep=0076 frame=021 slot=09 J_F=   256.60 meanZ=19.14 SoC=0.8784
ep=0076 frame=022 slot=09 J_F=   149.40 meanZ=18.22 SoC=0.8724
ep=0076 frame=023 slot=09 J_F=   106.50 meanZ=17.26 SoC=0.8675
ep=0076 frame=024 slot=09 J_F=   319.90 meanZ=15.52 SoC=0.8641
ep=0076 frame=025 slot=09 J_F=   532.20 meanZ=16.56 SoC=0.8621
ep=0076 frame=026 slot=09 J_F=   510.70 meanZ=17.44 SoC=0.8582
ep=0076 frame=027 slot=09 J_F=   488.50 meanZ=18.38 SoC=0.8562
ep=0076 frame=028 slot=09 J_F=   293.30 meanZ=16.82 SoC=0.8507
ep=0076 frame=029 slot=09 J_F=   265.10 meanZ=18.06 SoC=0.8477
EP 0076 DPP/us=  -9.569 orig/us=0.5139 stall=0.025 served=0.601 hire=0.803 Zcost=0.306 proj=0 dual=1.000 [9721s]
ep=0077 frame=000 slot=09 J_F= -4519.70 meanZ=86.52 SoC=0.9929
ep=0077 frame=001 slot=09 J_F= -1231.90 meanZ=79.06 SoC=0.9861
ep=0077 frame=002 slot=09 J_F= -1733.20 meanZ=70.22 SoC=0.9790
ep=0077 frame=003 slot=09 J_F=  -898.50 meanZ=62.12 SoC=0.9714
ep=0077 frame=004 slot=09 J_F= -1823.80 meanZ=53.64 SoC=0.9662
ep=0077 frame=005 slot=09 J_F=  -798.20 meanZ=47.72 SoC=0.9596
ep=0077 frame=006 slot=09 J_F=  -809.60 meanZ=41.26 SoC=0.9523
ep=0077 frame=007 slot=09 J_F= -1004.00 meanZ=34.54 SoC=0.9447
ep=0077 frame=008 slot=09 J_F=   485.90 meanZ=29.62 SoC=0.9371
ep=0077 frame=009 slot=09 J_F=    -4.50 meanZ=26.42 SoC=0.9308
ep=0077 frame=010 slot=09 J_F=   218.80 meanZ=23.52 SoC=0.9235
ep=0077 frame=011 slot=09 J_F=   412.70 meanZ=20.42 SoC=0.9172
ep=0077 frame=012 slot=09 J_F=   280.80 meanZ=20.14 SoC=0.9125
ep=0077 frame=013 slot=09 J_F=   519.70 meanZ=21.44 SoC=0.9061
ep=0077 frame=014 slot=09 J_F=   469.10 meanZ=22.36 SoC=0.9022
ep=0077 frame=015 slot=09 J_F=   336.80 meanZ=21.88 SoC=0.8978
ep=0077 frame=016 slot=09 J_F=   582.20 meanZ=22.70 SoC=0.8955
ep=0077 frame=017 slot=09 J_F=  -109.10 meanZ=20.60 SoC=0.8895
ep=0077 frame=018 slot=09 J_F=   271.30 meanZ=21.82 SoC=0.8852
ep=0077 frame=019 slot=09 J_F=   372.80 meanZ=22.86 SoC=0.8837
ep=0077 frame=020 slot=09 J_F=   496.60 meanZ=21.68 SoC=0.8792
ep=0077 frame=021 slot=09 J_F=   185.40 meanZ=20.80 SoC=0.8724
ep=0077 frame=022 slot=09 J_F=   411.10 meanZ=19.00 SoC=0.8688
ep=0077 frame=023 slot=09 J_F=   359.70 meanZ=19.14 SoC=0.8659
ep=0077 frame=024 slot=09 J_F=   305.50 meanZ=19.10 SoC=0.8623
ep=0077 frame=025 slot=09 J_F=   569.30 meanZ=20.56 SoC=0.8592
ep=0077 frame=026 slot=09 J_F=  -133.60 meanZ=18.76 SoC=0.8558
ep=0077 frame=027 slot=09 J_F=   324.10 meanZ=18.72 SoC=0.8538
ep=0077 frame=028 slot=09 J_F=    18.50 meanZ=17.38 SoC=0.8475
ep=0077 frame=029 slot=09 J_F=   152.20 meanZ=15.34 SoC=0.8425
EP 0077 DPP/us=  -9.850 orig/us=0.5108 stall=0.035 served=0.587 hire=0.793 Zcost=0.305 proj=0 dual=1.000 [9850s]
ep=0078 frame=000 slot=09 J_F= -3476.20 meanZ=85.76 SoC=0.9919
ep=0078 frame=001 slot=09 J_F= -2026.40 meanZ=78.86 SoC=0.9868
ep=0078 frame=002 slot=09 J_F= -2528.30 meanZ=69.10 SoC=0.9823
ep=0078 frame=003 slot=09 J_F= -1488.40 meanZ=61.72 SoC=0.9760
ep=0078 frame=004 slot=09 J_F= -1208.10 meanZ=55.80 SoC=0.9687
ep=0078 frame=005 slot=09 J_F=  -206.40 meanZ=50.62 SoC=0.9631
ep=0078 frame=006 slot=09 J_F=    -5.00 meanZ=46.72 SoC=0.9581
ep=0078 frame=007 slot=09 J_F=   261.30 meanZ=44.22 SoC=0.9537
ep=0078 frame=008 slot=09 J_F=    13.40 meanZ=40.42 SoC=0.9492
ep=0078 frame=009 slot=09 J_F=   -42.70 meanZ=37.74 SoC=0.9453
ep=0078 frame=010 slot=09 J_F=   214.30 meanZ=35.10 SoC=0.9398
ep=0078 frame=011 slot=09 J_F=  -234.50 meanZ=31.76 SoC=0.9354
ep=0078 frame=012 slot=09 J_F=    53.90 meanZ=28.62 SoC=0.9304
ep=0078 frame=013 slot=09 J_F=    14.40 meanZ=25.68 SoC=0.9233
ep=0078 frame=014 slot=09 J_F=   109.40 meanZ=26.32 SoC=0.9189
ep=0078 frame=015 slot=09 J_F=   -30.40 meanZ=24.80 SoC=0.9171
ep=0078 frame=016 slot=09 J_F=   350.70 meanZ=24.38 SoC=0.9111
ep=0078 frame=017 slot=09 J_F=  -235.40 meanZ=22.60 SoC=0.9054
ep=0078 frame=018 slot=09 J_F=  -370.50 meanZ=18.72 SoC=0.8996
ep=0078 frame=019 slot=09 J_F=    84.80 meanZ=16.92 SoC=0.8951
ep=0078 frame=020 slot=09 J_F=   322.30 meanZ=15.98 SoC=0.8941
ep=0078 frame=021 slot=09 J_F=   234.90 meanZ=15.40 SoC=0.8894
ep=0078 frame=022 slot=09 J_F=   430.10 meanZ=15.66 SoC=0.8861
ep=0078 frame=023 slot=09 J_F=   157.80 meanZ=14.22 SoC=0.8785
ep=0078 frame=024 slot=09 J_F=   311.30 meanZ=15.40 SoC=0.8736
ep=0078 frame=025 slot=09 J_F=   194.10 meanZ=13.68 SoC=0.8687
ep=0078 frame=026 slot=09 J_F=   324.60 meanZ=12.40 SoC=0.8642
ep=0078 frame=027 slot=09 J_F=    90.20 meanZ=12.42 SoC=0.8617
ep=0078 frame=028 slot=09 J_F=   187.00 meanZ=13.50 SoC=0.8570
ep=0078 frame=029 slot=09 J_F=   196.90 meanZ=13.34 SoC=0.8510
EP 0078 DPP/us= -10.448 orig/us=0.5266 stall=0.020 served=0.602 hire=0.800 Zcost=0.318 proj=0 dual=1.000 [9976s]
ep=0079 frame=000 slot=09 J_F= -2475.50 meanZ=87.52 SoC=0.9929
ep=0079 frame=001 slot=09 J_F= -1970.80 meanZ=79.82 SoC=0.9881
ep=0079 frame=002 slot=09 J_F= -2222.70 meanZ=70.54 SoC=0.9805
ep=0079 frame=003 slot=09 J_F= -1980.40 meanZ=62.06 SoC=0.9729
ep=0079 frame=004 slot=09 J_F=  -878.30 meanZ=54.60 SoC=0.9672
ep=0079 frame=005 slot=09 J_F=  -876.90 meanZ=48.34 SoC=0.9601
ep=0079 frame=006 slot=09 J_F=  -493.20 meanZ=41.94 SoC=0.9553
ep=0079 frame=007 slot=09 J_F=  -642.30 meanZ=37.70 SoC=0.9487
ep=0079 frame=008 slot=09 J_F=   116.10 meanZ=32.88 SoC=0.9443
ep=0079 frame=009 slot=09 J_F=   116.20 meanZ=30.02 SoC=0.9377
ep=0079 frame=010 slot=09 J_F=   160.30 meanZ=29.30 SoC=0.9319
ep=0079 frame=011 slot=09 J_F=   331.60 meanZ=26.14 SoC=0.9264
ep=0079 frame=012 slot=09 J_F=  -323.00 meanZ=23.00 SoC=0.9191
ep=0079 frame=013 slot=09 J_F=   340.20 meanZ=22.70 SoC=0.9160
ep=0079 frame=014 slot=09 J_F=   379.30 meanZ=21.40 SoC=0.9123
ep=0079 frame=015 slot=09 J_F=   442.30 meanZ=20.98 SoC=0.9074
ep=0079 frame=016 slot=09 J_F=   261.90 meanZ=18.74 SoC=0.9016
ep=0079 frame=017 slot=09 J_F=    96.10 meanZ=17.38 SoC=0.8961
ep=0079 frame=018 slot=09 J_F=     3.50 meanZ=15.72 SoC=0.8926
ep=0079 frame=019 slot=09 J_F=   236.30 meanZ=13.94 SoC=0.8881
ep=0079 frame=020 slot=09 J_F=   283.30 meanZ=14.14 SoC=0.8842
ep=0079 frame=021 slot=09 J_F=   539.80 meanZ=15.60 SoC=0.8787
ep=0079 frame=022 slot=09 J_F=   481.90 meanZ=16.06 SoC=0.8745
ep=0079 frame=023 slot=09 J_F=   164.60 meanZ=15.96 SoC=0.8711
ep=0079 frame=024 slot=09 J_F=   237.60 meanZ=15.84 SoC=0.8666
ep=0079 frame=025 slot=09 J_F=    23.40 meanZ=14.98 SoC=0.8617
ep=0079 frame=026 slot=09 J_F=   275.50 meanZ=13.56 SoC=0.8567
ep=0079 frame=027 slot=09 J_F=   318.30 meanZ=13.42 SoC=0.8529
ep=0079 frame=028 slot=09 J_F=   502.40 meanZ=14.18 SoC=0.8495
ep=0079 frame=029 slot=09 J_F=   131.00 meanZ=15.00 SoC=0.8414
EP 0079 DPP/us= -10.224 orig/us=0.5124 stall=0.034 served=0.600 hire=0.833 Zcost=0.304 proj=0 dual=1.000 [10104s]
ep=0080 frame=000 slot=09 J_F= -4247.20 meanZ=85.16 SoC=0.9919
ep=0080 frame=001 slot=09 J_F= -2430.10 meanZ=75.72 SoC=0.9858
ep=0080 frame=002 slot=09 J_F=  -919.10 meanZ=68.94 SoC=0.9782
ep=0080 frame=003 slot=09 J_F= -1626.70 meanZ=60.28 SoC=0.9711
ep=0080 frame=004 slot=09 J_F=  -942.80 meanZ=52.50 SoC=0.9630
ep=0080 frame=005 slot=09 J_F= -1151.10 meanZ=46.74 SoC=0.9567
ep=0080 frame=006 slot=09 J_F=   253.50 meanZ=40.92 SoC=0.9508
ep=0080 frame=007 slot=09 J_F=  -123.10 meanZ=36.70 SoC=0.9450
ep=0080 frame=008 slot=09 J_F=   435.00 meanZ=34.06 SoC=0.9408
ep=0080 frame=009 slot=09 J_F=   185.40 meanZ=33.50 SoC=0.9350
ep=0080 frame=010 slot=09 J_F=  -137.60 meanZ=30.76 SoC=0.9283
ep=0080 frame=011 slot=09 J_F=    72.20 meanZ=29.32 SoC=0.9223
ep=0080 frame=012 slot=09 J_F=    22.10 meanZ=28.02 SoC=0.9189
ep=0080 frame=013 slot=09 J_F=   677.10 meanZ=28.42 SoC=0.9140
ep=0080 frame=014 slot=09 J_F=   -37.40 meanZ=27.26 SoC=0.9085
ep=0080 frame=015 slot=09 J_F=   156.70 meanZ=26.08 SoC=0.9040
ep=0080 frame=016 slot=09 J_F=   177.30 meanZ=25.88 SoC=0.9006
ep=0080 frame=017 slot=09 J_F=  -320.60 meanZ=25.30 SoC=0.8946
ep=0080 frame=018 slot=09 J_F=  -398.60 meanZ=24.36 SoC=0.8891
ep=0080 frame=019 slot=09 J_F=    20.20 meanZ=23.14 SoC=0.8842
ep=0080 frame=020 slot=09 J_F=   103.20 meanZ=23.46 SoC=0.8787
ep=0080 frame=021 slot=09 J_F=   695.20 meanZ=22.38 SoC=0.8737
ep=0080 frame=022 slot=09 J_F=   148.20 meanZ=22.42 SoC=0.8701
ep=0080 frame=023 slot=09 J_F=   149.40 meanZ=21.68 SoC=0.8651
ep=0080 frame=024 slot=09 J_F=   889.70 meanZ=23.12 SoC=0.8605
ep=0080 frame=025 slot=09 J_F=   498.40 meanZ=23.06 SoC=0.8563
ep=0080 frame=026 slot=09 J_F=   228.80 meanZ=22.16 SoC=0.8513
ep=0080 frame=027 slot=09 J_F=   590.10 meanZ=22.30 SoC=0.8469
ep=0080 frame=028 slot=09 J_F=   306.60 meanZ=21.86 SoC=0.8416
ep=0080 frame=029 slot=09 J_F=   430.90 meanZ=20.30 SoC=0.8361
EP 0080 DPP/us=  -9.603 orig/us=0.5132 stall=0.020 served=0.588 hire=0.830 Zcost=0.341 proj=0 dual=1.000 [10232s]
ep=0081 frame=000 slot=09 J_F= -4110.30 meanZ=86.08 SoC=0.9924
ep=0081 frame=001 slot=09 J_F= -1390.70 meanZ=80.24 SoC=0.9858
ep=0081 frame=002 slot=09 J_F= -1903.50 meanZ=72.98 SoC=0.9782
ep=0081 frame=003 slot=09 J_F= -2024.90 meanZ=64.74 SoC=0.9738
ep=0081 frame=004 slot=09 J_F=  -961.50 meanZ=56.80 SoC=0.9672
ep=0081 frame=005 slot=09 J_F=  -819.40 meanZ=49.70 SoC=0.9611
ep=0081 frame=006 slot=09 J_F=  -990.50 meanZ=42.72 SoC=0.9548
ep=0081 frame=007 slot=09 J_F=    84.90 meanZ=38.10 SoC=0.9485
ep=0081 frame=008 slot=09 J_F=   127.00 meanZ=35.64 SoC=0.9417
ep=0081 frame=009 slot=09 J_F=  -542.70 meanZ=31.18 SoC=0.9352
ep=0081 frame=010 slot=09 J_F=   328.80 meanZ=30.86 SoC=0.9302
ep=0081 frame=011 slot=09 J_F=   161.30 meanZ=26.90 SoC=0.9252
ep=0081 frame=012 slot=09 J_F=   500.80 meanZ=26.60 SoC=0.9198
ep=0081 frame=013 slot=09 J_F=   -39.90 meanZ=24.56 SoC=0.9140
ep=0081 frame=014 slot=09 J_F=   259.90 meanZ=23.24 SoC=0.9087
ep=0081 frame=015 slot=09 J_F=   -78.60 meanZ=21.80 SoC=0.9042
ep=0081 frame=016 slot=09 J_F=   -99.90 meanZ=21.48 SoC=0.9001
ep=0081 frame=017 slot=09 J_F=    95.30 meanZ=18.96 SoC=0.8930
ep=0081 frame=018 slot=09 J_F=   188.80 meanZ=18.84 SoC=0.8883
ep=0081 frame=019 slot=09 J_F=   356.20 meanZ=16.26 SoC=0.8834
ep=0081 frame=020 slot=09 J_F=    79.70 meanZ=14.38 SoC=0.8771
ep=0081 frame=021 slot=09 J_F=   477.40 meanZ=14.64 SoC=0.8724
ep=0081 frame=022 slot=09 J_F=   638.80 meanZ=16.78 SoC=0.8709
ep=0081 frame=023 slot=09 J_F=   333.80 meanZ=15.88 SoC=0.8684
ep=0081 frame=024 slot=09 J_F=   685.90 meanZ=16.04 SoC=0.8650
ep=0081 frame=025 slot=09 J_F=   514.50 meanZ=16.82 SoC=0.8614
ep=0081 frame=026 slot=09 J_F=   430.80 meanZ=18.12 SoC=0.8572
ep=0081 frame=027 slot=09 J_F=   112.00 meanZ=17.76 SoC=0.8531
ep=0081 frame=028 slot=09 J_F=   324.30 meanZ=18.60 SoC=0.8494
ep=0081 frame=029 slot=09 J_F=   657.00 meanZ=19.44 SoC=0.8450
EP 0081 DPP/us=  -9.309 orig/us=0.5143 stall=0.027 served=0.595 hire=0.817 Zcost=0.313 proj=0 dual=1.000 [10355s]
ep=0082 frame=000 slot=09 J_F= -3062.80 meanZ=87.34 SoC=0.9929
ep=0082 frame=001 slot=09 J_F= -1812.30 meanZ=79.70 SoC=0.9873
ep=0082 frame=002 slot=09 J_F= -2711.50 meanZ=70.98 SoC=0.9807
ep=0082 frame=003 slot=09 J_F= -1002.00 meanZ=63.32 SoC=0.9755
ep=0082 frame=004 slot=09 J_F=  -849.20 meanZ=57.76 SoC=0.9697
ep=0082 frame=005 slot=09 J_F= -1763.80 meanZ=49.54 SoC=0.9616
ep=0082 frame=006 slot=09 J_F=  -195.00 meanZ=44.70 SoC=0.9565
ep=0082 frame=007 slot=09 J_F=  -490.60 meanZ=38.70 SoC=0.9504
ep=0082 frame=008 slot=09 J_F=   162.90 meanZ=35.46 SoC=0.9428
ep=0082 frame=009 slot=09 J_F=     9.20 meanZ=34.32 SoC=0.9379
ep=0082 frame=010 slot=09 J_F=  -137.30 meanZ=30.24 SoC=0.9313
ep=0082 frame=011 slot=09 J_F=    54.40 meanZ=27.88 SoC=0.9258
ep=0082 frame=012 slot=09 J_F=   158.90 meanZ=23.44 SoC=0.9190
ep=0082 frame=013 slot=09 J_F=   285.80 meanZ=21.64 SoC=0.9128
ep=0082 frame=014 slot=09 J_F=   397.80 meanZ=21.34 SoC=0.9065
ep=0082 frame=015 slot=09 J_F=   490.70 meanZ=19.96 SoC=0.9002
ep=0082 frame=016 slot=09 J_F=   273.60 meanZ=18.44 SoC=0.8957
ep=0082 frame=017 slot=09 J_F=   224.90 meanZ=18.32 SoC=0.8932
ep=0082 frame=018 slot=09 J_F=   318.80 meanZ=16.56 SoC=0.8882
ep=0082 frame=019 slot=09 J_F=   632.20 meanZ=18.32 SoC=0.8859
ep=0082 frame=020 slot=09 J_F=   710.20 meanZ=19.38 SoC=0.8844
ep=0082 frame=021 slot=09 J_F=   250.70 meanZ=19.26 SoC=0.8789
ep=0082 frame=022 slot=09 J_F=   479.20 meanZ=20.44 SoC=0.8756
ep=0082 frame=023 slot=09 J_F=   272.30 meanZ=19.76 SoC=0.8698
ep=0082 frame=024 slot=09 J_F=   448.00 meanZ=20.36 SoC=0.8667
ep=0082 frame=025 slot=09 J_F=   499.00 meanZ=21.12 SoC=0.8631
ep=0082 frame=026 slot=09 J_F=   438.60 meanZ=21.40 SoC=0.8605
ep=0082 frame=027 slot=09 J_F=   471.30 meanZ=23.72 SoC=0.8545
ep=0082 frame=028 slot=09 J_F=   -51.20 meanZ=21.98 SoC=0.8498
ep=0082 frame=029 slot=09 J_F=   403.60 meanZ=20.62 SoC=0.8435
EP 0082 DPP/us=  -9.500 orig/us=0.5068 stall=0.030 served=0.587 hire=0.827 Zcost=0.320 proj=0 dual=1.000 [10478s]
ep=0083 frame=000 slot=09 J_F= -4331.10 meanZ=85.38 SoC=0.9934
ep=0083 frame=001 slot=09 J_F= -1427.50 meanZ=75.82 SoC=0.9858
ep=0083 frame=002 slot=09 J_F= -2406.90 meanZ=66.90 SoC=0.9782
ep=0083 frame=003 slot=09 J_F= -1580.60 meanZ=58.22 SoC=0.9721
ep=0083 frame=004 slot=09 J_F=  -712.70 meanZ=51.88 SoC=0.9650
ep=0083 frame=005 slot=09 J_F=  -347.10 meanZ=45.82 SoC=0.9590
ep=0083 frame=006 slot=09 J_F=  -126.80 meanZ=40.40 SoC=0.9527
ep=0083 frame=007 slot=09 J_F=  -222.90 meanZ=35.54 SoC=0.9451
ep=0083 frame=008 slot=09 J_F=   282.40 meanZ=33.40 SoC=0.9391
ep=0083 frame=009 slot=09 J_F=   -36.00 meanZ=28.64 SoC=0.9315
ep=0083 frame=010 slot=09 J_F=  -407.10 meanZ=25.16 SoC=0.9270
ep=0083 frame=011 slot=09 J_F=  -441.00 meanZ=22.56 SoC=0.9194
ep=0083 frame=012 slot=09 J_F=   391.20 meanZ=21.58 SoC=0.9118
ep=0083 frame=013 slot=09 J_F=   126.60 meanZ=23.16 SoC=0.9085
ep=0083 frame=014 slot=09 J_F=   -99.90 meanZ=20.72 SoC=0.9029
ep=0083 frame=015 slot=09 J_F=   217.40 meanZ=20.30 SoC=0.8988
ep=0083 frame=016 slot=09 J_F=   176.90 meanZ=19.74 SoC=0.8938
ep=0083 frame=017 slot=09 J_F=   -61.20 meanZ=19.42 SoC=0.8886
ep=0083 frame=018 slot=09 J_F=   329.90 meanZ=19.18 SoC=0.8850
ep=0083 frame=019 slot=09 J_F=  -287.50 meanZ=18.18 SoC=0.8795
ep=0083 frame=020 slot=09 J_F=   216.90 meanZ=18.78 SoC=0.8772
ep=0083 frame=021 slot=09 J_F=   327.00 meanZ=18.44 SoC=0.8733
ep=0083 frame=022 slot=09 J_F=   419.90 meanZ=21.00 SoC=0.8689
ep=0083 frame=023 slot=09 J_F=   216.10 meanZ=19.56 SoC=0.8634
ep=0083 frame=024 slot=09 J_F=   714.70 meanZ=20.32 SoC=0.8587
ep=0083 frame=025 slot=09 J_F=    96.60 meanZ=20.72 SoC=0.8548
ep=0083 frame=026 slot=09 J_F=   331.30 meanZ=21.86 SoC=0.8496
ep=0083 frame=027 slot=09 J_F=   316.70 meanZ=20.94 SoC=0.8465
ep=0083 frame=028 slot=09 J_F=  -126.30 meanZ=19.26 SoC=0.8410
ep=0083 frame=029 slot=09 J_F=   534.40 meanZ=20.20 SoC=0.8355
EP 0083 DPP/us=  -9.608 orig/us=0.5138 stall=0.019 served=0.594 hire=0.837 Zcost=0.318 proj=0 dual=1.000 [10606s]
ep=0084 frame=000 slot=09 J_F= -2985.90 meanZ=86.92 SoC=0.9934
ep=0084 frame=001 slot=09 J_F= -2998.20 meanZ=78.62 SoC=0.9873
ep=0084 frame=002 slot=09 J_F= -1859.60 meanZ=69.82 SoC=0.9818
ep=0084 frame=003 slot=09 J_F= -1894.90 meanZ=61.90 SoC=0.9757
ep=0084 frame=004 slot=09 J_F=  -982.10 meanZ=55.78 SoC=0.9686
ep=0084 frame=005 slot=09 J_F= -1014.10 meanZ=48.04 SoC=0.9615
ep=0084 frame=006 slot=09 J_F=  -175.20 meanZ=40.94 SoC=0.9544
ep=0084 frame=007 slot=09 J_F=  -404.60 meanZ=34.52 SoC=0.9478
ep=0084 frame=008 slot=09 J_F=    20.60 meanZ=32.50 SoC=0.9431
ep=0084 frame=009 slot=09 J_F=   211.50 meanZ=29.94 SoC=0.9378
ep=0084 frame=010 slot=09 J_F=  -134.50 meanZ=27.02 SoC=0.9320
ep=0084 frame=011 slot=09 J_F=   -42.40 meanZ=24.84 SoC=0.9262
ep=0084 frame=012 slot=09 J_F=   456.60 meanZ=24.30 SoC=0.9205
ep=0084 frame=013 slot=09 J_F=  -120.00 meanZ=22.52 SoC=0.9129
ep=0084 frame=014 slot=09 J_F=    72.50 meanZ=22.10 SoC=0.9069
ep=0084 frame=015 slot=09 J_F=   399.30 meanZ=21.56 SoC=0.9024
ep=0084 frame=016 slot=09 J_F=   415.10 meanZ=23.28 SoC=0.8969
ep=0084 frame=017 slot=09 J_F=   187.10 meanZ=22.22 SoC=0.8902
ep=0084 frame=018 slot=09 J_F=   275.20 meanZ=23.48 SoC=0.8842
ep=0084 frame=019 slot=09 J_F=   634.70 meanZ=23.48 SoC=0.8800
ep=0084 frame=020 slot=09 J_F=   849.20 meanZ=24.62 SoC=0.8751
ep=0084 frame=021 slot=09 J_F=   156.70 meanZ=22.86 SoC=0.8678
ep=0084 frame=022 slot=09 J_F=   253.80 meanZ=21.96 SoC=0.8636
ep=0084 frame=023 slot=09 J_F=  -146.00 meanZ=22.10 SoC=0.8576
ep=0084 frame=024 slot=09 J_F=   625.20 meanZ=23.24 SoC=0.8527
ep=0084 frame=025 slot=09 J_F=   473.70 meanZ=22.44 SoC=0.8503
ep=0084 frame=026 slot=09 J_F=   627.70 meanZ=23.38 SoC=0.8475
ep=0084 frame=027 slot=09 J_F=   341.60 meanZ=22.84 SoC=0.8425
ep=0084 frame=028 slot=09 J_F=   465.70 meanZ=22.42 SoC=0.8400
ep=0084 frame=029 slot=09 J_F=  -167.60 meanZ=21.38 SoC=0.8353
EP 0084 DPP/us=  -9.092 orig/us=0.5168 stall=0.021 served=0.602 hire=0.850 Zcost=0.334 proj=0 dual=1.000 [10733s]
ep=0085 frame=000 slot=09 J_F= -3721.90 meanZ=85.18 SoC=0.9927
ep=0085 frame=001 slot=09 J_F= -2369.20 meanZ=76.40 SoC=0.9864
ep=0085 frame=002 slot=09 J_F= -1807.40 meanZ=66.82 SoC=0.9801
ep=0085 frame=003 slot=09 J_F=  -481.80 meanZ=59.58 SoC=0.9728
ep=0085 frame=004 slot=09 J_F=  -551.50 meanZ=52.62 SoC=0.9660
ep=0085 frame=005 slot=09 J_F= -1035.90 meanZ=45.30 SoC=0.9595
ep=0085 frame=006 slot=09 J_F=    97.90 meanZ=41.00 SoC=0.9530
ep=0085 frame=007 slot=09 J_F=  -846.80 meanZ=35.72 SoC=0.9454
ep=0085 frame=008 slot=09 J_F=  -591.90 meanZ=31.86 SoC=0.9407
ep=0085 frame=009 slot=09 J_F=  -157.50 meanZ=27.66 SoC=0.9357
ep=0085 frame=010 slot=09 J_F=    54.60 meanZ=25.16 SoC=0.9297
ep=0085 frame=011 slot=09 J_F=   113.90 meanZ=22.60 SoC=0.9250
ep=0085 frame=012 slot=09 J_F=   508.20 meanZ=21.30 SoC=0.9198
ep=0085 frame=013 slot=09 J_F=   479.10 meanZ=23.28 SoC=0.9191
ep=0085 frame=014 slot=09 J_F=   242.60 meanZ=21.94 SoC=0.9150
ep=0085 frame=015 slot=09 J_F=  -188.40 meanZ=20.96 SoC=0.9100
ep=0085 frame=016 slot=09 J_F=   266.40 meanZ=20.38 SoC=0.9035
ep=0085 frame=017 slot=09 J_F=   529.10 meanZ=21.82 SoC=0.8981
ep=0085 frame=018 slot=09 J_F=   783.30 meanZ=21.70 SoC=0.8918
ep=0085 frame=019 slot=09 J_F=    46.70 meanZ=22.02 SoC=0.8855
ep=0085 frame=020 slot=09 J_F=   187.00 meanZ=22.04 SoC=0.8827
ep=0085 frame=021 slot=09 J_F=   132.10 meanZ=20.32 SoC=0.8764
ep=0085 frame=022 slot=09 J_F=   323.40 meanZ=20.86 SoC=0.8730
ep=0085 frame=023 slot=09 J_F=   255.80 meanZ=21.26 SoC=0.8717
ep=0085 frame=024 slot=09 J_F=   190.00 meanZ=21.30 SoC=0.8689
ep=0085 frame=025 slot=09 J_F=    -2.10 meanZ=20.02 SoC=0.8634
ep=0085 frame=026 slot=09 J_F=   371.80 meanZ=18.68 SoC=0.8579
ep=0085 frame=027 slot=09 J_F=   258.60 meanZ=17.82 SoC=0.8548
ep=0085 frame=028 slot=09 J_F=   447.20 meanZ=17.08 SoC=0.8501
ep=0085 frame=029 slot=09 J_F=   405.60 meanZ=17.30 SoC=0.8473
EP 0085 DPP/us=  -9.849 orig/us=0.5034 stall=0.011 served=0.597 hire=0.780 Zcost=0.311 proj=0 dual=1.000 [10859s]
ep=0086 frame=000 slot=09 J_F= -4065.00 meanZ=86.42 SoC=0.9929
ep=0086 frame=001 slot=09 J_F= -1480.00 meanZ=80.20 SoC=0.9868
ep=0086 frame=002 slot=09 J_F= -3222.30 meanZ=69.38 SoC=0.9805
ep=0086 frame=003 slot=09 J_F= -1701.90 meanZ=58.90 SoC=0.9740
ep=0086 frame=004 slot=09 J_F=  -684.50 meanZ=52.32 SoC=0.9667
ep=0086 frame=005 slot=09 J_F=  -600.10 meanZ=46.34 SoC=0.9604
ep=0086 frame=006 slot=09 J_F=  -827.10 meanZ=39.40 SoC=0.9546
ep=0086 frame=007 slot=09 J_F=  -564.30 meanZ=32.54 SoC=0.9475
ep=0086 frame=008 slot=09 J_F=   -49.30 meanZ=27.68 SoC=0.9422
ep=0086 frame=009 slot=09 J_F=   213.00 meanZ=25.00 SoC=0.9363
ep=0086 frame=010 slot=09 J_F=   -79.00 meanZ=22.92 SoC=0.9305
ep=0086 frame=011 slot=09 J_F=  -244.10 meanZ=21.08 SoC=0.9258
ep=0086 frame=012 slot=09 J_F=    24.50 meanZ=19.46 SoC=0.9227
ep=0086 frame=013 slot=09 J_F=   619.20 meanZ=18.56 SoC=0.9190
ep=0086 frame=014 slot=09 J_F=   438.10 meanZ=19.50 SoC=0.9165
ep=0086 frame=015 slot=09 J_F=   468.60 meanZ=19.64 SoC=0.9123
ep=0086 frame=016 slot=09 J_F=   345.30 meanZ=19.78 SoC=0.9085
ep=0086 frame=017 slot=09 J_F=   423.70 meanZ=19.10 SoC=0.9052
ep=0086 frame=018 slot=09 J_F=   261.10 meanZ=20.22 SoC=0.9015
ep=0086 frame=019 slot=09 J_F=   801.80 meanZ=21.24 SoC=0.8965
ep=0086 frame=020 slot=09 J_F=   436.50 meanZ=21.06 SoC=0.8926
ep=0086 frame=021 slot=09 J_F=   297.10 meanZ=20.46 SoC=0.8895
ep=0086 frame=022 slot=09 J_F=   322.30 meanZ=22.06 SoC=0.8867
ep=0086 frame=023 slot=09 J_F=   275.40 meanZ=22.44 SoC=0.8820
ep=0086 frame=024 slot=09 J_F=   159.10 meanZ=21.40 SoC=0.8789
ep=0086 frame=025 slot=09 J_F=   297.20 meanZ=20.64 SoC=0.8758
ep=0086 frame=026 slot=09 J_F=   285.40 meanZ=19.86 SoC=0.8708
ep=0086 frame=027 slot=09 J_F=   368.90 meanZ=19.32 SoC=0.8658
ep=0086 frame=028 slot=09 J_F=   153.20 meanZ=18.26 SoC=0.8638
ep=0086 frame=029 slot=09 J_F=   526.00 meanZ=17.22 SoC=0.8593
EP 0086 DPP/us=  -9.630 orig/us=0.5039 stall=0.027 served=0.587 hire=0.770 Zcost=0.304 proj=0 dual=1.000 [10986s]
ep=0087 frame=000 slot=09 J_F= -3766.20 meanZ=85.74 SoC=0.9927
ep=0087 frame=001 slot=09 J_F= -2669.90 meanZ=75.88 SoC=0.9864
ep=0087 frame=002 slot=09 J_F= -1545.90 meanZ=67.36 SoC=0.9808
ep=0087 frame=003 slot=09 J_F= -1007.80 meanZ=59.78 SoC=0.9732
ep=0087 frame=004 slot=09 J_F= -1460.50 meanZ=49.50 SoC=0.9667
ep=0087 frame=005 slot=09 J_F=    67.10 meanZ=42.76 SoC=0.9611
ep=0087 frame=006 slot=09 J_F=  -716.30 meanZ=37.70 SoC=0.9553
ep=0087 frame=007 slot=09 J_F=  -500.10 meanZ=32.82 SoC=0.9490
ep=0087 frame=008 slot=09 J_F=    77.20 meanZ=29.38 SoC=0.9449
ep=0087 frame=009 slot=09 J_F=   -52.10 meanZ=27.56 SoC=0.9391
ep=0087 frame=010 slot=09 J_F=    13.70 meanZ=26.22 SoC=0.9320
ep=0087 frame=011 slot=09 J_F=   374.10 meanZ=25.46 SoC=0.9263
ep=0087 frame=012 slot=09 J_F=   211.10 meanZ=24.54 SoC=0.9232
ep=0087 frame=013 slot=09 J_F=   397.50 meanZ=24.16 SoC=0.9177
ep=0087 frame=014 slot=09 J_F=    49.90 meanZ=22.58 SoC=0.9128
ep=0087 frame=015 slot=09 J_F=  -225.10 meanZ=21.54 SoC=0.9083
ep=0087 frame=016 slot=09 J_F=   501.10 meanZ=21.22 SoC=0.9015
ep=0087 frame=017 slot=09 J_F=   365.60 meanZ=21.34 SoC=0.8968
ep=0087 frame=018 slot=09 J_F=   427.00 meanZ=21.98 SoC=0.8906
ep=0087 frame=019 slot=09 J_F=   476.30 meanZ=23.62 SoC=0.8878
ep=0087 frame=020 slot=09 J_F=   268.60 meanZ=22.72 SoC=0.8865
ep=0087 frame=021 slot=09 J_F=   224.40 meanZ=23.54 SoC=0.8829
ep=0087 frame=022 slot=09 J_F=   232.80 meanZ=22.90 SoC=0.8779
ep=0087 frame=023 slot=09 J_F=   489.20 meanZ=24.24 SoC=0.8759
ep=0087 frame=024 slot=09 J_F=   183.90 meanZ=23.00 SoC=0.8691
ep=0087 frame=025 slot=09 J_F=   511.70 meanZ=23.38 SoC=0.8649
ep=0087 frame=026 slot=09 J_F=   442.00 meanZ=23.10 SoC=0.8605
ep=0087 frame=027 slot=09 J_F=   -50.60 meanZ=22.32 SoC=0.8571
ep=0087 frame=028 slot=09 J_F=   434.30 meanZ=22.30 SoC=0.8513
ep=0087 frame=029 slot=09 J_F=   736.20 meanZ=24.74 SoC=0.8477
EP 0087 DPP/us=  -9.299 orig/us=0.4970 stall=0.019 served=0.584 hire=0.803 Zcost=0.322 proj=0 dual=1.000 [11113s]
ep=0088 frame=000 slot=09 J_F= -2679.20 meanZ=85.92 SoC=0.9924
ep=0088 frame=001 slot=09 J_F= -2446.70 meanZ=77.08 SoC=0.9858
ep=0088 frame=002 slot=09 J_F=  -995.90 meanZ=69.14 SoC=0.9790
ep=0088 frame=003 slot=09 J_F= -1667.60 meanZ=61.44 SoC=0.9729
ep=0088 frame=004 slot=09 J_F=  -658.60 meanZ=54.50 SoC=0.9664
ep=0088 frame=005 slot=09 J_F=  -920.30 meanZ=47.76 SoC=0.9608
ep=0088 frame=006 slot=09 J_F=  -907.50 meanZ=41.16 SoC=0.9532
ep=0088 frame=007 slot=09 J_F=  -475.30 meanZ=34.88 SoC=0.9479
ep=0088 frame=008 slot=09 J_F=    50.90 meanZ=31.02 SoC=0.9421
ep=0088 frame=009 slot=09 J_F=   176.60 meanZ=29.92 SoC=0.9362
ep=0088 frame=010 slot=09 J_F=   201.10 meanZ=27.32 SoC=0.9325
ep=0088 frame=011 slot=09 J_F=    70.70 meanZ=23.82 SoC=0.9267
ep=0088 frame=012 slot=09 J_F=    33.50 meanZ=22.78 SoC=0.9221
ep=0088 frame=013 slot=09 J_F=   131.90 meanZ=21.42 SoC=0.9179
ep=0088 frame=014 slot=09 J_F=   197.10 meanZ=21.16 SoC=0.9143
ep=0088 frame=015 slot=09 J_F=   346.80 meanZ=20.60 SoC=0.9096
ep=0088 frame=016 slot=09 J_F=  -240.70 meanZ=19.18 SoC=0.9068
ep=0088 frame=017 slot=09 J_F=   577.20 meanZ=18.94 SoC=0.9031
ep=0088 frame=018 slot=09 J_F=   110.30 meanZ=18.92 SoC=0.8990
ep=0088 frame=019 slot=09 J_F=  -100.60 meanZ=18.20 SoC=0.8948
ep=0088 frame=020 slot=09 J_F=   371.00 meanZ=19.62 SoC=0.8899
ep=0088 frame=021 slot=09 J_F=   123.70 meanZ=19.62 SoC=0.8852
ep=0088 frame=022 slot=09 J_F=   408.20 meanZ=20.24 SoC=0.8830
ep=0088 frame=023 slot=09 J_F=   512.60 meanZ=22.48 SoC=0.8811
ep=0088 frame=024 slot=09 J_F=   613.90 meanZ=21.82 SoC=0.8796
ep=0088 frame=025 slot=09 J_F=   341.90 meanZ=21.16 SoC=0.8755
ep=0088 frame=026 slot=09 J_F=   305.90 meanZ=20.32 SoC=0.8713
ep=0088 frame=027 slot=09 J_F=    33.20 meanZ=19.26 SoC=0.8674
ep=0088 frame=028 slot=09 J_F=   327.60 meanZ=19.20 SoC=0.8642
ep=0088 frame=029 slot=09 J_F=   348.40 meanZ=18.98 SoC=0.8606
EP 0088 DPP/us=  -9.765 orig/us=0.5028 stall=0.014 served=0.599 hire=0.773 Zcost=0.307 proj=0 dual=1.000 [11237s]
ep=0089 frame=000 slot=09 J_F= -4325.70 meanZ=85.40 SoC=0.9919
ep=0089 frame=001 slot=09 J_F= -2231.00 meanZ=76.08 SoC=0.9856
ep=0089 frame=002 slot=09 J_F= -2257.30 meanZ=65.98 SoC=0.9798
ep=0089 frame=003 slot=09 J_F= -1621.80 meanZ=57.16 SoC=0.9717
ep=0089 frame=004 slot=09 J_F=  -858.20 meanZ=50.04 SoC=0.9654
ep=0089 frame=005 slot=09 J_F=  -323.90 meanZ=44.30 SoC=0.9608
ep=0089 frame=006 slot=09 J_F= -1032.60 meanZ=37.46 SoC=0.9550
ep=0089 frame=007 slot=09 J_F=  -100.70 meanZ=31.86 SoC=0.9474
ep=0089 frame=008 slot=09 J_F=    80.70 meanZ=28.16 SoC=0.9398
ep=0089 frame=009 slot=09 J_F=   -12.50 meanZ=25.50 SoC=0.9325
ep=0089 frame=010 slot=09 J_F=   -82.20 meanZ=23.04 SoC=0.9257
ep=0089 frame=011 slot=09 J_F=    97.40 meanZ=21.32 SoC=0.9211
ep=0089 frame=012 slot=09 J_F=   281.60 meanZ=21.90 SoC=0.9177
ep=0089 frame=013 slot=09 J_F=   260.50 meanZ=21.98 SoC=0.9152
ep=0089 frame=014 slot=09 J_F=   658.30 meanZ=22.72 SoC=0.9100
ep=0089 frame=015 slot=09 J_F=   336.60 meanZ=20.48 SoC=0.9045
ep=0089 frame=016 slot=09 J_F=   206.40 meanZ=19.16 SoC=0.8983
ep=0089 frame=017 slot=09 J_F=   273.30 meanZ=20.50 SoC=0.8962
ep=0089 frame=018 slot=09 J_F=   691.20 meanZ=23.60 SoC=0.8960
ep=0089 frame=019 slot=09 J_F=    53.00 meanZ=22.78 SoC=0.8911
ep=0089 frame=020 slot=09 J_F=   476.80 meanZ=22.06 SoC=0.8861
ep=0089 frame=021 slot=09 J_F=    13.80 meanZ=21.50 SoC=0.8803
ep=0089 frame=022 slot=09 J_F=    55.90 meanZ=21.00 SoC=0.8760
ep=0089 frame=023 slot=09 J_F=   341.20 meanZ=20.12 SoC=0.8708
ep=0089 frame=024 slot=09 J_F=   271.40 meanZ=19.38 SoC=0.8658
ep=0089 frame=025 slot=09 J_F=   217.80 meanZ=18.80 SoC=0.8632
ep=0089 frame=026 slot=09 J_F=   135.90 meanZ=19.08 SoC=0.8593
ep=0089 frame=027 slot=09 J_F=    29.30 meanZ=19.20 SoC=0.8544
ep=0089 frame=028 slot=09 J_F=   196.10 meanZ=18.56 SoC=0.8507
ep=0089 frame=029 slot=09 J_F=   339.10 meanZ=19.16 SoC=0.8471
EP 0089 DPP/us=  -9.847 orig/us=0.4955 stall=0.034 served=0.590 hire=0.777 Zcost=0.295 proj=0 dual=1.000 [11362s]
ep=0090 frame=000 slot=09 J_F= -4303.10 meanZ=85.80 SoC=0.9927
ep=0090 frame=001 slot=09 J_F= -2258.80 meanZ=76.12 SoC=0.9866
ep=0090 frame=002 slot=09 J_F= -1967.20 meanZ=66.80 SoC=0.9806
ep=0090 frame=003 slot=09 J_F= -1362.10 meanZ=57.72 SoC=0.9735
ep=0090 frame=004 slot=09 J_F=  -476.00 meanZ=52.84 SoC=0.9668
ep=0090 frame=005 slot=09 J_F=  -758.40 meanZ=43.96 SoC=0.9610
ep=0090 frame=006 slot=09 J_F=  -769.50 meanZ=36.22 SoC=0.9539
ep=0090 frame=007 slot=09 J_F=    50.20 meanZ=30.56 SoC=0.9491
ep=0090 frame=008 slot=09 J_F=   136.80 meanZ=27.10 SoC=0.9437
ep=0090 frame=009 slot=09 J_F=  -206.50 meanZ=24.10 SoC=0.9387
ep=0090 frame=010 slot=09 J_F=  -694.20 meanZ=21.94 SoC=0.9329
ep=0090 frame=011 slot=09 J_F=   282.30 meanZ=19.90 SoC=0.9266
ep=0090 frame=012 slot=09 J_F=   290.30 meanZ=19.94 SoC=0.9203
ep=0090 frame=013 slot=09 J_F=  -473.80 meanZ=18.02 SoC=0.9144
ep=0090 frame=014 slot=09 J_F=   124.20 meanZ=16.28 SoC=0.9081
ep=0090 frame=015 slot=09 J_F=   370.60 meanZ=16.26 SoC=0.9047
ep=0090 frame=016 slot=09 J_F=   503.60 meanZ=16.20 SoC=0.8996
ep=0090 frame=017 slot=09 J_F=  -124.80 meanZ=15.28 SoC=0.8946
ep=0090 frame=018 slot=09 J_F=   361.10 meanZ=15.60 SoC=0.8903
ep=0090 frame=019 slot=09 J_F=   320.40 meanZ=13.94 SoC=0.8856
ep=0090 frame=020 slot=09 J_F=   445.80 meanZ=14.00 SoC=0.8801
ep=0090 frame=021 slot=09 J_F=   407.10 meanZ=15.44 SoC=0.8760
ep=0090 frame=022 slot=09 J_F=   111.90 meanZ=14.46 SoC=0.8708
ep=0090 frame=023 slot=09 J_F=   301.40 meanZ=14.46 SoC=0.8658
ep=0090 frame=024 slot=09 J_F=   131.80 meanZ=13.64 SoC=0.8640
ep=0090 frame=025 slot=09 J_F=   503.90 meanZ=15.30 SoC=0.8623
ep=0090 frame=026 slot=09 J_F=   597.00 meanZ=16.08 SoC=0.8563
ep=0090 frame=027 slot=09 J_F=   220.40 meanZ=15.80 SoC=0.8508
ep=0090 frame=028 slot=09 J_F=   388.30 meanZ=17.28 SoC=0.8501
ep=0090 frame=029 slot=09 J_F=   256.20 meanZ=16.40 SoC=0.8465
EP 0090 DPP/us= -10.235 orig/us=0.5086 stall=0.013 served=0.611 hire=0.783 Zcost=0.276 proj=0 dual=1.000 [11487s]
ep=0091 frame=000 slot=09 J_F= -3935.10 meanZ=84.80 SoC=0.9924
ep=0091 frame=001 slot=09 J_F= -1539.70 meanZ=76.82 SoC=0.9858
ep=0091 frame=002 slot=09 J_F= -1719.30 meanZ=68.36 SoC=0.9800
ep=0091 frame=003 slot=09 J_F= -2124.40 meanZ=59.16 SoC=0.9748
ep=0091 frame=004 slot=09 J_F=  -923.90 meanZ=51.94 SoC=0.9672
ep=0091 frame=005 slot=09 J_F=  -710.70 meanZ=45.22 SoC=0.9624
ep=0091 frame=006 slot=09 J_F=  -217.20 meanZ=40.24 SoC=0.9564
ep=0091 frame=007 slot=09 J_F=  -243.80 meanZ=36.14 SoC=0.9510
ep=0091 frame=008 slot=09 J_F=   137.10 meanZ=32.96 SoC=0.9465
ep=0091 frame=009 slot=09 J_F=   218.80 meanZ=30.54 SoC=0.9407
ep=0091 frame=010 slot=09 J_F=   -23.50 meanZ=27.62 SoC=0.9363
ep=0091 frame=011 slot=09 J_F=   337.00 meanZ=28.12 SoC=0.9333
ep=0091 frame=012 slot=09 J_F=   192.20 meanZ=28.96 SoC=0.9290
ep=0091 frame=013 slot=09 J_F=   581.60 meanZ=28.62 SoC=0.9248
ep=0091 frame=014 slot=09 J_F=   411.90 meanZ=28.26 SoC=0.9209
ep=0091 frame=015 slot=09 J_F=  -116.20 meanZ=26.32 SoC=0.9154
ep=0091 frame=016 slot=09 J_F=   538.30 meanZ=25.96 SoC=0.9117
ep=0091 frame=017 slot=09 J_F=  -207.20 meanZ=25.62 SoC=0.9063
ep=0091 frame=018 slot=09 J_F=   103.70 meanZ=26.16 SoC=0.9011
ep=0091 frame=019 slot=09 J_F=   359.40 meanZ=25.30 SoC=0.8983
ep=0091 frame=020 slot=09 J_F=   211.50 meanZ=24.14 SoC=0.8956
ep=0091 frame=021 slot=09 J_F=   226.20 meanZ=22.14 SoC=0.8923
ep=0091 frame=022 slot=09 J_F=  -245.40 meanZ=20.06 SoC=0.8870
ep=0091 frame=023 slot=09 J_F=   687.70 meanZ=20.64 SoC=0.8826
ep=0091 frame=024 slot=09 J_F=   201.00 meanZ=20.16 SoC=0.8792
ep=0091 frame=025 slot=09 J_F=   604.70 meanZ=20.70 SoC=0.8761
ep=0091 frame=026 slot=09 J_F=   768.00 meanZ=22.74 SoC=0.8740
ep=0091 frame=027 slot=09 J_F=   441.80 meanZ=23.02 SoC=0.8673
ep=0091 frame=028 slot=09 J_F=   628.80 meanZ=21.82 SoC=0.8623
ep=0091 frame=029 slot=09 J_F=   -23.50 meanZ=20.82 SoC=0.8600
EP 0091 DPP/us=  -9.451 orig/us=0.4999 stall=0.020 served=0.590 hire=0.780 Zcost=0.328 proj=0 dual=1.000 [11613s]
ep=0092 frame=000 slot=09 J_F= -4146.40 meanZ=84.10 SoC=0.9934
ep=0092 frame=001 slot=09 J_F= -2453.60 meanZ=76.06 SoC=0.9881
ep=0092 frame=002 slot=09 J_F= -1637.80 meanZ=67.38 SoC=0.9814
ep=0092 frame=003 slot=09 J_F= -1768.50 meanZ=57.68 SoC=0.9743
ep=0092 frame=004 slot=09 J_F=  -808.00 meanZ=50.36 SoC=0.9672
ep=0092 frame=005 slot=09 J_F= -1020.40 meanZ=41.92 SoC=0.9606
ep=0092 frame=006 slot=09 J_F=  -457.30 meanZ=35.62 SoC=0.9548
ep=0092 frame=007 slot=09 J_F=  -381.90 meanZ=29.58 SoC=0.9490
ep=0092 frame=008 slot=09 J_F=  -345.00 meanZ=25.96 SoC=0.9436
ep=0092 frame=009 slot=09 J_F=   351.70 meanZ=22.78 SoC=0.9378
ep=0092 frame=010 slot=09 J_F=  -352.30 meanZ=19.62 SoC=0.9331
ep=0092 frame=011 slot=09 J_F=   198.50 meanZ=19.24 SoC=0.9295
ep=0092 frame=012 slot=09 J_F=  -133.40 meanZ=18.34 SoC=0.9245
ep=0092 frame=013 slot=09 J_F=   446.40 meanZ=18.30 SoC=0.9200
ep=0092 frame=014 slot=09 J_F=   403.50 meanZ=18.20 SoC=0.9154
ep=0092 frame=015 slot=09 J_F=  -103.40 meanZ=17.86 SoC=0.9131
ep=0092 frame=016 slot=09 J_F=   385.50 meanZ=18.78 SoC=0.9115
ep=0092 frame=017 slot=09 J_F=   705.30 meanZ=22.06 SoC=0.9105
ep=0092 frame=018 slot=09 J_F=   547.80 meanZ=21.82 SoC=0.9077
ep=0092 frame=019 slot=09 J_F=   215.20 meanZ=21.96 SoC=0.9070
ep=0092 frame=020 slot=09 J_F=   911.90 meanZ=23.24 SoC=0.9025
ep=0092 frame=021 slot=09 J_F=   326.20 meanZ=23.00 SoC=0.8959
ep=0092 frame=022 slot=09 J_F=   477.70 meanZ=22.70 SoC=0.8911
ep=0092 frame=023 slot=09 J_F=   225.30 meanZ=22.80 SoC=0.8871
ep=0092 frame=024 slot=09 J_F=   546.20 meanZ=22.64 SoC=0.8830
ep=0092 frame=025 slot=09 J_F=  -257.70 meanZ=21.20 SoC=0.8780
ep=0092 frame=026 slot=09 J_F=   392.60 meanZ=20.48 SoC=0.8725
ep=0092 frame=027 slot=09 J_F=   340.70 meanZ=20.06 SoC=0.8652
ep=0092 frame=028 slot=09 J_F=   283.30 meanZ=19.62 SoC=0.8606
ep=0092 frame=029 slot=09 J_F=    21.90 meanZ=18.86 SoC=0.8556
EP 0092 DPP/us=  -9.732 orig/us=0.4991 stall=0.026 served=0.597 hire=0.783 Zcost=0.288 proj=0 dual=1.000 [11742s]
ep=0093 frame=000 slot=09 J_F= -2961.80 meanZ=87.88 SoC=0.9929
ep=0093 frame=001 slot=09 J_F= -2404.30 meanZ=80.30 SoC=0.9858
ep=0093 frame=002 slot=09 J_F=  -958.60 meanZ=72.88 SoC=0.9795
ep=0093 frame=003 slot=09 J_F= -1328.10 meanZ=65.80 SoC=0.9719
ep=0093 frame=004 slot=09 J_F= -1052.30 meanZ=57.64 SoC=0.9648
ep=0093 frame=005 slot=09 J_F=  -634.80 meanZ=49.74 SoC=0.9582
ep=0093 frame=006 slot=09 J_F=  -700.00 meanZ=42.60 SoC=0.9528
ep=0093 frame=007 slot=09 J_F=  -138.10 meanZ=37.40 SoC=0.9467
ep=0093 frame=008 slot=09 J_F=  -241.30 meanZ=32.80 SoC=0.9407
ep=0093 frame=009 slot=09 J_F=  -218.30 meanZ=30.30 SoC=0.9346
ep=0093 frame=010 slot=09 J_F=  -409.30 meanZ=25.88 SoC=0.9294
ep=0093 frame=011 slot=09 J_F=  -427.60 meanZ=21.94 SoC=0.9244
ep=0093 frame=012 slot=09 J_F=   339.60 meanZ=22.72 SoC=0.9216
ep=0093 frame=013 slot=09 J_F=   -70.80 meanZ=20.40 SoC=0.9166
ep=0093 frame=014 slot=09 J_F=   -39.50 meanZ=16.70 SoC=0.9126
ep=0093 frame=015 slot=09 J_F=   227.40 meanZ=17.22 SoC=0.9072
ep=0093 frame=016 slot=09 J_F=   103.90 meanZ=17.58 SoC=0.9037
ep=0093 frame=017 slot=09 J_F=   106.00 meanZ=15.52 SoC=0.8993
ep=0093 frame=018 slot=09 J_F=   476.40 meanZ=15.86 SoC=0.8966
ep=0093 frame=019 slot=09 J_F=   615.30 meanZ=16.18 SoC=0.8925
ep=0093 frame=020 slot=09 J_F=   169.20 meanZ=15.72 SoC=0.8875
ep=0093 frame=021 slot=09 J_F=   -67.30 meanZ=15.76 SoC=0.8844
ep=0093 frame=022 slot=09 J_F=   479.90 meanZ=15.76 SoC=0.8792
ep=0093 frame=023 slot=09 J_F=   484.30 meanZ=15.74 SoC=0.8769
ep=0093 frame=024 slot=09 J_F=    20.60 meanZ=15.32 SoC=0.8722
ep=0093 frame=025 slot=09 J_F=   229.80 meanZ=14.54 SoC=0.8699
ep=0093 frame=026 slot=09 J_F=   119.00 meanZ=13.56 SoC=0.8644
ep=0093 frame=027 slot=09 J_F=   367.60 meanZ=12.88 SoC=0.8586
ep=0093 frame=028 slot=09 J_F=   380.60 meanZ=13.76 SoC=0.8553
ep=0093 frame=029 slot=09 J_F=   268.50 meanZ=13.94 SoC=0.8488
EP 0093 DPP/us= -10.510 orig/us=0.5147 stall=0.017 served=0.604 hire=0.813 Zcost=0.303 proj=0 dual=1.000 [11868s]
ep=0094 frame=000 slot=09 J_F= -4034.10 meanZ=84.46 SoC=0.9929
ep=0094 frame=001 slot=09 J_F= -2850.90 meanZ=75.94 SoC=0.9853
ep=0094 frame=002 slot=09 J_F= -1601.70 meanZ=69.54 SoC=0.9780
ep=0094 frame=003 slot=09 J_F= -1423.60 meanZ=60.36 SoC=0.9704
ep=0094 frame=004 slot=09 J_F=  -651.20 meanZ=50.98 SoC=0.9643
ep=0094 frame=005 slot=09 J_F=   503.70 meanZ=46.64 SoC=0.9577
ep=0094 frame=006 slot=09 J_F=  -527.20 meanZ=39.96 SoC=0.9496
ep=0094 frame=007 slot=09 J_F=  -998.50 meanZ=33.88 SoC=0.9425
ep=0094 frame=008 slot=09 J_F=  -229.80 meanZ=31.34 SoC=0.9376
ep=0094 frame=009 slot=09 J_F=    36.00 meanZ=28.54 SoC=0.9331
ep=0094 frame=010 slot=09 J_F=   460.70 meanZ=27.72 SoC=0.9290
ep=0094 frame=011 slot=09 J_F=   495.70 meanZ=25.72 SoC=0.9235
ep=0094 frame=012 slot=09 J_F=   -92.80 meanZ=24.16 SoC=0.9162
ep=0094 frame=013 slot=09 J_F=   296.10 meanZ=22.26 SoC=0.9102
ep=0094 frame=014 slot=09 J_F=  -168.20 meanZ=20.72 SoC=0.9042
ep=0094 frame=015 slot=09 J_F=   267.80 meanZ=20.04 SoC=0.8988
ep=0094 frame=016 slot=09 J_F=    31.80 meanZ=19.58 SoC=0.8953
ep=0094 frame=017 slot=09 J_F=   -26.80 meanZ=19.56 SoC=0.8915
ep=0094 frame=018 slot=09 J_F=   364.10 meanZ=18.86 SoC=0.8883
ep=0094 frame=019 slot=09 J_F=   314.20 meanZ=18.92 SoC=0.8826
ep=0094 frame=020 slot=09 J_F=   151.40 meanZ=19.24 SoC=0.8766
ep=0094 frame=021 slot=09 J_F=  -271.70 meanZ=17.48 SoC=0.8698
ep=0094 frame=022 slot=09 J_F=   378.90 meanZ=18.84 SoC=0.8640
ep=0094 frame=023 slot=09 J_F=    24.80 meanZ=19.14 SoC=0.8604
ep=0094 frame=024 slot=09 J_F=  -142.60 meanZ=17.46 SoC=0.8533
ep=0094 frame=025 slot=09 J_F=   287.00 meanZ=18.06 SoC=0.8486
ep=0094 frame=026 slot=09 J_F=   159.90 meanZ=17.66 SoC=0.8463
ep=0094 frame=027 slot=09 J_F=   191.40 meanZ=17.70 SoC=0.8405
ep=0094 frame=028 slot=09 J_F=   496.60 meanZ=18.64 SoC=0.8369
ep=0094 frame=029 slot=09 J_F=   611.10 meanZ=18.16 SoC=0.8325
EP 0094 DPP/us=  -9.747 orig/us=0.5105 stall=0.025 served=0.608 hire=0.837 Zcost=0.307 proj=0 dual=1.000 [11990s]
ep=0095 frame=000 slot=09 J_F= -3668.50 meanZ=85.16 SoC=0.9924
ep=0095 frame=001 slot=09 J_F= -2396.80 meanZ=76.00 SoC=0.9861
ep=0095 frame=002 slot=09 J_F= -1743.20 meanZ=67.14 SoC=0.9798
ep=0095 frame=003 slot=09 J_F= -1181.60 meanZ=59.40 SoC=0.9727
ep=0095 frame=004 slot=09 J_F=  -870.70 meanZ=51.48 SoC=0.9670
ep=0095 frame=005 slot=09 J_F=  -679.00 meanZ=45.04 SoC=0.9594
ep=0095 frame=006 slot=09 J_F=    66.00 meanZ=40.60 SoC=0.9534
ep=0095 frame=007 slot=09 J_F=  -404.60 meanZ=38.42 SoC=0.9466
ep=0095 frame=008 slot=09 J_F=  -583.20 meanZ=34.28 SoC=0.9416
ep=0095 frame=009 slot=09 J_F=    59.80 meanZ=33.16 SoC=0.9379
ep=0095 frame=010 slot=09 J_F=  -161.50 meanZ=29.72 SoC=0.9339
ep=0095 frame=011 slot=09 J_F=   424.50 meanZ=27.64 SoC=0.9295
ep=0095 frame=012 slot=09 J_F=  -195.70 meanZ=25.28 SoC=0.9258
ep=0095 frame=013 slot=09 J_F=  -134.80 meanZ=23.60 SoC=0.9222
ep=0095 frame=014 slot=09 J_F=   378.50 meanZ=23.36 SoC=0.9188
ep=0095 frame=015 slot=09 J_F=  -144.80 meanZ=21.92 SoC=0.9162
ep=0095 frame=016 slot=09 J_F=   -58.90 meanZ=20.86 SoC=0.9107
ep=0095 frame=017 slot=09 J_F=    22.70 meanZ=18.88 SoC=0.9055
ep=0095 frame=018 slot=09 J_F=   447.20 meanZ=19.90 SoC=0.8992
ep=0095 frame=019 slot=09 J_F=   280.40 meanZ=18.68 SoC=0.8953
ep=0095 frame=020 slot=09 J_F=  -121.20 meanZ=16.44 SoC=0.8922
ep=0095 frame=021 slot=09 J_F=   499.60 meanZ=15.58 SoC=0.8877
ep=0095 frame=022 slot=09 J_F=   633.20 meanZ=17.30 SoC=0.8868
ep=0095 frame=023 slot=09 J_F=   273.60 meanZ=16.94 SoC=0.8805
ep=0095 frame=024 slot=09 J_F=   414.20 meanZ=16.72 SoC=0.8780
ep=0095 frame=025 slot=09 J_F=   691.80 meanZ=18.36 SoC=0.8738
ep=0095 frame=026 slot=09 J_F=   313.60 meanZ=17.70 SoC=0.8710
ep=0095 frame=027 slot=09 J_F=   216.00 meanZ=17.60 SoC=0.8660
ep=0095 frame=028 slot=09 J_F=   409.50 meanZ=18.72 SoC=0.8614
ep=0095 frame=029 slot=09 J_F=   304.30 meanZ=19.34 SoC=0.8582
EP 0095 DPP/us=  -9.823 orig/us=0.4921 stall=0.029 served=0.600 hire=0.777 Zcost=0.303 proj=0 dual=1.000 [12113s]
ep=0096 frame=000 slot=09 J_F= -3296.70 meanZ=86.30 SoC=0.9919
ep=0096 frame=001 slot=09 J_F= -2241.70 meanZ=78.10 SoC=0.9866
ep=0096 frame=002 slot=09 J_F= -1495.50 meanZ=68.46 SoC=0.9795
ep=0096 frame=003 slot=09 J_F= -2006.00 meanZ=59.42 SoC=0.9750
ep=0096 frame=004 slot=09 J_F= -1592.10 meanZ=50.30 SoC=0.9679
ep=0096 frame=005 slot=09 J_F=    -1.00 meanZ=43.42 SoC=0.9621
ep=0096 frame=006 slot=09 J_F=  -272.10 meanZ=36.66 SoC=0.9555
ep=0096 frame=007 slot=09 J_F=  -111.80 meanZ=30.24 SoC=0.9482
ep=0096 frame=008 slot=09 J_F=  -177.20 meanZ=26.92 SoC=0.9421
ep=0096 frame=009 slot=09 J_F=     6.20 meanZ=25.04 SoC=0.9364
ep=0096 frame=010 slot=09 J_F=   221.40 meanZ=23.70 SoC=0.9325
ep=0096 frame=011 slot=09 J_F=   410.10 meanZ=23.66 SoC=0.9287
ep=0096 frame=012 slot=09 J_F=   596.40 meanZ=22.62 SoC=0.9240
ep=0096 frame=013 slot=09 J_F=   312.10 meanZ=21.80 SoC=0.9185
ep=0096 frame=014 slot=09 J_F=   108.90 meanZ=21.78 SoC=0.9144
ep=0096 frame=015 slot=09 J_F=   153.80 meanZ=20.98 SoC=0.9102
ep=0096 frame=016 slot=09 J_F=   481.70 meanZ=20.10 SoC=0.9044
ep=0096 frame=017 slot=09 J_F=    -9.10 meanZ=18.02 SoC=0.8987
ep=0096 frame=018 slot=09 J_F=   142.80 meanZ=19.48 SoC=0.8964
ep=0096 frame=019 slot=09 J_F=   197.20 meanZ=18.72 SoC=0.8915
ep=0096 frame=020 slot=09 J_F=   275.90 meanZ=19.84 SoC=0.8873
ep=0096 frame=021 slot=09 J_F=    49.20 meanZ=18.28 SoC=0.8855
ep=0096 frame=022 slot=09 J_F=   122.60 meanZ=17.02 SoC=0.8820
ep=0096 frame=023 slot=09 J_F=    28.80 meanZ=18.10 SoC=0.8829
ep=0096 frame=024 slot=09 J_F=    45.70 meanZ=17.10 SoC=0.8805
ep=0096 frame=025 slot=09 J_F=  -309.10 meanZ=15.70 SoC=0.8779
ep=0096 frame=026 slot=09 J_F=   376.90 meanZ=17.04 SoC=0.8759
ep=0096 frame=027 slot=09 J_F=   268.20 meanZ=15.60 SoC=0.8712
ep=0096 frame=028 slot=09 J_F=   452.50 meanZ=16.42 SoC=0.8707
ep=0096 frame=029 slot=09 J_F=   200.80 meanZ=16.88 SoC=0.8681
EP 0096 DPP/us= -10.015 orig/us=0.4974 stall=0.030 served=0.606 hire=0.763 Zcost=0.289 proj=0 dual=1.000 [12236s]
ep=0097 frame=000 slot=09 J_F= -4951.20 meanZ=84.20 SoC=0.9929
ep=0097 frame=001 slot=09 J_F= -1534.10 meanZ=74.38 SoC=0.9866
ep=0097 frame=002 slot=09 J_F= -1469.20 meanZ=66.40 SoC=0.9814
ep=0097 frame=003 slot=09 J_F= -1649.50 meanZ=56.44 SoC=0.9743
ep=0097 frame=004 slot=09 J_F= -1302.40 meanZ=47.98 SoC=0.9688
ep=0097 frame=005 slot=09 J_F=    -1.50 meanZ=42.76 SoC=0.9622
ep=0097 frame=006 slot=09 J_F=  -334.10 meanZ=37.82 SoC=0.9567
ep=0097 frame=007 slot=09 J_F=  -923.30 meanZ=31.96 SoC=0.9518
ep=0097 frame=008 slot=09 J_F=    -9.80 meanZ=28.12 SoC=0.9490
ep=0097 frame=009 slot=09 J_F=    78.00 meanZ=26.20 SoC=0.9449
ep=0097 frame=010 slot=09 J_F=   365.00 meanZ=25.40 SoC=0.9402
ep=0097 frame=011 slot=09 J_F=   384.70 meanZ=24.62 SoC=0.9379
ep=0097 frame=012 slot=09 J_F=   332.00 meanZ=24.30 SoC=0.9342
ep=0097 frame=013 slot=09 J_F=   158.90 meanZ=24.66 SoC=0.9288
ep=0097 frame=014 slot=09 J_F=  -272.90 meanZ=23.76 SoC=0.9243
ep=0097 frame=015 slot=09 J_F=   -58.30 meanZ=21.58 SoC=0.9207
ep=0097 frame=016 slot=09 J_F=   120.00 meanZ=20.46 SoC=0.9165
ep=0097 frame=017 slot=09 J_F=   134.00 meanZ=19.68 SoC=0.9118
ep=0097 frame=018 slot=09 J_F=   388.40 meanZ=21.10 SoC=0.9064
ep=0097 frame=019 slot=09 J_F=   350.50 meanZ=20.68 SoC=0.9022
ep=0097 frame=020 slot=09 J_F=     9.20 meanZ=20.58 SoC=0.8981
ep=0097 frame=021 slot=09 J_F=   200.80 meanZ=19.34 SoC=0.8949
ep=0097 frame=022 slot=09 J_F=   195.00 meanZ=18.22 SoC=0.8908
ep=0097 frame=023 slot=09 J_F=  -134.10 meanZ=15.72 SoC=0.8853
ep=0097 frame=024 slot=09 J_F=    51.40 meanZ=15.46 SoC=0.8828
ep=0097 frame=025 slot=09 J_F=   179.40 meanZ=14.10 SoC=0.8781
ep=0097 frame=026 slot=09 J_F=   408.00 meanZ=14.16 SoC=0.8723
ep=0097 frame=027 slot=09 J_F=   295.20 meanZ=15.66 SoC=0.8687
ep=0097 frame=028 slot=09 J_F=   200.10 meanZ=14.94 SoC=0.8624
ep=0097 frame=029 slot=09 J_F=   349.50 meanZ=15.88 SoC=0.8561
EP 0097 DPP/us= -10.273 orig/us=0.5059 stall=0.021 served=0.596 hire=0.783 Zcost=0.292 proj=0 dual=1.000 [12360s]
ep=0098 frame=000 slot=09 J_F= -4483.10 meanZ=85.38 SoC=0.9942
ep=0098 frame=001 slot=09 J_F= -1721.70 meanZ=75.66 SoC=0.9881
ep=0098 frame=002 slot=09 J_F= -2050.10 meanZ=65.94 SoC=0.9829
ep=0098 frame=003 slot=09 J_F= -1590.90 meanZ=57.40 SoC=0.9768
ep=0098 frame=004 slot=09 J_F= -1389.60 meanZ=47.78 SoC=0.9697
ep=0098 frame=005 slot=09 J_F=   197.60 meanZ=42.42 SoC=0.9639
ep=0098 frame=006 slot=09 J_F=  -619.90 meanZ=36.72 SoC=0.9563
ep=0098 frame=007 slot=09 J_F=  -432.90 meanZ=31.00 SoC=0.9500
ep=0098 frame=008 slot=09 J_F=   139.20 meanZ=26.88 SoC=0.9430
ep=0098 frame=009 slot=09 J_F=  -105.40 meanZ=25.90 SoC=0.9391
ep=0098 frame=010 slot=09 J_F=  -217.60 meanZ=23.84 SoC=0.9339
ep=0098 frame=011 slot=09 J_F=   165.20 meanZ=23.20 SoC=0.9306
ep=0098 frame=012 slot=09 J_F=   517.20 meanZ=21.92 SoC=0.9264
ep=0098 frame=013 slot=09 J_F=   175.70 meanZ=22.98 SoC=0.9236
ep=0098 frame=014 slot=09 J_F=   309.40 meanZ=23.00 SoC=0.9200
ep=0098 frame=015 slot=09 J_F=  -161.40 meanZ=22.56 SoC=0.9181
ep=0098 frame=016 slot=09 J_F=   249.70 meanZ=23.18 SoC=0.9150
ep=0098 frame=017 slot=09 J_F=    64.30 meanZ=21.32 SoC=0.9090
ep=0098 frame=018 slot=09 J_F=   267.30 meanZ=22.92 SoC=0.9043
ep=0098 frame=019 slot=09 J_F=    99.20 meanZ=22.20 SoC=0.8999
ep=0098 frame=020 slot=09 J_F=    33.40 meanZ=21.44 SoC=0.8967
ep=0098 frame=021 slot=09 J_F=  -311.10 meanZ=19.18 SoC=0.8918
ep=0098 frame=022 slot=09 J_F=   539.60 meanZ=20.42 SoC=0.8866
ep=0098 frame=023 slot=09 J_F=  -270.90 meanZ=19.06 SoC=0.8814
ep=0098 frame=024 slot=09 J_F=   467.30 meanZ=19.90 SoC=0.8771
ep=0098 frame=025 slot=09 J_F=   480.20 meanZ=20.90 SoC=0.8729
ep=0098 frame=026 slot=09 J_F=  -157.20 meanZ=18.16 SoC=0.8693
ep=0098 frame=027 slot=09 J_F=   251.70 meanZ=18.34 SoC=0.8664
ep=0098 frame=028 slot=09 J_F=   306.70 meanZ=17.28 SoC=0.8633
ep=0098 frame=029 slot=09 J_F=   105.60 meanZ=18.58 SoC=0.8608
EP 0098 DPP/us= -10.022 orig/us=0.4913 stall=0.039 served=0.596 hire=0.760 Zcost=0.286 proj=0 dual=1.000 [12482s]
ep=0099 frame=000 slot=09 J_F= -4590.80 meanZ=84.74 SoC=0.9927
ep=0099 frame=001 slot=09 J_F= -1277.30 meanZ=77.74 SoC=0.9856
ep=0099 frame=002 slot=09 J_F= -2289.50 meanZ=67.40 SoC=0.9803
ep=0099 frame=003 slot=09 J_F= -1063.20 meanZ=58.26 SoC=0.9732
ep=0099 frame=004 slot=09 J_F= -1135.40 meanZ=50.52 SoC=0.9675
ep=0099 frame=005 slot=09 J_F=  -646.30 meanZ=42.66 SoC=0.9599
ep=0099 frame=006 slot=09 J_F=   -72.70 meanZ=36.38 SoC=0.9551
ep=0099 frame=007 slot=09 J_F=   213.10 meanZ=31.28 SoC=0.9475
ep=0099 frame=008 slot=09 J_F=    25.00 meanZ=27.76 SoC=0.9415
ep=0099 frame=009 slot=09 J_F=   -42.70 meanZ=24.24 SoC=0.9358
ep=0099 frame=010 slot=09 J_F=   241.20 meanZ=22.26 SoC=0.9324
ep=0099 frame=011 slot=09 J_F=   449.60 meanZ=21.42 SoC=0.9272
ep=0099 frame=012 slot=09 J_F=   115.70 meanZ=19.42 SoC=0.9234
ep=0099 frame=013 slot=09 J_F=    15.10 meanZ=17.68 SoC=0.9171
ep=0099 frame=014 slot=09 J_F=   161.30 meanZ=16.24 SoC=0.9124
ep=0099 frame=015 slot=09 J_F=   387.30 meanZ=19.08 SoC=0.9085
ep=0099 frame=016 slot=09 J_F=   278.70 meanZ=19.20 SoC=0.9035
ep=0099 frame=017 slot=09 J_F=   238.30 meanZ=19.06 SoC=0.8999
ep=0099 frame=018 slot=09 J_F=   349.10 meanZ=17.42 SoC=0.8933
ep=0099 frame=019 slot=09 J_F=   561.00 meanZ=18.42 SoC=0.8889
ep=0099 frame=020 slot=09 J_F=   707.50 meanZ=18.12 SoC=0.8861
ep=0099 frame=021 slot=09 J_F=   -42.20 meanZ=18.64 SoC=0.8823
ep=0099 frame=022 slot=09 J_F=   162.70 meanZ=18.22 SoC=0.8791
ep=0099 frame=023 slot=09 J_F=   295.40 meanZ=18.60 SoC=0.8750
ep=0099 frame=024 slot=09 J_F=     6.70 meanZ=17.80 SoC=0.8698
ep=0099 frame=025 slot=09 J_F=    32.70 meanZ=17.20 SoC=0.8664
ep=0099 frame=026 slot=09 J_F=   221.80 meanZ=16.32 SoC=0.8631
ep=0099 frame=027 slot=09 J_F=    39.10 meanZ=16.34 SoC=0.8584
ep=0099 frame=028 slot=09 J_F=   275.40 meanZ=15.66 SoC=0.8535
ep=0099 frame=029 slot=09 J_F=   622.40 meanZ=16.74 SoC=0.8506
EP 0099 DPP/us= -10.077 orig/us=0.5065 stall=0.025 served=0.600 hire=0.777 Zcost=0.277 proj=0 dual=1.000 [12605s]
done in 12605.1s; trace=/data/surt321/repos/lab/uav_rsu/env/Lyapunov_RL_based_UAV_delivery/research/Lyapunov_uav/proposed/outputs/hppo/hrl50_seed2026_job141239/trace.jsonl debug=/data/surt321/repos/lab/uav_rsu/env/Lyapunov_RL_based_UAV_delivery/research/Lyapunov_uav/proposed/outputs/hppo/hrl50_seed2026_job141239/debug.log
trace verification for /data/surt321/repos/lab/uav_rsu/env/Lyapunov_RL_based_UAV_delivery/research/Lyapunov_uav/proposed/outputs/hppo/hrl50_seed2026_job141239
check     passed    failed
A1         30000         0
A2        900000         0
B1        491020         0
B2         54490         0
B3        359000         0
D1       1800000         0
D2         33000         0
F1         90000         0
F2         79102         0
F3         60000         0
M1       3140000         0
P1       1052429         0
P2        300000         0
Q1       3150000         0
Q2       1500000         0
Q3       1670000         0
R1       3380458         0
R2       1043752         0
R3        431326         0
R4       1918090         0
S0       1147309         0
S1         90000         0
S2        605940         0
S3        330100         0
TOTAL  passed=23656016 failed=0
loaded frame checkpoint: {'episode': 99, 'dual_lambda_z': 1.0, 'pair_id': '1789330421589357176-ep99-f50-s400'}
loaded slot checkpoint: {'episode': 99, 'dual_lambda_z': 1.0, 'pair_id': '1789330421589357176-ep99-f50-s400'}
--- P3 scheduling-only hierarchical PPO ---
regions=10 users=50 J^R=3 J^U=2 frames=30 slots/frame=10 points=5
frame obs dim=558 heads=50 | slot obs dim=558 heads=150
reward mode=dpp (CSI hidden from both agents); logs -> /data/surt321/repos/lab/uav_rsu/env/Lyapunov_RL_based_UAV_delivery/research/Lyapunov_uav/proposed/outputs/hppo/hrl50_seed2026_job141239_eval
ep=1000000 frame=000 slot=09 J_F= -4480.00 meanZ=83.88 SoC=0.9934
ep=1000000 frame=001 slot=09 J_F= -2097.10 meanZ=73.54 SoC=0.9884
ep=1000000 frame=002 slot=09 J_F= -2789.00 meanZ=60.96 SoC=0.9808
ep=1000000 frame=003 slot=09 J_F= -1337.50 meanZ=48.88 SoC=0.9727
ep=1000000 frame=004 slot=09 J_F=  -702.80 meanZ=38.72 SoC=0.9670
ep=1000000 frame=005 slot=09 J_F=  -447.90 meanZ=31.66 SoC=0.9599
ep=1000000 frame=006 slot=09 J_F=  -318.40 meanZ=24.84 SoC=0.9539
ep=1000000 frame=007 slot=09 J_F=    78.30 meanZ=20.24 SoC=0.9486
ep=1000000 frame=008 slot=09 J_F=   105.50 meanZ=18.04 SoC=0.9436
ep=1000000 frame=009 slot=09 J_F=   309.20 meanZ=15.50 SoC=0.9395
ep=1000000 frame=010 slot=09 J_F=   232.50 meanZ=15.06 SoC=0.9361
ep=1000000 frame=011 slot=09 J_F=    60.70 meanZ=16.00 SoC=0.9344
ep=1000000 frame=012 slot=09 J_F=   273.30 meanZ=14.62 SoC=0.9293
ep=1000000 frame=013 slot=09 J_F=   180.10 meanZ=14.08 SoC=0.9264
ep=1000000 frame=014 slot=09 J_F=   122.20 meanZ=12.78 SoC=0.9204
ep=1000000 frame=015 slot=09 J_F=  -109.90 meanZ=12.40 SoC=0.9163
ep=1000000 frame=016 slot=09 J_F=   338.10 meanZ=12.22 SoC=0.9124
ep=1000000 frame=017 slot=09 J_F=   380.50 meanZ=12.48 SoC=0.9073
ep=1000000 frame=018 slot=09 J_F=  -101.30 meanZ=12.04 SoC=0.9042
ep=1000000 frame=019 slot=09 J_F=    -8.70 meanZ=9.60 SoC=0.9006
ep=1000000 frame=020 slot=09 J_F=   389.10 meanZ=11.86 SoC=0.8996
ep=1000000 frame=021 slot=09 J_F=   309.10 meanZ=12.82 SoC=0.8954
ep=1000000 frame=022 slot=09 J_F=   435.60 meanZ=12.48 SoC=0.8931
ep=1000000 frame=023 slot=09 J_F=   508.30 meanZ=14.60 SoC=0.8897
ep=1000000 frame=024 slot=09 J_F=   601.30 meanZ=15.82 SoC=0.8826
ep=1000000 frame=025 slot=09 J_F=   638.10 meanZ=17.26 SoC=0.8793
ep=1000000 frame=026 slot=09 J_F=   503.80 meanZ=17.28 SoC=0.8751
ep=1000000 frame=027 slot=09 J_F=   463.80 meanZ=17.98 SoC=0.8705
ep=1000000 frame=028 slot=09 J_F=   441.70 meanZ=18.04 SoC=0.8663
ep=1000000 frame=029 slot=09 J_F=   230.40 meanZ=18.64 SoC=0.8669
EVAL 000 DPP/us=  -8.901 orig/us=0.5249 stall=0.032 hire=0.720 Q>Qe=0.0000 viol(reserve,power)=(0,0)
ep=1000001 frame=000 slot=09 J_F= -3616.40 meanZ=83.70 SoC=0.9929
ep=1000001 frame=001 slot=09 J_F= -2815.60 meanZ=73.20 SoC=0.9876
ep=1000001 frame=002 slot=09 J_F= -1939.40 meanZ=63.06 SoC=0.9840
ep=1000001 frame=003 slot=09 J_F= -1307.90 meanZ=53.00 SoC=0.9798
ep=1000001 frame=004 slot=09 J_F= -1636.60 meanZ=41.12 SoC=0.9738
ep=1000001 frame=005 slot=09 J_F=  -447.50 meanZ=30.80 SoC=0.9684
ep=1000001 frame=006 slot=09 J_F=  -523.10 meanZ=23.48 SoC=0.9634
ep=1000001 frame=007 slot=09 J_F=   -48.90 meanZ=19.44 SoC=0.9587
ep=1000001 frame=008 slot=09 J_F=    45.00 meanZ=17.48 SoC=0.9530
ep=1000001 frame=009 slot=09 J_F=  -103.70 meanZ=15.08 SoC=0.9481
ep=1000001 frame=010 slot=09 J_F=   401.40 meanZ=14.90 SoC=0.9439
ep=1000001 frame=011 slot=09 J_F=   -16.70 meanZ=13.86 SoC=0.9358
ep=1000001 frame=012 slot=09 J_F=    47.40 meanZ=13.02 SoC=0.9325
ep=1000001 frame=013 slot=09 J_F=   472.60 meanZ=12.22 SoC=0.9299
ep=1000001 frame=014 slot=09 J_F=   640.40 meanZ=14.40 SoC=0.9255
ep=1000001 frame=015 slot=09 J_F=   -45.60 meanZ=13.22 SoC=0.9206
ep=1000001 frame=016 slot=09 J_F=   126.60 meanZ=11.16 SoC=0.9152
ep=1000001 frame=017 slot=09 J_F=   152.10 meanZ=9.12 SoC=0.9110
ep=1000001 frame=018 slot=09 J_F=   433.10 meanZ=10.06 SoC=0.9077
ep=1000001 frame=019 slot=09 J_F=   383.80 meanZ=10.00 SoC=0.9035
ep=1000001 frame=020 slot=09 J_F=   231.10 meanZ=9.74 SoC=0.8994
ep=1000001 frame=021 slot=09 J_F=   184.70 meanZ=9.00 SoC=0.8970
ep=1000001 frame=022 slot=09 J_F=   225.40 meanZ=9.20 SoC=0.8921
ep=1000001 frame=023 slot=09 J_F=   581.40 meanZ=10.86 SoC=0.8887
ep=1000001 frame=024 slot=09 J_F=   600.10 meanZ=11.98 SoC=0.8846
ep=1000001 frame=025 slot=09 J_F=   553.00 meanZ=13.40 SoC=0.8841
ep=1000001 frame=026 slot=09 J_F=   383.50 meanZ=14.42 SoC=0.8818
ep=1000001 frame=027 slot=09 J_F=   474.50 meanZ=13.56 SoC=0.8782
ep=1000001 frame=028 slot=09 J_F=   595.40 meanZ=17.10 SoC=0.8775
ep=1000001 frame=029 slot=09 J_F=   294.40 meanZ=15.86 SoC=0.8707
EVAL 001 DPP/us=  -9.516 orig/us=0.5269 stall=0.016 hire=0.710 Q>Qe=0.0000 viol(reserve,power)=(0,0)
ep=1000002 frame=000 slot=09 J_F= -3977.50 meanZ=84.76 SoC=0.9924
ep=1000002 frame=001 slot=09 J_F= -2206.60 meanZ=75.40 SoC=0.9848
ep=1000002 frame=002 slot=09 J_F= -2586.30 meanZ=62.24 SoC=0.9777
ep=1000002 frame=003 slot=09 J_F= -1408.20 meanZ=50.20 SoC=0.9716
ep=1000002 frame=004 slot=09 J_F= -1023.60 meanZ=40.62 SoC=0.9664
ep=1000002 frame=005 slot=09 J_F=  -120.30 meanZ=32.46 SoC=0.9588
ep=1000002 frame=006 slot=09 J_F=  -248.60 meanZ=25.94 SoC=0.9551
ep=1000002 frame=007 slot=09 J_F=  -470.30 meanZ=22.28 SoC=0.9501
ep=1000002 frame=008 slot=09 J_F=   164.10 meanZ=20.18 SoC=0.9439
ep=1000002 frame=009 slot=09 J_F=  -223.20 meanZ=17.12 SoC=0.9400
ep=1000002 frame=010 slot=09 J_F=   278.00 meanZ=17.12 SoC=0.9369
ep=1000002 frame=011 slot=09 J_F=   235.00 meanZ=15.92 SoC=0.9337
ep=1000002 frame=012 slot=09 J_F=  -145.20 meanZ=14.24 SoC=0.9293
ep=1000002 frame=013 slot=09 J_F=   -36.80 meanZ=13.28 SoC=0.9233
ep=1000002 frame=014 slot=09 J_F=   352.90 meanZ=12.84 SoC=0.9176
ep=1000002 frame=015 slot=09 J_F=   163.40 meanZ=13.38 SoC=0.9143
ep=1000002 frame=016 slot=09 J_F=   305.30 meanZ=12.66 SoC=0.9085
ep=1000002 frame=017 slot=09 J_F=   441.80 meanZ=13.86 SoC=0.9051
ep=1000002 frame=018 slot=09 J_F=   706.40 meanZ=15.18 SoC=0.9031
ep=1000002 frame=019 slot=09 J_F=   502.30 meanZ=17.62 SoC=0.9014
ep=1000002 frame=020 slot=09 J_F=   534.00 meanZ=17.36 SoC=0.8991
ep=1000002 frame=021 slot=09 J_F=   241.30 meanZ=18.46 SoC=0.8949
ep=1000002 frame=022 slot=09 J_F=   473.80 meanZ=19.84 SoC=0.8911
ep=1000002 frame=023 slot=09 J_F=   453.80 meanZ=20.28 SoC=0.8874
ep=1000002 frame=024 slot=09 J_F=    51.10 meanZ=18.20 SoC=0.8817
ep=1000002 frame=025 slot=09 J_F=  -372.30 meanZ=17.82 SoC=0.8771
ep=1000002 frame=026 slot=09 J_F=   -73.00 meanZ=15.32 SoC=0.8731
ep=1000002 frame=027 slot=09 J_F=   153.00 meanZ=14.56 SoC=0.8681
ep=1000002 frame=028 slot=09 J_F=   335.40 meanZ=14.68 SoC=0.8643
ep=1000002 frame=029 slot=09 J_F=   305.70 meanZ=14.30 SoC=0.8615
EVAL 002 DPP/us=  -9.879 orig/us=0.5361 stall=0.026 hire=0.747 Q>Qe=0.0000 viol(reserve,power)=(0,0)
ep=1000003 frame=000 slot=09 J_F= -4521.90 meanZ=83.38 SoC=0.9934
ep=1000003 frame=001 slot=09 J_F= -2089.50 meanZ=72.82 SoC=0.9863
ep=1000003 frame=002 slot=09 J_F= -1844.90 meanZ=62.96 SoC=0.9807
ep=1000003 frame=003 slot=09 J_F= -1992.60 meanZ=52.32 SoC=0.9755
ep=1000003 frame=004 slot=09 J_F=  -761.30 meanZ=42.28 SoC=0.9697
ep=1000003 frame=005 slot=09 J_F=  -537.60 meanZ=32.88 SoC=0.9639
ep=1000003 frame=006 slot=09 J_F=    77.20 meanZ=27.28 SoC=0.9581
ep=1000003 frame=007 slot=09 J_F=  -142.30 meanZ=24.68 SoC=0.9532
ep=1000003 frame=008 slot=09 J_F=  -148.20 meanZ=20.56 SoC=0.9472
ep=1000003 frame=009 slot=09 J_F=   501.20 meanZ=18.18 SoC=0.9427
ep=1000003 frame=010 slot=09 J_F=   387.90 meanZ=16.84 SoC=0.9399
ep=1000003 frame=011 slot=09 J_F=   150.50 meanZ=15.28 SoC=0.9352
ep=1000003 frame=012 slot=09 J_F=    13.50 meanZ=14.76 SoC=0.9324
ep=1000003 frame=013 slot=09 J_F=   280.20 meanZ=14.36 SoC=0.9296
ep=1000003 frame=014 slot=09 J_F=   232.30 meanZ=15.40 SoC=0.9257
ep=1000003 frame=015 slot=09 J_F=   326.50 meanZ=13.86 SoC=0.9207
ep=1000003 frame=016 slot=09 J_F=   106.60 meanZ=14.04 SoC=0.9169
ep=1000003 frame=017 slot=09 J_F=    35.80 meanZ=14.82 SoC=0.9135
ep=1000003 frame=018 slot=09 J_F=   -54.80 meanZ=14.32 SoC=0.9107
ep=1000003 frame=019 slot=09 J_F=   162.40 meanZ=13.00 SoC=0.9044
ep=1000003 frame=020 slot=09 J_F=    50.40 meanZ=12.00 SoC=0.8998
ep=1000003 frame=021 slot=09 J_F=   137.50 meanZ=9.96 SoC=0.8953
ep=1000003 frame=022 slot=09 J_F=   313.40 meanZ=10.06 SoC=0.8931
ep=1000003 frame=023 slot=09 J_F=   315.90 meanZ=8.46 SoC=0.8904
ep=1000003 frame=024 slot=09 J_F=   428.30 meanZ=9.02 SoC=0.8879
ep=1000003 frame=025 slot=09 J_F=   483.70 meanZ=9.54 SoC=0.8829
ep=1000003 frame=026 slot=09 J_F=   329.60 meanZ=10.08 SoC=0.8809
ep=1000003 frame=027 slot=09 J_F=   245.10 meanZ=11.42 SoC=0.8799
ep=1000003 frame=028 slot=09 J_F=   430.90 meanZ=11.20 SoC=0.8770
ep=1000003 frame=029 slot=09 J_F=   186.10 meanZ=11.26 SoC=0.8749
EVAL 003 DPP/us= -10.200 orig/us=0.5372 stall=0.018 hire=0.727 Q>Qe=0.0000 viol(reserve,power)=(0,0)
ep=1000004 frame=000 slot=09 J_F= -4857.20 meanZ=82.12 SoC=0.9924
ep=1000004 frame=001 slot=09 J_F= -1788.60 meanZ=73.72 SoC=0.9877
ep=1000004 frame=002 slot=09 J_F= -2579.70 meanZ=63.60 SoC=0.9818
ep=1000004 frame=003 slot=09 J_F= -1908.50 meanZ=52.50 SoC=0.9747
ep=1000004 frame=004 slot=09 J_F= -1062.90 meanZ=40.38 SoC=0.9694
ep=1000004 frame=005 slot=09 J_F=  -179.30 meanZ=32.82 SoC=0.9644
ep=1000004 frame=006 slot=09 J_F=  -799.30 meanZ=26.48 SoC=0.9578
ep=1000004 frame=007 slot=09 J_F=  -435.00 meanZ=22.20 SoC=0.9518
ep=1000004 frame=008 slot=09 J_F=   -35.30 meanZ=19.54 SoC=0.9463
ep=1000004 frame=009 slot=09 J_F=   182.70 meanZ=18.62 SoC=0.9408
ep=1000004 frame=010 slot=09 J_F=   198.60 meanZ=18.38 SoC=0.9342
ep=1000004 frame=011 slot=09 J_F=    44.50 meanZ=18.38 SoC=0.9301
ep=1000004 frame=012 slot=09 J_F=   349.60 meanZ=17.46 SoC=0.9261
ep=1000004 frame=013 slot=09 J_F=  -110.50 meanZ=17.30 SoC=0.9220
ep=1000004 frame=014 slot=09 J_F=   -94.40 meanZ=15.74 SoC=0.9170
ep=1000004 frame=015 slot=09 J_F=   411.20 meanZ=16.90 SoC=0.9142
ep=1000004 frame=016 slot=09 J_F=    44.60 meanZ=16.06 SoC=0.9087
ep=1000004 frame=017 slot=09 J_F=   495.70 meanZ=17.48 SoC=0.9048
ep=1000004 frame=018 slot=09 J_F=   -11.90 meanZ=16.62 SoC=0.8980
ep=1000004 frame=019 slot=09 J_F=   255.40 meanZ=16.88 SoC=0.8947
ep=1000004 frame=020 slot=09 J_F=   772.50 meanZ=17.68 SoC=0.8922
ep=1000004 frame=021 slot=09 J_F=   336.60 meanZ=17.92 SoC=0.8888
ep=1000004 frame=022 slot=09 J_F=   617.80 meanZ=19.58 SoC=0.8855
ep=1000004 frame=023 slot=09 J_F=   472.60 meanZ=19.46 SoC=0.8808
ep=1000004 frame=024 slot=09 J_F=   374.80 meanZ=18.50 SoC=0.8775
ep=1000004 frame=025 slot=09 J_F=   450.20 meanZ=19.14 SoC=0.8746
ep=1000004 frame=026 slot=09 J_F=   191.70 meanZ=17.80 SoC=0.8697
ep=1000004 frame=027 slot=09 J_F=   408.00 meanZ=16.96 SoC=0.8637
ep=1000004 frame=028 slot=09 J_F=   103.70 meanZ=16.54 SoC=0.8600
ep=1000004 frame=029 slot=09 J_F=   157.80 meanZ=16.98 SoC=0.8562
EVAL 004 DPP/us=  -9.252 orig/us=0.5362 stall=0.025 hire=0.763 Q>Qe=0.0000 viol(reserve,power)=(0,0)
mean dpp_cost_per_user_slot: -9.5493 (std 0.4565)
mean original_cost_per_user_slot: 0.5323 (std 0.0053)
mean stall_ratio: 0.0233 (std 0.0060)
mean hire_rate: 0.7333 (std 0.0192)
done in 584.2s; trace=/data/surt321/repos/lab/uav_rsu/env/Lyapunov_RL_based_UAV_delivery/research/Lyapunov_uav/proposed/outputs/hppo/hrl50_seed2026_job141239_eval/trace.jsonl debug=/data/surt321/repos/lab/uav_rsu/env/Lyapunov_RL_based_UAV_delivery/research/Lyapunov_uav/proposed/outputs/hppo/hrl50_seed2026_job141239_eval/debug.log
trace verification for /data/surt321/repos/lab/uav_rsu/env/Lyapunov_RL_based_UAV_delivery/research/Lyapunov_uav/proposed/outputs/hppo/hrl50_seed2026_job141239_eval
check     passed    failed
A1          1500         0
A2         45000         0
B1         22000         0
B2          4000         0
B3         17950         0
D1         90000         0
D2          1650         0
F1          4500         0
F2          3700         0
F3          3000         0
M1        157000         0
P1         51810         0
P2         15000         0
Q1        157500         0
Q2         75000         0
Q3         83500         0
R1        184010         0
R2         58639         0
R3         25960         0
R4         89960         0
S0         57329         0
S1          4500         0
S2         30636         0
S3         16505         0
TOTAL  passed=1200649 failed=0
/data/surt321/repos/lab/uav_rsu/env/Lyapunov_RL_based_UAV_delivery/research/Lyapunov_uav/proposed/outputs/hppo/hrl50_seed2026_job141239/plots
/data/surt321/repos/lab/uav_rsu/env/Lyapunov_RL_based_UAV_delivery/research/Lyapunov_uav/proposed/outputs/hppo/hrl50_seed2026_job141239_eval/plots
[RESULTS] train=/data/surt321/repos/lab/uav_rsu/env/Lyapunov_RL_based_UAV_delivery/research/Lyapunov_uav/proposed/outputs/hppo/hrl50_seed2026_job141239 eval=/data/surt321/repos/lab/uav_rsu/env/Lyapunov_RL_based_UAV_delivery/research/Lyapunov_uav/proposed/outputs/hppo/hrl50_seed2026_job141239_eval
[SBATCH-END] status=complete job=141239
