ep=0500 frame=000 slot=09 J_F= -3332.60 meanZ=88.86 SoC=1.0000
ep=0500 frame=001 slot=09 J_F= -2116.50 meanZ=81.22 SoC=1.0000
ep=0500 frame=002 slot=09 J_F= -1407.30 meanZ=73.90 SoC=1.0000
ep=0500 frame=003 slot=09 J_F= -1172.10 meanZ=66.88 SoC=1.0000
ep=0500 frame=004 slot=09 J_F=   315.30 meanZ=62.50 SoC=1.0000
ep=0500 frame=005 slot=09 J_F=  -570.30 meanZ=56.72 SoC=1.0000
ep=0500 frame=006 slot=09 J_F=   564.80 meanZ=54.54 SoC=1.0000
ep=0500 frame=007 slot=09 J_F=  -597.00 meanZ=51.04 SoC=1.0000
ep=0500 frame=008 slot=09 J_F=  -102.80 meanZ=47.64 SoC=1.0000
ep=0500 frame=009 slot=09 J_F=  -185.60 meanZ=44.42 SoC=1.0000
ep=0500 frame=010 slot=09 J_F=   163.30 meanZ=41.50 SoC=1.0000
ep=0500 frame=011 slot=09 J_F=   768.30 meanZ=41.36 SoC=1.0000
ep=0500 frame=012 slot=09 J_F=  -182.00 meanZ=39.42 SoC=1.0000
ep=0500 frame=013 slot=09 J_F=   323.30 meanZ=38.18 SoC=1.0000
ep=0500 frame=014 slot=09 J_F=   248.40 meanZ=37.94 SoC=1.0000
ep=0500 frame=015 slot=09 J_F=    85.40 meanZ=37.62 SoC=1.0000
ep=0500 frame=016 slot=09 J_F=   -59.40 meanZ=36.20 SoC=1.0000
ep=0500 frame=017 slot=09 J_F=   432.50 meanZ=35.14 SoC=1.0000
ep=0500 frame=018 slot=09 J_F=   786.50 meanZ=37.20 SoC=1.0000
ep=0500 frame=019 slot=09 J_F=   143.30 meanZ=36.54 SoC=1.0000
ep=0500 frame=020 slot=09 J_F=   313.00 meanZ=34.90 SoC=1.0000
ep=0500 frame=021 slot=09 J_F=   697.90 meanZ=36.08 SoC=1.0000
ep=0500 frame=022 slot=09 J_F=   -15.10 meanZ=34.80 SoC=1.0000
ep=0500 frame=023 slot=09 J_F=   479.00 meanZ=34.52 SoC=1.0000
ep=0500 frame=024 slot=09 J_F=   285.20 meanZ=32.80 SoC=1.0000
ep=0500 frame=025 slot=09 J_F=   632.90 meanZ=32.84 SoC=1.0000
ep=0500 frame=026 slot=09 J_F=   554.90 meanZ=33.10 SoC=1.0000
ep=0500 frame=027 slot=09 J_F=   352.80 meanZ=33.46 SoC=1.0000
ep=0500 frame=028 slot=09 J_F=  -122.50 meanZ=33.86 SoC=1.0000
ep=0500 frame=029 slot=09 J_F=   111.60 meanZ=33.00 SoC=1.0000
hppo_rsu 501/750 QoE=0.41141 stall=0.1063 146.47s
ep=0501 frame=000 slot=09 J_F= -3026.00 meanZ=88.44 SoC=1.0000
ep=0501 frame=001 slot=09 J_F= -2172.10 meanZ=79.76 SoC=1.0000
ep=0501 frame=002 slot=09 J_F= -1642.70 meanZ=72.14 SoC=1.0000
ep=0501 frame=003 slot=09 J_F=  -513.10 meanZ=67.10 SoC=1.0000
ep=0501 frame=004 slot=09 J_F=  -891.60 meanZ=61.48 SoC=1.0000
ep=0501 frame=005 slot=09 J_F=  -338.20 meanZ=56.88 SoC=1.0000
ep=0501 frame=006 slot=09 J_F=   424.90 meanZ=52.42 SoC=1.0000
ep=0501 frame=007 slot=09 J_F=   435.40 meanZ=48.84 SoC=1.0000
ep=0501 frame=008 slot=09 J_F=    53.50 meanZ=47.80 SoC=1.0000
ep=0501 frame=009 slot=09 J_F=  -232.40 meanZ=44.60 SoC=1.0000
ep=0501 frame=010 slot=09 J_F=   462.00 meanZ=43.84 SoC=1.0000
ep=0501 frame=011 slot=09 J_F=   103.20 meanZ=41.90 SoC=1.0000
ep=0501 frame=012 slot=09 J_F=   891.00 meanZ=42.76 SoC=1.0000
ep=0501 frame=013 slot=09 J_F=   -54.50 meanZ=39.90 SoC=1.0000
ep=0501 frame=014 slot=09 J_F=   523.90 meanZ=39.64 SoC=1.0000
ep=0501 frame=015 slot=09 J_F=   -35.60 meanZ=38.52 SoC=1.0000
ep=0501 frame=016 slot=09 J_F=   506.50 meanZ=37.52 SoC=1.0000
ep=0501 frame=017 slot=09 J_F=   631.40 meanZ=38.40 SoC=1.0000
ep=0501 frame=018 slot=09 J_F=   255.80 meanZ=38.64 SoC=1.0000
ep=0501 frame=019 slot=09 J_F=   401.00 meanZ=39.98 SoC=1.0000
ep=0501 frame=020 slot=09 J_F=   -74.70 meanZ=39.60 SoC=1.0000
ep=0501 frame=021 slot=09 J_F=     9.20 meanZ=38.70 SoC=1.0000
ep=0501 frame=022 slot=09 J_F=   503.00 meanZ=38.32 SoC=1.0000
ep=0501 frame=023 slot=09 J_F=   594.60 meanZ=38.16 SoC=1.0000
ep=0501 frame=024 slot=09 J_F=   793.10 meanZ=39.40 SoC=1.0000
ep=0501 frame=025 slot=09 J_F=   193.60 meanZ=40.36 SoC=1.0000
ep=0501 frame=026 slot=09 J_F=   167.70 meanZ=40.00 SoC=1.0000
ep=0501 frame=027 slot=09 J_F=   440.10 meanZ=39.72 SoC=1.0000
ep=0501 frame=028 slot=09 J_F=   108.90 meanZ=38.66 SoC=1.0000
ep=0501 frame=029 slot=09 J_F=   527.20 meanZ=36.82 SoC=1.0000
hppo_rsu 502/750 QoE=0.33317 stall=0.1329 147.29s
ep=0502 frame=000 slot=09 J_F= -3223.60 meanZ=87.32 SoC=1.0000
ep=0502 frame=001 slot=09 J_F= -1874.50 meanZ=80.06 SoC=1.0000
ep=0502 frame=002 slot=09 J_F= -1302.10 meanZ=73.46 SoC=1.0000
ep=0502 frame=003 slot=09 J_F=  -532.60 meanZ=67.40 SoC=1.0000
ep=0502 frame=004 slot=09 J_F=  -955.60 meanZ=62.00 SoC=1.0000
ep=0502 frame=005 slot=09 J_F=    70.30 meanZ=58.00 SoC=1.0000
ep=0502 frame=006 slot=09 J_F=  -394.00 meanZ=53.26 SoC=1.0000
ep=0502 frame=007 slot=09 J_F=   600.00 meanZ=48.38 SoC=1.0000
ep=0502 frame=008 slot=09 J_F=   338.90 meanZ=46.22 SoC=1.0000
ep=0502 frame=009 slot=09 J_F=  -411.10 meanZ=44.90 SoC=1.0000
ep=0502 frame=010 slot=09 J_F=   755.30 meanZ=43.62 SoC=1.0000
ep=0502 frame=011 slot=09 J_F=   222.40 meanZ=43.12 SoC=1.0000
ep=0502 frame=012 slot=09 J_F=   664.00 meanZ=44.56 SoC=1.0000
ep=0502 frame=013 slot=09 J_F=  -334.10 meanZ=43.30 SoC=1.0000
ep=0502 frame=014 slot=09 J_F=   858.50 meanZ=43.90 SoC=1.0000
ep=0502 frame=015 slot=09 J_F=   -93.60 meanZ=42.02 SoC=1.0000
ep=0502 frame=016 slot=09 J_F=   -70.10 meanZ=40.94 SoC=1.0000
ep=0502 frame=017 slot=09 J_F=   541.00 meanZ=39.74 SoC=1.0000
ep=0502 frame=018 slot=09 J_F=   274.10 meanZ=39.10 SoC=1.0000
ep=0502 frame=019 slot=09 J_F=   264.60 meanZ=39.26 SoC=1.0000
ep=0502 frame=020 slot=09 J_F=   244.90 meanZ=38.34 SoC=1.0000
ep=0502 frame=021 slot=09 J_F=  -573.60 meanZ=37.22 SoC=1.0000
ep=0502 frame=022 slot=09 J_F=   622.00 meanZ=37.02 SoC=1.0000
ep=0502 frame=023 slot=09 J_F=   328.50 meanZ=36.24 SoC=1.0000
ep=0502 frame=024 slot=09 J_F=    43.50 meanZ=36.52 SoC=1.0000
ep=0502 frame=025 slot=09 J_F=   615.00 meanZ=35.36 SoC=1.0000
ep=0502 frame=026 slot=09 J_F=   423.10 meanZ=34.36 SoC=1.0000
ep=0502 frame=027 slot=09 J_F=   286.00 meanZ=33.66 SoC=1.0000
ep=0502 frame=028 slot=09 J_F=    46.00 meanZ=33.86 SoC=1.0000
ep=0502 frame=029 slot=09 J_F=   384.90 meanZ=32.94 SoC=1.0000
hppo_rsu 503/750 QoE=0.29401 stall=0.1510 146.46s
ep=0503 frame=000 slot=09 J_F= -2158.10 meanZ=89.46 SoC=1.0000
ep=0503 frame=001 slot=09 J_F= -1844.60 meanZ=81.48 SoC=1.0000
ep=0503 frame=002 slot=09 J_F= -1237.50 meanZ=74.20 SoC=1.0000
ep=0503 frame=003 slot=09 J_F=  -481.60 meanZ=69.32 SoC=1.0000
ep=0503 frame=004 slot=09 J_F= -1330.80 meanZ=62.20 SoC=1.0000
ep=0503 frame=005 slot=09 J_F=   280.40 meanZ=58.24 SoC=1.0000
ep=0503 frame=006 slot=09 J_F=  -237.50 meanZ=54.46 SoC=1.0000
ep=0503 frame=007 slot=09 J_F=   198.50 meanZ=52.44 SoC=1.0000
ep=0503 frame=008 slot=09 J_F=   716.00 meanZ=50.98 SoC=1.0000
ep=0503 frame=009 slot=09 J_F=    77.30 meanZ=49.26 SoC=1.0000
ep=0503 frame=010 slot=09 J_F=   282.00 meanZ=47.60 SoC=1.0000
ep=0503 frame=011 slot=09 J_F=   842.50 meanZ=47.10 SoC=1.0000
ep=0503 frame=012 slot=09 J_F=   845.50 meanZ=46.98 SoC=1.0000
ep=0503 frame=013 slot=09 J_F=   -85.50 meanZ=46.40 SoC=1.0000
ep=0503 frame=014 slot=09 J_F=    92.40 meanZ=43.46 SoC=1.0000
ep=0503 frame=015 slot=09 J_F=   -87.10 meanZ=42.66 SoC=1.0000
ep=0503 frame=016 slot=09 J_F=   159.70 meanZ=41.30 SoC=1.0000
ep=0503 frame=017 slot=09 J_F=   372.50 meanZ=40.78 SoC=1.0000
ep=0503 frame=018 slot=09 J_F=   244.90 meanZ=41.00 SoC=1.0000
ep=0503 frame=019 slot=09 J_F=   258.40 meanZ=40.14 SoC=1.0000
ep=0503 frame=020 slot=09 J_F=   618.50 meanZ=40.16 SoC=1.0000
ep=0503 frame=021 slot=09 J_F=   198.40 meanZ=39.40 SoC=1.0000
ep=0503 frame=022 slot=09 J_F=   168.70 meanZ=36.64 SoC=1.0000
ep=0503 frame=023 slot=09 J_F=    95.40 meanZ=36.12 SoC=1.0000
ep=0503 frame=024 slot=09 J_F=   475.00 meanZ=35.10 SoC=1.0000
ep=0503 frame=025 slot=09 J_F=   159.10 meanZ=34.24 SoC=1.0000
ep=0503 frame=026 slot=09 J_F=   191.90 meanZ=33.14 SoC=1.0000
ep=0503 frame=027 slot=09 J_F=   341.20 meanZ=32.00 SoC=1.0000
ep=0503 frame=028 slot=09 J_F=  -248.00 meanZ=31.02 SoC=1.0000
ep=0503 frame=029 slot=09 J_F=   236.90 meanZ=30.46 SoC=1.0000
hppo_rsu 504/750 QoE=0.33453 stall=0.1364 147.86s
ep=0504 frame=000 slot=09 J_F= -3053.10 meanZ=88.36 SoC=1.0000
ep=0504 frame=001 slot=09 J_F= -2223.00 meanZ=79.96 SoC=1.0000
ep=0504 frame=002 slot=09 J_F= -1494.20 meanZ=73.44 SoC=1.0000
ep=0504 frame=003 slot=09 J_F=  -747.10 meanZ=66.74 SoC=1.0000
ep=0504 frame=004 slot=09 J_F=  -871.10 meanZ=60.96 SoC=1.0000
ep=0504 frame=005 slot=09 J_F=   374.50 meanZ=56.56 SoC=1.0000
ep=0504 frame=006 slot=09 J_F=    13.40 meanZ=51.94 SoC=1.0000
ep=0504 frame=007 slot=09 J_F=   542.90 meanZ=49.16 SoC=1.0000
ep=0504 frame=008 slot=09 J_F=  -425.70 meanZ=45.70 SoC=1.0000
ep=0504 frame=009 slot=09 J_F=   -15.80 meanZ=43.38 SoC=1.0000
ep=0504 frame=010 slot=09 J_F=  -400.30 meanZ=40.50 SoC=1.0000
ep=0504 frame=011 slot=09 J_F=  -594.00 meanZ=39.48 SoC=1.0000
ep=0504 frame=012 slot=09 J_F=   243.20 meanZ=36.80 SoC=1.0000
ep=0504 frame=013 slot=09 J_F=   376.00 meanZ=36.54 SoC=1.0000
ep=0504 frame=014 slot=09 J_F=    57.40 meanZ=36.40 SoC=1.0000
ep=0504 frame=015 slot=09 J_F=  1019.40 meanZ=37.78 SoC=1.0000
ep=0504 frame=016 slot=09 J_F=   167.80 meanZ=35.76 SoC=1.0000
ep=0504 frame=017 slot=09 J_F=   706.50 meanZ=35.22 SoC=1.0000
ep=0504 frame=018 slot=09 J_F=   468.60 meanZ=34.22 SoC=1.0000
ep=0504 frame=019 slot=09 J_F=   414.60 meanZ=35.20 SoC=1.0000
ep=0504 frame=020 slot=09 J_F=   464.00 meanZ=35.22 SoC=1.0000
ep=0504 frame=021 slot=09 J_F=   115.20 meanZ=34.24 SoC=1.0000
ep=0504 frame=022 slot=09 J_F=   645.80 meanZ=34.38 SoC=1.0000
ep=0504 frame=023 slot=09 J_F=   384.00 meanZ=34.58 SoC=1.0000
ep=0504 frame=024 slot=09 J_F=   438.60 meanZ=35.00 SoC=1.0000
ep=0504 frame=025 slot=09 J_F=    11.20 meanZ=33.32 SoC=1.0000
ep=0504 frame=026 slot=09 J_F=   519.80 meanZ=34.84 SoC=1.0000
ep=0504 frame=027 slot=09 J_F=   602.60 meanZ=36.26 SoC=1.0000
ep=0504 frame=028 slot=09 J_F=   677.00 meanZ=37.94 SoC=1.0000
ep=0504 frame=029 slot=09 J_F=   105.20 meanZ=38.36 SoC=1.0000
hppo_rsu 505/750 QoE=0.41417 stall=0.1015 146.24s
ep=0505 frame=000 slot=09 J_F= -3805.60 meanZ=88.40 SoC=1.0000
ep=0505 frame=001 slot=09 J_F= -1483.50 meanZ=81.04 SoC=1.0000
ep=0505 frame=002 slot=09 J_F= -1738.20 meanZ=73.78 SoC=1.0000
ep=0505 frame=003 slot=09 J_F=  -309.00 meanZ=67.30 SoC=1.0000
ep=0505 frame=004 slot=09 J_F=  -582.30 meanZ=60.88 SoC=1.0000
ep=0505 frame=005 slot=09 J_F=  -133.00 meanZ=55.70 SoC=1.0000
ep=0505 frame=006 slot=09 J_F=  -359.00 meanZ=49.84 SoC=1.0000
ep=0505 frame=007 slot=09 J_F=    61.50 meanZ=47.34 SoC=1.0000
ep=0505 frame=008 slot=09 J_F=  -189.30 meanZ=44.86 SoC=1.0000
ep=0505 frame=009 slot=09 J_F=   135.40 meanZ=41.84 SoC=1.0000
ep=0505 frame=010 slot=09 J_F=   429.90 meanZ=42.30 SoC=1.0000
ep=0505 frame=011 slot=09 J_F=   377.80 meanZ=41.28 SoC=1.0000
ep=0505 frame=012 slot=09 J_F=   139.50 meanZ=41.00 SoC=1.0000
ep=0505 frame=013 slot=09 J_F=   405.80 meanZ=40.66 SoC=1.0000
ep=0505 frame=014 slot=09 J_F=    90.80 meanZ=39.22 SoC=1.0000
ep=0505 frame=015 slot=09 J_F=   120.30 meanZ=38.42 SoC=1.0000
ep=0505 frame=016 slot=09 J_F=  -396.40 meanZ=35.46 SoC=1.0000
ep=0505 frame=017 slot=09 J_F=   257.10 meanZ=35.20 SoC=1.0000
ep=0505 frame=018 slot=09 J_F=   263.40 meanZ=37.14 SoC=1.0000
ep=0505 frame=019 slot=09 J_F=  -102.70 meanZ=35.40 SoC=1.0000
ep=0505 frame=020 slot=09 J_F=   289.30 meanZ=34.54 SoC=1.0000
ep=0505 frame=021 slot=09 J_F=   734.30 meanZ=35.96 SoC=1.0000
ep=0505 frame=022 slot=09 J_F=   725.00 meanZ=36.76 SoC=1.0000
ep=0505 frame=023 slot=09 J_F=   849.20 meanZ=37.46 SoC=1.0000
ep=0505 frame=024 slot=09 J_F=   477.80 meanZ=38.46 SoC=1.0000
ep=0505 frame=025 slot=09 J_F=   377.40 meanZ=39.34 SoC=1.0000
ep=0505 frame=026 slot=09 J_F=   306.70 meanZ=38.84 SoC=1.0000
ep=0505 frame=027 slot=09 J_F=   630.10 meanZ=39.98 SoC=1.0000
ep=0505 frame=028 slot=09 J_F=   567.00 meanZ=40.90 SoC=1.0000
ep=0505 frame=029 slot=09 J_F=  -350.20 meanZ=39.66 SoC=1.0000
hppo_rsu 506/750 QoE=0.33433 stall=0.1312 147.78s
ep=0506 frame=000 slot=09 J_F= -2802.60 meanZ=88.42 SoC=1.0000
ep=0506 frame=001 slot=09 J_F= -1915.60 meanZ=81.56 SoC=1.0000
ep=0506 frame=002 slot=09 J_F= -1943.20 meanZ=72.80 SoC=1.0000
ep=0506 frame=003 slot=09 J_F=  -504.50 meanZ=65.64 SoC=1.0000
ep=0506 frame=004 slot=09 J_F=  -312.60 meanZ=59.14 SoC=1.0000
ep=0506 frame=005 slot=09 J_F=   189.30 meanZ=53.56 SoC=1.0000
ep=0506 frame=006 slot=09 J_F=   152.90 meanZ=50.58 SoC=1.0000
ep=0506 frame=007 slot=09 J_F=   382.90 meanZ=47.82 SoC=1.0000
ep=0506 frame=008 slot=09 J_F=  -464.60 meanZ=44.40 SoC=1.0000
ep=0506 frame=009 slot=09 J_F=    58.40 meanZ=42.80 SoC=1.0000
ep=0506 frame=010 slot=09 J_F=   730.40 meanZ=42.50 SoC=1.0000
ep=0506 frame=011 slot=09 J_F=  -507.80 meanZ=41.06 SoC=1.0000
ep=0506 frame=012 slot=09 J_F=  1076.50 meanZ=42.16 SoC=1.0000
ep=0506 frame=013 slot=09 J_F=  -130.40 meanZ=39.36 SoC=1.0000
ep=0506 frame=014 slot=09 J_F=    47.30 meanZ=37.54 SoC=1.0000
ep=0506 frame=015 slot=09 J_F=   631.50 meanZ=37.26 SoC=1.0000
ep=0506 frame=016 slot=09 J_F=  -114.80 meanZ=35.96 SoC=1.0000
ep=0506 frame=017 slot=09 J_F=   -50.10 meanZ=34.04 SoC=1.0000
ep=0506 frame=018 slot=09 J_F=    84.80 meanZ=32.76 SoC=1.0000
ep=0506 frame=019 slot=09 J_F=   373.30 meanZ=30.94 SoC=1.0000
ep=0506 frame=020 slot=09 J_F=   362.60 meanZ=30.00 SoC=1.0000
ep=0506 frame=021 slot=09 J_F=   263.90 meanZ=28.58 SoC=1.0000
ep=0506 frame=022 slot=09 J_F=   470.30 meanZ=28.96 SoC=1.0000
ep=0506 frame=023 slot=09 J_F=   468.60 meanZ=28.86 SoC=1.0000
ep=0506 frame=024 slot=09 J_F=   513.00 meanZ=28.60 SoC=1.0000
ep=0506 frame=025 slot=09 J_F=   541.40 meanZ=28.36 SoC=1.0000
ep=0506 frame=026 slot=09 J_F=   170.60 meanZ=29.08 SoC=1.0000
ep=0506 frame=027 slot=09 J_F=   420.40 meanZ=29.48 SoC=1.0000
ep=0506 frame=028 slot=09 J_F=   287.10 meanZ=29.74 SoC=1.0000
ep=0506 frame=029 slot=09 J_F=   211.20 meanZ=30.28 SoC=1.0000
hppo_rsu 507/750 QoE=0.44674 stall=0.0949 145.71s
ep=0507 frame=000 slot=09 J_F= -3062.10 meanZ=88.18 SoC=1.0000
ep=0507 frame=001 slot=09 J_F= -1917.10 meanZ=81.74 SoC=1.0000
ep=0507 frame=002 slot=09 J_F= -1494.60 meanZ=74.74 SoC=1.0000
ep=0507 frame=003 slot=09 J_F=  -785.70 meanZ=68.14 SoC=1.0000
ep=0507 frame=004 slot=09 J_F=  -687.50 meanZ=62.58 SoC=1.0000
ep=0507 frame=005 slot=09 J_F=   576.40 meanZ=57.88 SoC=1.0000
ep=0507 frame=006 slot=09 J_F=  -464.00 meanZ=52.80 SoC=1.0000
ep=0507 frame=007 slot=09 J_F=   187.00 meanZ=49.56 SoC=1.0000
ep=0507 frame=008 slot=09 J_F=   411.00 meanZ=47.70 SoC=1.0000
ep=0507 frame=009 slot=09 J_F=   840.50 meanZ=48.26 SoC=1.0000
ep=0507 frame=010 slot=09 J_F=   -26.10 meanZ=46.82 SoC=1.0000
ep=0507 frame=011 slot=09 J_F=  -244.10 meanZ=43.82 SoC=1.0000
ep=0507 frame=012 slot=09 J_F=  1045.50 meanZ=44.38 SoC=1.0000
ep=0507 frame=013 slot=09 J_F=   -41.50 meanZ=42.30 SoC=1.0000
ep=0507 frame=014 slot=09 J_F=   457.90 meanZ=41.26 SoC=1.0000
ep=0507 frame=015 slot=09 J_F=  -280.70 meanZ=40.00 SoC=1.0000
ep=0507 frame=016 slot=09 J_F=   270.90 meanZ=40.40 SoC=1.0000
ep=0507 frame=017 slot=09 J_F=   412.90 meanZ=39.98 SoC=1.0000
ep=0507 frame=018 slot=09 J_F=   678.40 meanZ=39.36 SoC=1.0000
ep=0507 frame=019 slot=09 J_F=    96.40 meanZ=38.98 SoC=1.0000
ep=0507 frame=020 slot=09 J_F=   237.90 meanZ=38.80 SoC=1.0000
ep=0507 frame=021 slot=09 J_F=   565.50 meanZ=38.58 SoC=1.0000
ep=0507 frame=022 slot=09 J_F=   600.00 meanZ=38.26 SoC=1.0000
ep=0507 frame=023 slot=09 J_F=   306.90 meanZ=36.62 SoC=1.0000
ep=0507 frame=024 slot=09 J_F=   649.00 meanZ=37.08 SoC=1.0000
ep=0507 frame=025 slot=09 J_F=   553.00 meanZ=35.80 SoC=1.0000
ep=0507 frame=026 slot=09 J_F=   405.90 meanZ=36.88 SoC=1.0000
ep=0507 frame=027 slot=09 J_F=   359.20 meanZ=36.70 SoC=1.0000
ep=0507 frame=028 slot=09 J_F=   792.20 meanZ=37.20 SoC=1.0000
ep=0507 frame=029 slot=09 J_F=   244.30 meanZ=38.66 SoC=1.0000
hppo_rsu 508/750 QoE=0.38571 stall=0.1125 146.34s
ep=0508 frame=000 slot=09 J_F= -3845.50 meanZ=88.82 SoC=1.0000
ep=0508 frame=001 slot=09 J_F= -2164.60 meanZ=81.20 SoC=1.0000
ep=0508 frame=002 slot=09 J_F= -1356.70 meanZ=74.54 SoC=1.0000
ep=0508 frame=003 slot=09 J_F=  -431.50 meanZ=68.76 SoC=1.0000
ep=0508 frame=004 slot=09 J_F=  -979.00 meanZ=61.16 SoC=1.0000
ep=0508 frame=005 slot=09 J_F=  -848.10 meanZ=55.30 SoC=1.0000
ep=0508 frame=006 slot=09 J_F=   -50.50 meanZ=50.24 SoC=1.0000
ep=0508 frame=007 slot=09 J_F=   529.50 meanZ=46.28 SoC=1.0000
ep=0508 frame=008 slot=09 J_F=  -364.10 meanZ=43.02 SoC=1.0000
ep=0508 frame=009 slot=09 J_F=   250.70 meanZ=40.02 SoC=1.0000
ep=0508 frame=010 slot=09 J_F=   378.50 meanZ=39.14 SoC=1.0000
ep=0508 frame=011 slot=09 J_F=    51.00 meanZ=35.44 SoC=1.0000
ep=0508 frame=012 slot=09 J_F=  -143.00 meanZ=34.24 SoC=1.0000
ep=0508 frame=013 slot=09 J_F=   453.80 meanZ=34.52 SoC=1.0000
ep=0508 frame=014 slot=09 J_F=   468.00 meanZ=34.92 SoC=1.0000
ep=0508 frame=015 slot=09 J_F=   212.50 meanZ=34.74 SoC=1.0000
ep=0508 frame=016 slot=09 J_F=   506.90 meanZ=35.34 SoC=1.0000
ep=0508 frame=017 slot=09 J_F=   452.30 meanZ=36.80 SoC=1.0000
ep=0508 frame=018 slot=09 J_F=   807.70 meanZ=37.86 SoC=1.0000
ep=0508 frame=019 slot=09 J_F=   803.70 meanZ=38.04 SoC=1.0000
ep=0508 frame=020 slot=09 J_F=   769.10 meanZ=38.50 SoC=1.0000
ep=0508 frame=021 slot=09 J_F=   509.30 meanZ=39.22 SoC=1.0000
ep=0508 frame=022 slot=09 J_F=   108.30 meanZ=38.32 SoC=1.0000
ep=0508 frame=023 slot=09 J_F=   179.10 meanZ=37.00 SoC=1.0000
ep=0508 frame=024 slot=09 J_F=   285.00 meanZ=36.38 SoC=1.0000
ep=0508 frame=025 slot=09 J_F=   -35.40 meanZ=34.58 SoC=1.0000
ep=0508 frame=026 slot=09 J_F=   312.50 meanZ=34.04 SoC=1.0000
ep=0508 frame=027 slot=09 J_F=   593.90 meanZ=34.18 SoC=1.0000
ep=0508 frame=028 slot=09 J_F=   596.80 meanZ=34.50 SoC=1.0000
ep=0508 frame=029 slot=09 J_F=   306.60 meanZ=33.20 SoC=1.0000
hppo_rsu 509/750 QoE=0.40987 stall=0.1057 144.31s
ep=0509 frame=000 slot=09 J_F= -3463.00 meanZ=87.68 SoC=1.0000
ep=0509 frame=001 slot=09 J_F= -1598.10 meanZ=80.98 SoC=1.0000
ep=0509 frame=002 slot=09 J_F=  -757.10 meanZ=74.28 SoC=1.0000
ep=0509 frame=003 slot=09 J_F=  -323.60 meanZ=68.94 SoC=1.0000
ep=0509 frame=004 slot=09 J_F=  -342.50 meanZ=63.24 SoC=1.0000
ep=0509 frame=005 slot=09 J_F=  -248.50 meanZ=58.04 SoC=1.0000
ep=0509 frame=006 slot=09 J_F=   266.40 meanZ=54.66 SoC=1.0000
ep=0509 frame=007 slot=09 J_F=    64.90 meanZ=52.08 SoC=1.0000
ep=0509 frame=008 slot=09 J_F=   102.90 meanZ=49.12 SoC=1.0000
ep=0509 frame=009 slot=09 J_F=   395.90 meanZ=47.44 SoC=1.0000
ep=0509 frame=010 slot=09 J_F=    22.30 meanZ=44.84 SoC=1.0000
ep=0509 frame=011 slot=09 J_F=  -175.00 meanZ=42.24 SoC=1.0000
ep=0509 frame=012 slot=09 J_F=   487.80 meanZ=41.00 SoC=1.0000
ep=0509 frame=013 slot=09 J_F=  -277.40 meanZ=39.46 SoC=1.0000
ep=0509 frame=014 slot=09 J_F=   506.00 meanZ=38.34 SoC=1.0000
ep=0509 frame=015 slot=09 J_F=   376.20 meanZ=37.42 SoC=1.0000
ep=0509 frame=016 slot=09 J_F=    13.10 meanZ=37.06 SoC=1.0000
ep=0509 frame=017 slot=09 J_F=   180.30 meanZ=37.08 SoC=1.0000
ep=0509 frame=018 slot=09 J_F=    49.70 meanZ=36.90 SoC=1.0000
ep=0509 frame=019 slot=09 J_F=   407.20 meanZ=37.12 SoC=1.0000
ep=0509 frame=020 slot=09 J_F=    92.30 meanZ=35.34 SoC=1.0000
ep=0509 frame=021 slot=09 J_F=   698.60 meanZ=35.64 SoC=1.0000
ep=0509 frame=022 slot=09 J_F=   263.50 meanZ=35.14 SoC=1.0000
ep=0509 frame=023 slot=09 J_F=   214.20 meanZ=36.50 SoC=1.0000
ep=0509 frame=024 slot=09 J_F=   571.50 meanZ=36.68 SoC=1.0000
ep=0509 frame=025 slot=09 J_F=    61.90 meanZ=37.00 SoC=1.0000
ep=0509 frame=026 slot=09 J_F=   344.50 meanZ=36.68 SoC=1.0000
ep=0509 frame=027 slot=09 J_F=   394.80 meanZ=37.80 SoC=1.0000
ep=0509 frame=028 slot=09 J_F=   361.40 meanZ=38.54 SoC=1.0000
ep=0509 frame=029 slot=09 J_F=   311.70 meanZ=37.74 SoC=1.0000
hppo_rsu 510/750 QoE=0.34335 stall=0.1289 146.79s
ep=0510 frame=000 slot=09 J_F= -3272.60 meanZ=88.80 SoC=1.0000
ep=0510 frame=001 slot=09 J_F= -2091.60 meanZ=81.10 SoC=1.0000
ep=0510 frame=002 slot=09 J_F= -1251.50 meanZ=74.34 SoC=1.0000
ep=0510 frame=003 slot=09 J_F= -1573.60 meanZ=67.40 SoC=1.0000
ep=0510 frame=004 slot=09 J_F=  -633.00 meanZ=61.36 SoC=1.0000
ep=0510 frame=005 slot=09 J_F=  -269.00 meanZ=55.72 SoC=1.0000
ep=0510 frame=006 slot=09 J_F=   352.40 meanZ=51.72 SoC=1.0000
ep=0510 frame=007 slot=09 J_F=  -315.70 meanZ=48.54 SoC=1.0000
ep=0510 frame=008 slot=09 J_F=   213.00 meanZ=45.20 SoC=1.0000
ep=0510 frame=009 slot=09 J_F=   720.20 meanZ=45.10 SoC=1.0000
ep=0510 frame=010 slot=09 J_F=   143.10 meanZ=44.02 SoC=1.0000
ep=0510 frame=011 slot=09 J_F=   452.30 meanZ=42.34 SoC=1.0000
ep=0510 frame=012 slot=09 J_F=   455.50 meanZ=41.42 SoC=1.0000
ep=0510 frame=013 slot=09 J_F=   595.70 meanZ=41.18 SoC=1.0000
ep=0510 frame=014 slot=09 J_F=   408.40 meanZ=41.14 SoC=1.0000
ep=0510 frame=015 slot=09 J_F=   440.30 meanZ=42.40 SoC=1.0000
ep=0510 frame=016 slot=09 J_F=   600.50 meanZ=41.56 SoC=1.0000
ep=0510 frame=017 slot=09 J_F=   163.50 meanZ=40.56 SoC=1.0000
ep=0510 frame=018 slot=09 J_F=   352.80 meanZ=39.98 SoC=1.0000
ep=0510 frame=019 slot=09 J_F=   433.60 meanZ=39.18 SoC=1.0000
ep=0510 frame=020 slot=09 J_F=   -27.90 meanZ=37.42 SoC=1.0000
ep=0510 frame=021 slot=09 J_F=  -205.90 meanZ=35.40 SoC=1.0000
ep=0510 frame=022 slot=09 J_F=   293.50 meanZ=35.04 SoC=1.0000
ep=0510 frame=023 slot=09 J_F=   685.20 meanZ=34.22 SoC=1.0000
ep=0510 frame=024 slot=09 J_F=   542.00 meanZ=35.34 SoC=1.0000
ep=0510 frame=025 slot=09 J_F=   313.40 meanZ=34.10 SoC=1.0000
ep=0510 frame=026 slot=09 J_F=   467.30 meanZ=33.96 SoC=1.0000
ep=0510 frame=027 slot=09 J_F=   410.60 meanZ=34.78 SoC=1.0000
ep=0510 frame=028 slot=09 J_F=   258.90 meanZ=35.20 SoC=1.0000
ep=0510 frame=029 slot=09 J_F=    85.90 meanZ=34.96 SoC=1.0000
hppo_rsu 511/750 QoE=0.38803 stall=0.1143 144.51s
ep=0511 frame=000 slot=09 J_F= -2790.60 meanZ=88.48 SoC=1.0000
ep=0511 frame=001 slot=09 J_F=  -966.70 meanZ=82.22 SoC=1.0000
ep=0511 frame=002 slot=09 J_F= -1204.10 meanZ=75.30 SoC=1.0000
ep=0511 frame=003 slot=09 J_F= -1033.20 meanZ=69.22 SoC=1.0000
ep=0511 frame=004 slot=09 J_F= -1200.10 meanZ=61.46 SoC=1.0000
ep=0511 frame=005 slot=09 J_F=   363.40 meanZ=56.82 SoC=1.0000
ep=0511 frame=006 slot=09 J_F=  -470.10 meanZ=52.52 SoC=1.0000
ep=0511 frame=007 slot=09 J_F=  -516.50 meanZ=48.54 SoC=1.0000
ep=0511 frame=008 slot=09 J_F=  -203.50 meanZ=45.94 SoC=1.0000
ep=0511 frame=009 slot=09 J_F=  -357.80 meanZ=43.04 SoC=1.0000
ep=0511 frame=010 slot=09 J_F=   462.70 meanZ=42.32 SoC=1.0000
ep=0511 frame=011 slot=09 J_F=   398.90 meanZ=41.52 SoC=1.0000
ep=0511 frame=012 slot=09 J_F=   237.10 meanZ=41.04 SoC=1.0000
ep=0511 frame=013 slot=09 J_F=   268.40 meanZ=40.54 SoC=1.0000
ep=0511 frame=014 slot=09 J_F=   228.00 meanZ=40.16 SoC=1.0000
ep=0511 frame=015 slot=09 J_F=   567.70 meanZ=40.52 SoC=1.0000
ep=0511 frame=016 slot=09 J_F=   692.40 meanZ=40.84 SoC=1.0000
ep=0511 frame=017 slot=09 J_F=  -397.30 meanZ=40.26 SoC=1.0000
ep=0511 frame=018 slot=09 J_F=  -409.40 meanZ=38.82 SoC=1.0000
ep=0511 frame=019 slot=09 J_F=   684.30 meanZ=40.60 SoC=1.0000
ep=0511 frame=020 slot=09 J_F=    53.10 meanZ=40.62 SoC=1.0000
ep=0511 frame=021 slot=09 J_F=   713.30 meanZ=41.68 SoC=1.0000
ep=0511 frame=022 slot=09 J_F=   161.80 meanZ=41.62 SoC=1.0000
ep=0511 frame=023 slot=09 J_F=   793.80 meanZ=40.36 SoC=1.0000
ep=0511 frame=024 slot=09 J_F=   593.50 meanZ=43.12 SoC=1.0000
ep=0511 frame=025 slot=09 J_F=    15.80 meanZ=41.54 SoC=1.0000
ep=0511 frame=026 slot=09 J_F=    -9.40 meanZ=41.80 SoC=1.0000
ep=0511 frame=027 slot=09 J_F=   470.10 meanZ=40.62 SoC=1.0000
ep=0511 frame=028 slot=09 J_F=    12.60 meanZ=39.72 SoC=1.0000
ep=0511 frame=029 slot=09 J_F=   207.80 meanZ=38.02 SoC=1.0000
hppo_rsu 512/750 QoE=0.37023 stall=0.1203 146.32s
ep=0512 frame=000 slot=09 J_F= -2801.60 meanZ=88.32 SoC=1.0000
ep=0512 frame=001 slot=09 J_F= -1991.00 meanZ=81.30 SoC=1.0000
ep=0512 frame=002 slot=09 J_F= -1103.70 meanZ=75.16 SoC=1.0000
ep=0512 frame=003 slot=09 J_F= -1286.60 meanZ=68.16 SoC=1.0000
ep=0512 frame=004 slot=09 J_F=  -120.00 meanZ=63.40 SoC=1.0000
ep=0512 frame=005 slot=09 J_F=  -519.80 meanZ=57.72 SoC=1.0000
ep=0512 frame=006 slot=09 J_F=  -610.30 meanZ=53.48 SoC=1.0000
ep=0512 frame=007 slot=09 J_F=   124.80 meanZ=50.42 SoC=1.0000
ep=0512 frame=008 slot=09 J_F=   335.50 meanZ=48.14 SoC=1.0000
ep=0512 frame=009 slot=09 J_F=    61.80 meanZ=48.00 SoC=1.0000
ep=0512 frame=010 slot=09 J_F=   390.20 meanZ=47.16 SoC=1.0000
ep=0512 frame=011 slot=09 J_F=  -361.50 meanZ=44.60 SoC=1.0000
ep=0512 frame=012 slot=09 J_F=   516.80 meanZ=43.38 SoC=1.0000
ep=0512 frame=013 slot=09 J_F=   726.70 meanZ=43.06 SoC=1.0000
ep=0512 frame=014 slot=09 J_F=  -159.70 meanZ=41.24 SoC=1.0000
ep=0512 frame=015 slot=09 J_F=   198.50 meanZ=39.46 SoC=1.0000
ep=0512 frame=016 slot=09 J_F=   736.90 meanZ=39.08 SoC=1.0000
ep=0512 frame=017 slot=09 J_F=   -80.20 meanZ=38.90 SoC=1.0000
ep=0512 frame=018 slot=09 J_F=   254.20 meanZ=38.68 SoC=1.0000
ep=0512 frame=019 slot=09 J_F=    -0.90 meanZ=38.50 SoC=1.0000
ep=0512 frame=020 slot=09 J_F=   -74.10 meanZ=38.22 SoC=1.0000
ep=0512 frame=021 slot=09 J_F=   291.10 meanZ=37.42 SoC=1.0000
ep=0512 frame=022 slot=09 J_F=   282.00 meanZ=36.78 SoC=1.0000
ep=0512 frame=023 slot=09 J_F=   356.00 meanZ=36.32 SoC=1.0000
ep=0512 frame=024 slot=09 J_F=  -143.50 meanZ=36.54 SoC=1.0000
ep=0512 frame=025 slot=09 J_F=   368.90 meanZ=36.06 SoC=1.0000
ep=0512 frame=026 slot=09 J_F=   -76.80 meanZ=34.34 SoC=1.0000
ep=0512 frame=027 slot=09 J_F=    29.40 meanZ=34.34 SoC=1.0000
ep=0512 frame=028 slot=09 J_F=   339.60 meanZ=32.22 SoC=1.0000
ep=0512 frame=029 slot=09 J_F=   445.40 meanZ=32.26 SoC=1.0000
hppo_rsu 513/750 QoE=0.29602 stall=0.1525 144.69s
ep=0513 frame=000 slot=09 J_F= -3342.50 meanZ=88.68 SoC=1.0000
ep=0513 frame=001 slot=09 J_F= -1135.70 meanZ=81.30 SoC=1.0000
ep=0513 frame=002 slot=09 J_F=  -349.60 meanZ=76.22 SoC=1.0000
ep=0513 frame=003 slot=09 J_F= -1390.10 meanZ=70.20 SoC=1.0000
ep=0513 frame=004 slot=09 J_F=    -3.20 meanZ=65.88 SoC=1.0000
ep=0513 frame=005 slot=09 J_F=  -264.30 meanZ=60.76 SoC=1.0000
ep=0513 frame=006 slot=09 J_F=  -405.00 meanZ=56.44 SoC=1.0000
ep=0513 frame=007 slot=09 J_F=  -315.10 meanZ=51.12 SoC=1.0000
ep=0513 frame=008 slot=09 J_F=  -266.50 meanZ=48.42 SoC=1.0000
ep=0513 frame=009 slot=09 J_F=   259.20 meanZ=44.42 SoC=1.0000
ep=0513 frame=010 slot=09 J_F=   206.50 meanZ=42.56 SoC=1.0000
ep=0513 frame=011 slot=09 J_F=   413.80 meanZ=41.78 SoC=1.0000
ep=0513 frame=012 slot=09 J_F=   234.50 meanZ=41.44 SoC=1.0000
ep=0513 frame=013 slot=09 J_F=     1.30 meanZ=40.54 SoC=1.0000
ep=0513 frame=014 slot=09 J_F=   278.50 meanZ=39.86 SoC=1.0000
ep=0513 frame=015 slot=09 J_F=   346.60 meanZ=38.90 SoC=1.0000
ep=0513 frame=016 slot=09 J_F=   340.90 meanZ=39.34 SoC=1.0000
ep=0513 frame=017 slot=09 J_F=   280.70 meanZ=40.06 SoC=1.0000
ep=0513 frame=018 slot=09 J_F=   484.00 meanZ=39.62 SoC=1.0000
ep=0513 frame=019 slot=09 J_F=   335.50 meanZ=39.00 SoC=1.0000
ep=0513 frame=020 slot=09 J_F=   261.20 meanZ=39.68 SoC=1.0000
ep=0513 frame=021 slot=09 J_F=   831.30 meanZ=39.88 SoC=1.0000
ep=0513 frame=022 slot=09 J_F=   208.80 meanZ=40.20 SoC=1.0000
ep=0513 frame=023 slot=09 J_F=   227.00 meanZ=39.66 SoC=1.0000
ep=0513 frame=024 slot=09 J_F=   709.30 meanZ=40.74 SoC=1.0000
ep=0513 frame=025 slot=09 J_F=   657.50 meanZ=41.84 SoC=1.0000
ep=0513 frame=026 slot=09 J_F=   161.40 meanZ=40.88 SoC=1.0000
ep=0513 frame=027 slot=09 J_F=    38.50 meanZ=42.40 SoC=1.0000
ep=0513 frame=028 slot=09 J_F=   343.50 meanZ=42.00 SoC=1.0000
ep=0513 frame=029 slot=09 J_F=   460.60 meanZ=41.30 SoC=1.0000
hppo_rsu 514/750 QoE=0.26111 stall=0.1581 146.14s
ep=0514 frame=000 slot=09 J_F= -3568.00 meanZ=88.22 SoC=1.0000
ep=0514 frame=001 slot=09 J_F= -1012.10 meanZ=81.18 SoC=1.0000
ep=0514 frame=002 slot=09 J_F=  -485.50 meanZ=76.46 SoC=1.0000
ep=0514 frame=003 slot=09 J_F=  -179.70 meanZ=71.38 SoC=1.0000
ep=0514 frame=004 slot=09 J_F= -1020.10 meanZ=64.40 SoC=1.0000
ep=0514 frame=005 slot=09 J_F=    -6.10 meanZ=59.08 SoC=1.0000
ep=0514 frame=006 slot=09 J_F=  -456.50 meanZ=55.16 SoC=1.0000
ep=0514 frame=007 slot=09 J_F=  -213.60 meanZ=50.42 SoC=1.0000
ep=0514 frame=008 slot=09 J_F=  -202.50 meanZ=46.66 SoC=1.0000
ep=0514 frame=009 slot=09 J_F=   493.40 meanZ=45.14 SoC=1.0000
ep=0514 frame=010 slot=09 J_F=  -161.00 meanZ=43.00 SoC=1.0000
ep=0514 frame=011 slot=09 J_F=   498.50 meanZ=41.34 SoC=1.0000
ep=0514 frame=012 slot=09 J_F=    81.20 meanZ=39.34 SoC=1.0000
ep=0514 frame=013 slot=09 J_F=   167.40 meanZ=39.98 SoC=1.0000
ep=0514 frame=014 slot=09 J_F=   461.00 meanZ=40.32 SoC=1.0000
ep=0514 frame=015 slot=09 J_F=   170.00 meanZ=38.40 SoC=1.0000
ep=0514 frame=016 slot=09 J_F=   560.10 meanZ=36.78 SoC=1.0000
ep=0514 frame=017 slot=09 J_F=   571.40 meanZ=36.44 SoC=1.0000
ep=0514 frame=018 slot=09 J_F=   242.10 meanZ=35.92 SoC=1.0000
ep=0514 frame=019 slot=09 J_F=    -6.10 meanZ=35.10 SoC=1.0000
ep=0514 frame=020 slot=09 J_F=   439.30 meanZ=34.24 SoC=1.0000
ep=0514 frame=021 slot=09 J_F=   370.30 meanZ=34.68 SoC=1.0000
ep=0514 frame=022 slot=09 J_F=   625.60 meanZ=34.88 SoC=1.0000
ep=0514 frame=023 slot=09 J_F=   256.30 meanZ=34.00 SoC=1.0000
ep=0514 frame=024 slot=09 J_F=   864.50 meanZ=36.08 SoC=1.0000
ep=0514 frame=025 slot=09 J_F=    27.40 meanZ=35.36 SoC=1.0000
ep=0514 frame=026 slot=09 J_F=    23.30 meanZ=34.80 SoC=1.0000
ep=0514 frame=027 slot=09 J_F=   413.90 meanZ=34.56 SoC=1.0000
ep=0514 frame=028 slot=09 J_F=   279.00 meanZ=34.52 SoC=1.0000
ep=0514 frame=029 slot=09 J_F=   284.00 meanZ=34.62 SoC=1.0000
hppo_rsu 515/750 QoE=0.36339 stall=0.1229 144.73s
ep=0515 frame=000 slot=09 J_F= -3005.00 meanZ=88.20 SoC=1.0000
ep=0515 frame=001 slot=09 J_F= -1482.60 meanZ=81.00 SoC=1.0000
ep=0515 frame=002 slot=09 J_F= -1622.10 meanZ=72.82 SoC=1.0000
ep=0515 frame=003 slot=09 J_F=  -522.50 meanZ=66.72 SoC=1.0000
ep=0515 frame=004 slot=09 J_F=  -628.60 meanZ=59.48 SoC=1.0000
ep=0515 frame=005 slot=09 J_F=  -252.00 meanZ=53.66 SoC=1.0000
ep=0515 frame=006 slot=09 J_F=   309.40 meanZ=49.60 SoC=1.0000
ep=0515 frame=007 slot=09 J_F=  -248.00 meanZ=47.16 SoC=1.0000
ep=0515 frame=008 slot=09 J_F=   246.90 meanZ=44.40 SoC=1.0000
ep=0515 frame=009 slot=09 J_F=   159.20 meanZ=42.92 SoC=1.0000
ep=0515 frame=010 slot=09 J_F=   421.40 meanZ=39.86 SoC=1.0000
ep=0515 frame=011 slot=09 J_F=  -185.00 meanZ=37.86 SoC=1.0000
ep=0515 frame=012 slot=09 J_F=   -70.70 meanZ=37.14 SoC=1.0000
ep=0515 frame=013 slot=09 J_F=  -381.70 meanZ=33.96 SoC=1.0000
ep=0515 frame=014 slot=09 J_F=    33.20 meanZ=32.76 SoC=1.0000
ep=0515 frame=015 slot=09 J_F=   617.00 meanZ=33.56 SoC=1.0000
ep=0515 frame=016 slot=09 J_F=   190.80 meanZ=34.84 SoC=1.0000
ep=0515 frame=017 slot=09 J_F=   542.30 meanZ=36.50 SoC=1.0000
ep=0515 frame=018 slot=09 J_F=   771.90 meanZ=35.78 SoC=1.0000
ep=0515 frame=019 slot=09 J_F=   447.80 meanZ=36.42 SoC=1.0000
ep=0515 frame=020 slot=09 J_F=   370.80 meanZ=35.64 SoC=1.0000
ep=0515 frame=021 slot=09 J_F=   407.20 meanZ=35.30 SoC=1.0000
ep=0515 frame=022 slot=09 J_F=  -264.20 meanZ=34.54 SoC=1.0000
ep=0515 frame=023 slot=09 J_F=   529.20 meanZ=33.40 SoC=1.0000
ep=0515 frame=024 slot=09 J_F=   584.40 meanZ=33.70 SoC=1.0000
ep=0515 frame=025 slot=09 J_F=   174.50 meanZ=33.06 SoC=1.0000
ep=0515 frame=026 slot=09 J_F=    41.80 meanZ=33.82 SoC=1.0000
ep=0515 frame=027 slot=09 J_F=   361.50 meanZ=33.04 SoC=1.0000
ep=0515 frame=028 slot=09 J_F=   832.30 meanZ=33.52 SoC=1.0000
ep=0515 frame=029 slot=09 J_F=   282.00 meanZ=33.56 SoC=1.0000
hppo_rsu 516/750 QoE=0.34174 stall=0.1313 145.85s
ep=0516 frame=000 slot=09 J_F= -2742.60 meanZ=87.46 SoC=1.0000
ep=0516 frame=001 slot=09 J_F= -2552.70 meanZ=79.00 SoC=1.0000
ep=0516 frame=002 slot=09 J_F= -1270.60 meanZ=72.02 SoC=1.0000
ep=0516 frame=003 slot=09 J_F=  -740.50 meanZ=66.26 SoC=1.0000
ep=0516 frame=004 slot=09 J_F=  -670.50 meanZ=59.02 SoC=1.0000
ep=0516 frame=005 slot=09 J_F=  -327.20 meanZ=53.16 SoC=1.0000
ep=0516 frame=006 slot=09 J_F=   -22.50 meanZ=50.02 SoC=1.0000
ep=0516 frame=007 slot=09 J_F=  -205.90 meanZ=47.20 SoC=1.0000
ep=0516 frame=008 slot=09 J_F=   832.90 meanZ=45.44 SoC=1.0000
ep=0516 frame=009 slot=09 J_F=  -480.70 meanZ=41.70 SoC=1.0000
ep=0516 frame=010 slot=09 J_F=  -140.00 meanZ=39.06 SoC=1.0000
ep=0516 frame=011 slot=09 J_F=   449.00 meanZ=38.46 SoC=1.0000
ep=0516 frame=012 slot=09 J_F=  -156.50 meanZ=37.42 SoC=1.0000
ep=0516 frame=013 slot=09 J_F=   512.40 meanZ=37.36 SoC=1.0000
ep=0516 frame=014 slot=09 J_F=   551.90 meanZ=35.84 SoC=1.0000
ep=0516 frame=015 slot=09 J_F=   428.90 meanZ=35.58 SoC=1.0000
ep=0516 frame=016 slot=09 J_F=   324.90 meanZ=35.78 SoC=1.0000
ep=0516 frame=017 slot=09 J_F=   514.50 meanZ=36.76 SoC=1.0000
ep=0516 frame=018 slot=09 J_F=    65.40 meanZ=36.32 SoC=1.0000
ep=0516 frame=019 slot=09 J_F=  -109.70 meanZ=35.54 SoC=1.0000
ep=0516 frame=020 slot=09 J_F=    99.50 meanZ=34.56 SoC=1.0000
ep=0516 frame=021 slot=09 J_F=   467.50 meanZ=35.52 SoC=1.0000
ep=0516 frame=022 slot=09 J_F=   607.30 meanZ=36.02 SoC=1.0000
ep=0516 frame=023 slot=09 J_F=   231.90 meanZ=36.40 SoC=1.0000
ep=0516 frame=024 slot=09 J_F=    63.70 meanZ=34.80 SoC=1.0000
ep=0516 frame=025 slot=09 J_F=   603.00 meanZ=34.64 SoC=1.0000
ep=0516 frame=026 slot=09 J_F=   538.90 meanZ=35.28 SoC=1.0000
ep=0516 frame=027 slot=09 J_F=   258.00 meanZ=34.52 SoC=1.0000
ep=0516 frame=028 slot=09 J_F=   543.10 meanZ=35.34 SoC=1.0000
ep=0516 frame=029 slot=09 J_F=    96.30 meanZ=35.34 SoC=1.0000
hppo_rsu 517/750 QoE=0.39813 stall=0.1090 144.95s
ep=0517 frame=000 slot=09 J_F= -2561.10 meanZ=89.38 SoC=1.0000
ep=0517 frame=001 slot=09 J_F= -2324.60 meanZ=80.52 SoC=1.0000
ep=0517 frame=002 slot=09 J_F= -1574.50 meanZ=73.70 SoC=1.0000
ep=0517 frame=003 slot=09 J_F= -1454.10 meanZ=65.80 SoC=1.0000
ep=0517 frame=004 slot=09 J_F=  -691.60 meanZ=59.66 SoC=1.0000
ep=0517 frame=005 slot=09 J_F=    14.80 meanZ=52.92 SoC=1.0000
ep=0517 frame=006 slot=09 J_F=   -36.60 meanZ=49.30 SoC=1.0000
ep=0517 frame=007 slot=09 J_F=   751.90 meanZ=47.80 SoC=1.0000
ep=0517 frame=008 slot=09 J_F=  -649.00 meanZ=44.10 SoC=1.0000
ep=0517 frame=009 slot=09 J_F=  -350.10 meanZ=41.70 SoC=1.0000
ep=0517 frame=010 slot=09 J_F=   157.50 meanZ=39.88 SoC=1.0000
ep=0517 frame=011 slot=09 J_F=   547.00 meanZ=38.64 SoC=1.0000
ep=0517 frame=012 slot=09 J_F=   892.90 meanZ=38.18 SoC=1.0000
ep=0517 frame=013 slot=09 J_F=   208.30 meanZ=37.32 SoC=1.0000
ep=0517 frame=014 slot=09 J_F=   669.40 meanZ=37.42 SoC=1.0000
ep=0517 frame=015 slot=09 J_F=   -27.80 meanZ=36.32 SoC=1.0000
ep=0517 frame=016 slot=09 J_F=   667.90 meanZ=35.70 SoC=1.0000
ep=0517 frame=017 slot=09 J_F=   505.30 meanZ=35.52 SoC=1.0000
ep=0517 frame=018 slot=09 J_F=   -85.50 meanZ=34.64 SoC=1.0000
ep=0517 frame=019 slot=09 J_F=   487.30 meanZ=34.40 SoC=1.0000
ep=0517 frame=020 slot=09 J_F=   295.10 meanZ=34.70 SoC=1.0000
ep=0517 frame=021 slot=09 J_F=  -118.50 meanZ=34.24 SoC=1.0000
ep=0517 frame=022 slot=09 J_F=   746.80 meanZ=34.36 SoC=1.0000
ep=0517 frame=023 slot=09 J_F=   490.80 meanZ=33.98 SoC=1.0000
ep=0517 frame=024 slot=09 J_F=    90.40 meanZ=33.36 SoC=1.0000
ep=0517 frame=025 slot=09 J_F=  -355.90 meanZ=31.96 SoC=1.0000
ep=0517 frame=026 slot=09 J_F=   440.30 meanZ=32.40 SoC=1.0000
ep=0517 frame=027 slot=09 J_F=    -0.60 meanZ=31.50 SoC=1.0000
ep=0517 frame=028 slot=09 J_F=   627.30 meanZ=31.78 SoC=1.0000
ep=0517 frame=029 slot=09 J_F=   483.00 meanZ=32.26 SoC=1.0000
hppo_rsu 518/750 QoE=0.40070 stall=0.1094 145.15s
ep=0518 frame=000 slot=09 J_F= -2732.00 meanZ=88.92 SoC=1.0000
ep=0518 frame=001 slot=09 J_F= -2044.70 meanZ=81.78 SoC=1.0000
ep=0518 frame=002 slot=09 J_F= -2361.20 meanZ=73.26 SoC=1.0000
ep=0518 frame=003 slot=09 J_F=  -812.20 meanZ=66.86 SoC=1.0000
ep=0518 frame=004 slot=09 J_F=  -308.60 meanZ=61.30 SoC=1.0000
ep=0518 frame=005 slot=09 J_F=  -682.10 meanZ=56.58 SoC=1.0000
ep=0518 frame=006 slot=09 J_F=    73.40 meanZ=52.14 SoC=1.0000
ep=0518 frame=007 slot=09 J_F=   -81.70 meanZ=49.56 SoC=1.0000
ep=0518 frame=008 slot=09 J_F=  -199.90 meanZ=46.50 SoC=1.0000
ep=0518 frame=009 slot=09 J_F=   -72.00 meanZ=43.84 SoC=1.0000
ep=0518 frame=010 slot=09 J_F=   -88.20 meanZ=42.06 SoC=1.0000
ep=0518 frame=011 slot=09 J_F=   272.50 meanZ=40.82 SoC=1.0000
ep=0518 frame=012 slot=09 J_F=   689.50 meanZ=41.36 SoC=1.0000
ep=0518 frame=013 slot=09 J_F=   217.00 meanZ=39.98 SoC=1.0000
ep=0518 frame=014 slot=09 J_F=   845.80 meanZ=40.36 SoC=1.0000
ep=0518 frame=015 slot=09 J_F=  -229.70 meanZ=39.42 SoC=1.0000
ep=0518 frame=016 slot=09 J_F=  -140.70 meanZ=38.54 SoC=1.0000
ep=0518 frame=017 slot=09 J_F=  1301.90 meanZ=39.02 SoC=1.0000
ep=0518 frame=018 slot=09 J_F=   595.30 meanZ=39.72 SoC=1.0000
ep=0518 frame=019 slot=09 J_F=   537.00 meanZ=40.30 SoC=1.0000
ep=0518 frame=020 slot=09 J_F=   396.80 meanZ=39.22 SoC=1.0000
ep=0518 frame=021 slot=09 J_F=   366.70 meanZ=39.66 SoC=1.0000
ep=0518 frame=022 slot=09 J_F=    64.40 meanZ=40.26 SoC=1.0000
ep=0518 frame=023 slot=09 J_F=   810.40 meanZ=41.28 SoC=1.0000
ep=0518 frame=024 slot=09 J_F=   -31.80 meanZ=41.36 SoC=1.0000
ep=0518 frame=025 slot=09 J_F=  -106.80 meanZ=39.96 SoC=1.0000
ep=0518 frame=026 slot=09 J_F=   800.00 meanZ=40.84 SoC=1.0000
ep=0518 frame=027 slot=09 J_F=   495.60 meanZ=41.78 SoC=1.0000
ep=0518 frame=028 slot=09 J_F=   251.20 meanZ=39.98 SoC=1.0000
ep=0518 frame=029 slot=09 J_F=   288.00 meanZ=39.42 SoC=1.0000
hppo_rsu 519/750 QoE=0.37863 stall=0.1126 144.38s
ep=0519 frame=000 slot=09 J_F= -2834.60 meanZ=88.92 SoC=1.0000
ep=0519 frame=001 slot=09 J_F=  -323.50 meanZ=81.86 SoC=1.0000
ep=0519 frame=002 slot=09 J_F= -1289.80 meanZ=76.10 SoC=1.0000
ep=0519 frame=003 slot=09 J_F=  -964.60 meanZ=70.82 SoC=1.0000
ep=0519 frame=004 slot=09 J_F=  -440.20 meanZ=64.40 SoC=1.0000
ep=0519 frame=005 slot=09 J_F=  -681.10 meanZ=59.72 SoC=1.0000
ep=0519 frame=006 slot=09 J_F=  -507.50 meanZ=54.94 SoC=1.0000
ep=0519 frame=007 slot=09 J_F=   277.00 meanZ=51.74 SoC=1.0000
ep=0519 frame=008 slot=09 J_F=   558.40 meanZ=50.24 SoC=1.0000
ep=0519 frame=009 slot=09 J_F=   274.50 meanZ=48.64 SoC=1.0000
ep=0519 frame=010 slot=09 J_F=  -235.00 meanZ=46.88 SoC=1.0000
ep=0519 frame=011 slot=09 J_F=   267.50 meanZ=46.58 SoC=1.0000
ep=0519 frame=012 slot=09 J_F=   176.30 meanZ=45.12 SoC=1.0000
ep=0519 frame=013 slot=09 J_F=   761.50 meanZ=43.58 SoC=1.0000
ep=0519 frame=014 slot=09 J_F=  -114.70 meanZ=41.50 SoC=1.0000
ep=0519 frame=015 slot=09 J_F=   745.30 meanZ=41.38 SoC=1.0000
ep=0519 frame=016 slot=09 J_F=   397.20 meanZ=41.22 SoC=1.0000
ep=0519 frame=017 slot=09 J_F=  -339.70 meanZ=40.12 SoC=1.0000
ep=0519 frame=018 slot=09 J_F=   113.50 meanZ=39.50 SoC=1.0000
ep=0519 frame=019 slot=09 J_F=    -2.00 meanZ=37.40 SoC=1.0000
ep=0519 frame=020 slot=09 J_F=   369.80 meanZ=37.74 SoC=1.0000
ep=0519 frame=021 slot=09 J_F=  -636.00 meanZ=35.76 SoC=1.0000
ep=0519 frame=022 slot=09 J_F=   330.40 meanZ=35.90 SoC=1.0000
ep=0519 frame=023 slot=09 J_F=   195.10 meanZ=34.24 SoC=1.0000
ep=0519 frame=024 slot=09 J_F=   483.20 meanZ=34.38 SoC=1.0000
ep=0519 frame=025 slot=09 J_F=   140.90 meanZ=34.12 SoC=1.0000
ep=0519 frame=026 slot=09 J_F=   533.80 meanZ=32.84 SoC=1.0000
ep=0519 frame=027 slot=09 J_F=   189.10 meanZ=32.94 SoC=1.0000
ep=0519 frame=028 slot=09 J_F=   220.50 meanZ=33.02 SoC=1.0000
ep=0519 frame=029 slot=09 J_F=    90.70 meanZ=31.48 SoC=1.0000
hppo_rsu 520/750 QoE=0.41321 stall=0.1054 146.00s
ep=0520 frame=000 slot=09 J_F= -1872.60 meanZ=89.02 SoC=1.0000
ep=0520 frame=001 slot=09 J_F= -1626.60 meanZ=81.22 SoC=1.0000
ep=0520 frame=002 slot=09 J_F= -1487.50 meanZ=74.30 SoC=1.0000
ep=0520 frame=003 slot=09 J_F=   151.30 meanZ=69.60 SoC=1.0000
ep=0520 frame=004 slot=09 J_F=  -928.20 meanZ=64.06 SoC=1.0000
ep=0520 frame=005 slot=09 J_F=   387.20 meanZ=58.64 SoC=1.0000
ep=0520 frame=006 slot=09 J_F=  -226.50 meanZ=54.44 SoC=1.0000
ep=0520 frame=007 slot=09 J_F=   308.10 meanZ=52.22 SoC=1.0000
ep=0520 frame=008 slot=09 J_F=   622.30 meanZ=51.54 SoC=1.0000
ep=0520 frame=009 slot=09 J_F=  -493.00 meanZ=47.78 SoC=1.0000
ep=0520 frame=010 slot=09 J_F=   375.00 meanZ=45.34 SoC=1.0000
ep=0520 frame=011 slot=09 J_F=  1083.50 meanZ=46.10 SoC=1.0000
ep=0520 frame=012 slot=09 J_F=    57.80 meanZ=44.18 SoC=1.0000
ep=0520 frame=013 slot=09 J_F=    28.50 meanZ=42.82 SoC=1.0000
ep=0520 frame=014 slot=09 J_F=    99.50 meanZ=42.94 SoC=1.0000
ep=0520 frame=015 slot=09 J_F=   311.50 meanZ=43.70 SoC=1.0000
ep=0520 frame=016 slot=09 J_F=  -208.20 meanZ=42.92 SoC=1.0000
ep=0520 frame=017 slot=09 J_F=   293.50 meanZ=42.48 SoC=1.0000
ep=0520 frame=018 slot=09 J_F=   679.80 meanZ=42.40 SoC=1.0000
ep=0520 frame=019 slot=09 J_F=     3.10 meanZ=43.14 SoC=1.0000
ep=0520 frame=020 slot=09 J_F=   192.80 meanZ=42.12 SoC=1.0000
ep=0520 frame=021 slot=09 J_F=   260.30 meanZ=41.78 SoC=1.0000
ep=0520 frame=022 slot=09 J_F=   753.70 meanZ=42.32 SoC=1.0000
ep=0520 frame=023 slot=09 J_F=   316.40 meanZ=42.38 SoC=1.0000
ep=0520 frame=024 slot=09 J_F=   -11.00 meanZ=44.28 SoC=1.0000
ep=0520 frame=025 slot=09 J_F=   606.80 meanZ=44.62 SoC=1.0000
ep=0520 frame=026 slot=09 J_F=   419.30 meanZ=45.30 SoC=1.0000
ep=0520 frame=027 slot=09 J_F=   136.00 meanZ=44.02 SoC=1.0000
ep=0520 frame=028 slot=09 J_F=   155.90 meanZ=42.58 SoC=1.0000
ep=0520 frame=029 slot=09 J_F=   686.80 meanZ=42.20 SoC=1.0000
hppo_rsu 521/750 QoE=0.28886 stall=0.1475 144.00s
ep=0521 frame=000 slot=09 J_F= -2801.60 meanZ=88.68 SoC=1.0000
ep=0521 frame=001 slot=09 J_F= -1144.50 meanZ=81.10 SoC=1.0000
ep=0521 frame=002 slot=09 J_F=  -826.50 meanZ=74.26 SoC=1.0000
ep=0521 frame=003 slot=09 J_F= -1454.00 meanZ=66.54 SoC=1.0000
ep=0521 frame=004 slot=09 J_F=  -575.00 meanZ=59.46 SoC=1.0000
ep=0521 frame=005 slot=09 J_F=  -188.60 meanZ=55.06 SoC=1.0000
ep=0521 frame=006 slot=09 J_F=  -772.00 meanZ=51.16 SoC=1.0000
ep=0521 frame=007 slot=09 J_F=   699.70 meanZ=50.26 SoC=1.0000
ep=0521 frame=008 slot=09 J_F=   -55.80 meanZ=47.48 SoC=1.0000
ep=0521 frame=009 slot=09 J_F=   477.90 meanZ=46.22 SoC=1.0000
ep=0521 frame=010 slot=09 J_F=   -99.80 meanZ=44.36 SoC=1.0000
ep=0521 frame=011 slot=09 J_F=   752.80 meanZ=43.80 SoC=1.0000
ep=0521 frame=012 slot=09 J_F=   652.90 meanZ=42.46 SoC=1.0000
ep=0521 frame=013 slot=09 J_F=   416.20 meanZ=40.98 SoC=1.0000
ep=0521 frame=014 slot=09 J_F=   277.80 meanZ=41.24 SoC=1.0000
ep=0521 frame=015 slot=09 J_F=   369.20 meanZ=39.90 SoC=1.0000
ep=0521 frame=016 slot=09 J_F=    52.80 meanZ=38.46 SoC=1.0000
ep=0521 frame=017 slot=09 J_F=   275.20 meanZ=37.86 SoC=1.0000
ep=0521 frame=018 slot=09 J_F=  -336.70 meanZ=37.86 SoC=1.0000
ep=0521 frame=019 slot=09 J_F=   342.50 meanZ=36.14 SoC=1.0000
ep=0521 frame=020 slot=09 J_F=   558.80 meanZ=36.24 SoC=1.0000
ep=0521 frame=021 slot=09 J_F=   895.30 meanZ=36.98 SoC=1.0000
ep=0521 frame=022 slot=09 J_F=   429.70 meanZ=35.72 SoC=1.0000
ep=0521 frame=023 slot=09 J_F=   107.30 meanZ=34.60 SoC=1.0000
ep=0521 frame=024 slot=09 J_F=   551.00 meanZ=35.10 SoC=1.0000
ep=0521 frame=025 slot=09 J_F=   285.00 meanZ=35.98 SoC=1.0000
ep=0521 frame=026 slot=09 J_F=   452.70 meanZ=35.52 SoC=1.0000
ep=0521 frame=027 slot=09 J_F=   -45.00 meanZ=34.68 SoC=1.0000
ep=0521 frame=028 slot=09 J_F=    56.50 meanZ=34.18 SoC=1.0000
ep=0521 frame=029 slot=09 J_F=   927.40 meanZ=34.80 SoC=1.0000
hppo_rsu 522/750 QoE=0.35606 stall=0.1261 146.09s
ep=0522 frame=000 slot=09 J_F= -2353.70 meanZ=88.38 SoC=1.0000
ep=0522 frame=001 slot=09 J_F=  -927.00 meanZ=81.40 SoC=1.0000
ep=0522 frame=002 slot=09 J_F= -1580.10 meanZ=73.66 SoC=1.0000
ep=0522 frame=003 slot=09 J_F= -1059.60 meanZ=67.26 SoC=1.0000
ep=0522 frame=004 slot=09 J_F=  -526.10 meanZ=61.38 SoC=1.0000
ep=0522 frame=005 slot=09 J_F=  -590.60 meanZ=55.80 SoC=1.0000
ep=0522 frame=006 slot=09 J_F=   552.40 meanZ=51.58 SoC=1.0000
ep=0522 frame=007 slot=09 J_F=   -77.30 meanZ=48.22 SoC=1.0000
ep=0522 frame=008 slot=09 J_F=   -40.00 meanZ=44.40 SoC=1.0000
ep=0522 frame=009 slot=09 J_F=   307.00 meanZ=42.98 SoC=1.0000
ep=0522 frame=010 slot=09 J_F=   260.70 meanZ=40.82 SoC=1.0000
ep=0522 frame=011 slot=09 J_F=   453.00 meanZ=40.08 SoC=1.0000
ep=0522 frame=012 slot=09 J_F=     3.90 meanZ=38.90 SoC=1.0000
ep=0522 frame=013 slot=09 J_F=   694.70 meanZ=39.72 SoC=1.0000
ep=0522 frame=014 slot=09 J_F=   618.80 meanZ=40.68 SoC=1.0000
ep=0522 frame=015 slot=09 J_F=  1105.00 meanZ=41.42 SoC=1.0000
ep=0522 frame=016 slot=09 J_F=   244.80 meanZ=42.76 SoC=1.0000
ep=0522 frame=017 slot=09 J_F=   346.40 meanZ=42.76 SoC=1.0000
ep=0522 frame=018 slot=09 J_F=   791.90 meanZ=42.72 SoC=1.0000
ep=0522 frame=019 slot=09 J_F=    44.10 meanZ=41.66 SoC=1.0000
ep=0522 frame=020 slot=09 J_F=   434.50 meanZ=41.32 SoC=1.0000
ep=0522 frame=021 slot=09 J_F=     2.20 meanZ=41.20 SoC=1.0000
ep=0522 frame=022 slot=09 J_F=   222.00 meanZ=39.72 SoC=1.0000
ep=0522 frame=023 slot=09 J_F=   120.30 meanZ=37.32 SoC=1.0000
ep=0522 frame=024 slot=09 J_F=   486.00 meanZ=38.02 SoC=1.0000
ep=0522 frame=025 slot=09 J_F=   -85.00 meanZ=36.60 SoC=1.0000
ep=0522 frame=026 slot=09 J_F=    51.50 meanZ=35.70 SoC=1.0000
ep=0522 frame=027 slot=09 J_F=   258.90 meanZ=34.76 SoC=1.0000
ep=0522 frame=028 slot=09 J_F=   169.30 meanZ=33.88 SoC=1.0000
ep=0522 frame=029 slot=09 J_F=   -31.90 meanZ=34.70 SoC=1.0000
hppo_rsu 523/750 QoE=0.34307 stall=0.1311 144.26s
ep=0523 frame=000 slot=09 J_F= -3289.50 meanZ=87.76 SoC=1.0000
ep=0523 frame=001 slot=09 J_F= -1029.00 meanZ=80.14 SoC=1.0000
ep=0523 frame=002 slot=09 J_F= -1419.00 meanZ=73.60 SoC=1.0000
ep=0523 frame=003 slot=09 J_F=  -631.50 meanZ=67.06 SoC=1.0000
ep=0523 frame=004 slot=09 J_F=  -626.00 meanZ=61.56 SoC=1.0000
ep=0523 frame=005 slot=09 J_F=  -337.90 meanZ=55.82 SoC=1.0000
ep=0523 frame=006 slot=09 J_F=  -217.80 meanZ=51.38 SoC=1.0000
ep=0523 frame=007 slot=09 J_F=  -504.80 meanZ=47.50 SoC=1.0000
ep=0523 frame=008 slot=09 J_F=  -406.40 meanZ=43.94 SoC=1.0000
ep=0523 frame=009 slot=09 J_F=  -217.20 meanZ=41.34 SoC=1.0000
ep=0523 frame=010 slot=09 J_F=   262.50 meanZ=38.96 SoC=1.0000
ep=0523 frame=011 slot=09 J_F=  -205.50 meanZ=38.16 SoC=1.0000
ep=0523 frame=012 slot=09 J_F=   742.80 meanZ=37.50 SoC=1.0000
ep=0523 frame=013 slot=09 J_F=   305.00 meanZ=36.54 SoC=1.0000
ep=0523 frame=014 slot=09 J_F=   469.80 meanZ=35.92 SoC=1.0000
ep=0523 frame=015 slot=09 J_F=   287.70 meanZ=34.00 SoC=1.0000
ep=0523 frame=016 slot=09 J_F=    48.90 meanZ=32.62 SoC=1.0000
ep=0523 frame=017 slot=09 J_F=   313.20 meanZ=32.00 SoC=1.0000
ep=0523 frame=018 slot=09 J_F=   -10.40 meanZ=30.58 SoC=1.0000
ep=0523 frame=019 slot=09 J_F=   440.00 meanZ=30.42 SoC=1.0000
ep=0523 frame=020 slot=09 J_F=   669.70 meanZ=28.94 SoC=1.0000
ep=0523 frame=021 slot=09 J_F=   448.90 meanZ=28.70 SoC=1.0000
ep=0523 frame=022 slot=09 J_F=   449.50 meanZ=28.70 SoC=1.0000
ep=0523 frame=023 slot=09 J_F=   197.40 meanZ=30.24 SoC=1.0000
ep=0523 frame=024 slot=09 J_F=   507.80 meanZ=30.22 SoC=1.0000
ep=0523 frame=025 slot=09 J_F=   235.50 meanZ=30.30 SoC=1.0000
ep=0523 frame=026 slot=09 J_F=   638.50 meanZ=31.60 SoC=1.0000
ep=0523 frame=027 slot=09 J_F=   333.00 meanZ=30.90 SoC=1.0000
ep=0523 frame=028 slot=09 J_F=   656.10 meanZ=32.70 SoC=1.0000
ep=0523 frame=029 slot=09 J_F=     8.80 meanZ=32.72 SoC=1.0000
hppo_rsu 524/750 QoE=0.42950 stall=0.0979 146.09s
ep=0524 frame=000 slot=09 J_F= -3241.60 meanZ=88.28 SoC=1.0000
ep=0524 frame=001 slot=09 J_F= -1671.60 meanZ=80.86 SoC=1.0000
ep=0524 frame=002 slot=09 J_F= -1179.50 meanZ=73.14 SoC=1.0000
ep=0524 frame=003 slot=09 J_F=  -624.50 meanZ=69.84 SoC=1.0000
ep=0524 frame=004 slot=09 J_F=  -955.10 meanZ=63.96 SoC=1.0000
ep=0524 frame=005 slot=09 J_F=    78.40 meanZ=58.78 SoC=1.0000
ep=0524 frame=006 slot=09 J_F=  -125.60 meanZ=55.42 SoC=1.0000
ep=0524 frame=007 slot=09 J_F=   454.40 meanZ=53.46 SoC=1.0000
ep=0524 frame=008 slot=09 J_F=  -628.30 meanZ=49.84 SoC=1.0000
ep=0524 frame=009 slot=09 J_F=  -147.50 meanZ=47.42 SoC=1.0000
ep=0524 frame=010 slot=09 J_F=  -450.60 meanZ=44.56 SoC=1.0000
ep=0524 frame=011 slot=09 J_F=   329.90 meanZ=42.84 SoC=1.0000
ep=0524 frame=012 slot=09 J_F=   115.40 meanZ=40.76 SoC=1.0000
ep=0524 frame=013 slot=09 J_F=  -122.70 meanZ=38.54 SoC=1.0000
ep=0524 frame=014 slot=09 J_F=   327.50 meanZ=38.26 SoC=1.0000
ep=0524 frame=015 slot=09 J_F=  -203.00 meanZ=36.18 SoC=1.0000
ep=0524 frame=016 slot=09 J_F=   -96.20 meanZ=35.18 SoC=1.0000
ep=0524 frame=017 slot=09 J_F=   374.50 meanZ=33.74 SoC=1.0000
ep=0524 frame=018 slot=09 J_F=  -116.40 meanZ=33.10 SoC=1.0000
ep=0524 frame=019 slot=09 J_F=   186.90 meanZ=32.86 SoC=1.0000
ep=0524 frame=020 slot=09 J_F=   521.80 meanZ=33.76 SoC=1.0000
ep=0524 frame=021 slot=09 J_F=   315.20 meanZ=31.64 SoC=1.0000
ep=0524 frame=022 slot=09 J_F=   308.70 meanZ=31.90 SoC=1.0000
ep=0524 frame=023 slot=09 J_F=   679.00 meanZ=32.82 SoC=1.0000
ep=0524 frame=024 slot=09 J_F=   411.80 meanZ=32.80 SoC=1.0000
ep=0524 frame=025 slot=09 J_F=   683.90 meanZ=33.50 SoC=1.0000
ep=0524 frame=026 slot=09 J_F=   369.40 meanZ=32.52 SoC=1.0000
ep=0524 frame=027 slot=09 J_F=   520.90 meanZ=32.30 SoC=1.0000
ep=0524 frame=028 slot=09 J_F=  -170.10 meanZ=32.44 SoC=1.0000
ep=0524 frame=029 slot=09 J_F=   649.40 meanZ=32.22 SoC=1.0000
ep=1000000 frame=000 slot=09 J_F= -2503.10 meanZ=88.80 SoC=1.0000
ep=1000000 frame=001 slot=09 J_F= -1532.50 meanZ=81.02 SoC=1.0000
ep=1000000 frame=002 slot=09 J_F= -1741.20 meanZ=73.54 SoC=1.0000
ep=1000000 frame=003 slot=09 J_F=  -803.70 meanZ=66.34 SoC=1.0000
ep=1000000 frame=004 slot=09 J_F=  -746.10 meanZ=60.40 SoC=1.0000
ep=1000000 frame=005 slot=09 J_F=  -103.10 meanZ=54.40 SoC=1.0000
ep=1000000 frame=006 slot=09 J_F=    52.50 meanZ=50.22 SoC=1.0000
ep=1000000 frame=007 slot=09 J_F=   218.80 meanZ=47.02 SoC=1.0000
ep=1000000 frame=008 slot=09 J_F=    50.50 meanZ=44.40 SoC=1.0000
ep=1000000 frame=009 slot=09 J_F=   212.90 meanZ=42.04 SoC=1.0000
ep=1000000 frame=010 slot=09 J_F=   327.00 meanZ=39.38 SoC=1.0000
ep=1000000 frame=011 slot=09 J_F=  -433.80 meanZ=36.78 SoC=1.0000
ep=1000000 frame=012 slot=09 J_F=  -362.30 meanZ=35.30 SoC=1.0000
ep=1000000 frame=013 slot=09 J_F=    77.80 meanZ=33.86 SoC=1.0000
ep=1000000 frame=014 slot=09 J_F=   307.70 meanZ=31.70 SoC=1.0000
ep=1000000 frame=015 slot=09 J_F=   413.30 meanZ=31.96 SoC=1.0000
ep=1000000 frame=016 slot=09 J_F=   213.00 meanZ=30.68 SoC=1.0000
ep=1000000 frame=017 slot=09 J_F=   421.60 meanZ=31.44 SoC=1.0000
ep=1000000 frame=018 slot=09 J_F=    88.90 meanZ=31.24 SoC=1.0000
ep=1000000 frame=019 slot=09 J_F=   -32.20 meanZ=30.96 SoC=1.0000
ep=1000000 frame=020 slot=09 J_F=   867.90 meanZ=32.28 SoC=1.0000
ep=1000000 frame=021 slot=09 J_F=   343.60 meanZ=33.90 SoC=1.0000
ep=1000000 frame=022 slot=09 J_F=   289.90 meanZ=34.80 SoC=1.0000
ep=1000000 frame=023 slot=09 J_F=   911.60 meanZ=36.12 SoC=1.0000
ep=1000000 frame=024 slot=09 J_F=   534.50 meanZ=36.26 SoC=1.0000
ep=1000000 frame=025 slot=09 J_F=   745.50 meanZ=36.72 SoC=1.0000
ep=1000000 frame=026 slot=09 J_F=   111.60 meanZ=36.94 SoC=1.0000
ep=1000000 frame=027 slot=09 J_F=    92.50 meanZ=36.56 SoC=1.0000
ep=1000000 frame=028 slot=09 J_F=   496.70 meanZ=37.64 SoC=1.0000
ep=1000000 frame=029 slot=09 J_F=   141.00 meanZ=37.24 SoC=1.0000
ep=1000001 frame=000 slot=09 J_F= -2413.60 meanZ=88.64 SoC=1.0000
ep=1000001 frame=001 slot=09 J_F= -1207.10 meanZ=82.26 SoC=1.0000
ep=1000001 frame=002 slot=09 J_F= -1111.00 meanZ=75.38 SoC=1.0000
ep=1000001 frame=003 slot=09 J_F=  -640.00 meanZ=68.42 SoC=1.0000
ep=1000001 frame=004 slot=09 J_F= -1168.10 meanZ=60.18 SoC=1.0000
ep=1000001 frame=005 slot=09 J_F=  -127.10 meanZ=53.08 SoC=1.0000
ep=1000001 frame=006 slot=09 J_F=  -458.50 meanZ=46.88 SoC=1.0000
ep=1000001 frame=007 slot=09 J_F=  -131.00 meanZ=43.26 SoC=1.0000
ep=1000001 frame=008 slot=09 J_F=  -179.10 meanZ=41.14 SoC=1.0000
ep=1000001 frame=009 slot=09 J_F=  -577.10 meanZ=38.18 SoC=1.0000
ep=1000001 frame=010 slot=09 J_F=   146.20 meanZ=38.06 SoC=1.0000
ep=1000001 frame=011 slot=09 J_F=   288.80 meanZ=37.74 SoC=1.0000
ep=1000001 frame=012 slot=09 J_F=   527.00 meanZ=37.64 SoC=1.0000
ep=1000001 frame=013 slot=09 J_F=   613.70 meanZ=36.64 SoC=1.0000
ep=1000001 frame=014 slot=09 J_F=   960.30 meanZ=38.24 SoC=1.0000
ep=1000001 frame=015 slot=09 J_F=   544.20 meanZ=37.68 SoC=1.0000
ep=1000001 frame=016 slot=09 J_F=   150.70 meanZ=36.26 SoC=1.0000
ep=1000001 frame=017 slot=09 J_F=   308.80 meanZ=35.88 SoC=1.0000
ep=1000001 frame=018 slot=09 J_F=   246.80 meanZ=35.34 SoC=1.0000
ep=1000001 frame=019 slot=09 J_F=   363.80 meanZ=34.92 SoC=1.0000
ep=1000001 frame=020 slot=09 J_F=   456.30 meanZ=34.20 SoC=1.0000
ep=1000001 frame=021 slot=09 J_F=   249.40 meanZ=33.68 SoC=1.0000
ep=1000001 frame=022 slot=09 J_F=   130.30 meanZ=33.40 SoC=1.0000
ep=1000001 frame=023 slot=09 J_F=   337.80 meanZ=34.16 SoC=1.0000
ep=1000001 frame=024 slot=09 J_F=   155.20 meanZ=34.68 SoC=1.0000
ep=1000001 frame=025 slot=09 J_F=   799.00 meanZ=35.14 SoC=1.0000
ep=1000001 frame=026 slot=09 J_F=   243.80 meanZ=35.76 SoC=1.0000
ep=1000001 frame=027 slot=09 J_F=   -16.80 meanZ=35.14 SoC=1.0000
ep=1000001 frame=028 slot=09 J_F=   426.50 meanZ=35.54 SoC=1.0000
ep=1000001 frame=029 slot=09 J_F=   457.80 meanZ=37.08 SoC=1.0000
ep=1000002 frame=000 slot=09 J_F= -2031.60 meanZ=89.32 SoC=1.0000
ep=1000002 frame=001 slot=09 J_F= -2115.00 meanZ=81.94 SoC=1.0000
ep=1000002 frame=002 slot=09 J_F= -1539.60 meanZ=73.60 SoC=1.0000
ep=1000002 frame=003 slot=09 J_F= -1261.60 meanZ=66.50 SoC=1.0000
ep=1000002 frame=004 slot=09 J_F=  -372.00 meanZ=60.16 SoC=1.0000
ep=1000002 frame=005 slot=09 J_F=    37.40 meanZ=54.88 SoC=1.0000
ep=1000002 frame=006 slot=09 J_F=  -261.60 meanZ=49.92 SoC=1.0000
ep=1000002 frame=007 slot=09 J_F=  -154.10 meanZ=46.36 SoC=1.0000
ep=1000002 frame=008 slot=09 J_F=   -89.10 meanZ=44.18 SoC=1.0000
ep=1000002 frame=009 slot=09 J_F=   -33.70 meanZ=42.50 SoC=1.0000
ep=1000002 frame=010 slot=09 J_F=   514.40 meanZ=41.46 SoC=1.0000
ep=1000002 frame=011 slot=09 J_F=   221.90 meanZ=39.88 SoC=1.0000
ep=1000002 frame=012 slot=09 J_F=  -103.50 meanZ=38.86 SoC=1.0000
ep=1000002 frame=013 slot=09 J_F=   -66.70 meanZ=37.20 SoC=1.0000
ep=1000002 frame=014 slot=09 J_F=   416.30 meanZ=36.16 SoC=1.0000
ep=1000002 frame=015 slot=09 J_F=   632.70 meanZ=37.04 SoC=1.0000
ep=1000002 frame=016 slot=09 J_F=   357.30 meanZ=36.90 SoC=1.0000
ep=1000002 frame=017 slot=09 J_F=    54.80 meanZ=37.26 SoC=1.0000
ep=1000002 frame=018 slot=09 J_F=   320.80 meanZ=36.42 SoC=1.0000
ep=1000002 frame=019 slot=09 J_F=    85.30 meanZ=36.64 SoC=1.0000
ep=1000002 frame=020 slot=09 J_F=   306.70 meanZ=36.10 SoC=1.0000
ep=1000002 frame=021 slot=09 J_F=   173.90 meanZ=35.80 SoC=1.0000
ep=1000002 frame=022 slot=09 J_F=   711.50 meanZ=36.08 SoC=1.0000
ep=1000002 frame=023 slot=09 J_F=   272.80 meanZ=36.34 SoC=1.0000
ep=1000002 frame=024 slot=09 J_F=   461.00 meanZ=36.22 SoC=1.0000
ep=1000002 frame=025 slot=09 J_F=   746.50 meanZ=36.74 SoC=1.0000
ep=1000002 frame=026 slot=09 J_F=   266.40 meanZ=36.52 SoC=1.0000
ep=1000002 frame=027 slot=09 J_F=   326.50 meanZ=37.00 SoC=1.0000
ep=1000002 frame=028 slot=09 J_F=    55.70 meanZ=37.44 SoC=1.0000
ep=1000002 frame=029 slot=09 J_F=   306.20 meanZ=37.16 SoC=1.0000
ep=1000003 frame=000 slot=09 J_F= -3240.50 meanZ=88.62 SoC=1.0000
ep=1000003 frame=001 slot=09 J_F= -1407.80 meanZ=80.58 SoC=1.0000
ep=1000003 frame=002 slot=09 J_F= -1901.20 meanZ=73.82 SoC=1.0000
ep=1000003 frame=003 slot=09 J_F= -1103.50 meanZ=66.62 SoC=1.0000
ep=1000003 frame=004 slot=09 J_F=  -246.00 meanZ=60.94 SoC=1.0000
ep=1000003 frame=005 slot=09 J_F=  -851.50 meanZ=54.84 SoC=1.0000
ep=1000003 frame=006 slot=09 J_F=   -81.20 meanZ=49.60 SoC=1.0000
ep=1000003 frame=007 slot=09 J_F=   154.50 meanZ=50.12 SoC=1.0000
ep=1000003 frame=008 slot=09 J_F=  -425.60 meanZ=46.36 SoC=1.0000
ep=1000003 frame=009 slot=09 J_F=   376.50 meanZ=45.00 SoC=1.0000
ep=1000003 frame=010 slot=09 J_F=   463.80 meanZ=42.66 SoC=1.0000
ep=1000003 frame=011 slot=09 J_F=   138.40 meanZ=39.50 SoC=1.0000
ep=1000003 frame=012 slot=09 J_F=   351.90 meanZ=39.22 SoC=1.0000
ep=1000003 frame=013 slot=09 J_F=  -218.70 meanZ=37.62 SoC=1.0000
ep=1000003 frame=014 slot=09 J_F=   261.00 meanZ=37.36 SoC=1.0000
ep=1000003 frame=015 slot=09 J_F=   916.00 meanZ=38.82 SoC=1.0000
ep=1000003 frame=016 slot=09 J_F=  -174.60 meanZ=36.56 SoC=1.0000
ep=1000003 frame=017 slot=09 J_F=   211.00 meanZ=35.88 SoC=1.0000
ep=1000003 frame=018 slot=09 J_F=    -1.70 meanZ=34.40 SoC=1.0000
ep=1000003 frame=019 slot=09 J_F=   358.30 meanZ=33.66 SoC=1.0000
ep=1000003 frame=020 slot=09 J_F=   236.30 meanZ=32.74 SoC=1.0000
ep=1000003 frame=021 slot=09 J_F=    43.30 meanZ=33.14 SoC=1.0000
ep=1000003 frame=022 slot=09 J_F=   279.40 meanZ=32.18 SoC=1.0000
ep=1000003 frame=023 slot=09 J_F=   273.70 meanZ=32.42 SoC=1.0000
ep=1000003 frame=024 slot=09 J_F=   594.30 meanZ=33.16 SoC=1.0000
ep=1000003 frame=025 slot=09 J_F=   512.40 meanZ=34.16 SoC=1.0000
ep=1000003 frame=026 slot=09 J_F=   261.00 meanZ=34.64 SoC=1.0000
ep=1000003 frame=027 slot=09 J_F=  -332.70 meanZ=35.44 SoC=1.0000
ep=1000003 frame=028 slot=09 J_F=   291.80 meanZ=36.68 SoC=1.0000
ep=1000003 frame=029 slot=09 J_F=   349.50 meanZ=36.22 SoC=1.0000
ep=1000004 frame=000 slot=09 J_F= -3023.10 meanZ=87.88 SoC=1.0000
ep=1000004 frame=001 slot=09 J_F= -1688.10 meanZ=80.80 SoC=1.0000
ep=1000004 frame=002 slot=09 J_F= -1360.50 meanZ=74.20 SoC=1.0000
ep=1000004 frame=003 slot=09 J_F= -1340.10 meanZ=67.06 SoC=1.0000
ep=1000004 frame=004 slot=09 J_F=  -485.50 meanZ=58.88 SoC=1.0000
ep=1000004 frame=005 slot=09 J_F=   126.40 meanZ=53.90 SoC=1.0000
ep=1000004 frame=006 slot=09 J_F=  -456.60 meanZ=49.26 SoC=1.0000
ep=1000004 frame=007 slot=09 J_F=  -605.50 meanZ=45.52 SoC=1.0000
ep=1000004 frame=008 slot=09 J_F=   -83.20 meanZ=43.06 SoC=1.0000
ep=1000004 frame=009 slot=09 J_F=    73.80 meanZ=40.42 SoC=1.0000
ep=1000004 frame=010 slot=09 J_F=   251.50 meanZ=38.60 SoC=1.0000
ep=1000004 frame=011 slot=09 J_F=  -493.80 meanZ=35.76 SoC=1.0000
ep=1000004 frame=012 slot=09 J_F=   431.50 meanZ=35.48 SoC=1.0000
ep=1000004 frame=013 slot=09 J_F=   595.40 meanZ=35.30 SoC=1.0000
ep=1000004 frame=014 slot=09 J_F=   117.00 meanZ=34.58 SoC=1.0000
ep=1000004 frame=015 slot=09 J_F=   788.60 meanZ=36.44 SoC=1.0000
ep=1000004 frame=016 slot=09 J_F=   699.40 meanZ=35.82 SoC=1.0000
ep=1000004 frame=017 slot=09 J_F=   914.40 meanZ=37.38 SoC=1.0000
ep=1000004 frame=018 slot=09 J_F=   230.00 meanZ=38.22 SoC=1.0000
ep=1000004 frame=019 slot=09 J_F=    34.80 meanZ=38.18 SoC=1.0000
ep=1000004 frame=020 slot=09 J_F=    41.50 meanZ=37.66 SoC=1.0000
ep=1000004 frame=021 slot=09 J_F=   -19.00 meanZ=36.70 SoC=1.0000
ep=1000004 frame=022 slot=09 J_F=   850.40 meanZ=36.00 SoC=1.0000
ep=1000004 frame=023 slot=09 J_F=   449.00 meanZ=36.76 SoC=1.0000
ep=1000004 frame=024 slot=09 J_F=   107.70 meanZ=37.14 SoC=1.0000
ep=1000004 frame=025 slot=09 J_F=   124.90 meanZ=37.06 SoC=1.0000
ep=1000004 frame=026 slot=09 J_F=   376.50 meanZ=37.50 SoC=1.0000
ep=1000004 frame=027 slot=09 J_F=   260.70 meanZ=37.72 SoC=1.0000
ep=1000004 frame=028 slot=09 J_F=   167.20 meanZ=36.72 SoC=1.0000
ep=1000004 frame=029 slot=09 J_F=   584.40 meanZ=36.48 SoC=1.0000
ep=1000005 frame=000 slot=09 J_F= -3044.10 meanZ=88.36 SoC=1.0000
ep=1000005 frame=001 slot=09 J_F= -1890.50 meanZ=81.48 SoC=1.0000
ep=1000005 frame=002 slot=09 J_F= -1245.00 meanZ=74.08 SoC=1.0000
ep=1000005 frame=003 slot=09 J_F= -1072.10 meanZ=66.42 SoC=1.0000
ep=1000005 frame=004 slot=09 J_F= -1062.10 meanZ=58.76 SoC=1.0000
ep=1000005 frame=005 slot=09 J_F=     1.30 meanZ=53.58 SoC=1.0000
ep=1000005 frame=006 slot=09 J_F=  -168.60 meanZ=48.86 SoC=1.0000
ep=1000005 frame=007 slot=09 J_F=   111.00 meanZ=46.80 SoC=1.0000
ep=1000005 frame=008 slot=09 J_F=  -356.60 meanZ=43.14 SoC=1.0000
ep=1000005 frame=009 slot=09 J_F=   509.40 meanZ=41.44 SoC=1.0000
ep=1000005 frame=010 slot=09 J_F=   -90.20 meanZ=37.68 SoC=1.0000
ep=1000005 frame=011 slot=09 J_F=   328.10 meanZ=37.08 SoC=1.0000
ep=1000005 frame=012 slot=09 J_F=   290.20 meanZ=37.14 SoC=1.0000
ep=1000005 frame=013 slot=09 J_F=   105.70 meanZ=35.72 SoC=1.0000
ep=1000005 frame=014 slot=09 J_F=   478.80 meanZ=36.42 SoC=1.0000
ep=1000005 frame=015 slot=09 J_F=  -155.50 meanZ=34.92 SoC=1.0000
ep=1000005 frame=016 slot=09 J_F=   382.30 meanZ=34.54 SoC=1.0000
ep=1000005 frame=017 slot=09 J_F=   165.80 meanZ=34.12 SoC=1.0000
ep=1000005 frame=018 slot=09 J_F=   809.30 meanZ=34.44 SoC=1.0000
ep=1000005 frame=019 slot=09 J_F=   474.90 meanZ=34.94 SoC=1.0000
ep=1000005 frame=020 slot=09 J_F=  -184.50 meanZ=33.50 SoC=1.0000
ep=1000005 frame=021 slot=09 J_F=   471.00 meanZ=33.56 SoC=1.0000
ep=1000005 frame=022 slot=09 J_F=   243.40 meanZ=33.22 SoC=1.0000
ep=1000005 frame=023 slot=09 J_F=   425.00 meanZ=31.96 SoC=1.0000
ep=1000005 frame=024 slot=09 J_F=   505.00 meanZ=33.28 SoC=1.0000
ep=1000005 frame=025 slot=09 J_F=   494.80 meanZ=35.68 SoC=1.0000
ep=1000005 frame=026 slot=09 J_F=   583.20 meanZ=35.38 SoC=1.0000
ep=1000005 frame=027 slot=09 J_F=   296.30 meanZ=35.26 SoC=1.0000
ep=1000005 frame=028 slot=09 J_F=    71.20 meanZ=35.28 SoC=1.0000
ep=1000005 frame=029 slot=09 J_F=  1097.30 meanZ=34.80 SoC=1.0000
ep=1000006 frame=000 slot=09 J_F= -1631.10 meanZ=89.08 SoC=1.0000
ep=1000006 frame=001 slot=09 J_F= -1193.50 meanZ=82.52 SoC=1.0000
ep=1000006 frame=002 slot=09 J_F= -1254.50 meanZ=75.30 SoC=1.0000
ep=1000006 frame=003 slot=09 J_F= -1287.60 meanZ=68.26 SoC=1.0000
ep=1000006 frame=004 slot=09 J_F=  -388.50 meanZ=60.52 SoC=1.0000
ep=1000006 frame=005 slot=09 J_F=  -144.00 meanZ=56.20 SoC=1.0000
ep=1000006 frame=006 slot=09 J_F=  -736.70 meanZ=51.14 SoC=1.0000
ep=1000006 frame=007 slot=09 J_F=   592.90 meanZ=48.80 SoC=1.0000
ep=1000006 frame=008 slot=09 J_F=  -169.70 meanZ=46.40 SoC=1.0000
ep=1000006 frame=009 slot=09 J_F=   -47.60 meanZ=44.90 SoC=1.0000
ep=1000006 frame=010 slot=09 J_F=   410.30 meanZ=44.32 SoC=1.0000
ep=1000006 frame=011 slot=09 J_F=  -310.70 meanZ=42.56 SoC=1.0000
ep=1000006 frame=012 slot=09 J_F=   189.30 meanZ=39.60 SoC=1.0000
ep=1000006 frame=013 slot=09 J_F=   218.30 meanZ=39.46 SoC=1.0000
ep=1000006 frame=014 slot=09 J_F=  -155.70 meanZ=37.60 SoC=1.0000
ep=1000006 frame=015 slot=09 J_F=   103.70 meanZ=36.72 SoC=1.0000
ep=1000006 frame=016 slot=09 J_F=   438.80 meanZ=36.32 SoC=1.0000
ep=1000006 frame=017 slot=09 J_F=   520.50 meanZ=36.50 SoC=1.0000
ep=1000006 frame=018 slot=09 J_F=   181.20 meanZ=36.82 SoC=1.0000
ep=1000006 frame=019 slot=09 J_F=   282.70 meanZ=36.92 SoC=1.0000
ep=1000006 frame=020 slot=09 J_F=   520.00 meanZ=37.46 SoC=1.0000
ep=1000006 frame=021 slot=09 J_F=   588.40 meanZ=37.90 SoC=1.0000
ep=1000006 frame=022 slot=09 J_F=   125.30 meanZ=37.24 SoC=1.0000
ep=1000006 frame=023 slot=09 J_F=   385.30 meanZ=37.68 SoC=1.0000
ep=1000006 frame=024 slot=09 J_F=   345.80 meanZ=36.82 SoC=1.0000
ep=1000006 frame=025 slot=09 J_F=   426.00 meanZ=37.12 SoC=1.0000
ep=1000006 frame=026 slot=09 J_F=   435.50 meanZ=37.88 SoC=1.0000
ep=1000006 frame=027 slot=09 J_F=   390.30 meanZ=37.98 SoC=1.0000
ep=1000006 frame=028 slot=09 J_F=  -305.60 meanZ=37.62 SoC=1.0000
ep=1000006 frame=029 slot=09 J_F=   984.90 meanZ=37.50 SoC=1.0000
ep=1000007 frame=000 slot=09 J_F= -3708.60 meanZ=87.58 SoC=1.0000
ep=1000007 frame=001 slot=09 J_F= -1733.20 meanZ=79.58 SoC=1.0000
ep=1000007 frame=002 slot=09 J_F= -1618.00 meanZ=71.84 SoC=1.0000
ep=1000007 frame=003 slot=09 J_F=  -493.20 meanZ=65.74 SoC=1.0000
ep=1000007 frame=004 slot=09 J_F=  -932.60 meanZ=58.98 SoC=1.0000
ep=1000007 frame=005 slot=09 J_F=  -398.60 meanZ=54.16 SoC=1.0000
ep=1000007 frame=006 slot=09 J_F=  -247.30 meanZ=48.56 SoC=1.0000
ep=1000007 frame=007 slot=09 J_F=   -76.60 meanZ=44.56 SoC=1.0000
ep=1000007 frame=008 slot=09 J_F=   273.90 meanZ=43.92 SoC=1.0000
ep=1000007 frame=009 slot=09 J_F=   190.80 meanZ=43.06 SoC=1.0000
ep=1000007 frame=010 slot=09 J_F=  -185.90 meanZ=40.22 SoC=1.0000
ep=1000007 frame=011 slot=09 J_F=   390.80 meanZ=39.56 SoC=1.0000
ep=1000007 frame=012 slot=09 J_F=   400.50 meanZ=38.70 SoC=1.0000
ep=1000007 frame=013 slot=09 J_F=   326.20 meanZ=37.12 SoC=1.0000
ep=1000007 frame=014 slot=09 J_F=   -47.70 meanZ=36.64 SoC=1.0000
ep=1000007 frame=015 slot=09 J_F=   238.30 meanZ=37.22 SoC=1.0000
ep=1000007 frame=016 slot=09 J_F=   -28.50 meanZ=36.06 SoC=1.0000
ep=1000007 frame=017 slot=09 J_F=   -17.70 meanZ=36.60 SoC=1.0000
ep=1000007 frame=018 slot=09 J_F=   452.80 meanZ=36.18 SoC=1.0000
ep=1000007 frame=019 slot=09 J_F=   -31.20 meanZ=35.34 SoC=1.0000
ep=1000007 frame=020 slot=09 J_F=   444.00 meanZ=35.04 SoC=1.0000
ep=1000007 frame=021 slot=09 J_F=   352.30 meanZ=35.82 SoC=1.0000
ep=1000007 frame=022 slot=09 J_F=    69.80 meanZ=34.20 SoC=1.0000
ep=1000007 frame=023 slot=09 J_F=   500.80 meanZ=35.76 SoC=1.0000
ep=1000007 frame=024 slot=09 J_F=   101.70 meanZ=35.42 SoC=1.0000
ep=1000007 frame=025 slot=09 J_F=   913.00 meanZ=36.46 SoC=1.0000
ep=1000007 frame=026 slot=09 J_F=   833.30 meanZ=37.66 SoC=1.0000
ep=1000007 frame=027 slot=09 J_F=   256.20 meanZ=38.28 SoC=1.0000
ep=1000007 frame=028 slot=09 J_F=   109.10 meanZ=37.88 SoC=1.0000
ep=1000007 frame=029 slot=09 J_F=   400.50 meanZ=37.56 SoC=1.0000
ep=1000008 frame=000 slot=09 J_F= -3540.00 meanZ=87.40 SoC=1.0000
ep=1000008 frame=001 slot=09 J_F= -2294.10 meanZ=79.00 SoC=1.0000
ep=1000008 frame=002 slot=09 J_F= -1722.10 meanZ=71.42 SoC=1.0000
ep=1000008 frame=003 slot=09 J_F=  -476.00 meanZ=64.44 SoC=1.0000
ep=1000008 frame=004 slot=09 J_F= -1039.60 meanZ=58.46 SoC=1.0000
ep=1000008 frame=005 slot=09 J_F=   366.90 meanZ=53.04 SoC=1.0000
ep=1000008 frame=006 slot=09 J_F=  -148.00 meanZ=50.24 SoC=1.0000
ep=1000008 frame=007 slot=09 J_F=  -117.50 meanZ=46.04 SoC=1.0000
ep=1000008 frame=008 slot=09 J_F=   724.40 meanZ=43.54 SoC=1.0000
ep=1000008 frame=009 slot=09 J_F=   379.50 meanZ=40.96 SoC=1.0000
ep=1000008 frame=010 slot=09 J_F=   140.00 meanZ=39.84 SoC=1.0000
ep=1000008 frame=011 slot=09 J_F=   385.30 meanZ=40.52 SoC=1.0000
ep=1000008 frame=012 slot=09 J_F=  -122.50 meanZ=39.22 SoC=1.0000
ep=1000008 frame=013 slot=09 J_F=    -5.00 meanZ=38.18 SoC=1.0000
ep=1000008 frame=014 slot=09 J_F=  -121.70 meanZ=36.62 SoC=1.0000
ep=1000008 frame=015 slot=09 J_F=   308.80 meanZ=35.50 SoC=1.0000
ep=1000008 frame=016 slot=09 J_F=  -184.00 meanZ=34.18 SoC=1.0000
ep=1000008 frame=017 slot=09 J_F=     6.60 meanZ=34.10 SoC=1.0000
ep=1000008 frame=018 slot=09 J_F=   541.60 meanZ=34.86 SoC=1.0000
ep=1000008 frame=019 slot=09 J_F=   352.30 meanZ=34.72 SoC=1.0000
ep=1000008 frame=020 slot=09 J_F=  -111.10 meanZ=33.68 SoC=1.0000
ep=1000008 frame=021 slot=09 J_F=   155.50 meanZ=33.38 SoC=1.0000
ep=1000008 frame=022 slot=09 J_F=   129.80 meanZ=33.10 SoC=1.0000
ep=1000008 frame=023 slot=09 J_F=   600.40 meanZ=33.12 SoC=1.0000
ep=1000008 frame=024 slot=09 J_F=   154.80 meanZ=32.86 SoC=1.0000
ep=1000008 frame=025 slot=09 J_F=   497.70 meanZ=32.88 SoC=1.0000
ep=1000008 frame=026 slot=09 J_F=   122.50 meanZ=32.38 SoC=1.0000
ep=1000008 frame=027 slot=09 J_F=   174.30 meanZ=32.86 SoC=1.0000
ep=1000008 frame=028 slot=09 J_F=   225.20 meanZ=32.18 SoC=1.0000
ep=1000008 frame=029 slot=09 J_F=   502.80 meanZ=32.00 SoC=1.0000
ep=1000009 frame=000 slot=09 J_F= -3512.10 meanZ=87.46 SoC=1.0000
ep=1000009 frame=001 slot=09 J_F= -1418.60 meanZ=80.52 SoC=1.0000
ep=1000009 frame=002 slot=09 J_F= -1202.00 meanZ=73.80 SoC=1.0000
ep=1000009 frame=003 slot=09 J_F= -1055.60 meanZ=66.60 SoC=1.0000
ep=1000009 frame=004 slot=09 J_F=  -944.20 meanZ=59.78 SoC=1.0000
ep=1000009 frame=005 slot=09 J_F=  -516.00 meanZ=53.32 SoC=1.0000
ep=1000009 frame=006 slot=09 J_F=   215.40 meanZ=50.08 SoC=1.0000
ep=1000009 frame=007 slot=09 J_F=   150.30 meanZ=48.22 SoC=1.0000
ep=1000009 frame=008 slot=09 J_F=  -108.70 meanZ=44.38 SoC=1.0000
ep=1000009 frame=009 slot=09 J_F=   -83.50 meanZ=42.68 SoC=1.0000
ep=1000009 frame=010 slot=09 J_F=  -152.50 meanZ=41.38 SoC=1.0000
ep=1000009 frame=011 slot=09 J_F=   191.30 meanZ=39.90 SoC=1.0000
ep=1000009 frame=012 slot=09 J_F=   589.30 meanZ=40.22 SoC=1.0000
ep=1000009 frame=013 slot=09 J_F=   371.30 meanZ=39.30 SoC=1.0000
ep=1000009 frame=014 slot=09 J_F=    18.70 meanZ=38.16 SoC=1.0000
ep=1000009 frame=015 slot=09 J_F=   526.30 meanZ=38.86 SoC=1.0000
ep=1000009 frame=016 slot=09 J_F=   562.80 meanZ=39.18 SoC=1.0000
ep=1000009 frame=017 slot=09 J_F=   752.70 meanZ=39.62 SoC=1.0000
ep=1000009 frame=018 slot=09 J_F=   191.20 meanZ=39.34 SoC=1.0000
ep=1000009 frame=019 slot=09 J_F=   462.40 meanZ=40.46 SoC=1.0000
ep=1000009 frame=020 slot=09 J_F=   135.40 meanZ=39.28 SoC=1.0000
ep=1000009 frame=021 slot=09 J_F=   421.30 meanZ=39.10 SoC=1.0000
ep=1000009 frame=022 slot=09 J_F=   111.70 meanZ=38.94 SoC=1.0000
ep=1000009 frame=023 slot=09 J_F=   197.00 meanZ=37.96 SoC=1.0000
ep=1000009 frame=024 slot=09 J_F=   301.80 meanZ=35.98 SoC=1.0000
ep=1000009 frame=025 slot=09 J_F=   345.70 meanZ=35.82 SoC=1.0000
ep=1000009 frame=026 slot=09 J_F=   268.00 meanZ=37.00 SoC=1.0000
ep=1000009 frame=027 slot=09 J_F=   775.50 meanZ=37.12 SoC=1.0000
ep=1000009 frame=028 slot=09 J_F=    52.60 meanZ=35.78 SoC=1.0000
ep=1000009 frame=029 slot=09 J_F=   558.00 meanZ=34.98 SoC=1.0000
hppo_rsu 525/750 QoE=0.38436 stall=0.1156 147.17s
ep=0525 frame=000 slot=09 J_F= -2234.20 meanZ=89.54 SoC=1.0000
ep=0525 frame=001 slot=09 J_F= -1506.00 meanZ=82.24 SoC=1.0000
ep=0525 frame=002 slot=09 J_F= -1601.10 meanZ=76.06 SoC=1.0000
ep=0525 frame=003 slot=09 J_F=  -933.10 meanZ=70.22 SoC=1.0000
ep=0525 frame=004 slot=09 J_F=  -782.60 meanZ=63.18 SoC=1.0000
ep=0525 frame=005 slot=09 J_F=    23.50 meanZ=58.86 SoC=1.0000
ep=0525 frame=006 slot=09 J_F=  -163.60 meanZ=53.76 SoC=1.0000
ep=0525 frame=007 slot=09 J_F=   -76.60 meanZ=50.68 SoC=1.0000
ep=0525 frame=008 slot=09 J_F=  -290.60 meanZ=47.64 SoC=1.0000
ep=0525 frame=009 slot=09 J_F=  -180.00 meanZ=44.86 SoC=1.0000
ep=0525 frame=010 slot=09 J_F=   526.80 meanZ=43.62 SoC=1.0000
ep=0525 frame=011 slot=09 J_F=  -190.50 meanZ=41.96 SoC=1.0000
ep=0525 frame=012 slot=09 J_F=   142.90 meanZ=41.34 SoC=1.0000
ep=0525 frame=013 slot=09 J_F=   394.50 meanZ=40.66 SoC=1.0000
ep=0525 frame=014 slot=09 J_F=   544.50 meanZ=41.38 SoC=1.0000
ep=0525 frame=015 slot=09 J_F=   611.40 meanZ=40.68 SoC=1.0000
ep=0525 frame=016 slot=09 J_F=  -632.60 meanZ=39.62 SoC=1.0000
ep=0525 frame=017 slot=09 J_F=   444.50 meanZ=38.68 SoC=1.0000
ep=0525 frame=018 slot=09 J_F=   139.50 meanZ=38.02 SoC=1.0000
ep=0525 frame=019 slot=09 J_F=   252.00 meanZ=38.34 SoC=1.0000
ep=0525 frame=020 slot=09 J_F=   433.30 meanZ=38.76 SoC=1.0000
ep=0525 frame=021 slot=09 J_F=   274.70 meanZ=36.78 SoC=1.0000
ep=0525 frame=022 slot=09 J_F=   372.40 meanZ=36.96 SoC=1.0000
ep=0525 frame=023 slot=09 J_F=   326.90 meanZ=37.10 SoC=1.0000
ep=0525 frame=024 slot=09 J_F=   725.30 meanZ=37.84 SoC=1.0000
ep=0525 frame=025 slot=09 J_F=   595.90 meanZ=36.18 SoC=1.0000
ep=0525 frame=026 slot=09 J_F=   659.90 meanZ=36.34 SoC=1.0000
ep=0525 frame=027 slot=09 J_F=   272.50 meanZ=36.06 SoC=1.0000
ep=0525 frame=028 slot=09 J_F=   495.60 meanZ=35.88 SoC=1.0000
ep=0525 frame=029 slot=09 J_F=     7.50 meanZ=34.40 SoC=1.0000
hppo_rsu 526/750 QoE=0.39828 stall=0.1093 145.64s
ep=0526 frame=000 slot=09 J_F= -2818.70 meanZ=88.56 SoC=1.0000
ep=0526 frame=001 slot=09 J_F= -1502.00 meanZ=81.66 SoC=1.0000
ep=0526 frame=002 slot=09 J_F= -1714.50 meanZ=74.32 SoC=1.0000
ep=0526 frame=003 slot=09 J_F= -1532.10 meanZ=66.88 SoC=1.0000
ep=0526 frame=004 slot=09 J_F= -1118.60 meanZ=60.00 SoC=1.0000
ep=0526 frame=005 slot=09 J_F=  -538.70 meanZ=54.52 SoC=1.0000
ep=0526 frame=006 slot=09 J_F=   236.00 meanZ=50.14 SoC=1.0000
ep=0526 frame=007 slot=09 J_F=   594.50 meanZ=48.86 SoC=1.0000
ep=0526 frame=008 slot=09 J_F=  -197.20 meanZ=46.08 SoC=1.0000
ep=0526 frame=009 slot=09 J_F=   312.20 meanZ=44.46 SoC=1.0000
ep=0526 frame=010 slot=09 J_F=   -51.00 meanZ=42.40 SoC=1.0000
ep=0526 frame=011 slot=09 J_F=   235.80 meanZ=40.46 SoC=1.0000
ep=0526 frame=012 slot=09 J_F=   -57.00 meanZ=39.02 SoC=1.0000
ep=0526 frame=013 slot=09 J_F=   320.70 meanZ=37.94 SoC=1.0000
ep=0526 frame=014 slot=09 J_F=   355.20 meanZ=36.56 SoC=1.0000
ep=0526 frame=015 slot=09 J_F=   379.90 meanZ=35.22 SoC=1.0000
ep=0526 frame=016 slot=09 J_F=   370.40 meanZ=34.66 SoC=1.0000
ep=0526 frame=017 slot=09 J_F=   267.30 meanZ=35.86 SoC=1.0000
ep=0526 frame=018 slot=09 J_F=   184.40 meanZ=33.96 SoC=1.0000
ep=0526 frame=019 slot=09 J_F=   931.50 meanZ=35.70 SoC=1.0000
ep=0526 frame=020 slot=09 J_F=   546.20 meanZ=34.78 SoC=1.0000
ep=0526 frame=021 slot=09 J_F=   289.00 meanZ=35.32 SoC=1.0000
ep=0526 frame=022 slot=09 J_F=   374.50 meanZ=35.14 SoC=1.0000
ep=0526 frame=023 slot=09 J_F=   659.50 meanZ=34.84 SoC=1.0000
ep=0526 frame=024 slot=09 J_F=    63.50 meanZ=33.72 SoC=1.0000
ep=0526 frame=025 slot=09 J_F=  -107.50 meanZ=33.50 SoC=1.0000
ep=0526 frame=026 slot=09 J_F=   -38.70 meanZ=31.88 SoC=1.0000
ep=0526 frame=027 slot=09 J_F=    89.40 meanZ=29.92 SoC=1.0000
ep=0526 frame=028 slot=09 J_F=   268.00 meanZ=28.32 SoC=1.0000
ep=0526 frame=029 slot=09 J_F=   382.80 meanZ=28.94 SoC=1.0000
hppo_rsu 527/750 QoE=0.33498 stall=0.1374 144.28s
ep=0527 frame=000 slot=09 J_F= -3322.50 meanZ=88.24 SoC=1.0000
ep=0527 frame=001 slot=09 J_F= -1550.50 meanZ=81.08 SoC=1.0000
ep=0527 frame=002 slot=09 J_F= -1331.20 meanZ=73.70 SoC=1.0000
ep=0527 frame=003 slot=09 J_F=  -391.10 meanZ=67.74 SoC=1.0000
ep=0527 frame=004 slot=09 J_F=  -297.10 meanZ=62.72 SoC=1.0000
ep=0527 frame=005 slot=09 J_F=  -481.10 meanZ=56.62 SoC=1.0000
ep=0527 frame=006 slot=09 J_F=  -836.60 meanZ=50.66 SoC=1.0000
ep=0527 frame=007 slot=09 J_F=   146.90 meanZ=47.22 SoC=1.0000
ep=0527 frame=008 slot=09 J_F=  -110.00 meanZ=42.92 SoC=1.0000
ep=0527 frame=009 slot=09 J_F=  -377.00 meanZ=39.78 SoC=1.0000
ep=0527 frame=010 slot=09 J_F=   492.30 meanZ=38.58 SoC=1.0000
ep=0527 frame=011 slot=09 J_F=   -49.90 meanZ=37.40 SoC=1.0000
ep=0527 frame=012 slot=09 J_F=  -420.80 meanZ=35.88 SoC=1.0000
ep=0527 frame=013 slot=09 J_F=  -232.50 meanZ=34.22 SoC=1.0000
ep=0527 frame=014 slot=09 J_F=     9.00 meanZ=33.50 SoC=1.0000
ep=0527 frame=015 slot=09 J_F=   341.90 meanZ=32.78 SoC=1.0000
ep=0527 frame=016 slot=09 J_F=   488.10 meanZ=31.74 SoC=1.0000
ep=0527 frame=017 slot=09 J_F=   598.40 meanZ=31.72 SoC=1.0000
ep=0527 frame=018 slot=09 J_F=    76.50 meanZ=31.94 SoC=1.0000
ep=0527 frame=019 slot=09 J_F=   743.40 meanZ=31.26 SoC=1.0000
ep=0527 frame=020 slot=09 J_F=   241.70 meanZ=31.20 SoC=1.0000
ep=0527 frame=021 slot=09 J_F=   -14.60 meanZ=29.98 SoC=1.0000
ep=0527 frame=022 slot=09 J_F=   250.00 meanZ=31.20 SoC=1.0000
ep=0527 frame=023 slot=09 J_F=   578.80 meanZ=30.18 SoC=1.0000
ep=0527 frame=024 slot=09 J_F=   588.90 meanZ=30.66 SoC=1.0000
ep=0527 frame=025 slot=09 J_F=   -19.50 meanZ=31.50 SoC=1.0000
ep=0527 frame=026 slot=09 J_F=   181.50 meanZ=30.38 SoC=1.0000
ep=0527 frame=027 slot=09 J_F=   183.40 meanZ=30.76 SoC=1.0000
ep=0527 frame=028 slot=09 J_F=   468.70 meanZ=30.10 SoC=1.0000
ep=0527 frame=029 slot=09 J_F=   505.50 meanZ=31.38 SoC=1.0000
hppo_rsu 528/750 QoE=0.40724 stall=0.1067 145.13s
ep=0528 frame=000 slot=09 J_F= -2840.60 meanZ=88.74 SoC=1.0000
ep=0528 frame=001 slot=09 J_F= -1995.50 meanZ=81.48 SoC=1.0000
ep=0528 frame=002 slot=09 J_F= -1852.10 meanZ=73.62 SoC=1.0000
ep=0528 frame=003 slot=09 J_F=  -707.60 meanZ=66.96 SoC=1.0000
ep=0528 frame=004 slot=09 J_F=    37.00 meanZ=62.16 SoC=1.0000
ep=0528 frame=005 slot=09 J_F= -1154.50 meanZ=57.08 SoC=1.0000
ep=0528 frame=006 slot=09 J_F=    -1.50 meanZ=51.62 SoC=1.0000
ep=0528 frame=007 slot=09 J_F=  -108.60 meanZ=49.28 SoC=1.0000
ep=0528 frame=008 slot=09 J_F=    -1.00 meanZ=46.50 SoC=1.0000
ep=0528 frame=009 slot=09 J_F=   419.20 meanZ=43.68 SoC=1.0000
ep=0528 frame=010 slot=09 J_F=   309.00 meanZ=40.90 SoC=1.0000
ep=0528 frame=011 slot=09 J_F=  -490.50 meanZ=37.88 SoC=1.0000
ep=0528 frame=012 slot=09 J_F=   531.50 meanZ=36.74 SoC=1.0000
ep=0528 frame=013 slot=09 J_F=    73.50 meanZ=35.66 SoC=1.0000
ep=0528 frame=014 slot=09 J_F=   633.30 meanZ=35.86 SoC=1.0000
ep=0528 frame=015 slot=09 J_F=   199.90 meanZ=36.24 SoC=1.0000
ep=0528 frame=016 slot=09 J_F=   727.00 meanZ=35.92 SoC=1.0000
ep=0528 frame=017 slot=09 J_F=    45.80 meanZ=34.52 SoC=1.0000
ep=0528 frame=018 slot=09 J_F=   154.40 meanZ=34.62 SoC=1.0000
ep=0528 frame=019 slot=09 J_F=     1.80 meanZ=34.92 SoC=1.0000
ep=0528 frame=020 slot=09 J_F=   787.30 meanZ=33.60 SoC=1.0000
ep=0528 frame=021 slot=09 J_F=   232.50 meanZ=33.80 SoC=1.0000
ep=0528 frame=022 slot=09 J_F=   107.50 meanZ=33.52 SoC=1.0000
ep=0528 frame=023 slot=09 J_F=     9.90 meanZ=32.74 SoC=1.0000
ep=0528 frame=024 slot=09 J_F=   340.50 meanZ=31.30 SoC=1.0000
ep=0528 frame=025 slot=09 J_F=   250.40 meanZ=32.22 SoC=1.0000
ep=0528 frame=026 slot=09 J_F=   509.00 meanZ=32.14 SoC=1.0000
ep=0528 frame=027 slot=09 J_F=   252.00 meanZ=31.28 SoC=1.0000
ep=0528 frame=028 slot=09 J_F=  1038.90 meanZ=31.28 SoC=1.0000
ep=0528 frame=029 slot=09 J_F=     2.50 meanZ=30.42 SoC=1.0000
hppo_rsu 529/750 QoE=0.43781 stall=0.0957 143.98s
ep=0529 frame=000 slot=09 J_F= -3443.00 meanZ=87.72 SoC=1.0000
ep=0529 frame=001 slot=09 J_F= -1552.10 meanZ=80.56 SoC=1.0000
ep=0529 frame=002 slot=09 J_F=  -740.00 meanZ=75.24 SoC=1.0000
ep=0529 frame=003 slot=09 J_F= -1809.10 meanZ=67.64 SoC=1.0000
ep=0529 frame=004 slot=09 J_F=  -799.10 meanZ=59.70 SoC=1.0000
ep=0529 frame=005 slot=09 J_F=   131.00 meanZ=57.50 SoC=1.0000
ep=0529 frame=006 slot=09 J_F=  -658.60 meanZ=51.80 SoC=1.0000
ep=0529 frame=007 slot=09 J_F=   430.90 meanZ=48.64 SoC=1.0000
ep=0529 frame=008 slot=09 J_F=  -318.60 meanZ=45.20 SoC=1.0000
ep=0529 frame=009 slot=09 J_F=  -127.00 meanZ=42.24 SoC=1.0000
ep=0529 frame=010 slot=09 J_F=   686.50 meanZ=39.84 SoC=1.0000
ep=0529 frame=011 slot=09 J_F=  -208.30 meanZ=37.40 SoC=1.0000
ep=0529 frame=012 slot=09 J_F=   -66.00 meanZ=36.48 SoC=1.0000
ep=0529 frame=013 slot=09 J_F=   800.00 meanZ=37.08 SoC=1.0000
ep=0529 frame=014 slot=09 J_F=   248.00 meanZ=36.14 SoC=1.0000
ep=0529 frame=015 slot=09 J_F=   606.00 meanZ=36.46 SoC=1.0000
ep=0529 frame=016 slot=09 J_F=   803.50 meanZ=38.28 SoC=1.0000
ep=0529 frame=017 slot=09 J_F=   434.90 meanZ=38.02 SoC=1.0000
ep=0529 frame=018 slot=09 J_F=   365.70 meanZ=37.46 SoC=1.0000
ep=0529 frame=019 slot=09 J_F=   534.50 meanZ=38.46 SoC=1.0000
ep=0529 frame=020 slot=09 J_F=   -20.70 meanZ=37.28 SoC=1.0000
ep=0529 frame=021 slot=09 J_F=   242.00 meanZ=36.08 SoC=1.0000
ep=0529 frame=022 slot=09 J_F=   593.00 meanZ=35.70 SoC=1.0000
ep=0529 frame=023 slot=09 J_F=   771.90 meanZ=36.40 SoC=1.0000
ep=0529 frame=024 slot=09 J_F=   406.20 meanZ=34.86 SoC=1.0000
ep=0529 frame=025 slot=09 J_F=   772.50 meanZ=34.20 SoC=1.0000
ep=0529 frame=026 slot=09 J_F=   139.90 meanZ=34.70 SoC=1.0000
ep=0529 frame=027 slot=09 J_F=   257.40 meanZ=33.60 SoC=1.0000
ep=0529 frame=028 slot=09 J_F=  -482.60 meanZ=32.12 SoC=1.0000
ep=0529 frame=029 slot=09 J_F=   153.50 meanZ=32.78 SoC=1.0000
hppo_rsu 530/750 QoE=0.38678 stall=0.1135 144.86s
ep=0530 frame=000 slot=09 J_F= -2548.10 meanZ=88.56 SoC=1.0000
ep=0530 frame=001 slot=09 J_F= -1746.40 meanZ=82.04 SoC=1.0000
ep=0530 frame=002 slot=09 J_F= -1316.70 meanZ=74.98 SoC=1.0000
ep=0530 frame=003 slot=09 J_F= -1408.60 meanZ=68.54 SoC=1.0000
ep=0530 frame=004 slot=09 J_F=   237.00 meanZ=64.46 SoC=1.0000
ep=0530 frame=005 slot=09 J_F=  -210.10 meanZ=59.66 SoC=1.0000
ep=0530 frame=006 slot=09 J_F=   147.00 meanZ=55.24 SoC=1.0000
ep=0530 frame=007 slot=09 J_F=  -615.50 meanZ=49.48 SoC=1.0000
ep=0530 frame=008 slot=09 J_F=  -725.50 meanZ=46.66 SoC=1.0000
ep=0530 frame=009 slot=09 J_F=   133.00 meanZ=44.54 SoC=1.0000
ep=0530 frame=010 slot=09 J_F=    86.30 meanZ=41.86 SoC=1.0000
ep=0530 frame=011 slot=09 J_F=   -83.00 meanZ=39.38 SoC=1.0000
ep=0530 frame=012 slot=09 J_F=   814.50 meanZ=39.30 SoC=1.0000
ep=0530 frame=013 slot=09 J_F=    59.30 meanZ=38.00 SoC=1.0000
ep=0530 frame=014 slot=09 J_F=   233.40 meanZ=37.62 SoC=1.0000
ep=0530 frame=015 slot=09 J_F=   640.30 meanZ=37.10 SoC=1.0000
ep=0530 frame=016 slot=09 J_F=  -387.70 meanZ=36.24 SoC=1.0000
ep=0530 frame=017 slot=09 J_F=   381.50 meanZ=34.80 SoC=1.0000
ep=0530 frame=018 slot=09 J_F=   179.50 meanZ=32.82 SoC=1.0000
ep=0530 frame=019 slot=09 J_F=   811.50 meanZ=33.64 SoC=1.0000
ep=0530 frame=020 slot=09 J_F=    54.00 meanZ=31.62 SoC=1.0000
ep=0530 frame=021 slot=09 J_F=   485.50 meanZ=31.46 SoC=1.0000
ep=0530 frame=022 slot=09 J_F=   235.40 meanZ=30.54 SoC=1.0000
ep=0530 frame=023 slot=09 J_F=    10.90 meanZ=29.32 SoC=1.0000
ep=0530 frame=024 slot=09 J_F=   689.60 meanZ=28.92 SoC=1.0000
ep=0530 frame=025 slot=09 J_F=   419.70 meanZ=28.30 SoC=1.0000
ep=0530 frame=026 slot=09 J_F=   444.30 meanZ=28.86 SoC=1.0000
ep=0530 frame=027 slot=09 J_F=   514.50 meanZ=29.42 SoC=1.0000
ep=0530 frame=028 slot=09 J_F=   626.30 meanZ=29.94 SoC=1.0000
ep=0530 frame=029 slot=09 J_F=   455.70 meanZ=31.18 SoC=1.0000
hppo_rsu 531/750 QoE=0.40823 stall=0.1071 143.77s
ep=0531 frame=000 slot=09 J_F= -2275.60 meanZ=89.24 SoC=1.0000
ep=0531 frame=001 slot=09 J_F= -1971.60 meanZ=80.62 SoC=1.0000
ep=0531 frame=002 slot=09 J_F= -1065.70 meanZ=74.12 SoC=1.0000
ep=0531 frame=003 slot=09 J_F= -1487.50 meanZ=67.34 SoC=1.0000
ep=0531 frame=004 slot=09 J_F=  -715.00 meanZ=60.20 SoC=1.0000
ep=0531 frame=005 slot=09 J_F=  -341.70 meanZ=55.84 SoC=1.0000
ep=0531 frame=006 slot=09 J_F=   -79.00 meanZ=50.78 SoC=1.0000
ep=0531 frame=007 slot=09 J_F=   111.80 meanZ=48.28 SoC=1.0000
ep=0531 frame=008 slot=09 J_F=  -201.00 meanZ=46.60 SoC=1.0000
ep=0531 frame=009 slot=09 J_F=   322.80 meanZ=46.02 SoC=1.0000
ep=0531 frame=010 slot=09 J_F=   316.20 meanZ=45.94 SoC=1.0000
ep=0531 frame=011 slot=09 J_F=   377.90 meanZ=45.46 SoC=1.0000
ep=0531 frame=012 slot=09 J_F=   329.70 meanZ=43.82 SoC=1.0000
ep=0531 frame=013 slot=09 J_F=   299.50 meanZ=43.98 SoC=1.0000
ep=0531 frame=014 slot=09 J_F=   101.30 meanZ=43.46 SoC=1.0000
ep=0531 frame=015 slot=09 J_F=   156.50 meanZ=41.40 SoC=1.0000
ep=0531 frame=016 slot=09 J_F=  -304.50 meanZ=39.50 SoC=1.0000
ep=0531 frame=017 slot=09 J_F=   463.50 meanZ=39.86 SoC=1.0000
ep=0531 frame=018 slot=09 J_F=   688.80 meanZ=39.16 SoC=1.0000
ep=0531 frame=019 slot=09 J_F=  -255.60 meanZ=38.08 SoC=1.0000
ep=0531 frame=020 slot=09 J_F=   147.50 meanZ=38.08 SoC=1.0000
ep=0531 frame=021 slot=09 J_F=  -587.70 meanZ=37.42 SoC=1.0000
ep=0531 frame=022 slot=09 J_F=   512.50 meanZ=37.90 SoC=1.0000
ep=0531 frame=023 slot=09 J_F=   248.50 meanZ=38.86 SoC=1.0000
ep=0531 frame=024 slot=09 J_F=   -16.50 meanZ=38.96 SoC=1.0000
ep=0531 frame=025 slot=09 J_F=   845.30 meanZ=39.24 SoC=1.0000
ep=0531 frame=026 slot=09 J_F=   643.50 meanZ=39.68 SoC=1.0000
ep=0531 frame=027 slot=09 J_F=   345.00 meanZ=39.42 SoC=1.0000
ep=0531 frame=028 slot=09 J_F=   116.90 meanZ=38.36 SoC=1.0000
ep=0531 frame=029 slot=09 J_F=   469.00 meanZ=37.94 SoC=1.0000
hppo_rsu 532/750 QoE=0.31950 stall=0.1376 145.65s
ep=0532 frame=000 slot=09 J_F= -2806.50 meanZ=88.78 SoC=1.0000
ep=0532 frame=001 slot=09 J_F=  -767.00 meanZ=82.38 SoC=1.0000
ep=0532 frame=002 slot=09 J_F= -1005.70 meanZ=76.54 SoC=1.0000
ep=0532 frame=003 slot=09 J_F= -1360.10 meanZ=69.78 SoC=1.0000
ep=0532 frame=004 slot=09 J_F= -1010.60 meanZ=63.70 SoC=1.0000
ep=0532 frame=005 slot=09 J_F=   -62.10 meanZ=58.88 SoC=1.0000
ep=0532 frame=006 slot=09 J_F=  -543.50 meanZ=54.76 SoC=1.0000
ep=0532 frame=007 slot=09 J_F=   192.40 meanZ=50.38 SoC=1.0000
ep=0532 frame=008 slot=09 J_F=  -253.60 meanZ=48.14 SoC=1.0000
ep=0532 frame=009 slot=09 J_F=   -61.10 meanZ=44.70 SoC=1.0000
ep=0532 frame=010 slot=09 J_F=   472.70 meanZ=42.38 SoC=1.0000
ep=0532 frame=011 slot=09 J_F=   -67.10 meanZ=40.80 SoC=1.0000
ep=0532 frame=012 slot=09 J_F=   196.50 meanZ=39.14 SoC=1.0000
ep=0532 frame=013 slot=09 J_F=   290.10 meanZ=38.26 SoC=1.0000
ep=0532 frame=014 slot=09 J_F=   103.30 meanZ=38.42 SoC=1.0000
ep=0532 frame=015 slot=09 J_F=   470.50 meanZ=37.24 SoC=1.0000
ep=0532 frame=016 slot=09 J_F=   244.30 meanZ=36.48 SoC=1.0000
ep=0532 frame=017 slot=09 J_F=   -71.10 meanZ=35.94 SoC=1.0000
ep=0532 frame=018 slot=09 J_F=   383.50 meanZ=36.26 SoC=1.0000
ep=0532 frame=019 slot=09 J_F=  -270.70 meanZ=34.72 SoC=1.0000
ep=0532 frame=020 slot=09 J_F=   592.00 meanZ=34.08 SoC=1.0000
ep=0532 frame=021 slot=09 J_F=   248.80 meanZ=34.84 SoC=1.0000
ep=0532 frame=022 slot=09 J_F=   560.50 meanZ=35.00 SoC=1.0000
ep=0532 frame=023 slot=09 J_F=   202.50 meanZ=33.80 SoC=1.0000
ep=0532 frame=024 slot=09 J_F=   155.40 meanZ=33.92 SoC=1.0000
ep=0532 frame=025 slot=09 J_F=   123.00 meanZ=33.48 SoC=1.0000
ep=0532 frame=026 slot=09 J_F=   759.60 meanZ=34.22 SoC=1.0000
ep=0532 frame=027 slot=09 J_F=   912.90 meanZ=34.54 SoC=1.0000
ep=0532 frame=028 slot=09 J_F=   471.70 meanZ=34.82 SoC=1.0000
ep=0532 frame=029 slot=09 J_F=   290.00 meanZ=34.86 SoC=1.0000
hppo_rsu 533/750 QoE=0.40481 stall=0.1076 144.72s
ep=0533 frame=000 slot=09 J_F= -2435.50 meanZ=88.76 SoC=1.0000
ep=0533 frame=001 slot=09 J_F= -1929.60 meanZ=81.10 SoC=1.0000
ep=0533 frame=002 slot=09 J_F= -1942.00 meanZ=73.52 SoC=1.0000
ep=0533 frame=003 slot=09 J_F= -1104.60 meanZ=65.38 SoC=1.0000
ep=0533 frame=004 slot=09 J_F= -1140.60 meanZ=59.08 SoC=1.0000
ep=0533 frame=005 slot=09 J_F=  -349.50 meanZ=53.50 SoC=1.0000
ep=0533 frame=006 slot=09 J_F=   239.50 meanZ=50.02 SoC=1.0000
ep=0533 frame=007 slot=09 J_F=   125.40 meanZ=47.24 SoC=1.0000
ep=0533 frame=008 slot=09 J_F=    93.90 meanZ=44.86 SoC=1.0000
ep=0533 frame=009 slot=09 J_F=   462.40 meanZ=43.82 SoC=1.0000
ep=0533 frame=010 slot=09 J_F=   143.70 meanZ=43.28 SoC=1.0000
ep=0533 frame=011 slot=09 J_F=   349.00 meanZ=42.88 SoC=1.0000
ep=0533 frame=012 slot=09 J_F=   210.40 meanZ=42.16 SoC=1.0000
ep=0533 frame=013 slot=09 J_F=   605.80 meanZ=41.58 SoC=1.0000
ep=0533 frame=014 slot=09 J_F=   465.40 meanZ=43.06 SoC=1.0000
ep=0533 frame=015 slot=09 J_F=   825.50 meanZ=43.98 SoC=1.0000
ep=0533 frame=016 slot=09 J_F=   785.00 meanZ=43.48 SoC=1.0000
ep=0533 frame=017 slot=09 J_F=     4.90 meanZ=43.38 SoC=1.0000
ep=0533 frame=018 slot=09 J_F=   133.90 meanZ=43.88 SoC=1.0000
ep=0533 frame=019 slot=09 J_F=   227.60 meanZ=44.08 SoC=1.0000
ep=0533 frame=020 slot=09 J_F=   655.90 meanZ=45.18 SoC=1.0000
ep=0533 frame=021 slot=09 J_F=  -235.00 meanZ=42.82 SoC=1.0000
ep=0533 frame=022 slot=09 J_F=   177.30 meanZ=41.52 SoC=1.0000
ep=0533 frame=023 slot=09 J_F=   310.30 meanZ=41.56 SoC=1.0000
ep=0533 frame=024 slot=09 J_F=   569.10 meanZ=40.34 SoC=1.0000
ep=0533 frame=025 slot=09 J_F=   -12.90 meanZ=38.82 SoC=1.0000
ep=0533 frame=026 slot=09 J_F=   144.50 meanZ=38.72 SoC=1.0000
ep=0533 frame=027 slot=09 J_F=   143.50 meanZ=37.96 SoC=1.0000
ep=0533 frame=028 slot=09 J_F=   137.00 meanZ=36.10 SoC=1.0000
ep=0533 frame=029 slot=09 J_F=   325.40 meanZ=36.34 SoC=1.0000
hppo_rsu 534/750 QoE=0.36938 stall=0.1184 146.64s
ep=0534 frame=000 slot=09 J_F= -2566.00 meanZ=89.36 SoC=1.0000
ep=0534 frame=001 slot=09 J_F= -1742.00 meanZ=82.54 SoC=1.0000
ep=0534 frame=002 slot=09 J_F= -1782.10 meanZ=75.26 SoC=1.0000
ep=0534 frame=003 slot=09 J_F= -1288.10 meanZ=67.80 SoC=1.0000
ep=0534 frame=004 slot=09 J_F=  -721.10 meanZ=61.68 SoC=1.0000
ep=0534 frame=005 slot=09 J_F=  -215.60 meanZ=57.60 SoC=1.0000
ep=0534 frame=006 slot=09 J_F=   275.40 meanZ=53.16 SoC=1.0000
ep=0534 frame=007 slot=09 J_F=   240.30 meanZ=51.78 SoC=1.0000
ep=0534 frame=008 slot=09 J_F=   -81.50 meanZ=49.08 SoC=1.0000
ep=0534 frame=009 slot=09 J_F=  -299.20 meanZ=45.02 SoC=1.0000
ep=0534 frame=010 slot=09 J_F=  -314.50 meanZ=42.46 SoC=1.0000
ep=0534 frame=011 slot=09 J_F=   441.30 meanZ=40.80 SoC=1.0000
ep=0534 frame=012 slot=09 J_F=    18.30 meanZ=38.14 SoC=1.0000
ep=0534 frame=013 slot=09 J_F=  -382.00 meanZ=36.34 SoC=1.0000
ep=0534 frame=014 slot=09 J_F=    15.80 meanZ=35.66 SoC=1.0000
ep=0534 frame=015 slot=09 J_F=   395.50 meanZ=35.84 SoC=1.0000
ep=0534 frame=016 slot=09 J_F=   547.20 meanZ=34.92 SoC=1.0000
ep=0534 frame=017 slot=09 J_F=  -139.60 meanZ=33.56 SoC=1.0000
ep=0534 frame=018 slot=09 J_F=   140.70 meanZ=32.34 SoC=1.0000
ep=0534 frame=019 slot=09 J_F=   814.30 meanZ=32.66 SoC=1.0000
ep=0534 frame=020 slot=09 J_F=   407.90 meanZ=32.62 SoC=1.0000
ep=0534 frame=021 slot=09 J_F=    81.70 meanZ=31.78 SoC=1.0000
ep=0534 frame=022 slot=09 J_F=   114.00 meanZ=30.06 SoC=1.0000
ep=0534 frame=023 slot=09 J_F=   414.50 meanZ=32.72 SoC=1.0000
ep=0534 frame=024 slot=09 J_F=   189.30 meanZ=31.04 SoC=1.0000
ep=0534 frame=025 slot=09 J_F=   717.00 meanZ=32.26 SoC=1.0000
ep=0534 frame=026 slot=09 J_F=   388.00 meanZ=32.10 SoC=1.0000
ep=0534 frame=027 slot=09 J_F=   659.90 meanZ=34.06 SoC=1.0000
ep=0534 frame=028 slot=09 J_F=   195.90 meanZ=33.76 SoC=1.0000
ep=0534 frame=029 slot=09 J_F=   533.40 meanZ=35.68 SoC=1.0000
hppo_rsu 535/750 QoE=0.35888 stall=0.1239 144.37s
ep=0535 frame=000 slot=09 J_F= -1908.60 meanZ=89.02 SoC=1.0000
ep=0535 frame=001 slot=09 J_F= -1745.60 meanZ=81.66 SoC=1.0000
ep=0535 frame=002 slot=09 J_F= -1068.50 meanZ=75.72 SoC=1.0000
ep=0535 frame=003 slot=09 J_F= -1576.10 meanZ=68.16 SoC=1.0000
ep=0535 frame=004 slot=09 J_F=    49.30 meanZ=63.12 SoC=1.0000
ep=0535 frame=005 slot=09 J_F=  -605.10 meanZ=57.16 SoC=1.0000
ep=0535 frame=006 slot=09 J_F=   622.00 meanZ=53.08 SoC=1.0000
ep=0535 frame=007 slot=09 J_F=  -359.10 meanZ=49.82 SoC=1.0000
ep=0535 frame=008 slot=09 J_F=   222.70 meanZ=47.42 SoC=1.0000
ep=0535 frame=009 slot=09 J_F=   287.50 meanZ=45.66 SoC=1.0000
ep=0535 frame=010 slot=09 J_F=    50.40 meanZ=43.44 SoC=1.0000
ep=0535 frame=011 slot=09 J_F=   -58.10 meanZ=41.68 SoC=1.0000
ep=0535 frame=012 slot=09 J_F=  -215.60 meanZ=38.94 SoC=1.0000
ep=0535 frame=013 slot=09 J_F=    42.80 meanZ=37.12 SoC=1.0000
ep=0535 frame=014 slot=09 J_F=   104.00 meanZ=35.48 SoC=1.0000
ep=0535 frame=015 slot=09 J_F=   748.20 meanZ=36.60 SoC=1.0000
ep=0535 frame=016 slot=09 J_F=     4.90 meanZ=35.74 SoC=1.0000
ep=0535 frame=017 slot=09 J_F=   921.60 meanZ=36.62 SoC=1.0000
ep=0535 frame=018 slot=09 J_F=   500.90 meanZ=36.52 SoC=1.0000
ep=0535 frame=019 slot=09 J_F=   319.80 meanZ=36.96 SoC=1.0000
ep=0535 frame=020 slot=09 J_F=   426.90 meanZ=37.32 SoC=1.0000
ep=0535 frame=021 slot=09 J_F=   450.50 meanZ=37.16 SoC=1.0000
ep=0535 frame=022 slot=09 J_F=   117.30 meanZ=37.22 SoC=1.0000
ep=0535 frame=023 slot=09 J_F=  -173.00 meanZ=35.62 SoC=1.0000
ep=0535 frame=024 slot=09 J_F=   238.20 meanZ=37.00 SoC=1.0000
ep=0535 frame=025 slot=09 J_F=   157.50 meanZ=34.66 SoC=1.0000
ep=0535 frame=026 slot=09 J_F=   128.30 meanZ=33.62 SoC=1.0000
ep=0535 frame=027 slot=09 J_F=   156.10 meanZ=32.72 SoC=1.0000
ep=0535 frame=028 slot=09 J_F=  -172.30 meanZ=32.92 SoC=1.0000
ep=0535 frame=029 slot=09 J_F=    -6.30 meanZ=32.26 SoC=1.0000
hppo_rsu 536/750 QoE=0.36807 stall=0.1226 147.85s
ep=0536 frame=000 slot=09 J_F= -2618.00 meanZ=89.76 SoC=1.0000
ep=0536 frame=001 slot=09 J_F= -1233.50 meanZ=83.82 SoC=1.0000
ep=0536 frame=002 slot=09 J_F=  -787.10 meanZ=77.46 SoC=1.0000
ep=0536 frame=003 slot=09 J_F=  -862.50 meanZ=71.80 SoC=1.0000
ep=0536 frame=004 slot=09 J_F=  -763.60 meanZ=64.94 SoC=1.0000
ep=0536 frame=005 slot=09 J_F=     7.40 meanZ=60.26 SoC=1.0000
ep=0536 frame=006 slot=09 J_F=  -147.00 meanZ=54.20 SoC=1.0000
ep=0536 frame=007 slot=09 J_F=   823.00 meanZ=50.84 SoC=1.0000
ep=0536 frame=008 slot=09 J_F=  -125.60 meanZ=48.28 SoC=1.0000
ep=0536 frame=009 slot=09 J_F=  -309.10 meanZ=44.70 SoC=1.0000
ep=0536 frame=010 slot=09 J_F=  -473.50 meanZ=42.64 SoC=1.0000
ep=0536 frame=011 slot=09 J_F=    89.40 meanZ=39.86 SoC=1.0000
ep=0536 frame=012 slot=09 J_F=  -239.50 meanZ=38.22 SoC=1.0000
ep=0536 frame=013 slot=09 J_F=     9.50 meanZ=36.68 SoC=1.0000
ep=0536 frame=014 slot=09 J_F=    89.80 meanZ=33.66 SoC=1.0000
ep=0536 frame=015 slot=09 J_F=   149.40 meanZ=32.58 SoC=1.0000
ep=0536 frame=016 slot=09 J_F=  1030.30 meanZ=33.98 SoC=1.0000
ep=0536 frame=017 slot=09 J_F=   570.40 meanZ=32.96 SoC=1.0000
ep=0536 frame=018 slot=09 J_F=   -57.70 meanZ=31.28 SoC=1.0000
ep=0536 frame=019 slot=09 J_F=   489.50 meanZ=31.10 SoC=1.0000
ep=0536 frame=020 slot=09 J_F=   395.50 meanZ=29.46 SoC=1.0000
ep=0536 frame=021 slot=09 J_F=   265.50 meanZ=28.40 SoC=1.0000
ep=0536 frame=022 slot=09 J_F=   448.00 meanZ=28.42 SoC=1.0000
ep=0536 frame=023 slot=09 J_F=   396.00 meanZ=28.58 SoC=1.0000
ep=0536 frame=024 slot=09 J_F=   640.20 meanZ=29.56 SoC=1.0000
ep=0536 frame=025 slot=09 J_F=   489.60 meanZ=31.38 SoC=1.0000
ep=0536 frame=026 slot=09 J_F=    29.90 meanZ=31.22 SoC=1.0000
ep=0536 frame=027 slot=09 J_F=   879.00 meanZ=31.24 SoC=1.0000
ep=0536 frame=028 slot=09 J_F=   205.00 meanZ=30.76 SoC=1.0000
ep=0536 frame=029 slot=09 J_F=    61.90 meanZ=31.70 SoC=1.0000
hppo_rsu 537/750 QoE=0.40579 stall=0.1093 147.02s
ep=0537 frame=000 slot=09 J_F= -3330.50 meanZ=87.78 SoC=1.0000
ep=0537 frame=001 slot=09 J_F= -1718.00 meanZ=81.12 SoC=1.0000
ep=0537 frame=002 slot=09 J_F= -1229.10 meanZ=75.10 SoC=1.0000
ep=0537 frame=003 slot=09 J_F= -1336.00 meanZ=66.56 SoC=1.0000
ep=0537 frame=004 slot=09 J_F=  -536.70 meanZ=61.12 SoC=1.0000
ep=0537 frame=005 slot=09 J_F=  -462.70 meanZ=55.28 SoC=1.0000
ep=0537 frame=006 slot=09 J_F=  -207.50 meanZ=50.40 SoC=1.0000
ep=0537 frame=007 slot=09 J_F=   -16.50 meanZ=47.36 SoC=1.0000
ep=0537 frame=008 slot=09 J_F=    72.00 meanZ=44.92 SoC=1.0000
ep=0537 frame=009 slot=09 J_F=   -73.20 meanZ=43.92 SoC=1.0000
ep=0537 frame=010 slot=09 J_F=   312.10 meanZ=40.88 SoC=1.0000
ep=0537 frame=011 slot=09 J_F=   505.80 meanZ=41.28 SoC=1.0000
ep=0537 frame=012 slot=09 J_F=   287.90 meanZ=40.34 SoC=1.0000
ep=0537 frame=013 slot=09 J_F=  -424.10 meanZ=37.82 SoC=1.0000
ep=0537 frame=014 slot=09 J_F=   481.60 meanZ=37.52 SoC=1.0000
ep=0537 frame=015 slot=09 J_F=   151.40 meanZ=35.30 SoC=1.0000
ep=0537 frame=016 slot=09 J_F=   459.50 meanZ=35.48 SoC=1.0000
ep=0537 frame=017 slot=09 J_F=   -83.50 meanZ=34.56 SoC=1.0000
ep=0537 frame=018 slot=09 J_F=   126.40 meanZ=33.18 SoC=1.0000
ep=0537 frame=019 slot=09 J_F=   370.50 meanZ=32.80 SoC=1.0000
ep=0537 frame=020 slot=09 J_F=   413.00 meanZ=34.36 SoC=1.0000
ep=0537 frame=021 slot=09 J_F=   607.00 meanZ=34.34 SoC=1.0000
ep=0537 frame=022 slot=09 J_F=   417.30 meanZ=33.44 SoC=1.0000
ep=0537 frame=023 slot=09 J_F=   952.70 meanZ=33.98 SoC=1.0000
ep=0537 frame=024 slot=09 J_F=   252.50 meanZ=34.58 SoC=1.0000
ep=0537 frame=025 slot=09 J_F=    59.50 meanZ=34.08 SoC=1.0000
ep=0537 frame=026 slot=09 J_F=   165.50 meanZ=33.40 SoC=1.0000
ep=0537 frame=027 slot=09 J_F=   266.30 meanZ=33.26 SoC=1.0000
ep=0537 frame=028 slot=09 J_F=   391.40 meanZ=33.90 SoC=1.0000
ep=0537 frame=029 slot=09 J_F=   319.80 meanZ=33.16 SoC=1.0000
hppo_rsu 538/750 QoE=0.34360 stall=0.1310 146.30s
ep=0538 frame=000 slot=09 J_F= -3023.10 meanZ=87.70 SoC=1.0000
ep=0538 frame=001 slot=09 J_F=  -576.10 meanZ=81.98 SoC=1.0000
ep=0538 frame=002 slot=09 J_F= -1607.10 meanZ=75.10 SoC=1.0000
ep=0538 frame=003 slot=09 J_F=  -248.70 meanZ=69.64 SoC=1.0000
ep=0538 frame=004 slot=09 J_F=    39.90 meanZ=64.84 SoC=1.0000
ep=0538 frame=005 slot=09 J_F=   217.40 meanZ=61.70 SoC=1.0000
ep=0538 frame=006 slot=09 J_F=  -908.50 meanZ=56.30 SoC=1.0000
ep=0538 frame=007 slot=09 J_F=   598.50 meanZ=54.82 SoC=1.0000
ep=0538 frame=008 slot=09 J_F=  -549.60 meanZ=50.44 SoC=1.0000
ep=0538 frame=009 slot=09 J_F=    18.90 meanZ=48.26 SoC=1.0000
ep=0538 frame=010 slot=09 J_F=    38.40 meanZ=47.36 SoC=1.0000
ep=0538 frame=011 slot=09 J_F=    66.50 meanZ=45.52 SoC=1.0000
ep=0538 frame=012 slot=09 J_F=   268.10 meanZ=43.68 SoC=1.0000
ep=0538 frame=013 slot=09 J_F=   408.70 meanZ=43.72 SoC=1.0000
ep=0538 frame=014 slot=09 J_F=   139.40 meanZ=42.38 SoC=1.0000
ep=0538 frame=015 slot=09 J_F=  -259.30 meanZ=42.32 SoC=1.0000
ep=0538 frame=016 slot=09 J_F=    10.50 meanZ=41.42 SoC=1.0000
ep=0538 frame=017 slot=09 J_F=   135.30 meanZ=41.86 SoC=1.0000
ep=0538 frame=018 slot=09 J_F=   177.40 meanZ=41.50 SoC=1.0000
ep=0538 frame=019 slot=09 J_F=   281.30 meanZ=41.32 SoC=1.0000
ep=0538 frame=020 slot=09 J_F=   315.60 meanZ=42.04 SoC=1.0000
ep=0538 frame=021 slot=09 J_F=  1102.10 meanZ=44.30 SoC=1.0000
ep=0538 frame=022 slot=09 J_F=  -269.20 meanZ=42.44 SoC=1.0000
ep=0538 frame=023 slot=09 J_F=   759.50 meanZ=40.86 SoC=1.0000
ep=0538 frame=024 slot=09 J_F=   271.50 meanZ=40.20 SoC=1.0000
ep=0538 frame=025 slot=09 J_F=   166.40 meanZ=40.30 SoC=1.0000
ep=0538 frame=026 slot=09 J_F=  -316.60 meanZ=38.44 SoC=1.0000
ep=0538 frame=027 slot=09 J_F=   648.80 meanZ=40.06 SoC=1.0000
ep=0538 frame=028 slot=09 J_F=   357.40 meanZ=39.80 SoC=1.0000
ep=0538 frame=029 slot=09 J_F=   472.50 meanZ=39.28 SoC=1.0000
hppo_rsu 539/750 QoE=0.28147 stall=0.1529 145.07s
ep=0539 frame=000 slot=09 J_F= -3567.10 meanZ=88.34 SoC=1.0000
ep=0539 frame=001 slot=09 J_F= -2034.00 meanZ=81.28 SoC=1.0000
ep=0539 frame=002 slot=09 J_F= -1565.60 meanZ=73.98 SoC=1.0000
ep=0539 frame=003 slot=09 J_F=  -469.00 meanZ=66.68 SoC=1.0000
ep=0539 frame=004 slot=09 J_F=  -780.50 meanZ=60.72 SoC=1.0000
ep=0539 frame=005 slot=09 J_F=  -345.60 meanZ=54.54 SoC=1.0000
ep=0539 frame=006 slot=09 J_F=   465.40 meanZ=51.88 SoC=1.0000
ep=0539 frame=007 slot=09 J_F=   317.70 meanZ=48.98 SoC=1.0000
ep=0539 frame=008 slot=09 J_F=  -212.00 meanZ=46.88 SoC=1.0000
ep=0539 frame=009 slot=09 J_F=   -32.60 meanZ=44.38 SoC=1.0000
ep=0539 frame=010 slot=09 J_F=   549.80 meanZ=43.00 SoC=1.0000
ep=0539 frame=011 slot=09 J_F=   131.90 meanZ=40.86 SoC=1.0000
ep=0539 frame=012 slot=09 J_F=   954.00 meanZ=41.04 SoC=1.0000
ep=0539 frame=013 slot=09 J_F=  -110.00 meanZ=39.54 SoC=1.0000
ep=0539 frame=014 slot=09 J_F=   332.40 meanZ=38.30 SoC=1.0000
ep=0539 frame=015 slot=09 J_F=    34.00 meanZ=37.66 SoC=1.0000
ep=0539 frame=016 slot=09 J_F=   216.30 meanZ=36.52 SoC=1.0000
ep=0539 frame=017 slot=09 J_F=   358.80 meanZ=35.52 SoC=1.0000
ep=0539 frame=018 slot=09 J_F=   377.40 meanZ=36.42 SoC=1.0000
ep=0539 frame=019 slot=09 J_F=   205.60 meanZ=35.62 SoC=1.0000
ep=0539 frame=020 slot=09 J_F=   756.50 meanZ=36.42 SoC=1.0000
ep=0539 frame=021 slot=09 J_F=   322.20 meanZ=36.48 SoC=1.0000
ep=0539 frame=022 slot=09 J_F=   323.80 meanZ=36.86 SoC=1.0000
ep=0539 frame=023 slot=09 J_F=   338.00 meanZ=37.66 SoC=1.0000
ep=0539 frame=024 slot=09 J_F=   915.50 meanZ=39.18 SoC=1.0000
ep=0539 frame=025 slot=09 J_F=  -240.10 meanZ=37.50 SoC=1.0000
ep=0539 frame=026 slot=09 J_F=     6.90 meanZ=35.24 SoC=1.0000
ep=0539 frame=027 slot=09 J_F=   927.80 meanZ=35.64 SoC=1.0000
ep=0539 frame=028 slot=09 J_F=   541.40 meanZ=34.16 SoC=1.0000
ep=0539 frame=029 slot=09 J_F=  -351.80 meanZ=33.22 SoC=1.0000
hppo_rsu 540/750 QoE=0.42021 stall=0.1031 146.22s
ep=0540 frame=000 slot=09 J_F= -2737.50 meanZ=88.00 SoC=1.0000
ep=0540 frame=001 slot=09 J_F= -1890.60 meanZ=80.38 SoC=1.0000
ep=0540 frame=002 slot=09 J_F= -1441.40 meanZ=73.78 SoC=1.0000
ep=0540 frame=003 slot=09 J_F= -1413.30 meanZ=66.52 SoC=1.0000
ep=0540 frame=004 slot=09 J_F=  -328.00 meanZ=59.90 SoC=1.0000
ep=0540 frame=005 slot=09 J_F=  -238.00 meanZ=55.50 SoC=1.0000
ep=0540 frame=006 slot=09 J_F=   790.50 meanZ=49.90 SoC=1.0000
ep=0540 frame=007 slot=09 J_F=  -224.00 meanZ=47.86 SoC=1.0000
ep=0540 frame=008 slot=09 J_F=    25.40 meanZ=47.40 SoC=1.0000
ep=0540 frame=009 slot=09 J_F=   344.30 meanZ=46.14 SoC=1.0000
ep=0540 frame=010 slot=09 J_F=   -13.50 meanZ=44.72 SoC=1.0000
ep=0540 frame=011 slot=09 J_F=   -51.60 meanZ=41.62 SoC=1.0000
ep=0540 frame=012 slot=09 J_F=   672.90 meanZ=41.72 SoC=1.0000
ep=0540 frame=013 slot=09 J_F=   586.00 meanZ=42.08 SoC=1.0000
ep=0540 frame=014 slot=09 J_F=   130.00 meanZ=39.86 SoC=1.0000
ep=0540 frame=015 slot=09 J_F=   422.00 meanZ=38.82 SoC=1.0000
ep=0540 frame=016 slot=09 J_F=   317.50 meanZ=37.96 SoC=1.0000
ep=0540 frame=017 slot=09 J_F=  1070.80 meanZ=39.48 SoC=1.0000
ep=0540 frame=018 slot=09 J_F=    89.80 meanZ=39.10 SoC=1.0000
ep=0540 frame=019 slot=09 J_F=  -191.60 meanZ=38.76 SoC=1.0000
ep=0540 frame=020 slot=09 J_F=   565.80 meanZ=38.32 SoC=1.0000
ep=0540 frame=021 slot=09 J_F=   599.00 meanZ=37.84 SoC=1.0000
ep=0540 frame=022 slot=09 J_F=   268.60 meanZ=36.88 SoC=1.0000
ep=0540 frame=023 slot=09 J_F=    12.30 meanZ=35.22 SoC=1.0000
ep=0540 frame=024 slot=09 J_F=   256.70 meanZ=33.82 SoC=1.0000
ep=0540 frame=025 slot=09 J_F=  -320.60 meanZ=33.28 SoC=1.0000
ep=0540 frame=026 slot=09 J_F=   581.00 meanZ=31.78 SoC=1.0000
ep=0540 frame=027 slot=09 J_F=   467.50 meanZ=32.72 SoC=1.0000
ep=0540 frame=028 slot=09 J_F=   353.90 meanZ=32.68 SoC=1.0000
ep=0540 frame=029 slot=09 J_F=   217.60 meanZ=33.90 SoC=1.0000
hppo_rsu 541/750 QoE=0.38049 stall=0.1171 145.07s
ep=0541 frame=000 slot=09 J_F= -3006.10 meanZ=88.88 SoC=1.0000
ep=0541 frame=001 slot=09 J_F= -1348.00 meanZ=81.20 SoC=1.0000
ep=0541 frame=002 slot=09 J_F= -1743.70 meanZ=73.64 SoC=1.0000
ep=0541 frame=003 slot=09 J_F=  -723.10 meanZ=66.38 SoC=1.0000
ep=0541 frame=004 slot=09 J_F=  -821.10 meanZ=59.62 SoC=1.0000
ep=0541 frame=005 slot=09 J_F=    82.00 meanZ=54.06 SoC=1.0000
ep=0541 frame=006 slot=09 J_F=    45.90 meanZ=50.96 SoC=1.0000
ep=0541 frame=007 slot=09 J_F=   309.50 meanZ=48.60 SoC=1.0000
ep=0541 frame=008 slot=09 J_F=   181.50 meanZ=46.48 SoC=1.0000
ep=0541 frame=009 slot=09 J_F=   -30.00 meanZ=45.36 SoC=1.0000
ep=0541 frame=010 slot=09 J_F=   763.50 meanZ=44.08 SoC=1.0000
ep=0541 frame=011 slot=09 J_F=  -102.50 meanZ=43.26 SoC=1.0000
ep=0541 frame=012 slot=09 J_F=  -215.60 meanZ=41.20 SoC=1.0000
ep=0541 frame=013 slot=09 J_F=   233.60 meanZ=39.02 SoC=1.0000
ep=0541 frame=014 slot=09 J_F=   355.30 meanZ=39.50 SoC=1.0000
ep=0541 frame=015 slot=09 J_F=  -346.10 meanZ=37.82 SoC=1.0000
ep=0541 frame=016 slot=09 J_F=   811.30 meanZ=36.50 SoC=1.0000
ep=0541 frame=017 slot=09 J_F=   348.40 meanZ=36.38 SoC=1.0000
ep=0541 frame=018 slot=09 J_F=   307.00 meanZ=38.10 SoC=1.0000
ep=0541 frame=019 slot=09 J_F=   272.40 meanZ=37.42 SoC=1.0000
ep=0541 frame=020 slot=09 J_F=    89.40 meanZ=35.98 SoC=1.0000
ep=0541 frame=021 slot=09 J_F=  -271.30 meanZ=34.56 SoC=1.0000
ep=0541 frame=022 slot=09 J_F=   341.30 meanZ=35.06 SoC=1.0000
ep=0541 frame=023 slot=09 J_F=   603.90 meanZ=36.06 SoC=1.0000
ep=0541 frame=024 slot=09 J_F=   226.50 meanZ=34.44 SoC=1.0000
ep=0541 frame=025 slot=09 J_F=  -305.20 meanZ=33.20 SoC=1.0000
ep=0541 frame=026 slot=09 J_F=   402.50 meanZ=32.70 SoC=1.0000
ep=0541 frame=027 slot=09 J_F=   144.20 meanZ=31.94 SoC=1.0000
ep=0541 frame=028 slot=09 J_F=    15.80 meanZ=31.38 SoC=1.0000
ep=0541 frame=029 slot=09 J_F=   175.40 meanZ=30.98 SoC=1.0000
hppo_rsu 542/750 QoE=0.36273 stall=0.1257 147.05s
ep=0542 frame=000 slot=09 J_F= -3313.60 meanZ=87.86 SoC=1.0000
ep=0542 frame=001 slot=09 J_F= -1023.60 meanZ=82.48 SoC=1.0000
ep=0542 frame=002 slot=09 J_F= -1955.50 meanZ=74.44 SoC=1.0000
ep=0542 frame=003 slot=09 J_F=  -699.00 meanZ=68.08 SoC=1.0000
ep=0542 frame=004 slot=09 J_F=  -865.50 meanZ=62.86 SoC=1.0000
ep=0542 frame=005 slot=09 J_F=  -798.30 meanZ=57.04 SoC=1.0000
ep=0542 frame=006 slot=09 J_F=  -610.60 meanZ=52.10 SoC=1.0000
ep=0542 frame=007 slot=09 J_F=   748.90 meanZ=50.74 SoC=1.0000
ep=0542 frame=008 slot=09 J_F=   180.30 meanZ=47.14 SoC=1.0000
ep=0542 frame=009 slot=09 J_F=  -115.30 meanZ=45.14 SoC=1.0000
ep=0542 frame=010 slot=09 J_F=   522.90 meanZ=43.80 SoC=1.0000
ep=0542 frame=011 slot=09 J_F=   181.20 meanZ=42.66 SoC=1.0000
ep=0542 frame=012 slot=09 J_F=   222.00 meanZ=41.42 SoC=1.0000
ep=0542 frame=013 slot=09 J_F=    -5.90 meanZ=39.66 SoC=1.0000
ep=0542 frame=014 slot=09 J_F=   140.30 meanZ=38.30 SoC=1.0000
ep=0542 frame=015 slot=09 J_F=   -34.50 meanZ=37.84 SoC=1.0000
ep=0542 frame=016 slot=09 J_F=   272.30 meanZ=37.76 SoC=1.0000
ep=0542 frame=017 slot=09 J_F=   244.50 meanZ=38.06 SoC=1.0000
ep=0542 frame=018 slot=09 J_F=   -88.10 meanZ=37.36 SoC=1.0000
ep=0542 frame=019 slot=09 J_F=   244.50 meanZ=36.06 SoC=1.0000
ep=0542 frame=020 slot=09 J_F=   323.50 meanZ=35.10 SoC=1.0000
ep=0542 frame=021 slot=09 J_F=   237.20 meanZ=34.80 SoC=1.0000
ep=0542 frame=022 slot=09 J_F=   314.30 meanZ=34.48 SoC=1.0000
ep=0542 frame=023 slot=09 J_F=   384.20 meanZ=35.46 SoC=1.0000
ep=0542 frame=024 slot=09 J_F=   413.60 meanZ=35.32 SoC=1.0000
ep=0542 frame=025 slot=09 J_F=   -79.70 meanZ=35.22 SoC=1.0000
ep=0542 frame=026 slot=09 J_F=   245.90 meanZ=34.14 SoC=1.0000
ep=0542 frame=027 slot=09 J_F=   247.60 meanZ=34.54 SoC=1.0000
ep=0542 frame=028 slot=09 J_F=   650.30 meanZ=34.94 SoC=1.0000
ep=0542 frame=029 slot=09 J_F=   718.70 meanZ=36.52 SoC=1.0000
hppo_rsu 543/750 QoE=0.37328 stall=0.1191 145.72s
ep=0543 frame=000 slot=09 J_F= -3947.60 meanZ=88.20 SoC=1.0000
ep=0543 frame=001 slot=09 J_F= -1595.10 meanZ=80.92 SoC=1.0000
ep=0543 frame=002 slot=09 J_F= -1788.50 meanZ=73.80 SoC=1.0000
ep=0543 frame=003 slot=09 J_F=  -976.20 meanZ=66.76 SoC=1.0000
ep=0543 frame=004 slot=09 J_F=  -398.60 meanZ=62.04 SoC=1.0000
ep=0543 frame=005 slot=09 J_F=  -387.10 meanZ=56.48 SoC=1.0000
ep=0543 frame=006 slot=09 J_F=  -606.00 meanZ=51.02 SoC=1.0000
ep=0543 frame=007 slot=09 J_F=   530.30 meanZ=48.10 SoC=1.0000
ep=0543 frame=008 slot=09 J_F=  -762.20 meanZ=42.76 SoC=1.0000
ep=0543 frame=009 slot=09 J_F=   169.20 meanZ=40.60 SoC=1.0000
ep=0543 frame=010 slot=09 J_F=   126.80 meanZ=39.06 SoC=1.0000
ep=0543 frame=011 slot=09 J_F=   715.90 meanZ=38.48 SoC=1.0000
ep=0543 frame=012 slot=09 J_F=   437.30 meanZ=37.86 SoC=1.0000
ep=0543 frame=013 slot=09 J_F=   667.30 meanZ=37.10 SoC=1.0000
ep=0543 frame=014 slot=09 J_F=   287.80 meanZ=35.40 SoC=1.0000
ep=0543 frame=015 slot=09 J_F=   276.40 meanZ=35.00 SoC=1.0000
ep=0543 frame=016 slot=09 J_F=   490.30 meanZ=35.10 SoC=1.0000
ep=0543 frame=017 slot=09 J_F=  -115.60 meanZ=35.20 SoC=1.0000
ep=0543 frame=018 slot=09 J_F=   473.20 meanZ=34.56 SoC=1.0000
ep=0543 frame=019 slot=09 J_F=   153.90 meanZ=34.38 SoC=1.0000
ep=0543 frame=020 slot=09 J_F=    86.70 meanZ=32.38 SoC=1.0000
ep=0543 frame=021 slot=09 J_F=   262.20 meanZ=31.14 SoC=1.0000
ep=0543 frame=022 slot=09 J_F=   500.10 meanZ=31.44 SoC=1.0000
ep=0543 frame=023 slot=09 J_F=   162.40 meanZ=31.62 SoC=1.0000
ep=0543 frame=024 slot=09 J_F=   599.80 meanZ=31.78 SoC=1.0000
ep=0543 frame=025 slot=09 J_F=   124.90 meanZ=30.66 SoC=1.0000
ep=0543 frame=026 slot=09 J_F=   663.50 meanZ=31.12 SoC=1.0000
ep=0543 frame=027 slot=09 J_F=   261.30 meanZ=31.20 SoC=1.0000
ep=0543 frame=028 slot=09 J_F=   -87.00 meanZ=30.84 SoC=1.0000
ep=0543 frame=029 slot=09 J_F=   304.20 meanZ=31.52 SoC=1.0000
hppo_rsu 544/750 QoE=0.35248 stall=0.1308 146.67s
ep=0544 frame=000 slot=09 J_F= -2462.60 meanZ=89.64 SoC=1.0000
ep=0544 frame=001 slot=09 J_F= -2276.00 meanZ=82.20 SoC=1.0000
ep=0544 frame=002 slot=09 J_F= -1665.50 meanZ=74.94 SoC=1.0000
ep=0544 frame=003 slot=09 J_F=  -406.10 meanZ=71.34 SoC=1.0000
ep=0544 frame=004 slot=09 J_F= -1021.70 meanZ=63.18 SoC=1.0000
ep=0544 frame=005 slot=09 J_F=  -183.60 meanZ=57.58 SoC=1.0000
ep=0544 frame=006 slot=09 J_F=  -490.10 meanZ=53.60 SoC=1.0000
ep=0544 frame=007 slot=09 J_F=  -480.70 meanZ=48.00 SoC=1.0000
ep=0544 frame=008 slot=09 J_F=   121.00 meanZ=44.98 SoC=1.0000
ep=0544 frame=009 slot=09 J_F=   -14.50 meanZ=42.42 SoC=1.0000
ep=0544 frame=010 slot=09 J_F=  -331.00 meanZ=39.80 SoC=1.0000
ep=0544 frame=011 slot=09 J_F=    41.90 meanZ=37.38 SoC=1.0000
ep=0544 frame=012 slot=09 J_F=   123.00 meanZ=36.36 SoC=1.0000
ep=0544 frame=013 slot=09 J_F=    76.50 meanZ=35.30 SoC=1.0000
ep=0544 frame=014 slot=09 J_F=   328.50 meanZ=33.66 SoC=1.0000
ep=0544 frame=015 slot=09 J_F=   505.50 meanZ=33.64 SoC=1.0000
ep=0544 frame=016 slot=09 J_F=   326.90 meanZ=34.40 SoC=1.0000
ep=0544 frame=017 slot=09 J_F=   175.40 meanZ=34.00 SoC=1.0000
ep=0544 frame=018 slot=09 J_F=   315.20 meanZ=31.68 SoC=1.0000
ep=0544 frame=019 slot=09 J_F=   546.40 meanZ=32.82 SoC=1.0000
ep=0544 frame=020 slot=09 J_F=   114.10 meanZ=33.10 SoC=1.0000
ep=0544 frame=021 slot=09 J_F=   373.30 meanZ=33.32 SoC=1.0000
ep=0544 frame=022 slot=09 J_F=   128.60 meanZ=32.12 SoC=1.0000
ep=0544 frame=023 slot=09 J_F=   143.90 meanZ=31.46 SoC=1.0000
ep=0544 frame=024 slot=09 J_F=   254.10 meanZ=29.16 SoC=1.0000
ep=0544 frame=025 slot=09 J_F=   495.30 meanZ=31.20 SoC=1.0000
ep=0544 frame=026 slot=09 J_F=   459.50 meanZ=33.06 SoC=1.0000
ep=0544 frame=027 slot=09 J_F=   465.50 meanZ=33.50 SoC=1.0000
ep=0544 frame=028 slot=09 J_F=   209.30 meanZ=33.36 SoC=1.0000
ep=0544 frame=029 slot=09 J_F=   446.60 meanZ=33.88 SoC=1.0000
hppo_rsu 545/750 QoE=0.41325 stall=0.1049 145.20s
ep=0545 frame=000 slot=09 J_F= -2846.60 meanZ=88.26 SoC=1.0000
ep=0545 frame=001 slot=09 J_F= -1928.10 meanZ=80.74 SoC=1.0000
ep=0545 frame=002 slot=09 J_F= -1045.50 meanZ=75.46 SoC=1.0000
ep=0545 frame=003 slot=09 J_F=  -426.70 meanZ=69.26 SoC=1.0000
ep=0545 frame=004 slot=09 J_F=  -829.00 meanZ=62.24 SoC=1.0000
ep=0545 frame=005 slot=09 J_F=  -452.70 meanZ=55.38 SoC=1.0000
ep=0545 frame=006 slot=09 J_F=  -374.60 meanZ=50.66 SoC=1.0000
ep=0545 frame=007 slot=09 J_F=   134.80 meanZ=47.14 SoC=1.0000
ep=0545 frame=008 slot=09 J_F=  -293.00 meanZ=43.74 SoC=1.0000
ep=0545 frame=009 slot=09 J_F=   410.00 meanZ=42.76 SoC=1.0000
ep=0545 frame=010 slot=09 J_F=  -353.30 meanZ=39.60 SoC=1.0000
ep=0545 frame=011 slot=09 J_F=   405.00 meanZ=38.76 SoC=1.0000
ep=0545 frame=012 slot=09 J_F=   389.90 meanZ=39.18 SoC=1.0000
ep=0545 frame=013 slot=09 J_F=   563.30 meanZ=38.22 SoC=1.0000
ep=0545 frame=014 slot=09 J_F=   344.80 meanZ=38.98 SoC=1.0000
ep=0545 frame=015 slot=09 J_F=  -226.20 meanZ=38.12 SoC=1.0000
ep=0545 frame=016 slot=09 J_F=   616.00 meanZ=37.22 SoC=1.0000
ep=0545 frame=017 slot=09 J_F=   302.80 meanZ=37.36 SoC=1.0000
ep=0545 frame=018 slot=09 J_F=   529.90 meanZ=37.84 SoC=1.0000
ep=0545 frame=019 slot=09 J_F=  -128.50 meanZ=36.46 SoC=1.0000
ep=0545 frame=020 slot=09 J_F=   -36.30 meanZ=35.52 SoC=1.0000
ep=0545 frame=021 slot=09 J_F=   327.80 meanZ=33.66 SoC=1.0000
ep=0545 frame=022 slot=09 J_F=   513.50 meanZ=34.80 SoC=1.0000
ep=0545 frame=023 slot=09 J_F=   312.80 meanZ=33.26 SoC=1.0000
ep=0545 frame=024 slot=09 J_F=   426.00 meanZ=33.94 SoC=1.0000
ep=0545 frame=025 slot=09 J_F=   228.00 meanZ=33.60 SoC=1.0000
ep=0545 frame=026 slot=09 J_F=   198.00 meanZ=33.58 SoC=1.0000
ep=0545 frame=027 slot=09 J_F=   846.40 meanZ=33.48 SoC=1.0000
ep=0545 frame=028 slot=09 J_F=   284.70 meanZ=33.02 SoC=1.0000
ep=0545 frame=029 slot=09 J_F=   403.30 meanZ=33.26 SoC=1.0000
hppo_rsu 546/750 QoE=0.39520 stall=0.1121 146.60s
ep=0546 frame=000 slot=09 J_F= -3254.50 meanZ=87.50 SoC=1.0000
ep=0546 frame=001 slot=09 J_F= -1570.10 meanZ=80.64 SoC=1.0000
ep=0546 frame=002 slot=09 J_F= -1246.00 meanZ=72.32 SoC=1.0000
ep=0546 frame=003 slot=09 J_F= -1261.60 meanZ=65.12 SoC=1.0000
ep=0546 frame=004 slot=09 J_F=  -775.60 meanZ=58.40 SoC=1.0000
ep=0546 frame=005 slot=09 J_F=  -436.00 meanZ=51.56 SoC=1.0000
ep=0546 frame=006 slot=09 J_F=  -268.70 meanZ=47.26 SoC=1.0000
ep=0546 frame=007 slot=09 J_F=   306.50 meanZ=44.66 SoC=1.0000
ep=0546 frame=008 slot=09 J_F=  -412.60 meanZ=42.06 SoC=1.0000
ep=0546 frame=009 slot=09 J_F=   607.90 meanZ=41.20 SoC=1.0000
ep=0546 frame=010 slot=09 J_F=    37.50 meanZ=40.42 SoC=1.0000
ep=0546 frame=011 slot=09 J_F=   513.80 meanZ=40.56 SoC=1.0000
ep=0546 frame=012 slot=09 J_F=   560.50 meanZ=39.78 SoC=1.0000
ep=0546 frame=013 slot=09 J_F=  -266.60 meanZ=39.28 SoC=1.0000
ep=0546 frame=014 slot=09 J_F=   554.90 meanZ=39.60 SoC=1.0000
ep=0546 frame=015 slot=09 J_F=   293.70 meanZ=37.92 SoC=1.0000
ep=0546 frame=016 slot=09 J_F=   574.90 meanZ=36.96 SoC=1.0000
ep=0546 frame=017 slot=09 J_F=   581.80 meanZ=37.98 SoC=1.0000
ep=0546 frame=018 slot=09 J_F=    78.40 meanZ=37.72 SoC=1.0000
ep=0546 frame=019 slot=09 J_F=   465.00 meanZ=37.10 SoC=1.0000
ep=0546 frame=020 slot=09 J_F=   219.80 meanZ=37.48 SoC=1.0000
ep=0546 frame=021 slot=09 J_F=    95.40 meanZ=36.22 SoC=1.0000
ep=0546 frame=022 slot=09 J_F=   180.20 meanZ=35.46 SoC=1.0000
ep=0546 frame=023 slot=09 J_F=   -91.00 meanZ=35.18 SoC=1.0000
ep=0546 frame=024 slot=09 J_F=   398.40 meanZ=35.34 SoC=1.0000
ep=0546 frame=025 slot=09 J_F=   340.30 meanZ=35.16 SoC=1.0000
ep=0546 frame=026 slot=09 J_F=   211.90 meanZ=36.38 SoC=1.0000
ep=0546 frame=027 slot=09 J_F=   389.00 meanZ=36.78 SoC=1.0000
ep=0546 frame=028 slot=09 J_F=   483.00 meanZ=35.30 SoC=1.0000
ep=0546 frame=029 slot=09 J_F=   571.50 meanZ=34.72 SoC=1.0000
hppo_rsu 547/750 QoE=0.42136 stall=0.0999 145.75s
ep=0547 frame=000 slot=09 J_F= -2617.70 meanZ=88.60 SoC=1.0000
ep=0547 frame=001 slot=09 J_F= -1860.10 meanZ=81.74 SoC=1.0000
ep=0547 frame=002 slot=09 J_F= -2342.50 meanZ=73.40 SoC=1.0000
ep=0547 frame=003 slot=09 J_F= -1285.10 meanZ=66.42 SoC=1.0000
ep=0547 frame=004 slot=09 J_F=  -307.00 meanZ=61.52 SoC=1.0000
ep=0547 frame=005 slot=09 J_F=   597.30 meanZ=56.94 SoC=1.0000
ep=0547 frame=006 slot=09 J_F=  -123.50 meanZ=51.82 SoC=1.0000
ep=0547 frame=007 slot=09 J_F=  -716.20 meanZ=47.34 SoC=1.0000
ep=0547 frame=008 slot=09 J_F=  -258.10 meanZ=42.72 SoC=1.0000
ep=0547 frame=009 slot=09 J_F=    38.40 meanZ=41.08 SoC=1.0000
ep=0547 frame=010 slot=09 J_F=   493.80 meanZ=40.50 SoC=1.0000
ep=0547 frame=011 slot=09 J_F=   280.30 meanZ=38.46 SoC=1.0000
ep=0547 frame=012 slot=09 J_F=   340.80 meanZ=37.42 SoC=1.0000
ep=0547 frame=013 slot=09 J_F=   308.00 meanZ=37.12 SoC=1.0000
ep=0547 frame=014 slot=09 J_F=   598.30 meanZ=38.54 SoC=1.0000
ep=0547 frame=015 slot=09 J_F=   168.50 meanZ=36.60 SoC=1.0000
ep=0547 frame=016 slot=09 J_F=   434.90 meanZ=36.74 SoC=1.0000
ep=0547 frame=017 slot=09 J_F=   471.30 meanZ=37.64 SoC=1.0000
ep=0547 frame=018 slot=09 J_F=   597.00 meanZ=37.12 SoC=1.0000
ep=0547 frame=019 slot=09 J_F=   236.50 meanZ=37.90 SoC=1.0000
ep=0547 frame=020 slot=09 J_F=   328.40 meanZ=38.82 SoC=1.0000
ep=0547 frame=021 slot=09 J_F=   366.70 meanZ=39.50 SoC=1.0000
ep=0547 frame=022 slot=09 J_F=   334.50 meanZ=38.96 SoC=1.0000
ep=0547 frame=023 slot=09 J_F=   600.40 meanZ=38.54 SoC=1.0000
ep=0547 frame=024 slot=09 J_F=   401.40 meanZ=40.04 SoC=1.0000
ep=0547 frame=025 slot=09 J_F=  -108.10 meanZ=38.38 SoC=1.0000
ep=0547 frame=026 slot=09 J_F=   541.60 meanZ=38.14 SoC=1.0000
ep=0547 frame=027 slot=09 J_F=   592.00 meanZ=36.84 SoC=1.0000
ep=0547 frame=028 slot=09 J_F=   339.30 meanZ=36.22 SoC=1.0000
ep=0547 frame=029 slot=09 J_F=  -318.60 meanZ=35.22 SoC=1.0000
hppo_rsu 548/750 QoE=0.38862 stall=0.1128 146.97s
ep=0548 frame=000 slot=09 J_F= -2709.10 meanZ=88.94 SoC=1.0000
ep=0548 frame=001 slot=09 J_F= -2505.10 meanZ=80.72 SoC=1.0000
ep=0548 frame=002 slot=09 J_F=  -680.60 meanZ=73.44 SoC=1.0000
ep=0548 frame=003 slot=09 J_F=    59.00 meanZ=69.14 SoC=1.0000
ep=0548 frame=004 slot=09 J_F=  -605.10 meanZ=61.12 SoC=1.0000
ep=0548 frame=005 slot=09 J_F=  -451.10 meanZ=56.38 SoC=1.0000
ep=0548 frame=006 slot=09 J_F=  -303.50 meanZ=52.02 SoC=1.0000
ep=0548 frame=007 slot=09 J_F=  -177.10 meanZ=48.72 SoC=1.0000
ep=0548 frame=008 slot=09 J_F=   235.50 meanZ=47.78 SoC=1.0000
ep=0548 frame=009 slot=09 J_F=   278.00 meanZ=45.14 SoC=1.0000
ep=0548 frame=010 slot=09 J_F=   183.90 meanZ=43.78 SoC=1.0000
ep=0548 frame=011 slot=09 J_F=  -202.10 meanZ=41.78 SoC=1.0000
ep=0548 frame=012 slot=09 J_F=   531.90 meanZ=41.50 SoC=1.0000
ep=0548 frame=013 slot=09 J_F=   946.50 meanZ=43.74 SoC=1.0000
ep=0548 frame=014 slot=09 J_F=    61.00 meanZ=42.50 SoC=1.0000
ep=0548 frame=015 slot=09 J_F=   673.50 meanZ=41.28 SoC=1.0000
ep=0548 frame=016 slot=09 J_F=   417.90 meanZ=40.52 SoC=1.0000
ep=0548 frame=017 slot=09 J_F=   -89.00 meanZ=39.28 SoC=1.0000
ep=0548 frame=018 slot=09 J_F=  -197.20 meanZ=37.22 SoC=1.0000
ep=0548 frame=019 slot=09 J_F=   394.50 meanZ=37.16 SoC=1.0000
ep=0548 frame=020 slot=09 J_F=   356.00 meanZ=36.78 SoC=1.0000
ep=0548 frame=021 slot=09 J_F=   395.90 meanZ=36.08 SoC=1.0000
ep=0548 frame=022 slot=09 J_F=  -124.10 meanZ=35.20 SoC=1.0000
ep=0548 frame=023 slot=09 J_F=   323.90 meanZ=34.06 SoC=1.0000
ep=0548 frame=024 slot=09 J_F=   119.00 meanZ=32.52 SoC=1.0000
ep=0548 frame=025 slot=09 J_F=   321.90 meanZ=32.68 SoC=1.0000
ep=0548 frame=026 slot=09 J_F=   520.00 meanZ=31.80 SoC=1.0000
ep=0548 frame=027 slot=09 J_F=   304.60 meanZ=32.12 SoC=1.0000
ep=0548 frame=028 slot=09 J_F=  -110.90 meanZ=31.08 SoC=1.0000
ep=0548 frame=029 slot=09 J_F=   288.30 meanZ=31.22 SoC=1.0000
hppo_rsu 549/750 QoE=0.37925 stall=0.1189 145.77s
ep=0549 frame=000 slot=09 J_F= -3445.70 meanZ=88.56 SoC=1.0000
ep=0549 frame=001 slot=09 J_F= -2271.20 meanZ=79.80 SoC=1.0000
ep=0549 frame=002 slot=09 J_F= -1073.10 meanZ=73.24 SoC=1.0000
ep=0549 frame=003 slot=09 J_F=  -425.00 meanZ=67.98 SoC=1.0000
ep=0549 frame=004 slot=09 J_F=  -600.70 meanZ=61.52 SoC=1.0000
ep=0549 frame=005 slot=09 J_F=  -808.60 meanZ=55.86 SoC=1.0000
ep=0549 frame=006 slot=09 J_F=   -54.20 meanZ=52.26 SoC=1.0000
ep=0549 frame=007 slot=09 J_F=  -121.00 meanZ=49.02 SoC=1.0000
ep=0549 frame=008 slot=09 J_F=  -138.00 meanZ=46.14 SoC=1.0000
ep=0549 frame=009 slot=09 J_F=   582.90 meanZ=44.24 SoC=1.0000
ep=0549 frame=010 slot=09 J_F=   116.50 meanZ=43.68 SoC=1.0000
ep=0549 frame=011 slot=09 J_F=   616.50 meanZ=41.62 SoC=1.0000
ep=0549 frame=012 slot=09 J_F=   369.80 meanZ=38.92 SoC=1.0000
ep=0549 frame=013 slot=09 J_F=   177.00 meanZ=37.70 SoC=1.0000
ep=0549 frame=014 slot=09 J_F=   860.50 meanZ=39.22 SoC=1.0000
ep=0549 frame=015 slot=09 J_F=    33.90 meanZ=38.20 SoC=1.0000
ep=0549 frame=016 slot=09 J_F=   525.50 meanZ=38.62 SoC=1.0000
ep=0549 frame=017 slot=09 J_F=   367.40 meanZ=38.78 SoC=1.0000
ep=0549 frame=018 slot=09 J_F=  -203.60 meanZ=36.42 SoC=1.0000
ep=0549 frame=019 slot=09 J_F=  1014.70 meanZ=37.04 SoC=1.0000
ep=0549 frame=020 slot=09 J_F=   191.50 meanZ=36.06 SoC=1.0000
ep=0549 frame=021 slot=09 J_F=   351.60 meanZ=35.54 SoC=1.0000
ep=0549 frame=022 slot=09 J_F=   505.00 meanZ=35.78 SoC=1.0000
ep=0549 frame=023 slot=09 J_F=  -366.60 meanZ=33.92 SoC=1.0000
ep=0549 frame=024 slot=09 J_F=   268.00 meanZ=34.78 SoC=1.0000
ep=0549 frame=025 slot=09 J_F=  -228.50 meanZ=32.88 SoC=1.0000
ep=0549 frame=026 slot=09 J_F=   211.60 meanZ=32.36 SoC=1.0000
ep=0549 frame=027 slot=09 J_F=   496.80 meanZ=34.40 SoC=1.0000
ep=0549 frame=028 slot=09 J_F=  -172.00 meanZ=34.26 SoC=1.0000
ep=0549 frame=029 slot=09 J_F=   100.50 meanZ=34.18 SoC=1.0000
ep=1000000 frame=000 slot=09 J_F= -2511.10 meanZ=88.88 SoC=1.0000
ep=1000000 frame=001 slot=09 J_F= -1506.60 meanZ=80.92 SoC=1.0000
ep=1000000 frame=002 slot=09 J_F= -1820.20 meanZ=73.46 SoC=1.0000
ep=1000000 frame=003 slot=09 J_F=  -810.60 meanZ=66.28 SoC=1.0000
ep=1000000 frame=004 slot=09 J_F= -1104.10 meanZ=59.96 SoC=1.0000
ep=1000000 frame=005 slot=09 J_F=  -349.10 meanZ=53.22 SoC=1.0000
ep=1000000 frame=006 slot=09 J_F=   145.90 meanZ=48.90 SoC=1.0000
ep=1000000 frame=007 slot=09 J_F=    -1.00 meanZ=45.24 SoC=1.0000
ep=1000000 frame=008 slot=09 J_F=  -158.50 meanZ=42.06 SoC=1.0000
ep=1000000 frame=009 slot=09 J_F=   334.00 meanZ=40.06 SoC=1.0000
ep=1000000 frame=010 slot=09 J_F=   219.00 meanZ=38.14 SoC=1.0000
ep=1000000 frame=011 slot=09 J_F=    32.50 meanZ=36.28 SoC=1.0000
ep=1000000 frame=012 slot=09 J_F=   -17.00 meanZ=35.30 SoC=1.0000
ep=1000000 frame=013 slot=09 J_F=    -4.70 meanZ=34.84 SoC=1.0000
ep=1000000 frame=014 slot=09 J_F=   881.50 meanZ=34.40 SoC=1.0000
ep=1000000 frame=015 slot=09 J_F=   225.40 meanZ=34.82 SoC=1.0000
ep=1000000 frame=016 slot=09 J_F=   443.00 meanZ=34.32 SoC=1.0000
ep=1000000 frame=017 slot=09 J_F=   386.50 meanZ=35.68 SoC=1.0000
ep=1000000 frame=018 slot=09 J_F=   -17.30 meanZ=35.78 SoC=1.0000
ep=1000000 frame=019 slot=09 J_F=   282.40 meanZ=35.56 SoC=1.0000
ep=1000000 frame=020 slot=09 J_F=  1039.40 meanZ=35.98 SoC=1.0000
ep=1000000 frame=021 slot=09 J_F=   452.60 meanZ=36.84 SoC=1.0000
ep=1000000 frame=022 slot=09 J_F=   102.00 meanZ=35.86 SoC=1.0000
ep=1000000 frame=023 slot=09 J_F=   467.60 meanZ=35.90 SoC=1.0000
ep=1000000 frame=024 slot=09 J_F=   157.90 meanZ=36.34 SoC=1.0000
ep=1000000 frame=025 slot=09 J_F=   672.40 meanZ=36.68 SoC=1.0000
ep=1000000 frame=026 slot=09 J_F=   -25.00 meanZ=36.70 SoC=1.0000
ep=1000000 frame=027 slot=09 J_F=  -223.50 meanZ=36.72 SoC=1.0000
ep=1000000 frame=028 slot=09 J_F=   391.30 meanZ=37.26 SoC=1.0000
ep=1000000 frame=029 slot=09 J_F=   454.00 meanZ=37.28 SoC=1.0000
ep=1000001 frame=000 slot=09 J_F= -2417.60 meanZ=88.74 SoC=1.0000
ep=1000001 frame=001 slot=09 J_F= -1204.10 meanZ=82.38 SoC=1.0000
ep=1000001 frame=002 slot=09 J_F= -1048.00 meanZ=75.50 SoC=1.0000
ep=1000001 frame=003 slot=09 J_F=  -555.00 meanZ=68.56 SoC=1.0000
ep=1000001 frame=004 slot=09 J_F= -1565.10 meanZ=59.92 SoC=1.0000
ep=1000001 frame=005 slot=09 J_F=  -175.10 meanZ=53.70 SoC=1.0000
ep=1000001 frame=006 slot=09 J_F=  -370.50 meanZ=47.62 SoC=1.0000
ep=1000001 frame=007 slot=09 J_F=  -457.60 meanZ=43.32 SoC=1.0000
ep=1000001 frame=008 slot=09 J_F=  -231.60 meanZ=40.46 SoC=1.0000
ep=1000001 frame=009 slot=09 J_F=  -657.20 meanZ=37.92 SoC=1.0000
ep=1000001 frame=010 slot=09 J_F=   174.70 meanZ=36.52 SoC=1.0000
ep=1000001 frame=011 slot=09 J_F=  -178.60 meanZ=35.36 SoC=1.0000
ep=1000001 frame=012 slot=09 J_F=   241.50 meanZ=34.42 SoC=1.0000
ep=1000001 frame=013 slot=09 J_F=   573.90 meanZ=34.66 SoC=1.0000
ep=1000001 frame=014 slot=09 J_F=  1012.00 meanZ=37.20 SoC=1.0000
ep=1000001 frame=015 slot=09 J_F=   450.50 meanZ=36.56 SoC=1.0000
ep=1000001 frame=016 slot=09 J_F=   501.00 meanZ=36.66 SoC=1.0000
ep=1000001 frame=017 slot=09 J_F=   218.90 meanZ=36.86 SoC=1.0000
ep=1000001 frame=018 slot=09 J_F=   632.40 meanZ=36.58 SoC=1.0000
ep=1000001 frame=019 slot=09 J_F=   554.50 meanZ=37.38 SoC=1.0000
ep=1000001 frame=020 slot=09 J_F=   410.90 meanZ=35.22 SoC=1.0000
ep=1000001 frame=021 slot=09 J_F=   185.00 meanZ=34.46 SoC=1.0000
ep=1000001 frame=022 slot=09 J_F=  -195.00 meanZ=33.94 SoC=1.0000
ep=1000001 frame=023 slot=09 J_F=   240.40 meanZ=33.64 SoC=1.0000
ep=1000001 frame=024 slot=09 J_F=   524.80 meanZ=33.66 SoC=1.0000
ep=1000001 frame=025 slot=09 J_F=   551.30 meanZ=34.02 SoC=1.0000
ep=1000001 frame=026 slot=09 J_F=   272.20 meanZ=34.40 SoC=1.0000
ep=1000001 frame=027 slot=09 J_F=   479.00 meanZ=35.12 SoC=1.0000
ep=1000001 frame=028 slot=09 J_F=   154.00 meanZ=34.94 SoC=1.0000
ep=1000001 frame=029 slot=09 J_F=   544.50 meanZ=35.16 SoC=1.0000
ep=1000002 frame=000 slot=09 J_F= -2032.60 meanZ=89.42 SoC=1.0000
ep=1000002 frame=001 slot=09 J_F= -2234.60 meanZ=81.54 SoC=1.0000
ep=1000002 frame=002 slot=09 J_F= -1641.60 meanZ=73.24 SoC=1.0000
ep=1000002 frame=003 slot=09 J_F= -1352.70 meanZ=66.22 SoC=1.0000
ep=1000002 frame=004 slot=09 J_F=  -349.50 meanZ=59.86 SoC=1.0000
ep=1000002 frame=005 slot=09 J_F=  -271.10 meanZ=54.68 SoC=1.0000
ep=1000002 frame=006 slot=09 J_F=  -263.50 meanZ=50.68 SoC=1.0000
ep=1000002 frame=007 slot=09 J_F=   222.90 meanZ=48.80 SoC=1.0000
ep=1000002 frame=008 slot=09 J_F=    21.50 meanZ=45.62 SoC=1.0000
ep=1000002 frame=009 slot=09 J_F=  -233.10 meanZ=42.92 SoC=1.0000
ep=1000002 frame=010 slot=09 J_F=   373.50 meanZ=41.50 SoC=1.0000
ep=1000002 frame=011 slot=09 J_F=   309.80 meanZ=40.32 SoC=1.0000
ep=1000002 frame=012 slot=09 J_F=   206.10 meanZ=38.90 SoC=1.0000
ep=1000002 frame=013 slot=09 J_F=   205.60 meanZ=38.62 SoC=1.0000
ep=1000002 frame=014 slot=09 J_F=   154.40 meanZ=37.66 SoC=1.0000
ep=1000002 frame=015 slot=09 J_F=   440.70 meanZ=37.28 SoC=1.0000
ep=1000002 frame=016 slot=09 J_F=    71.50 meanZ=37.58 SoC=1.0000
ep=1000002 frame=017 slot=09 J_F=  -660.20 meanZ=36.80 SoC=1.0000
ep=1000002 frame=018 slot=09 J_F=   -19.00 meanZ=35.82 SoC=1.0000
ep=1000002 frame=019 slot=09 J_F=   186.50 meanZ=36.48 SoC=1.0000
ep=1000002 frame=020 slot=09 J_F=   460.50 meanZ=35.22 SoC=1.0000
ep=1000002 frame=021 slot=09 J_F=   406.50 meanZ=35.06 SoC=1.0000
ep=1000002 frame=022 slot=09 J_F=   -39.00 meanZ=35.10 SoC=1.0000
ep=1000002 frame=023 slot=09 J_F=   171.10 meanZ=35.14 SoC=1.0000
ep=1000002 frame=024 slot=09 J_F=   366.40 meanZ=34.22 SoC=1.0000
ep=1000002 frame=025 slot=09 J_F=   339.00 meanZ=34.12 SoC=1.0000
ep=1000002 frame=026 slot=09 J_F=   149.20 meanZ=33.36 SoC=1.0000
ep=1000002 frame=027 slot=09 J_F=   317.50 meanZ=34.12 SoC=1.0000
ep=1000002 frame=028 slot=09 J_F=   451.00 meanZ=34.02 SoC=1.0000
ep=1000002 frame=029 slot=09 J_F=   825.50 meanZ=35.64 SoC=1.0000
ep=1000003 frame=000 slot=09 J_F= -3242.50 meanZ=88.64 SoC=1.0000
ep=1000003 frame=001 slot=09 J_F= -1388.70 meanZ=80.56 SoC=1.0000
ep=1000003 frame=002 slot=09 J_F= -1864.20 meanZ=74.08 SoC=1.0000
ep=1000003 frame=003 slot=09 J_F= -1229.10 meanZ=67.12 SoC=1.0000
ep=1000003 frame=004 slot=09 J_F=  -422.50 meanZ=61.52 SoC=1.0000
ep=1000003 frame=005 slot=09 J_F=  -934.10 meanZ=55.68 SoC=1.0000
ep=1000003 frame=006 slot=09 J_F=   -49.10 meanZ=50.58 SoC=1.0000
ep=1000003 frame=007 slot=09 J_F=    16.10 meanZ=48.82 SoC=1.0000
ep=1000003 frame=008 slot=09 J_F=  -305.90 meanZ=45.00 SoC=1.0000
ep=1000003 frame=009 slot=09 J_F=   -20.90 meanZ=42.42 SoC=1.0000
ep=1000003 frame=010 slot=09 J_F=   435.50 meanZ=40.44 SoC=1.0000
ep=1000003 frame=011 slot=09 J_F=  -207.00 meanZ=38.38 SoC=1.0000
ep=1000003 frame=012 slot=09 J_F=   453.90 meanZ=37.60 SoC=1.0000
ep=1000003 frame=013 slot=09 J_F=    98.50 meanZ=34.96 SoC=1.0000
ep=1000003 frame=014 slot=09 J_F=   -64.00 meanZ=34.50 SoC=1.0000
ep=1000003 frame=015 slot=09 J_F=   550.30 meanZ=34.90 SoC=1.0000
ep=1000003 frame=016 slot=09 J_F=    89.30 meanZ=33.12 SoC=1.0000
ep=1000003 frame=017 slot=09 J_F=   794.50 meanZ=33.40 SoC=1.0000
ep=1000003 frame=018 slot=09 J_F=   146.00 meanZ=33.26 SoC=1.0000
ep=1000003 frame=019 slot=09 J_F=   480.00 meanZ=33.28 SoC=1.0000
ep=1000003 frame=020 slot=09 J_F=   648.90 meanZ=33.68 SoC=1.0000
ep=1000003 frame=021 slot=09 J_F=   288.50 meanZ=34.34 SoC=1.0000
ep=1000003 frame=022 slot=09 J_F=   464.00 meanZ=34.62 SoC=1.0000
ep=1000003 frame=023 slot=09 J_F=    26.10 meanZ=34.54 SoC=1.0000
ep=1000003 frame=024 slot=09 J_F=   290.50 meanZ=35.46 SoC=1.0000
ep=1000003 frame=025 slot=09 J_F=    68.70 meanZ=35.40 SoC=1.0000
ep=1000003 frame=026 slot=09 J_F=   234.50 meanZ=35.56 SoC=1.0000
ep=1000003 frame=027 slot=09 J_F=   -89.20 meanZ=37.36 SoC=1.0000
ep=1000003 frame=028 slot=09 J_F=   571.00 meanZ=38.04 SoC=1.0000
ep=1000003 frame=029 slot=09 J_F=   602.00 meanZ=37.94 SoC=1.0000
ep=1000004 frame=000 slot=09 J_F= -3031.10 meanZ=87.96 SoC=1.0000
ep=1000004 frame=001 slot=09 J_F= -1495.70 meanZ=81.36 SoC=1.0000
ep=1000004 frame=002 slot=09 J_F= -1147.00 meanZ=74.90 SoC=1.0000
ep=1000004 frame=003 slot=09 J_F= -1427.20 meanZ=67.88 SoC=1.0000
ep=1000004 frame=004 slot=09 J_F=  -613.50 meanZ=60.70 SoC=1.0000
ep=1000004 frame=005 slot=09 J_F=  -201.60 meanZ=55.34 SoC=1.0000
ep=1000004 frame=006 slot=09 J_F=  -306.10 meanZ=51.08 SoC=1.0000
ep=1000004 frame=007 slot=09 J_F=  -326.50 meanZ=47.10 SoC=1.0000
ep=1000004 frame=008 slot=09 J_F=   -54.50 meanZ=45.16 SoC=1.0000
ep=1000004 frame=009 slot=09 J_F=   614.40 meanZ=42.82 SoC=1.0000
ep=1000004 frame=010 slot=09 J_F=   467.60 meanZ=42.58 SoC=1.0000
ep=1000004 frame=011 slot=09 J_F=  -708.00 meanZ=39.16 SoC=1.0000
ep=1000004 frame=012 slot=09 J_F=   162.50 meanZ=39.00 SoC=1.0000
ep=1000004 frame=013 slot=09 J_F=    54.00 meanZ=38.14 SoC=1.0000
ep=1000004 frame=014 slot=09 J_F=   179.90 meanZ=36.80 SoC=1.0000
ep=1000004 frame=015 slot=09 J_F=   866.50 meanZ=37.22 SoC=1.0000
ep=1000004 frame=016 slot=09 J_F=   484.90 meanZ=34.78 SoC=1.0000
ep=1000004 frame=017 slot=09 J_F=   405.00 meanZ=36.76 SoC=1.0000
ep=1000004 frame=018 slot=09 J_F=   458.50 meanZ=37.46 SoC=1.0000
ep=1000004 frame=019 slot=09 J_F=   188.00 meanZ=37.36 SoC=1.0000
ep=1000004 frame=020 slot=09 J_F=   339.00 meanZ=37.52 SoC=1.0000
ep=1000004 frame=021 slot=09 J_F=    60.50 meanZ=36.10 SoC=1.0000
ep=1000004 frame=022 slot=09 J_F=   539.00 meanZ=35.30 SoC=1.0000
ep=1000004 frame=023 slot=09 J_F=   504.50 meanZ=35.40 SoC=1.0000
ep=1000004 frame=024 slot=09 J_F=   214.40 meanZ=35.20 SoC=1.0000
ep=1000004 frame=025 slot=09 J_F=   272.30 meanZ=34.28 SoC=1.0000
ep=1000004 frame=026 slot=09 J_F=   336.50 meanZ=34.10 SoC=1.0000
ep=1000004 frame=027 slot=09 J_F=    -9.00 meanZ=33.78 SoC=1.0000
ep=1000004 frame=028 slot=09 J_F=   404.50 meanZ=33.98 SoC=1.0000
ep=1000004 frame=029 slot=09 J_F=   525.80 meanZ=33.20 SoC=1.0000
ep=1000005 frame=000 slot=09 J_F= -3048.10 meanZ=88.46 SoC=1.0000
ep=1000005 frame=001 slot=09 J_F= -1816.50 meanZ=81.34 SoC=1.0000
ep=1000005 frame=002 slot=09 J_F= -1395.50 meanZ=74.28 SoC=1.0000
ep=1000005 frame=003 slot=09 J_F=  -996.10 meanZ=66.98 SoC=1.0000
ep=1000005 frame=004 slot=09 J_F= -1055.30 meanZ=59.88 SoC=1.0000
ep=1000005 frame=005 slot=09 J_F=  -279.60 meanZ=55.30 SoC=1.0000
ep=1000005 frame=006 slot=09 J_F=  -407.60 meanZ=49.92 SoC=1.0000
ep=1000005 frame=007 slot=09 J_F=    54.00 meanZ=47.62 SoC=1.0000
ep=1000005 frame=008 slot=09 J_F=  -186.10 meanZ=43.44 SoC=1.0000
ep=1000005 frame=009 slot=09 J_F=   615.50 meanZ=41.98 SoC=1.0000
ep=1000005 frame=010 slot=09 J_F=   323.80 meanZ=38.34 SoC=1.0000
ep=1000005 frame=011 slot=09 J_F=   245.60 meanZ=37.76 SoC=1.0000
ep=1000005 frame=012 slot=09 J_F=  -105.00 meanZ=37.72 SoC=1.0000
ep=1000005 frame=013 slot=09 J_F=  -195.00 meanZ=36.02 SoC=1.0000
ep=1000005 frame=014 slot=09 J_F=   474.50 meanZ=37.04 SoC=1.0000
ep=1000005 frame=015 slot=09 J_F=   188.50 meanZ=35.80 SoC=1.0000
ep=1000005 frame=016 slot=09 J_F=   238.90 meanZ=35.10 SoC=1.0000
ep=1000005 frame=017 slot=09 J_F=   137.90 meanZ=33.72 SoC=1.0000
ep=1000005 frame=018 slot=09 J_F=   574.40 meanZ=33.66 SoC=1.0000
ep=1000005 frame=019 slot=09 J_F=   415.00 meanZ=33.02 SoC=1.0000
ep=1000005 frame=020 slot=09 J_F=   273.30 meanZ=31.82 SoC=1.0000
ep=1000005 frame=021 slot=09 J_F=   515.90 meanZ=31.64 SoC=1.0000
ep=1000005 frame=022 slot=09 J_F=   568.50 meanZ=31.74 SoC=1.0000
ep=1000005 frame=023 slot=09 J_F=   181.50 meanZ=30.90 SoC=1.0000
ep=1000005 frame=024 slot=09 J_F=   162.50 meanZ=31.64 SoC=1.0000
ep=1000005 frame=025 slot=09 J_F=    91.00 meanZ=32.48 SoC=1.0000
ep=1000005 frame=026 slot=09 J_F=   715.00 meanZ=32.24 SoC=1.0000
ep=1000005 frame=027 slot=09 J_F=   239.50 meanZ=32.88 SoC=1.0000
ep=1000005 frame=028 slot=09 J_F=   100.00 meanZ=33.24 SoC=1.0000
ep=1000005 frame=029 slot=09 J_F=   452.00 meanZ=33.00 SoC=1.0000
ep=1000006 frame=000 slot=09 J_F= -1632.10 meanZ=89.18 SoC=1.0000
ep=1000006 frame=001 slot=09 J_F= -1203.50 meanZ=82.68 SoC=1.0000
ep=1000006 frame=002 slot=09 J_F= -1287.50 meanZ=75.60 SoC=1.0000
ep=1000006 frame=003 slot=09 J_F= -1308.60 meanZ=68.62 SoC=1.0000
ep=1000006 frame=004 slot=09 J_F=  -639.00 meanZ=60.94 SoC=1.0000
ep=1000006 frame=005 slot=09 J_F=  -223.00 meanZ=56.36 SoC=1.0000
ep=1000006 frame=006 slot=09 J_F= -1020.60 meanZ=51.16 SoC=1.0000
ep=1000006 frame=007 slot=09 J_F=   320.00 meanZ=47.10 SoC=1.0000
ep=1000006 frame=008 slot=09 J_F=   393.90 meanZ=45.24 SoC=1.0000
ep=1000006 frame=009 slot=09 J_F=   -69.50 meanZ=43.22 SoC=1.0000
ep=1000006 frame=010 slot=09 J_F=    52.90 meanZ=43.12 SoC=1.0000
ep=1000006 frame=011 slot=09 J_F=   388.50 meanZ=42.92 SoC=1.0000
ep=1000006 frame=012 slot=09 J_F=    16.50 meanZ=41.06 SoC=1.0000
ep=1000006 frame=013 slot=09 J_F=   598.50 meanZ=41.90 SoC=1.0000
ep=1000006 frame=014 slot=09 J_F=   231.00 meanZ=40.74 SoC=1.0000
ep=1000006 frame=015 slot=09 J_F=   350.50 meanZ=39.80 SoC=1.0000
ep=1000006 frame=016 slot=09 J_F=   616.50 meanZ=39.60 SoC=1.0000
ep=1000006 frame=017 slot=09 J_F=   358.00 meanZ=39.66 SoC=1.0000
ep=1000006 frame=018 slot=09 J_F=   409.50 meanZ=39.50 SoC=1.0000
ep=1000006 frame=019 slot=09 J_F=   190.00 meanZ=39.54 SoC=1.0000
ep=1000006 frame=020 slot=09 J_F=   422.50 meanZ=38.70 SoC=1.0000
ep=1000006 frame=021 slot=09 J_F=   283.50 meanZ=38.70 SoC=1.0000
ep=1000006 frame=022 slot=09 J_F=  -125.50 meanZ=37.96 SoC=1.0000
ep=1000006 frame=023 slot=09 J_F=   109.50 meanZ=37.38 SoC=1.0000
ep=1000006 frame=024 slot=09 J_F=   267.00 meanZ=36.30 SoC=1.0000
ep=1000006 frame=025 slot=09 J_F=   253.50 meanZ=36.42 SoC=1.0000
ep=1000006 frame=026 slot=09 J_F=   212.50 meanZ=36.22 SoC=1.0000
ep=1000006 frame=027 slot=09 J_F=     3.00 meanZ=35.88 SoC=1.0000
ep=1000006 frame=028 slot=09 J_F=     0.00 meanZ=36.78 SoC=1.0000
ep=1000006 frame=029 slot=09 J_F=   339.50 meanZ=36.36 SoC=1.0000
ep=1000007 frame=000 slot=09 J_F= -3709.60 meanZ=87.68 SoC=1.0000
ep=1000007 frame=001 slot=09 J_F= -1738.20 meanZ=79.78 SoC=1.0000
ep=1000007 frame=002 slot=09 J_F= -1741.00 meanZ=71.42 SoC=1.0000
ep=1000007 frame=003 slot=09 J_F=  -529.00 meanZ=64.52 SoC=1.0000
ep=1000007 frame=004 slot=09 J_F= -1194.70 meanZ=57.98 SoC=1.0000
ep=1000007 frame=005 slot=09 J_F=  -437.20 meanZ=52.32 SoC=1.0000
ep=1000007 frame=006 slot=09 J_F=  -311.60 meanZ=46.92 SoC=1.0000
ep=1000007 frame=007 slot=09 J_F=  -122.60 meanZ=43.48 SoC=1.0000
ep=1000007 frame=008 slot=09 J_F=   497.90 meanZ=42.84 SoC=1.0000
ep=1000007 frame=009 slot=09 J_F=   328.40 meanZ=43.56 SoC=1.0000
ep=1000007 frame=010 slot=09 J_F=    73.80 meanZ=41.96 SoC=1.0000
ep=1000007 frame=011 slot=09 J_F=   409.50 meanZ=40.62 SoC=1.0000
ep=1000007 frame=012 slot=09 J_F=   268.50 meanZ=40.40 SoC=1.0000
ep=1000007 frame=013 slot=09 J_F=   457.50 meanZ=40.20 SoC=1.0000
ep=1000007 frame=014 slot=09 J_F=   508.00 meanZ=39.70 SoC=1.0000
ep=1000007 frame=015 slot=09 J_F=    99.00 meanZ=40.08 SoC=1.0000
ep=1000007 frame=016 slot=09 J_F=   -81.50 meanZ=38.50 SoC=1.0000
ep=1000007 frame=017 slot=09 J_F=   175.50 meanZ=38.30 SoC=1.0000
ep=1000007 frame=018 slot=09 J_F=   345.00 meanZ=37.14 SoC=1.0000
ep=1000007 frame=019 slot=09 J_F=   -45.50 meanZ=36.16 SoC=1.0000
ep=1000007 frame=020 slot=09 J_F=   202.50 meanZ=35.84 SoC=1.0000
ep=1000007 frame=021 slot=09 J_F=    78.90 meanZ=36.02 SoC=1.0000
ep=1000007 frame=022 slot=09 J_F=    23.50 meanZ=35.12 SoC=1.0000
ep=1000007 frame=023 slot=09 J_F=    88.00 meanZ=36.12 SoC=1.0000
ep=1000007 frame=024 slot=09 J_F=  -341.00 meanZ=34.06 SoC=1.0000
ep=1000007 frame=025 slot=09 J_F=   713.50 meanZ=34.08 SoC=1.0000
ep=1000007 frame=026 slot=09 J_F=   329.00 meanZ=34.48 SoC=1.0000
ep=1000007 frame=027 slot=09 J_F=   239.80 meanZ=34.60 SoC=1.0000
ep=1000007 frame=028 slot=09 J_F=   116.50 meanZ=34.62 SoC=1.0000
ep=1000007 frame=029 slot=09 J_F=    90.50 meanZ=33.70 SoC=1.0000
ep=1000008 frame=000 slot=09 J_F= -3554.00 meanZ=87.54 SoC=1.0000
ep=1000008 frame=001 slot=09 J_F= -2305.20 meanZ=79.12 SoC=1.0000
ep=1000008 frame=002 slot=09 J_F= -1730.20 meanZ=71.42 SoC=1.0000
ep=1000008 frame=003 slot=09 J_F=  -453.50 meanZ=64.74 SoC=1.0000
ep=1000008 frame=004 slot=09 J_F=  -992.60 meanZ=58.32 SoC=1.0000
ep=1000008 frame=005 slot=09 J_F=   137.90 meanZ=52.06 SoC=1.0000
ep=1000008 frame=006 slot=09 J_F=  -345.50 meanZ=48.26 SoC=1.0000
ep=1000008 frame=007 slot=09 J_F=   149.90 meanZ=45.08 SoC=1.0000
ep=1000008 frame=008 slot=09 J_F=   508.50 meanZ=43.44 SoC=1.0000
ep=1000008 frame=009 slot=09 J_F=   331.60 meanZ=40.46 SoC=1.0000
ep=1000008 frame=010 slot=09 J_F=   208.90 meanZ=38.48 SoC=1.0000
ep=1000008 frame=011 slot=09 J_F=    99.40 meanZ=38.84 SoC=1.0000
ep=1000008 frame=012 slot=09 J_F=    86.50 meanZ=37.28 SoC=1.0000
ep=1000008 frame=013 slot=09 J_F=   315.00 meanZ=36.12 SoC=1.0000
ep=1000008 frame=014 slot=09 J_F=  -211.00 meanZ=35.24 SoC=1.0000
ep=1000008 frame=015 slot=09 J_F=   323.00 meanZ=34.92 SoC=1.0000
ep=1000008 frame=016 slot=09 J_F=   593.50 meanZ=35.08 SoC=1.0000
ep=1000008 frame=017 slot=09 J_F=   334.00 meanZ=36.14 SoC=1.0000
ep=1000008 frame=018 slot=09 J_F=   295.00 meanZ=36.88 SoC=1.0000
ep=1000008 frame=019 slot=09 J_F=  -248.50 meanZ=35.44 SoC=1.0000
ep=1000008 frame=020 slot=09 J_F=   154.00 meanZ=34.40 SoC=1.0000
ep=1000008 frame=021 slot=09 J_F=  -160.00 meanZ=33.50 SoC=1.0000
ep=1000008 frame=022 slot=09 J_F=   483.50 meanZ=32.34 SoC=1.0000
ep=1000008 frame=023 slot=09 J_F=   524.40 meanZ=33.18 SoC=1.0000
ep=1000008 frame=024 slot=09 J_F=   493.50 meanZ=34.18 SoC=1.0000
ep=1000008 frame=025 slot=09 J_F=   556.50 meanZ=33.06 SoC=1.0000
ep=1000008 frame=026 slot=09 J_F=   120.40 meanZ=31.30 SoC=1.0000
ep=1000008 frame=027 slot=09 J_F=   660.50 meanZ=30.76 SoC=1.0000
ep=1000008 frame=028 slot=09 J_F=   310.50 meanZ=31.44 SoC=1.0000
ep=1000008 frame=029 slot=09 J_F=   728.00 meanZ=32.02 SoC=1.0000
ep=1000009 frame=000 slot=09 J_F= -3514.10 meanZ=87.54 SoC=1.0000
ep=1000009 frame=001 slot=09 J_F= -1425.70 meanZ=80.66 SoC=1.0000
ep=1000009 frame=002 slot=09 J_F= -1493.10 meanZ=73.78 SoC=1.0000
ep=1000009 frame=003 slot=09 J_F= -1320.20 meanZ=66.00 SoC=1.0000
ep=1000009 frame=004 slot=09 J_F= -1018.20 meanZ=58.96 SoC=1.0000
ep=1000009 frame=005 slot=09 J_F=  -407.50 meanZ=52.34 SoC=1.0000
ep=1000009 frame=006 slot=09 J_F=   151.90 meanZ=48.24 SoC=1.0000
ep=1000009 frame=007 slot=09 J_F=  -154.60 meanZ=46.04 SoC=1.0000
ep=1000009 frame=008 slot=09 J_F=   -18.60 meanZ=42.56 SoC=1.0000
ep=1000009 frame=009 slot=09 J_F=   167.50 meanZ=41.22 SoC=1.0000
ep=1000009 frame=010 slot=09 J_F=  -108.80 meanZ=39.40 SoC=1.0000
ep=1000009 frame=011 slot=09 J_F=   -86.50 meanZ=37.52 SoC=1.0000
ep=1000009 frame=012 slot=09 J_F=   872.30 meanZ=38.78 SoC=1.0000
ep=1000009 frame=013 slot=09 J_F=   406.90 meanZ=37.68 SoC=1.0000
ep=1000009 frame=014 slot=09 J_F=   372.30 meanZ=36.90 SoC=1.0000
ep=1000009 frame=015 slot=09 J_F=   204.00 meanZ=36.50 SoC=1.0000
ep=1000009 frame=016 slot=09 J_F=   522.50 meanZ=36.68 SoC=1.0000
ep=1000009 frame=017 slot=09 J_F=   745.00 meanZ=36.48 SoC=1.0000
ep=1000009 frame=018 slot=09 J_F=   -52.50 meanZ=36.42 SoC=1.0000
ep=1000009 frame=019 slot=09 J_F=   336.50 meanZ=37.14 SoC=1.0000
ep=1000009 frame=020 slot=09 J_F=   197.50 meanZ=35.66 SoC=1.0000
ep=1000009 frame=021 slot=09 J_F=   445.50 meanZ=35.62 SoC=1.0000
ep=1000009 frame=022 slot=09 J_F=  -260.00 meanZ=35.84 SoC=1.0000
ep=1000009 frame=023 slot=09 J_F=    81.90 meanZ=35.70 SoC=1.0000
ep=1000009 frame=024 slot=09 J_F=   371.40 meanZ=34.78 SoC=1.0000
ep=1000009 frame=025 slot=09 J_F=   221.50 meanZ=33.60 SoC=1.0000
ep=1000009 frame=026 slot=09 J_F=   294.50 meanZ=34.70 SoC=1.0000
ep=1000009 frame=027 slot=09 J_F=   317.40 meanZ=33.92 SoC=1.0000
ep=1000009 frame=028 slot=09 J_F=   214.80 meanZ=32.10 SoC=1.0000
ep=1000009 frame=029 slot=09 J_F=   385.40 meanZ=30.78 SoC=1.0000
hppo_rsu 550/750 QoE=0.39405 stall=0.1106 150.50s
ep=0550 frame=000 slot=09 J_F= -3096.10 meanZ=88.70 SoC=1.0000
ep=0550 frame=001 slot=09 J_F= -1528.20 meanZ=82.30 SoC=1.0000
ep=0550 frame=002 slot=09 J_F=  -420.00 meanZ=77.02 SoC=1.0000
ep=0550 frame=003 slot=09 J_F=  -950.00 meanZ=68.82 SoC=1.0000
ep=0550 frame=004 slot=09 J_F=  -981.50 meanZ=61.74 SoC=1.0000
ep=0550 frame=005 slot=09 J_F=  -681.70 meanZ=55.28 SoC=1.0000
ep=0550 frame=006 slot=09 J_F=  -656.10 meanZ=49.66 SoC=1.0000
ep=0550 frame=007 slot=09 J_F=  -165.00 meanZ=45.92 SoC=1.0000
ep=0550 frame=008 slot=09 J_F=  -299.00 meanZ=42.92 SoC=1.0000
ep=0550 frame=009 slot=09 J_F=     0.30 meanZ=41.70 SoC=1.0000
ep=0550 frame=010 slot=09 J_F=  -189.90 meanZ=39.44 SoC=1.0000
ep=0550 frame=011 slot=09 J_F=     2.60 meanZ=36.34 SoC=1.0000
ep=0550 frame=012 slot=09 J_F=    21.10 meanZ=36.00 SoC=1.0000
ep=0550 frame=013 slot=09 J_F=   -10.60 meanZ=33.56 SoC=1.0000
ep=0550 frame=014 slot=09 J_F=  -109.50 meanZ=33.04 SoC=1.0000
ep=0550 frame=015 slot=09 J_F=   418.40 meanZ=32.46 SoC=1.0000
ep=0550 frame=016 slot=09 J_F=   259.80 meanZ=31.46 SoC=1.0000
ep=0550 frame=017 slot=09 J_F=   320.40 meanZ=28.82 SoC=1.0000
ep=0550 frame=018 slot=09 J_F=   756.50 meanZ=29.50 SoC=1.0000
ep=0550 frame=019 slot=09 J_F=   616.50 meanZ=29.56 SoC=1.0000
ep=0550 frame=020 slot=09 J_F=   548.80 meanZ=30.78 SoC=1.0000
ep=0550 frame=021 slot=09 J_F=   503.30 meanZ=30.96 SoC=1.0000
ep=0550 frame=022 slot=09 J_F=   628.50 meanZ=31.88 SoC=1.0000
ep=0550 frame=023 slot=09 J_F=   258.90 meanZ=32.74 SoC=1.0000
ep=0550 frame=024 slot=09 J_F=   506.00 meanZ=32.02 SoC=1.0000
ep=0550 frame=025 slot=09 J_F=   596.00 meanZ=33.28 SoC=1.0000
ep=0550 frame=026 slot=09 J_F=   189.00 meanZ=34.62 SoC=1.0000
ep=0550 frame=027 slot=09 J_F=  -218.30 meanZ=32.98 SoC=1.0000
ep=0550 frame=028 slot=09 J_F=   395.40 meanZ=33.10 SoC=1.0000
ep=0550 frame=029 slot=09 J_F=   411.50 meanZ=32.64 SoC=1.0000
hppo_rsu 551/750 QoE=0.43303 stall=0.0978 145.05s
ep=0551 frame=000 slot=09 J_F= -2642.00 meanZ=88.98 SoC=1.0000
ep=0551 frame=001 slot=09 J_F= -2052.30 meanZ=80.62 SoC=1.0000
ep=0551 frame=002 slot=09 J_F=  -912.70 meanZ=74.18 SoC=1.0000
ep=0551 frame=003 slot=09 J_F= -1228.70 meanZ=68.10 SoC=1.0000
ep=0551 frame=004 slot=09 J_F=  -763.50 meanZ=61.72 SoC=1.0000
ep=0551 frame=005 slot=09 J_F=  -474.50 meanZ=55.56 SoC=1.0000
ep=0551 frame=006 slot=09 J_F=  -704.10 meanZ=49.34 SoC=1.0000
ep=0551 frame=007 slot=09 J_F=    10.90 meanZ=46.10 SoC=1.0000
ep=0551 frame=008 slot=09 J_F=    28.00 meanZ=43.48 SoC=1.0000
ep=0551 frame=009 slot=09 J_F=   206.00 meanZ=41.30 SoC=1.0000
ep=0551 frame=010 slot=09 J_F=   535.90 meanZ=41.40 SoC=1.0000
ep=0551 frame=011 slot=09 J_F=   224.50 meanZ=39.14 SoC=1.0000
ep=0551 frame=012 slot=09 J_F=    71.30 meanZ=38.22 SoC=1.0000
ep=0551 frame=013 slot=09 J_F=   517.50 meanZ=36.98 SoC=1.0000
ep=0551 frame=014 slot=09 J_F=   500.00 meanZ=37.10 SoC=1.0000
ep=0551 frame=015 slot=09 J_F=   191.50 meanZ=36.46 SoC=1.0000
ep=0551 frame=016 slot=09 J_F=   166.00 meanZ=34.28 SoC=1.0000
ep=0551 frame=017 slot=09 J_F=   378.40 meanZ=35.54 SoC=1.0000
ep=0551 frame=018 slot=09 J_F=   985.00 meanZ=35.42 SoC=1.0000
ep=0551 frame=019 slot=09 J_F=   605.50 meanZ=35.80 SoC=1.0000
ep=0551 frame=020 slot=09 J_F=   303.90 meanZ=36.74 SoC=1.0000
ep=0551 frame=021 slot=09 J_F=   184.40 meanZ=37.16 SoC=1.0000
ep=0551 frame=022 slot=09 J_F=    78.20 meanZ=36.96 SoC=1.0000
ep=0551 frame=023 slot=09 J_F=   425.20 meanZ=36.78 SoC=1.0000
ep=0551 frame=024 slot=09 J_F=  -111.00 meanZ=37.34 SoC=1.0000
ep=0551 frame=025 slot=09 J_F=   473.00 meanZ=35.86 SoC=1.0000
ep=0551 frame=026 slot=09 J_F=    53.40 meanZ=33.22 SoC=1.0000
ep=0551 frame=027 slot=09 J_F=   366.60 meanZ=32.40 SoC=1.0000
ep=0551 frame=028 slot=09 J_F=   582.00 meanZ=32.88 SoC=1.0000
ep=0551 frame=029 slot=09 J_F=   850.00 meanZ=34.08 SoC=1.0000
hppo_rsu 552/750 QoE=0.38266 stall=0.1153 146.63s
ep=0552 frame=000 slot=09 J_F= -3069.20 meanZ=88.62 SoC=1.0000
ep=0552 frame=001 slot=09 J_F=  -879.10 meanZ=82.34 SoC=1.0000
ep=0552 frame=002 slot=09 J_F= -1429.60 meanZ=75.62 SoC=1.0000
ep=0552 frame=003 slot=09 J_F=  -293.60 meanZ=71.64 SoC=1.0000
ep=0552 frame=004 slot=09 J_F=  -821.00 meanZ=64.86 SoC=1.0000
ep=0552 frame=005 slot=09 J_F=  -567.60 meanZ=59.02 SoC=1.0000
ep=0552 frame=006 slot=09 J_F=   175.10 meanZ=55.42 SoC=1.0000
ep=0552 frame=007 slot=09 J_F=  -223.60 meanZ=52.58 SoC=1.0000
ep=0552 frame=008 slot=09 J_F=    56.00 meanZ=48.50 SoC=1.0000
ep=0552 frame=009 slot=09 J_F=  -513.10 meanZ=45.78 SoC=1.0000
ep=0552 frame=010 slot=09 J_F=   455.00 meanZ=45.10 SoC=1.0000
ep=0552 frame=011 slot=09 J_F=    57.40 meanZ=43.02 SoC=1.0000
ep=0552 frame=012 slot=09 J_F=   426.00 meanZ=41.50 SoC=1.0000
ep=0552 frame=013 slot=09 J_F=   559.90 meanZ=39.60 SoC=1.0000
ep=0552 frame=014 slot=09 J_F=   417.00 meanZ=38.72 SoC=1.0000
ep=0552 frame=015 slot=09 J_F=  1008.20 meanZ=38.98 SoC=1.0000
ep=0552 frame=016 slot=09 J_F=   427.40 meanZ=39.06 SoC=1.0000
ep=0552 frame=017 slot=09 J_F=  -188.60 meanZ=38.06 SoC=1.0000
ep=0552 frame=018 slot=09 J_F=   550.50 meanZ=38.84 SoC=1.0000
ep=0552 frame=019 slot=09 J_F=   153.00 meanZ=37.14 SoC=1.0000
ep=0552 frame=020 slot=09 J_F=   668.10 meanZ=38.84 SoC=1.0000
ep=0552 frame=021 slot=09 J_F=   126.40 meanZ=37.48 SoC=1.0000
ep=0552 frame=022 slot=09 J_F=   300.00 meanZ=36.92 SoC=1.0000
ep=0552 frame=023 slot=09 J_F=   245.90 meanZ=35.64 SoC=1.0000
ep=0552 frame=024 slot=09 J_F=   371.60 meanZ=35.52 SoC=1.0000
ep=0552 frame=025 slot=09 J_F=   -25.60 meanZ=34.32 SoC=1.0000
ep=0552 frame=026 slot=09 J_F=   264.60 meanZ=33.50 SoC=1.0000
ep=0552 frame=027 slot=09 J_F=  -252.30 meanZ=31.76 SoC=1.0000
ep=0552 frame=028 slot=09 J_F=   621.50 meanZ=31.48 SoC=1.0000
ep=0552 frame=029 slot=09 J_F=   428.90 meanZ=32.72 SoC=1.0000
hppo_rsu 553/750 QoE=0.43705 stall=0.0955 145.89s
ep=0553 frame=000 slot=09 J_F= -2601.10 meanZ=89.06 SoC=1.0000
ep=0553 frame=001 slot=09 J_F= -1770.60 meanZ=83.26 SoC=1.0000
ep=0553 frame=002 slot=09 J_F=  -924.00 meanZ=75.94 SoC=1.0000
ep=0553 frame=003 slot=09 J_F=  -728.00 meanZ=69.84 SoC=1.0000
ep=0553 frame=004 slot=09 J_F=  -292.10 meanZ=64.08 SoC=1.0000
ep=0553 frame=005 slot=09 J_F=  -205.00 meanZ=57.98 SoC=1.0000
ep=0553 frame=006 slot=09 J_F=  -722.10 meanZ=52.30 SoC=1.0000
ep=0553 frame=007 slot=09 J_F=   224.00 meanZ=48.28 SoC=1.0000
ep=0553 frame=008 slot=09 J_F=   181.00 meanZ=44.86 SoC=1.0000
ep=0553 frame=009 slot=09 J_F=   136.00 meanZ=41.88 SoC=1.0000
ep=0553 frame=010 slot=09 J_F=   -85.80 meanZ=39.98 SoC=1.0000
ep=0553 frame=011 slot=09 J_F=   116.70 meanZ=38.90 SoC=1.0000
ep=0553 frame=012 slot=09 J_F=   101.00 meanZ=37.92 SoC=1.0000
ep=0553 frame=013 slot=09 J_F=   553.10 meanZ=37.12 SoC=1.0000
ep=0553 frame=014 slot=09 J_F=   -93.50 meanZ=36.48 SoC=1.0000
ep=0553 frame=015 slot=09 J_F=   595.10 meanZ=37.10 SoC=1.0000
ep=0553 frame=016 slot=09 J_F=   523.50 meanZ=37.54 SoC=1.0000
ep=0553 frame=017 slot=09 J_F=   175.80 meanZ=36.40 SoC=1.0000
ep=0553 frame=018 slot=09 J_F=   966.50 meanZ=36.70 SoC=1.0000
ep=0553 frame=019 slot=09 J_F=  -320.00 meanZ=35.56 SoC=1.0000
ep=0553 frame=020 slot=09 J_F=   305.50 meanZ=34.06 SoC=1.0000
ep=0553 frame=021 slot=09 J_F=   598.00 meanZ=34.70 SoC=1.0000
ep=0553 frame=022 slot=09 J_F=  -146.00 meanZ=33.76 SoC=1.0000
ep=0553 frame=023 slot=09 J_F=   655.00 meanZ=34.04 SoC=1.0000
ep=0553 frame=024 slot=09 J_F=   154.90 meanZ=35.42 SoC=1.0000
ep=0553 frame=025 slot=09 J_F=   -67.00 meanZ=35.66 SoC=1.0000
ep=0553 frame=026 slot=09 J_F=   175.00 meanZ=33.94 SoC=1.0000
ep=0553 frame=027 slot=09 J_F=   -43.10 meanZ=32.60 SoC=1.0000
ep=0553 frame=028 slot=09 J_F=   515.70 meanZ=31.76 SoC=1.0000
ep=0553 frame=029 slot=09 J_F=   481.00 meanZ=31.10 SoC=1.0000
hppo_rsu 554/750 QoE=0.35432 stall=0.1293 149.19s
ep=0554 frame=000 slot=09 J_F= -2597.00 meanZ=89.46 SoC=1.0000
ep=0554 frame=001 slot=09 J_F= -1686.10 meanZ=82.76 SoC=1.0000
ep=0554 frame=002 slot=09 J_F= -1606.50 meanZ=75.40 SoC=1.0000
ep=0554 frame=003 slot=09 J_F= -1352.50 meanZ=67.70 SoC=1.0000
ep=0554 frame=004 slot=09 J_F=   496.40 meanZ=62.54 SoC=1.0000
ep=0554 frame=005 slot=09 J_F=  -378.50 meanZ=57.30 SoC=1.0000
ep=0554 frame=006 slot=09 J_F=  -763.70 meanZ=51.64 SoC=1.0000
ep=0554 frame=007 slot=09 J_F=    88.00 meanZ=48.64 SoC=1.0000
ep=0554 frame=008 slot=09 J_F=  -108.60 meanZ=47.44 SoC=1.0000
ep=0554 frame=009 slot=09 J_F=  -169.10 meanZ=46.64 SoC=1.0000
ep=0554 frame=010 slot=09 J_F=  -232.00 meanZ=44.18 SoC=1.0000
ep=0554 frame=011 slot=09 J_F=    20.40 meanZ=40.98 SoC=1.0000
ep=0554 frame=012 slot=09 J_F=   569.80 meanZ=39.48 SoC=1.0000
ep=0554 frame=013 slot=09 J_F=   454.90 meanZ=38.36 SoC=1.0000
ep=0554 frame=014 slot=09 J_F=   374.50 meanZ=39.10 SoC=1.0000
ep=0554 frame=015 slot=09 J_F=    11.40 meanZ=38.84 SoC=1.0000
ep=0554 frame=016 slot=09 J_F=   733.00 meanZ=39.76 SoC=1.0000
ep=0554 frame=017 slot=09 J_F=   -99.10 meanZ=38.34 SoC=1.0000
ep=0554 frame=018 slot=09 J_F=   323.50 meanZ=38.42 SoC=1.0000
ep=0554 frame=019 slot=09 J_F=  -171.30 meanZ=36.18 SoC=1.0000
ep=0554 frame=020 slot=09 J_F=   347.90 meanZ=37.20 SoC=1.0000
ep=0554 frame=021 slot=09 J_F=   214.50 meanZ=36.58 SoC=1.0000
ep=0554 frame=022 slot=09 J_F=   332.80 meanZ=35.50 SoC=1.0000
ep=0554 frame=023 slot=09 J_F=   563.30 meanZ=35.56 SoC=1.0000
ep=0554 frame=024 slot=09 J_F=   546.50 meanZ=35.38 SoC=1.0000
ep=0554 frame=025 slot=09 J_F=   -33.70 meanZ=34.72 SoC=1.0000
ep=0554 frame=026 slot=09 J_F=   474.30 meanZ=36.34 SoC=1.0000
ep=0554 frame=027 slot=09 J_F=  -140.00 meanZ=35.58 SoC=1.0000
ep=0554 frame=028 slot=09 J_F=   -30.20 meanZ=36.02 SoC=1.0000
ep=0554 frame=029 slot=09 J_F=   390.70 meanZ=35.64 SoC=1.0000
hppo_rsu 555/750 QoE=0.39486 stall=0.1096 147.13s
ep=0555 frame=000 slot=09 J_F= -2828.60 meanZ=89.22 SoC=1.0000
ep=0555 frame=001 slot=09 J_F= -2879.10 meanZ=80.62 SoC=1.0000
ep=0555 frame=002 slot=09 J_F= -1069.00 meanZ=73.22 SoC=1.0000
ep=0555 frame=003 slot=09 J_F= -1255.10 meanZ=66.72 SoC=1.0000
ep=0555 frame=004 slot=09 J_F=  -367.00 meanZ=60.74 SoC=1.0000
ep=0555 frame=005 slot=09 J_F=  -321.50 meanZ=54.68 SoC=1.0000
ep=0555 frame=006 slot=09 J_F=   322.00 meanZ=51.18 SoC=1.0000
ep=0555 frame=007 slot=09 J_F=  -358.10 meanZ=48.12 SoC=1.0000
ep=0555 frame=008 slot=09 J_F=   106.80 meanZ=45.64 SoC=1.0000
ep=0555 frame=009 slot=09 J_F=   707.50 meanZ=42.64 SoC=1.0000
ep=0555 frame=010 slot=09 J_F=   393.50 meanZ=41.24 SoC=1.0000
ep=0555 frame=011 slot=09 J_F=   369.00 meanZ=42.34 SoC=1.0000
ep=0555 frame=012 slot=09 J_F=   310.20 meanZ=41.84 SoC=1.0000
ep=0555 frame=013 slot=09 J_F=    93.90 meanZ=39.96 SoC=1.0000
ep=0555 frame=014 slot=09 J_F=  -224.70 meanZ=38.86 SoC=1.0000
ep=0555 frame=015 slot=09 J_F=   424.00 meanZ=39.96 SoC=1.0000
ep=0555 frame=016 slot=09 J_F=  -144.20 meanZ=38.48 SoC=1.0000
ep=0555 frame=017 slot=09 J_F=   153.90 meanZ=38.76 SoC=1.0000
ep=0555 frame=018 slot=09 J_F=    69.50 meanZ=37.66 SoC=1.0000
ep=0555 frame=019 slot=09 J_F=   914.50 meanZ=39.04 SoC=1.0000
ep=0555 frame=020 slot=09 J_F=   489.40 meanZ=38.04 SoC=1.0000
ep=0555 frame=021 slot=09 J_F=   463.00 meanZ=37.00 SoC=1.0000
ep=0555 frame=022 slot=09 J_F=   404.40 meanZ=35.74 SoC=1.0000
ep=0555 frame=023 slot=09 J_F=   446.50 meanZ=35.26 SoC=1.0000
ep=0555 frame=024 slot=09 J_F=   260.20 meanZ=34.92 SoC=1.0000
ep=0555 frame=025 slot=09 J_F=   928.20 meanZ=35.84 SoC=1.0000
ep=0555 frame=026 slot=09 J_F=   678.00 meanZ=36.94 SoC=1.0000
ep=0555 frame=027 slot=09 J_F=    35.20 meanZ=36.28 SoC=1.0000
ep=0555 frame=028 slot=09 J_F=   843.20 meanZ=36.02 SoC=1.0000
ep=0555 frame=029 slot=09 J_F=   674.50 meanZ=36.52 SoC=1.0000
hppo_rsu 556/750 QoE=0.38461 stall=0.1135 152.76s
ep=0556 frame=000 slot=09 J_F= -3506.20 meanZ=87.68 SoC=1.0000
ep=0556 frame=001 slot=09 J_F= -1654.70 meanZ=79.62 SoC=1.0000
ep=0556 frame=002 slot=09 J_F= -1818.50 meanZ=71.52 SoC=1.0000
ep=0556 frame=003 slot=09 J_F=  -390.10 meanZ=66.20 SoC=1.0000
ep=0556 frame=004 slot=09 J_F=  -841.00 meanZ=59.36 SoC=1.0000
ep=0556 frame=005 slot=09 J_F=  -494.50 meanZ=52.86 SoC=1.0000
ep=0556 frame=006 slot=09 J_F=  -355.60 meanZ=49.32 SoC=1.0000
ep=0556 frame=007 slot=09 J_F=  -295.10 meanZ=45.12 SoC=1.0000
ep=0556 frame=008 slot=09 J_F=  -208.00 meanZ=44.08 SoC=1.0000
ep=0556 frame=009 slot=09 J_F=   704.00 meanZ=43.52 SoC=1.0000
ep=0556 frame=010 slot=09 J_F=  -192.40 meanZ=40.92 SoC=1.0000
ep=0556 frame=011 slot=09 J_F=   449.10 meanZ=40.76 SoC=1.0000
ep=0556 frame=012 slot=09 J_F=    89.00 meanZ=40.46 SoC=1.0000
ep=0556 frame=013 slot=09 J_F=   332.50 meanZ=40.08 SoC=1.0000
ep=0556 frame=014 slot=09 J_F=    42.50 meanZ=41.14 SoC=1.0000
ep=0556 frame=015 slot=09 J_F=   -35.60 meanZ=41.06 SoC=1.0000
ep=0556 frame=016 slot=09 J_F=   664.20 meanZ=40.82 SoC=1.0000
ep=0556 frame=017 slot=09 J_F=   189.70 meanZ=41.02 SoC=1.0000
ep=0556 frame=018 slot=09 J_F=  -272.00 meanZ=39.96 SoC=1.0000
ep=0556 frame=019 slot=09 J_F=   434.00 meanZ=39.70 SoC=1.0000
ep=0556 frame=020 slot=09 J_F=   104.90 meanZ=39.30 SoC=1.0000
ep=0556 frame=021 slot=09 J_F=   480.50 meanZ=40.10 SoC=1.0000
ep=0556 frame=022 slot=09 J_F=   161.70 meanZ=38.90 SoC=1.0000
ep=0556 frame=023 slot=09 J_F=   550.00 meanZ=38.34 SoC=1.0000
ep=0556 frame=024 slot=09 J_F=  -170.30 meanZ=36.42 SoC=1.0000
ep=0556 frame=025 slot=09 J_F=   360.90 meanZ=35.64 SoC=1.0000
ep=0556 frame=026 slot=09 J_F=   572.00 meanZ=37.40 SoC=1.0000
ep=0556 frame=027 slot=09 J_F=   406.00 meanZ=36.26 SoC=1.0000
ep=0556 frame=028 slot=09 J_F=   556.30 meanZ=36.04 SoC=1.0000
ep=0556 frame=029 slot=09 J_F=  -144.00 meanZ=34.44 SoC=1.0000
hppo_rsu 557/750 QoE=0.34534 stall=0.1301 152.89s
ep=0557 frame=000 slot=09 J_F= -2194.00 meanZ=89.90 SoC=1.0000
ep=0557 frame=001 slot=09 J_F= -2231.00 meanZ=81.72 SoC=1.0000
ep=0557 frame=002 slot=09 J_F= -1233.70 meanZ=74.78 SoC=1.0000
ep=0557 frame=003 slot=09 J_F= -1128.10 meanZ=65.84 SoC=1.0000
ep=0557 frame=004 slot=09 J_F=  -713.00 meanZ=58.98 SoC=1.0000
ep=0557 frame=005 slot=09 J_F=  -699.70 meanZ=52.40 SoC=1.0000
ep=0557 frame=006 slot=09 J_F=  -525.50 meanZ=48.28 SoC=1.0000
ep=0557 frame=007 slot=09 J_F=   460.50 meanZ=47.72 SoC=1.0000
ep=0557 frame=008 slot=09 J_F=    70.50 meanZ=44.94 SoC=1.0000
ep=0557 frame=009 slot=09 J_F=    57.90 meanZ=42.50 SoC=1.0000
ep=0557 frame=010 slot=09 J_F=  -328.60 meanZ=42.20 SoC=1.0000
ep=0557 frame=011 slot=09 J_F=   515.50 meanZ=42.32 SoC=1.0000
ep=0557 frame=012 slot=09 J_F=   539.00 meanZ=40.68 SoC=1.0000
ep=0557 frame=013 slot=09 J_F=   123.40 meanZ=40.76 SoC=1.0000
ep=0557 frame=014 slot=09 J_F=  -472.60 meanZ=39.86 SoC=1.0000
ep=0557 frame=015 slot=09 J_F=   638.90 meanZ=39.96 SoC=1.0000
ep=0557 frame=016 slot=09 J_F=   124.90 meanZ=39.32 SoC=1.0000
ep=0557 frame=017 slot=09 J_F=   262.00 meanZ=38.74 SoC=1.0000
ep=0557 frame=018 slot=09 J_F=     3.90 meanZ=38.88 SoC=1.0000
ep=0557 frame=019 slot=09 J_F=   285.90 meanZ=38.80 SoC=1.0000
ep=0557 frame=020 slot=09 J_F=   303.90 meanZ=38.32 SoC=1.0000
ep=0557 frame=021 slot=09 J_F=   416.00 meanZ=38.62 SoC=1.0000
ep=0557 frame=022 slot=09 J_F=    37.60 meanZ=37.28 SoC=1.0000
ep=0557 frame=023 slot=09 J_F=   651.80 meanZ=38.76 SoC=1.0000
ep=0557 frame=024 slot=09 J_F=   217.30 meanZ=38.60 SoC=1.0000
ep=0557 frame=025 slot=09 J_F=   270.80 meanZ=37.72 SoC=1.0000
ep=0557 frame=026 slot=09 J_F=   345.80 meanZ=36.42 SoC=1.0000
ep=0557 frame=027 slot=09 J_F=   265.80 meanZ=35.68 SoC=1.0000
ep=0557 frame=028 slot=09 J_F=  -216.20 meanZ=34.52 SoC=1.0000
ep=0557 frame=029 slot=09 J_F=   -53.60 meanZ=34.14 SoC=1.0000
hppo_rsu 558/750 QoE=0.38185 stall=0.1159 160.31s
ep=0558 frame=000 slot=09 J_F= -3039.00 meanZ=88.36 SoC=1.0000
ep=0558 frame=001 slot=09 J_F= -1223.00 meanZ=81.72 SoC=1.0000
ep=0558 frame=002 slot=09 J_F= -1435.60 meanZ=74.00 SoC=1.0000
ep=0558 frame=003 slot=09 J_F=  -497.60 meanZ=67.32 SoC=1.0000
ep=0558 frame=004 slot=09 J_F=  -418.10 meanZ=61.38 SoC=1.0000
ep=0558 frame=005 slot=09 J_F=  -326.60 meanZ=56.76 SoC=1.0000
ep=0558 frame=006 slot=09 J_F=  -541.70 meanZ=51.10 SoC=1.0000
ep=0558 frame=007 slot=09 J_F=   387.00 meanZ=46.46 SoC=1.0000
ep=0558 frame=008 slot=09 J_F=  -117.50 meanZ=43.72 SoC=1.0000
ep=0558 frame=009 slot=09 J_F=    14.40 meanZ=41.38 SoC=1.0000
ep=0558 frame=010 slot=09 J_F=   -29.60 meanZ=38.76 SoC=1.0000
ep=0558 frame=011 slot=09 J_F=   469.70 meanZ=37.94 SoC=1.0000
ep=0558 frame=012 slot=09 J_F=   139.90 meanZ=36.80 SoC=1.0000
ep=0558 frame=013 slot=09 J_F=   244.00 meanZ=37.12 SoC=1.0000
ep=0558 frame=014 slot=09 J_F=   -58.70 meanZ=35.52 SoC=1.0000
ep=0558 frame=015 slot=09 J_F=   172.10 meanZ=33.42 SoC=1.0000
ep=0558 frame=016 slot=09 J_F=   397.80 meanZ=33.34 SoC=1.0000
ep=0558 frame=017 slot=09 J_F=   738.90 meanZ=33.16 SoC=1.0000
ep=0558 frame=018 slot=09 J_F=   226.70 meanZ=33.26 SoC=1.0000
ep=0558 frame=019 slot=09 J_F=   553.00 meanZ=33.58 SoC=1.0000
ep=0558 frame=020 slot=09 J_F=   242.10 meanZ=34.54 SoC=1.0000
ep=0558 frame=021 slot=09 J_F=   384.30 meanZ=34.32 SoC=1.0000
ep=0558 frame=022 slot=09 J_F=   -40.30 meanZ=32.76 SoC=1.0000
ep=0558 frame=023 slot=09 J_F=  1015.50 meanZ=33.86 SoC=1.0000
ep=0558 frame=024 slot=09 J_F=   350.50 meanZ=36.04 SoC=1.0000
ep=0558 frame=025 slot=09 J_F=    -8.60 meanZ=36.20 SoC=1.0000
ep=0558 frame=026 slot=09 J_F=   315.50 meanZ=34.96 SoC=1.0000
ep=0558 frame=027 slot=09 J_F=   644.00 meanZ=36.08 SoC=1.0000
ep=0558 frame=028 slot=09 J_F=   164.30 meanZ=35.36 SoC=1.0000
ep=0558 frame=029 slot=09 J_F=   273.50 meanZ=35.02 SoC=1.0000
hppo_rsu 559/750 QoE=0.37723 stall=0.1176 147.34s
ep=0559 frame=000 slot=09 J_F= -2601.10 meanZ=88.76 SoC=1.0000
ep=0559 frame=001 slot=09 J_F=  -661.60 meanZ=83.18 SoC=1.0000
ep=0559 frame=002 slot=09 J_F= -1245.00 meanZ=76.48 SoC=1.0000
ep=0559 frame=003 slot=09 J_F= -1686.60 meanZ=68.62 SoC=1.0000
ep=0559 frame=004 slot=09 J_F=   472.00 meanZ=64.50 SoC=1.0000
ep=0559 frame=005 slot=09 J_F=  -809.20 meanZ=59.30 SoC=1.0000
ep=0559 frame=006 slot=09 J_F=  -249.00 meanZ=53.62 SoC=1.0000
ep=0559 frame=007 slot=09 J_F=   -23.50 meanZ=51.20 SoC=1.0000
ep=0559 frame=008 slot=09 J_F=   484.20 meanZ=49.18 SoC=1.0000
ep=0559 frame=009 slot=09 J_F=   535.90 meanZ=45.86 SoC=1.0000
ep=0559 frame=010 slot=09 J_F=  -594.10 meanZ=43.54 SoC=1.0000
ep=0559 frame=011 slot=09 J_F=   409.40 meanZ=44.82 SoC=1.0000
ep=0559 frame=012 slot=09 J_F=   125.90 meanZ=42.82 SoC=1.0000
ep=0559 frame=013 slot=09 J_F=  -202.60 meanZ=40.74 SoC=1.0000
ep=0559 frame=014 slot=09 J_F=   233.00 meanZ=39.38 SoC=1.0000
ep=0559 frame=015 slot=09 J_F=   876.50 meanZ=39.34 SoC=1.0000
ep=0559 frame=016 slot=09 J_F=   689.00 meanZ=40.74 SoC=1.0000
ep=0559 frame=017 slot=09 J_F=   187.80 meanZ=41.16 SoC=1.0000
ep=0559 frame=018 slot=09 J_F=    54.00 meanZ=40.74 SoC=1.0000
ep=0559 frame=019 slot=09 J_F=   214.90 meanZ=40.08 SoC=1.0000
ep=0559 frame=020 slot=09 J_F=  -189.10 meanZ=40.00 SoC=1.0000
ep=0559 frame=021 slot=09 J_F=   -44.20 meanZ=37.62 SoC=1.0000
ep=0559 frame=022 slot=09 J_F=    73.90 meanZ=35.54 SoC=1.0000
ep=0559 frame=023 slot=09 J_F=   290.00 meanZ=35.24 SoC=1.0000
ep=0559 frame=024 slot=09 J_F=   416.50 meanZ=33.52 SoC=1.0000
ep=0559 frame=025 slot=09 J_F=   458.50 meanZ=32.34 SoC=1.0000
ep=0559 frame=026 slot=09 J_F=   578.00 meanZ=32.22 SoC=1.0000
ep=0559 frame=027 slot=09 J_F=   339.30 meanZ=33.82 SoC=1.0000
ep=0559 frame=028 slot=09 J_F=   192.50 meanZ=34.88 SoC=1.0000
ep=0559 frame=029 slot=09 J_F=   157.10 meanZ=32.74 SoC=1.0000
hppo_rsu 560/750 QoE=0.42966 stall=0.0971 147.69s
ep=0560 frame=000 slot=09 J_F= -4250.60 meanZ=87.78 SoC=1.0000
ep=0560 frame=001 slot=09 J_F= -1805.50 meanZ=79.82 SoC=1.0000
ep=0560 frame=002 slot=09 J_F= -1564.10 meanZ=72.54 SoC=1.0000
ep=0560 frame=003 slot=09 J_F=  -658.50 meanZ=67.06 SoC=1.0000
ep=0560 frame=004 slot=09 J_F=  -576.00 meanZ=61.48 SoC=1.0000
ep=0560 frame=005 slot=09 J_F=    74.00 meanZ=57.08 SoC=1.0000
ep=0560 frame=006 slot=09 J_F=   276.70 meanZ=53.88 SoC=1.0000
ep=0560 frame=007 slot=09 J_F=   563.00 meanZ=52.76 SoC=1.0000
ep=0560 frame=008 slot=09 J_F= -1043.80 meanZ=48.70 SoC=1.0000
ep=0560 frame=009 slot=09 J_F=   364.40 meanZ=46.64 SoC=1.0000
ep=0560 frame=010 slot=09 J_F=  -433.00 meanZ=44.54 SoC=1.0000
ep=0560 frame=011 slot=09 J_F=   555.50 meanZ=45.10 SoC=1.0000
ep=0560 frame=012 slot=09 J_F=   546.40 meanZ=42.20 SoC=1.0000
ep=0560 frame=013 slot=09 J_F=  -327.50 meanZ=39.52 SoC=1.0000
ep=0560 frame=014 slot=09 J_F=    53.60 meanZ=38.90 SoC=1.0000
ep=0560 frame=015 slot=09 J_F=   139.70 meanZ=38.52 SoC=1.0000
ep=0560 frame=016 slot=09 J_F=   577.00 meanZ=36.40 SoC=1.0000
ep=0560 frame=017 slot=09 J_F=    89.50 meanZ=35.42 SoC=1.0000
ep=0560 frame=018 slot=09 J_F=   406.50 meanZ=35.88 SoC=1.0000
ep=0560 frame=019 slot=09 J_F=  -239.50 meanZ=34.94 SoC=1.0000
ep=0560 frame=020 slot=09 J_F=   902.50 meanZ=35.42 SoC=1.0000
ep=0560 frame=021 slot=09 J_F=   675.00 meanZ=35.66 SoC=1.0000
ep=0560 frame=022 slot=09 J_F=   -87.00 meanZ=34.06 SoC=1.0000
ep=0560 frame=023 slot=09 J_F=   -80.10 meanZ=33.88 SoC=1.0000
ep=0560 frame=024 slot=09 J_F=   676.40 meanZ=32.78 SoC=1.0000
ep=0560 frame=025 slot=09 J_F=  -133.30 meanZ=31.44 SoC=1.0000
ep=0560 frame=026 slot=09 J_F=   524.40 meanZ=32.02 SoC=1.0000
ep=0560 frame=027 slot=09 J_F=   260.10 meanZ=32.26 SoC=1.0000
ep=0560 frame=028 slot=09 J_F=   273.50 meanZ=32.28 SoC=1.0000
ep=0560 frame=029 slot=09 J_F=   312.50 meanZ=33.12 SoC=1.0000
hppo_rsu 561/750 QoE=0.41666 stall=0.1027 144.50s
ep=0561 frame=000 slot=09 J_F= -2877.50 meanZ=88.44 SoC=1.0000
ep=0561 frame=001 slot=09 J_F= -1818.50 meanZ=81.42 SoC=1.0000
ep=0561 frame=002 slot=09 J_F=  -735.00 meanZ=75.28 SoC=1.0000
ep=0561 frame=003 slot=09 J_F= -1178.00 meanZ=70.08 SoC=1.0000
ep=0561 frame=004 slot=09 J_F=  -763.10 meanZ=63.54 SoC=1.0000
ep=0561 frame=005 slot=09 J_F=  -320.70 meanZ=58.78 SoC=1.0000
ep=0561 frame=006 slot=09 J_F=   -57.00 meanZ=55.96 SoC=1.0000
ep=0561 frame=007 slot=09 J_F=   -52.50 meanZ=53.22 SoC=1.0000
ep=0561 frame=008 slot=09 J_F=  -327.00 meanZ=49.70 SoC=1.0000
ep=0561 frame=009 slot=09 J_F=   486.00 meanZ=46.92 SoC=1.0000
ep=0561 frame=010 slot=09 J_F=  -263.50 meanZ=44.56 SoC=1.0000
ep=0561 frame=011 slot=09 J_F=   204.90 meanZ=42.84 SoC=1.0000
ep=0561 frame=012 slot=09 J_F=   566.40 meanZ=42.12 SoC=1.0000
ep=0561 frame=013 slot=09 J_F=    93.30 meanZ=41.86 SoC=1.0000
ep=0561 frame=014 slot=09 J_F=   892.90 meanZ=41.44 SoC=1.0000
ep=0561 frame=015 slot=09 J_F=   -68.00 meanZ=41.42 SoC=1.0000
ep=0561 frame=016 slot=09 J_F=   322.40 meanZ=40.56 SoC=1.0000
ep=0561 frame=017 slot=09 J_F=   -25.10 meanZ=40.06 SoC=1.0000
ep=0561 frame=018 slot=09 J_F=  -238.00 meanZ=37.18 SoC=1.0000
ep=0561 frame=019 slot=09 J_F=   127.00 meanZ=35.66 SoC=1.0000
ep=0561 frame=020 slot=09 J_F=   283.00 meanZ=35.12 SoC=1.0000
ep=0561 frame=021 slot=09 J_F=   676.90 meanZ=35.36 SoC=1.0000
ep=0561 frame=022 slot=09 J_F=    -2.50 meanZ=34.60 SoC=1.0000
ep=0561 frame=023 slot=09 J_F=   576.40 meanZ=34.98 SoC=1.0000
ep=0561 frame=024 slot=09 J_F=   431.40 meanZ=35.36 SoC=1.0000
ep=0561 frame=025 slot=09 J_F=   358.80 meanZ=34.42 SoC=1.0000
ep=0561 frame=026 slot=09 J_F=   347.50 meanZ=34.38 SoC=1.0000
ep=0561 frame=027 slot=09 J_F=   385.50 meanZ=35.50 SoC=1.0000
ep=0561 frame=028 slot=09 J_F=   294.50 meanZ=35.90 SoC=1.0000
ep=0561 frame=029 slot=09 J_F=   136.40 meanZ=33.88 SoC=1.0000
hppo_rsu 562/750 QoE=0.40252 stall=0.1079 148.33s
ep=0562 frame=000 slot=09 J_F= -3074.00 meanZ=88.08 SoC=1.0000
ep=0562 frame=001 slot=09 J_F= -1971.00 meanZ=80.98 SoC=1.0000
ep=0562 frame=002 slot=09 J_F= -1457.60 meanZ=75.36 SoC=1.0000
ep=0562 frame=003 slot=09 J_F= -1105.00 meanZ=68.42 SoC=1.0000
ep=0562 frame=004 slot=09 J_F=  -219.00 meanZ=62.26 SoC=1.0000
ep=0562 frame=005 slot=09 J_F=   -23.10 meanZ=57.76 SoC=1.0000
ep=0562 frame=006 slot=09 J_F=  -386.60 meanZ=54.86 SoC=1.0000
ep=0562 frame=007 slot=09 J_F=  -282.10 meanZ=51.42 SoC=1.0000
ep=0562 frame=008 slot=09 J_F=   -36.60 meanZ=48.40 SoC=1.0000
ep=0562 frame=009 slot=09 J_F=   193.00 meanZ=47.38 SoC=1.0000
ep=0562 frame=010 slot=09 J_F=  -361.60 meanZ=44.54 SoC=1.0000
ep=0562 frame=011 slot=09 J_F=   180.50 meanZ=42.34 SoC=1.0000
ep=0562 frame=012 slot=09 J_F=   -13.80 meanZ=39.96 SoC=1.0000
ep=0562 frame=013 slot=09 J_F=     2.90 meanZ=37.66 SoC=1.0000
ep=0562 frame=014 slot=09 J_F=  -298.50 meanZ=35.86 SoC=1.0000
ep=0562 frame=015 slot=09 J_F=   546.20 meanZ=35.16 SoC=1.0000
ep=0562 frame=016 slot=09 J_F=    28.40 meanZ=34.20 SoC=1.0000
ep=0562 frame=017 slot=09 J_F=  -346.00 meanZ=33.34 SoC=1.0000
ep=0562 frame=018 slot=09 J_F=   356.00 meanZ=33.68 SoC=1.0000
ep=0562 frame=019 slot=09 J_F=   494.50 meanZ=33.96 SoC=1.0000
ep=0562 frame=020 slot=09 J_F=   428.60 meanZ=33.16 SoC=1.0000
ep=0562 frame=021 slot=09 J_F=   771.90 meanZ=32.86 SoC=1.0000
ep=0562 frame=022 slot=09 J_F=   387.00 meanZ=32.08 SoC=1.0000
ep=0562 frame=023 slot=09 J_F=   165.80 meanZ=31.72 SoC=1.0000
ep=0562 frame=024 slot=09 J_F=   451.40 meanZ=32.84 SoC=1.0000
ep=0562 frame=025 slot=09 J_F=   100.90 meanZ=31.52 SoC=1.0000
ep=0562 frame=026 slot=09 J_F=   319.40 meanZ=31.12 SoC=1.0000
ep=0562 frame=027 slot=09 J_F=   133.80 meanZ=29.82 SoC=1.0000
ep=0562 frame=028 slot=09 J_F=    30.50 meanZ=28.40 SoC=1.0000
ep=0562 frame=029 slot=09 J_F=   -30.10 meanZ=28.50 SoC=1.0000
hppo_rsu 563/750 QoE=0.38573 stall=0.1182 144.69s
ep=0563 frame=000 slot=09 J_F= -3518.10 meanZ=88.60 SoC=1.0000
ep=0563 frame=001 slot=09 J_F= -1702.00 meanZ=81.14 SoC=1.0000
ep=0563 frame=002 slot=09 J_F= -1284.60 meanZ=73.66 SoC=1.0000
ep=0563 frame=003 slot=09 J_F=  -784.60 meanZ=66.86 SoC=1.0000
ep=0563 frame=004 slot=09 J_F=   -79.00 meanZ=60.44 SoC=1.0000
ep=0563 frame=005 slot=09 J_F=  -115.50 meanZ=56.30 SoC=1.0000
ep=0563 frame=006 slot=09 J_F=  -232.00 meanZ=51.24 SoC=1.0000
ep=0563 frame=007 slot=09 J_F=  -181.50 meanZ=47.74 SoC=1.0000
ep=0563 frame=008 slot=09 J_F=   180.40 meanZ=46.88 SoC=1.0000
ep=0563 frame=009 slot=09 J_F=  -248.70 meanZ=45.16 SoC=1.0000
ep=0563 frame=010 slot=09 J_F=   271.80 meanZ=42.34 SoC=1.0000
ep=0563 frame=011 slot=09 J_F=   -23.50 meanZ=40.16 SoC=1.0000
ep=0563 frame=012 slot=09 J_F=    22.20 meanZ=38.56 SoC=1.0000
ep=0563 frame=013 slot=09 J_F=   181.50 meanZ=38.54 SoC=1.0000
ep=0563 frame=014 slot=09 J_F=   770.30 meanZ=38.04 SoC=1.0000
ep=0563 frame=015 slot=09 J_F=   262.90 meanZ=38.00 SoC=1.0000
ep=0563 frame=016 slot=09 J_F=   828.80 meanZ=38.36 SoC=1.0000
ep=0563 frame=017 slot=09 J_F=   397.00 meanZ=39.10 SoC=1.0000
ep=0563 frame=018 slot=09 J_F=   365.40 meanZ=40.20 SoC=1.0000
ep=0563 frame=019 slot=09 J_F=  -148.20 meanZ=38.40 SoC=1.0000
ep=0563 frame=020 slot=09 J_F=   625.80 meanZ=37.98 SoC=1.0000
ep=0563 frame=021 slot=09 J_F=   533.50 meanZ=38.70 SoC=1.0000
ep=0563 frame=022 slot=09 J_F=  -161.10 meanZ=38.24 SoC=1.0000
ep=0563 frame=023 slot=09 J_F=     5.50 meanZ=37.38 SoC=1.0000
ep=0563 frame=024 slot=09 J_F=   204.50 meanZ=36.54 SoC=1.0000
ep=0563 frame=025 slot=09 J_F=   614.80 meanZ=37.64 SoC=1.0000
ep=0563 frame=026 slot=09 J_F=   242.50 meanZ=38.44 SoC=1.0000
ep=0563 frame=027 slot=09 J_F=    90.70 meanZ=38.64 SoC=1.0000
ep=0563 frame=028 slot=09 J_F=   717.00 meanZ=37.30 SoC=1.0000
ep=0563 frame=029 slot=09 J_F=   119.90 meanZ=36.98 SoC=1.0000
hppo_rsu 564/750 QoE=0.36783 stall=0.1201 149.62s
ep=0564 frame=000 slot=09 J_F= -3021.00 meanZ=88.36 SoC=1.0000
ep=0564 frame=001 slot=09 J_F= -1039.50 meanZ=81.46 SoC=1.0000
ep=0564 frame=002 slot=09 J_F= -1442.20 meanZ=73.88 SoC=1.0000
ep=0564 frame=003 slot=09 J_F=  -621.70 meanZ=67.22 SoC=1.0000
ep=0564 frame=004 slot=09 J_F= -1290.20 meanZ=59.58 SoC=1.0000
ep=0564 frame=005 slot=09 J_F=  -611.30 meanZ=52.68 SoC=1.0000
ep=0564 frame=006 slot=09 J_F=  -124.50 meanZ=47.88 SoC=1.0000
ep=0564 frame=007 slot=09 J_F=    73.50 meanZ=45.08 SoC=1.0000
ep=0564 frame=008 slot=09 J_F=   -34.00 meanZ=42.60 SoC=1.0000
ep=0564 frame=009 slot=09 J_F=    14.50 meanZ=40.50 SoC=1.0000
ep=0564 frame=010 slot=09 J_F=   248.90 meanZ=38.34 SoC=1.0000
ep=0564 frame=011 slot=09 J_F=   -43.60 meanZ=38.26 SoC=1.0000
ep=0564 frame=012 slot=09 J_F=  -182.10 meanZ=37.32 SoC=1.0000
ep=0564 frame=013 slot=09 J_F=   386.90 meanZ=36.34 SoC=1.0000
ep=0564 frame=014 slot=09 J_F=    91.40 meanZ=37.06 SoC=1.0000
ep=0564 frame=015 slot=09 J_F=   500.00 meanZ=37.36 SoC=1.0000
ep=0564 frame=016 slot=09 J_F=  -431.80 meanZ=35.88 SoC=1.0000
ep=0564 frame=017 slot=09 J_F=   898.30 meanZ=37.36 SoC=1.0000
ep=0564 frame=018 slot=09 J_F=   133.50 meanZ=34.42 SoC=1.0000
ep=0564 frame=019 slot=09 J_F=   390.10 meanZ=32.86 SoC=1.0000
ep=0564 frame=020 slot=09 J_F=    93.00 meanZ=33.18 SoC=1.0000
ep=0564 frame=021 slot=09 J_F=   245.80 meanZ=34.48 SoC=1.0000
ep=0564 frame=022 slot=09 J_F=   604.60 meanZ=35.06 SoC=1.0000
ep=0564 frame=023 slot=09 J_F=    99.00 meanZ=35.80 SoC=1.0000
ep=0564 frame=024 slot=09 J_F=   753.50 meanZ=36.04 SoC=1.0000
ep=0564 frame=025 slot=09 J_F=   418.30 meanZ=36.68 SoC=1.0000
ep=0564 frame=026 slot=09 J_F=   531.30 meanZ=37.08 SoC=1.0000
ep=0564 frame=027 slot=09 J_F=   407.30 meanZ=37.74 SoC=1.0000
ep=0564 frame=028 slot=09 J_F=   732.90 meanZ=37.42 SoC=1.0000
ep=0564 frame=029 slot=09 J_F=   114.30 meanZ=37.18 SoC=1.0000
hppo_rsu 565/750 QoE=0.36577 stall=0.1218 148.74s
ep=0565 frame=000 slot=09 J_F= -2816.50 meanZ=89.24 SoC=1.0000
ep=0565 frame=001 slot=09 J_F= -2087.10 meanZ=80.98 SoC=1.0000
ep=0565 frame=002 slot=09 J_F= -1103.10 meanZ=74.50 SoC=1.0000
ep=0565 frame=003 slot=09 J_F=  -754.50 meanZ=68.20 SoC=1.0000
ep=0565 frame=004 slot=09 J_F=  -763.60 meanZ=61.94 SoC=1.0000
ep=0565 frame=005 slot=09 J_F=    75.40 meanZ=56.02 SoC=1.0000
ep=0565 frame=006 slot=09 J_F=   -74.60 meanZ=52.50 SoC=1.0000
ep=0565 frame=007 slot=09 J_F=  -428.20 meanZ=48.84 SoC=1.0000
ep=0565 frame=008 slot=09 J_F=  -247.10 meanZ=45.58 SoC=1.0000
ep=0565 frame=009 slot=09 J_F=   107.40 meanZ=42.70 SoC=1.0000
ep=0565 frame=010 slot=09 J_F=   281.40 meanZ=41.54 SoC=1.0000
ep=0565 frame=011 slot=09 J_F=   578.00 meanZ=41.58 SoC=1.0000
ep=0565 frame=012 slot=09 J_F=  -165.70 meanZ=40.60 SoC=1.0000
ep=0565 frame=013 slot=09 J_F=   395.50 meanZ=40.52 SoC=1.0000
ep=0565 frame=014 slot=09 J_F=  -132.00 meanZ=38.72 SoC=1.0000
ep=0565 frame=015 slot=09 J_F=  -152.50 meanZ=36.78 SoC=1.0000
ep=0565 frame=016 slot=09 J_F=   330.00 meanZ=36.72 SoC=1.0000
ep=0565 frame=017 slot=09 J_F=   387.40 meanZ=37.12 SoC=1.0000
ep=0565 frame=018 slot=09 J_F=  -189.20 meanZ=35.82 SoC=1.0000
ep=0565 frame=019 slot=09 J_F=   245.30 meanZ=34.82 SoC=1.0000
ep=0565 frame=020 slot=09 J_F=   453.40 meanZ=33.70 SoC=1.0000
ep=0565 frame=021 slot=09 J_F=   363.30 meanZ=32.90 SoC=1.0000
ep=0565 frame=022 slot=09 J_F=   468.90 meanZ=32.84 SoC=1.0000
ep=0565 frame=023 slot=09 J_F=   415.80 meanZ=32.76 SoC=1.0000
ep=0565 frame=024 slot=09 J_F=   392.80 meanZ=32.72 SoC=1.0000
ep=0565 frame=025 slot=09 J_F=   328.50 meanZ=32.08 SoC=1.0000
ep=0565 frame=026 slot=09 J_F=   457.00 meanZ=33.08 SoC=1.0000
ep=0565 frame=027 slot=09 J_F=   486.10 meanZ=34.56 SoC=1.0000
ep=0565 frame=028 slot=09 J_F=   405.80 meanZ=35.40 SoC=1.0000
ep=0565 frame=029 slot=09 J_F=   293.50 meanZ=35.78 SoC=1.0000
hppo_rsu 566/750 QoE=0.37510 stall=0.1188 149.04s
ep=0566 frame=000 slot=09 J_F= -3819.50 meanZ=88.98 SoC=1.0000
ep=0566 frame=001 slot=09 J_F= -2099.70 meanZ=81.58 SoC=1.0000
ep=0566 frame=002 slot=09 J_F= -1255.00 meanZ=74.80 SoC=1.0000
ep=0566 frame=003 slot=09 J_F= -1274.60 meanZ=67.18 SoC=1.0000
ep=0566 frame=004 slot=09 J_F=   -78.50 meanZ=60.78 SoC=1.0000
ep=0566 frame=005 slot=09 J_F=   214.50 meanZ=57.34 SoC=1.0000
ep=0566 frame=006 slot=09 J_F=  -359.00 meanZ=52.24 SoC=1.0000
ep=0566 frame=007 slot=09 J_F=  -263.60 meanZ=48.22 SoC=1.0000
ep=0566 frame=008 slot=09 J_F=   -74.00 meanZ=45.10 SoC=1.0000
ep=0566 frame=009 slot=09 J_F=   -25.50 meanZ=41.98 SoC=1.0000
ep=0566 frame=010 slot=09 J_F=   288.00 meanZ=40.48 SoC=1.0000
ep=0566 frame=011 slot=09 J_F=   373.40 meanZ=38.60 SoC=1.0000
ep=0566 frame=012 slot=09 J_F=  -277.50 meanZ=36.36 SoC=1.0000
ep=0566 frame=013 slot=09 J_F=   222.50 meanZ=35.82 SoC=1.0000
ep=0566 frame=014 slot=09 J_F=     1.30 meanZ=33.86 SoC=1.0000
ep=0566 frame=015 slot=09 J_F=   423.70 meanZ=33.52 SoC=1.0000
ep=0566 frame=016 slot=09 J_F=   167.60 meanZ=33.06 SoC=1.0000
ep=0566 frame=017 slot=09 J_F=   587.30 meanZ=32.34 SoC=1.0000
ep=0566 frame=018 slot=09 J_F=   339.90 meanZ=32.48 SoC=1.0000
ep=0566 frame=019 slot=09 J_F=   444.30 meanZ=31.48 SoC=1.0000
ep=0566 frame=020 slot=09 J_F=   594.90 meanZ=32.96 SoC=1.0000
ep=0566 frame=021 slot=09 J_F=   594.00 meanZ=32.58 SoC=1.0000
ep=0566 frame=022 slot=09 J_F=   504.50 meanZ=32.60 SoC=1.0000
ep=0566 frame=023 slot=09 J_F=   351.90 meanZ=33.38 SoC=1.0000
ep=0566 frame=024 slot=09 J_F=   127.50 meanZ=32.84 SoC=1.0000
ep=0566 frame=025 slot=09 J_F=   242.90 meanZ=31.42 SoC=1.0000
ep=0566 frame=026 slot=09 J_F=   882.00 meanZ=32.38 SoC=1.0000
ep=0566 frame=027 slot=09 J_F=   307.40 meanZ=31.34 SoC=1.0000
ep=0566 frame=028 slot=09 J_F=   571.50 meanZ=32.10 SoC=1.0000
ep=0566 frame=029 slot=09 J_F=   -13.10 meanZ=30.90 SoC=1.0000
hppo_rsu 567/750 QoE=0.38461 stall=0.1166 149.33s
ep=0567 frame=000 slot=09 J_F= -3285.60 meanZ=88.12 SoC=1.0000
ep=0567 frame=001 slot=09 J_F= -1818.00 meanZ=80.68 SoC=1.0000
ep=0567 frame=002 slot=09 J_F= -1683.10 meanZ=72.62 SoC=1.0000
ep=0567 frame=003 slot=09 J_F=  -457.60 meanZ=65.90 SoC=1.0000
ep=0567 frame=004 slot=09 J_F=  -626.50 meanZ=59.42 SoC=1.0000
ep=0567 frame=005 slot=09 J_F=   155.40 meanZ=54.44 SoC=1.0000
ep=0567 frame=006 slot=09 J_F=  -598.40 meanZ=50.10 SoC=1.0000
ep=0567 frame=007 slot=09 J_F=   348.90 meanZ=47.52 SoC=1.0000
ep=0567 frame=008 slot=09 J_F=  -525.20 meanZ=44.08 SoC=1.0000
ep=0567 frame=009 slot=09 J_F=   165.00 meanZ=42.10 SoC=1.0000
ep=0567 frame=010 slot=09 J_F=   330.10 meanZ=42.20 SoC=1.0000
ep=0567 frame=011 slot=09 J_F=   237.90 meanZ=41.34 SoC=1.0000
ep=0567 frame=012 slot=09 J_F=   -95.90 meanZ=39.88 SoC=1.0000
ep=0567 frame=013 slot=09 J_F=   881.00 meanZ=41.66 SoC=1.0000
ep=0567 frame=014 slot=09 J_F=   722.00 meanZ=40.30 SoC=1.0000
ep=0567 frame=015 slot=09 J_F=   213.40 meanZ=39.72 SoC=1.0000
ep=0567 frame=016 slot=09 J_F=   427.80 meanZ=41.00 SoC=1.0000
ep=0567 frame=017 slot=09 J_F=   310.30 meanZ=40.44 SoC=1.0000
ep=0567 frame=018 slot=09 J_F=   268.90 meanZ=41.18 SoC=1.0000
ep=0567 frame=019 slot=09 J_F=   274.00 meanZ=42.18 SoC=1.0000
ep=0567 frame=020 slot=09 J_F=   412.10 meanZ=40.62 SoC=1.0000
ep=0567 frame=021 slot=09 J_F=   661.40 meanZ=41.68 SoC=1.0000
ep=0567 frame=022 slot=09 J_F=  -262.30 meanZ=40.04 SoC=1.0000
ep=0567 frame=023 slot=09 J_F=   389.10 meanZ=41.08 SoC=1.0000
ep=0567 frame=024 slot=09 J_F=   180.90 meanZ=40.90 SoC=1.0000
ep=0567 frame=025 slot=09 J_F=   716.50 meanZ=40.16 SoC=1.0000
ep=0567 frame=026 slot=09 J_F=   421.90 meanZ=40.96 SoC=1.0000
ep=0567 frame=027 slot=09 J_F=   191.40 meanZ=40.54 SoC=1.0000
ep=0567 frame=028 slot=09 J_F=    11.20 meanZ=39.46 SoC=1.0000
ep=0567 frame=029 slot=09 J_F=    43.30 meanZ=40.40 SoC=1.0000
hppo_rsu 568/750 QoE=0.32910 stall=0.1329 148.12s
ep=0568 frame=000 slot=09 J_F= -2534.20 meanZ=88.88 SoC=1.0000
ep=0568 frame=001 slot=09 J_F= -1591.60 meanZ=82.10 SoC=1.0000
ep=0568 frame=002 slot=09 J_F=  -975.70 meanZ=75.14 SoC=1.0000
ep=0568 frame=003 slot=09 J_F= -1298.20 meanZ=68.54 SoC=1.0000
ep=0568 frame=004 slot=09 J_F=  -935.50 meanZ=61.94 SoC=1.0000
ep=0568 frame=005 slot=09 J_F= -1213.60 meanZ=54.92 SoC=1.0000
ep=0568 frame=006 slot=09 J_F=  -435.50 meanZ=50.70 SoC=1.0000
ep=0568 frame=007 slot=09 J_F=   404.40 meanZ=46.60 SoC=1.0000
ep=0568 frame=008 slot=09 J_F=  -154.80 meanZ=43.02 SoC=1.0000
ep=0568 frame=009 slot=09 J_F=   410.40 meanZ=41.00 SoC=1.0000
ep=0568 frame=010 slot=09 J_F=    73.40 meanZ=40.14 SoC=1.0000
ep=0568 frame=011 slot=09 J_F=   130.90 meanZ=37.78 SoC=1.0000
ep=0568 frame=012 slot=09 J_F=   236.80 meanZ=36.82 SoC=1.0000
ep=0568 frame=013 slot=09 J_F=   238.20 meanZ=34.96 SoC=1.0000
ep=0568 frame=014 slot=09 J_F=   854.00 meanZ=33.42 SoC=1.0000
ep=0568 frame=015 slot=09 J_F=   418.10 meanZ=34.10 SoC=1.0000
ep=0568 frame=016 slot=09 J_F=   438.50 meanZ=33.08 SoC=1.0000
ep=0568 frame=017 slot=09 J_F=   136.60 meanZ=31.74 SoC=1.0000
ep=0568 frame=018 slot=09 J_F=   315.10 meanZ=31.96 SoC=1.0000
ep=0568 frame=019 slot=09 J_F=   782.30 meanZ=33.22 SoC=1.0000
ep=0568 frame=020 slot=09 J_F=   509.00 meanZ=32.70 SoC=1.0000
ep=0568 frame=021 slot=09 J_F=   584.80 meanZ=33.08 SoC=1.0000
ep=0568 frame=022 slot=09 J_F=   -33.40 meanZ=34.02 SoC=1.0000
ep=0568 frame=023 slot=09 J_F=   142.60 meanZ=33.90 SoC=1.0000
ep=0568 frame=024 slot=09 J_F=   434.00 meanZ=34.32 SoC=1.0000
ep=0568 frame=025 slot=09 J_F=   866.10 meanZ=35.24 SoC=1.0000
ep=0568 frame=026 slot=09 J_F=   153.10 meanZ=36.34 SoC=1.0000
ep=0568 frame=027 slot=09 J_F=   296.50 meanZ=35.32 SoC=1.0000
ep=0568 frame=028 slot=09 J_F=   947.00 meanZ=37.52 SoC=1.0000
ep=0568 frame=029 slot=09 J_F=   -89.90 meanZ=36.46 SoC=1.0000
hppo_rsu 569/750 QoE=0.40009 stall=0.1085 153.86s
ep=0569 frame=000 slot=09 J_F= -3083.00 meanZ=87.78 SoC=1.0000
ep=0569 frame=001 slot=09 J_F= -1352.50 meanZ=80.12 SoC=1.0000
ep=0569 frame=002 slot=09 J_F= -1891.60 meanZ=72.44 SoC=1.0000
ep=0569 frame=003 slot=09 J_F=  -803.10 meanZ=66.16 SoC=1.0000
ep=0569 frame=004 slot=09 J_F=  -726.60 meanZ=59.92 SoC=1.0000
ep=0569 frame=005 slot=09 J_F=  -322.60 meanZ=53.66 SoC=1.0000
ep=0569 frame=006 slot=09 J_F=   280.40 meanZ=50.72 SoC=1.0000
ep=0569 frame=007 slot=09 J_F=    28.90 meanZ=45.62 SoC=1.0000
ep=0569 frame=008 slot=09 J_F=  -513.70 meanZ=41.62 SoC=1.0000
ep=0569 frame=009 slot=09 J_F=  -366.50 meanZ=41.12 SoC=1.0000
ep=0569 frame=010 slot=09 J_F=   448.00 meanZ=41.18 SoC=1.0000
ep=0569 frame=011 slot=09 J_F=   480.20 meanZ=40.52 SoC=1.0000
ep=0569 frame=012 slot=09 J_F=   349.90 meanZ=38.50 SoC=1.0000
ep=0569 frame=013 slot=09 J_F=   614.90 meanZ=38.36 SoC=1.0000
ep=0569 frame=014 slot=09 J_F=   677.30 meanZ=38.54 SoC=1.0000
ep=0569 frame=015 slot=09 J_F=  -333.70 meanZ=37.62 SoC=1.0000
ep=0569 frame=016 slot=09 J_F=   396.50 meanZ=36.56 SoC=1.0000
ep=0569 frame=017 slot=09 J_F=    86.00 meanZ=36.64 SoC=1.0000
ep=0569 frame=018 slot=09 J_F=   213.50 meanZ=36.38 SoC=1.0000
ep=0569 frame=019 slot=09 J_F=    73.00 meanZ=36.46 SoC=1.0000
ep=0569 frame=020 slot=09 J_F=   354.80 meanZ=35.88 SoC=1.0000
ep=0569 frame=021 slot=09 J_F=    34.40 meanZ=36.08 SoC=1.0000
ep=0569 frame=022 slot=09 J_F=   302.60 meanZ=37.82 SoC=1.0000
ep=0569 frame=023 slot=09 J_F=   463.00 meanZ=37.52 SoC=1.0000
ep=0569 frame=024 slot=09 J_F=   293.30 meanZ=38.20 SoC=1.0000
ep=0569 frame=025 slot=09 J_F=   319.30 meanZ=38.88 SoC=1.0000
ep=0569 frame=026 slot=09 J_F=  -176.60 meanZ=36.64 SoC=1.0000
ep=0569 frame=027 slot=09 J_F=   386.00 meanZ=35.62 SoC=1.0000
ep=0569 frame=028 slot=09 J_F=   500.40 meanZ=35.44 SoC=1.0000
ep=0569 frame=029 slot=09 J_F=  -187.00 meanZ=34.94 SoC=1.0000
hppo_rsu 570/750 QoE=0.37338 stall=0.1193 147.03s
ep=0570 frame=000 slot=09 J_F= -2920.60 meanZ=88.76 SoC=1.0000
ep=0570 frame=001 slot=09 J_F= -1969.10 meanZ=81.00 SoC=1.0000
ep=0570 frame=002 slot=09 J_F= -1868.70 meanZ=73.18 SoC=1.0000
ep=0570 frame=003 slot=09 J_F=  -400.20 meanZ=67.24 SoC=1.0000
ep=0570 frame=004 slot=09 J_F=  -720.60 meanZ=59.92 SoC=1.0000
ep=0570 frame=005 slot=09 J_F=  -175.20 meanZ=54.34 SoC=1.0000
ep=0570 frame=006 slot=09 J_F=  -651.50 meanZ=48.90 SoC=1.0000
ep=0570 frame=007 slot=09 J_F=  -289.10 meanZ=44.80 SoC=1.0000
ep=0570 frame=008 slot=09 J_F=  1030.10 meanZ=46.22 SoC=1.0000
ep=0570 frame=009 slot=09 J_F=   212.40 meanZ=45.54 SoC=1.0000
ep=0570 frame=010 slot=09 J_F=  -180.60 meanZ=44.56 SoC=1.0000
ep=0570 frame=011 slot=09 J_F=   -58.00 meanZ=44.34 SoC=1.0000
ep=0570 frame=012 slot=09 J_F=   408.50 meanZ=43.28 SoC=1.0000
ep=0570 frame=013 slot=09 J_F=   268.00 meanZ=43.54 SoC=1.0000
ep=0570 frame=014 slot=09 J_F=   -90.20 meanZ=41.76 SoC=1.0000
ep=0570 frame=015 slot=09 J_F=   300.50 meanZ=42.24 SoC=1.0000
ep=0570 frame=016 slot=09 J_F=  1046.00 meanZ=42.02 SoC=1.0000
ep=0570 frame=017 slot=09 J_F=   455.60 meanZ=41.90 SoC=1.0000
ep=0570 frame=018 slot=09 J_F=   556.00 meanZ=42.68 SoC=1.0000
ep=0570 frame=019 slot=09 J_F=  -128.20 meanZ=41.64 SoC=1.0000
ep=0570 frame=020 slot=09 J_F=    60.50 meanZ=40.02 SoC=1.0000
ep=0570 frame=021 slot=09 J_F=  -257.60 meanZ=39.34 SoC=1.0000
ep=0570 frame=022 slot=09 J_F=   279.00 meanZ=37.48 SoC=1.0000
ep=0570 frame=023 slot=09 J_F=     3.00 meanZ=36.28 SoC=1.0000
ep=0570 frame=024 slot=09 J_F=   636.40 meanZ=36.14 SoC=1.0000
ep=0570 frame=025 slot=09 J_F=   350.00 meanZ=37.08 SoC=1.0000
ep=0570 frame=026 slot=09 J_F=   -88.60 meanZ=36.94 SoC=1.0000
ep=0570 frame=027 slot=09 J_F=   461.20 meanZ=38.30 SoC=1.0000
ep=0570 frame=028 slot=09 J_F=    93.10 meanZ=38.54 SoC=1.0000
ep=0570 frame=029 slot=09 J_F=   255.40 meanZ=37.82 SoC=1.0000
hppo_rsu 571/750 QoE=0.26664 stall=0.1587 146.73s
ep=0571 frame=000 slot=09 J_F= -3273.60 meanZ=88.00 SoC=1.0000
ep=0571 frame=001 slot=09 J_F= -1753.60 meanZ=80.54 SoC=1.0000
ep=0571 frame=002 slot=09 J_F= -1272.00 meanZ=73.24 SoC=1.0000
ep=0571 frame=003 slot=09 J_F= -1474.10 meanZ=66.42 SoC=1.0000
ep=0571 frame=004 slot=09 J_F=  -660.70 meanZ=59.66 SoC=1.0000
ep=0571 frame=005 slot=09 J_F=  -228.00 meanZ=54.22 SoC=1.0000
ep=0571 frame=006 slot=09 J_F=  -112.30 meanZ=50.38 SoC=1.0000
ep=0571 frame=007 slot=09 J_F=   231.90 meanZ=46.30 SoC=1.0000
ep=0571 frame=008 slot=09 J_F=   634.90 meanZ=45.96 SoC=1.0000
ep=0571 frame=009 slot=09 J_F=   104.40 meanZ=43.60 SoC=1.0000
ep=0571 frame=010 slot=09 J_F=   441.40 meanZ=41.52 SoC=1.0000
ep=0571 frame=011 slot=09 J_F=   161.90 meanZ=39.80 SoC=1.0000
ep=0571 frame=012 slot=09 J_F=  -221.10 meanZ=37.38 SoC=1.0000
ep=0571 frame=013 slot=09 J_F=   149.70 meanZ=36.94 SoC=1.0000
ep=0571 frame=014 slot=09 J_F=    50.90 meanZ=33.68 SoC=1.0000
ep=0571 frame=015 slot=09 J_F=    41.90 meanZ=32.98 SoC=1.0000
ep=0571 frame=016 slot=09 J_F=   635.50 meanZ=32.90 SoC=1.0000
ep=0571 frame=017 slot=09 J_F=  -106.10 meanZ=31.44 SoC=1.0000
ep=0571 frame=018 slot=09 J_F=   512.90 meanZ=30.64 SoC=1.0000
ep=0571 frame=019 slot=09 J_F=  -136.10 meanZ=29.70 SoC=1.0000
ep=0571 frame=020 slot=09 J_F=   568.30 meanZ=31.16 SoC=1.0000
ep=0571 frame=021 slot=09 J_F=   596.50 meanZ=31.32 SoC=1.0000
ep=0571 frame=022 slot=09 J_F=   647.90 meanZ=32.84 SoC=1.0000
ep=0571 frame=023 slot=09 J_F=   112.50 meanZ=33.30 SoC=1.0000
ep=0571 frame=024 slot=09 J_F=  -212.60 meanZ=32.92 SoC=1.0000
ep=0571 frame=025 slot=09 J_F=   865.50 meanZ=33.30 SoC=1.0000
ep=0571 frame=026 slot=09 J_F=   472.90 meanZ=33.66 SoC=1.0000
ep=0571 frame=027 slot=09 J_F=   203.50 meanZ=36.14 SoC=1.0000
ep=0571 frame=028 slot=09 J_F=   655.90 meanZ=36.64 SoC=1.0000
ep=0571 frame=029 slot=09 J_F=   418.30 meanZ=36.74 SoC=1.0000
hppo_rsu 572/750 QoE=0.42086 stall=0.1007 145.97s
ep=0572 frame=000 slot=09 J_F= -3277.50 meanZ=88.00 SoC=1.0000
ep=0572 frame=001 slot=09 J_F= -2349.10 meanZ=79.22 SoC=1.0000
ep=0572 frame=002 slot=09 J_F=  -775.20 meanZ=71.62 SoC=1.0000
ep=0572 frame=003 slot=09 J_F=  -448.10 meanZ=66.42 SoC=1.0000
ep=0572 frame=004 slot=09 J_F=  -817.80 meanZ=60.40 SoC=1.0000
ep=0572 frame=005 slot=09 J_F=  -257.70 meanZ=53.68 SoC=1.0000
ep=0572 frame=006 slot=09 J_F=   -62.70 meanZ=50.26 SoC=1.0000
ep=0572 frame=007 slot=09 J_F=  -113.20 meanZ=46.52 SoC=1.0000
ep=0572 frame=008 slot=09 J_F=   295.70 meanZ=43.58 SoC=1.0000
ep=0572 frame=009 slot=09 J_F=  1014.40 meanZ=42.78 SoC=1.0000
ep=0572 frame=010 slot=09 J_F=  -100.10 meanZ=41.06 SoC=1.0000
ep=0572 frame=011 slot=09 J_F=   459.90 meanZ=41.30 SoC=1.0000
ep=0572 frame=012 slot=09 J_F=   425.50 meanZ=41.58 SoC=1.0000
ep=0572 frame=013 slot=09 J_F=   209.10 meanZ=39.54 SoC=1.0000
ep=0572 frame=014 slot=09 J_F=   598.30 meanZ=38.92 SoC=1.0000
ep=0572 frame=015 slot=09 J_F=    24.60 meanZ=38.34 SoC=1.0000
ep=0572 frame=016 slot=09 J_F=   823.60 meanZ=39.22 SoC=1.0000
ep=0572 frame=017 slot=09 J_F=   951.10 meanZ=42.04 SoC=1.0000
ep=0572 frame=018 slot=09 J_F=   620.90 meanZ=41.92 SoC=1.0000
ep=0572 frame=019 slot=09 J_F=   645.90 meanZ=40.88 SoC=1.0000
ep=0572 frame=020 slot=09 J_F=  -113.00 meanZ=40.52 SoC=1.0000
ep=0572 frame=021 slot=09 J_F=   722.20 meanZ=41.10 SoC=1.0000
ep=0572 frame=022 slot=09 J_F=   379.60 meanZ=40.84 SoC=1.0000
ep=0572 frame=023 slot=09 J_F=  -257.50 meanZ=39.50 SoC=1.0000
ep=0572 frame=024 slot=09 J_F=   414.90 meanZ=38.80 SoC=1.0000
ep=0572 frame=025 slot=09 J_F=   212.00 meanZ=37.34 SoC=1.0000
ep=0572 frame=026 slot=09 J_F=    49.00 meanZ=36.92 SoC=1.0000
ep=0572 frame=027 slot=09 J_F=   876.60 meanZ=37.10 SoC=1.0000
ep=0572 frame=028 slot=09 J_F=   355.80 meanZ=36.92 SoC=1.0000
ep=0572 frame=029 slot=09 J_F=    86.50 meanZ=36.64 SoC=1.0000
hppo_rsu 573/750 QoE=0.37485 stall=0.1179 145.24s
ep=0573 frame=000 slot=09 J_F= -3543.00 meanZ=88.36 SoC=1.0000
ep=0573 frame=001 slot=09 J_F= -1960.50 meanZ=80.80 SoC=1.0000
ep=0573 frame=002 slot=09 J_F= -1359.20 meanZ=73.80 SoC=1.0000
ep=0573 frame=003 slot=09 J_F= -1051.00 meanZ=68.34 SoC=1.0000
ep=0573 frame=004 slot=09 J_F=  -127.00 meanZ=62.66 SoC=1.0000
ep=0573 frame=005 slot=09 J_F=  -463.20 meanZ=57.32 SoC=1.0000
ep=0573 frame=006 slot=09 J_F=  -126.60 meanZ=52.76 SoC=1.0000
ep=0573 frame=007 slot=09 J_F=  -174.10 meanZ=50.12 SoC=1.0000
ep=0573 frame=008 slot=09 J_F=   -27.10 meanZ=47.64 SoC=1.0000
ep=0573 frame=009 slot=09 J_F=  -105.00 meanZ=44.42 SoC=1.0000
ep=0573 frame=010 slot=09 J_F=  -134.10 meanZ=42.12 SoC=1.0000
ep=0573 frame=011 slot=09 J_F=   279.40 meanZ=40.66 SoC=1.0000
ep=0573 frame=012 slot=09 J_F=   301.80 meanZ=39.66 SoC=1.0000
ep=0573 frame=013 slot=09 J_F=   345.00 meanZ=37.74 SoC=1.0000
ep=0573 frame=014 slot=09 J_F=   699.50 meanZ=37.98 SoC=1.0000
ep=0573 frame=015 slot=09 J_F=   785.50 meanZ=38.46 SoC=1.0000
ep=0573 frame=016 slot=09 J_F=   486.00 meanZ=38.20 SoC=1.0000
ep=0573 frame=017 slot=09 J_F=   336.50 meanZ=38.54 SoC=1.0000
ep=0573 frame=018 slot=09 J_F=  -149.50 meanZ=38.54 SoC=1.0000
ep=0573 frame=019 slot=09 J_F=   453.50 meanZ=36.72 SoC=1.0000
ep=0573 frame=020 slot=09 J_F=   650.00 meanZ=36.98 SoC=1.0000
ep=0573 frame=021 slot=09 J_F=   331.80 meanZ=36.50 SoC=1.0000
ep=0573 frame=022 slot=09 J_F=   -67.70 meanZ=36.42 SoC=1.0000
ep=0573 frame=023 slot=09 J_F=   958.50 meanZ=36.52 SoC=1.0000
ep=0573 frame=024 slot=09 J_F=   -17.20 meanZ=36.36 SoC=1.0000
ep=0573 frame=025 slot=09 J_F=   435.90 meanZ=37.56 SoC=1.0000
ep=0573 frame=026 slot=09 J_F=   345.60 meanZ=36.14 SoC=1.0000
ep=0573 frame=027 slot=09 J_F=    92.30 meanZ=36.38 SoC=1.0000
ep=0573 frame=028 slot=09 J_F=    -9.50 meanZ=36.16 SoC=1.0000
ep=0573 frame=029 slot=09 J_F=   157.90 meanZ=34.26 SoC=1.0000
hppo_rsu 574/750 QoE=0.39884 stall=0.1101 152.11s
ep=0574 frame=000 slot=09 J_F= -2627.20 meanZ=88.88 SoC=1.0000
ep=0574 frame=001 slot=09 J_F= -1761.50 meanZ=81.54 SoC=1.0000
ep=0574 frame=002 slot=09 J_F=  -925.10 meanZ=74.52 SoC=1.0000
ep=0574 frame=003 slot=09 J_F= -1458.30 meanZ=66.58 SoC=1.0000
ep=0574 frame=004 slot=09 J_F=  -774.10 meanZ=62.06 SoC=1.0000
ep=0574 frame=005 slot=09 J_F=   563.00 meanZ=59.48 SoC=1.0000
ep=0574 frame=006 slot=09 J_F=  -497.10 meanZ=55.26 SoC=1.0000
ep=0574 frame=007 slot=09 J_F=  -135.00 meanZ=51.28 SoC=1.0000
ep=0574 frame=008 slot=09 J_F=   122.40 meanZ=49.66 SoC=1.0000
ep=0574 frame=009 slot=09 J_F=   262.80 meanZ=48.82 SoC=1.0000
ep=0574 frame=010 slot=09 J_F=   124.00 meanZ=45.36 SoC=1.0000
ep=0574 frame=011 slot=09 J_F=   790.80 meanZ=45.02 SoC=1.0000
ep=0574 frame=012 slot=09 J_F=   121.50 meanZ=45.16 SoC=1.0000
ep=0574 frame=013 slot=09 J_F=   121.30 meanZ=42.00 SoC=1.0000
ep=0574 frame=014 slot=09 J_F=  -215.40 meanZ=41.14 SoC=1.0000
ep=0574 frame=015 slot=09 J_F=   427.90 meanZ=41.50 SoC=1.0000
ep=0574 frame=016 slot=09 J_F=   435.60 meanZ=40.18 SoC=1.0000
ep=0574 frame=017 slot=09 J_F=   -74.60 meanZ=39.42 SoC=1.0000
ep=0574 frame=018 slot=09 J_F=   209.60 meanZ=38.60 SoC=1.0000
ep=0574 frame=019 slot=09 J_F=   618.30 meanZ=38.38 SoC=1.0000
ep=0574 frame=020 slot=09 J_F=   612.90 meanZ=39.50 SoC=1.0000
ep=0574 frame=021 slot=09 J_F=   -37.60 meanZ=37.78 SoC=1.0000
ep=0574 frame=022 slot=09 J_F=    54.50 meanZ=36.86 SoC=1.0000
ep=0574 frame=023 slot=09 J_F=   108.40 meanZ=36.88 SoC=1.0000
ep=0574 frame=024 slot=09 J_F=   398.00 meanZ=36.48 SoC=1.0000
ep=0574 frame=025 slot=09 J_F=   889.30 meanZ=37.90 SoC=1.0000
ep=0574 frame=026 slot=09 J_F=   164.00 meanZ=39.36 SoC=1.0000
ep=0574 frame=027 slot=09 J_F=   612.80 meanZ=38.48 SoC=1.0000
ep=0574 frame=028 slot=09 J_F=  -588.50 meanZ=37.96 SoC=1.0000
ep=0574 frame=029 slot=09 J_F=   501.70 meanZ=37.40 SoC=1.0000
ep=1000000 frame=000 slot=09 J_F= -2502.00 meanZ=88.84 SoC=1.0000
ep=1000000 frame=001 slot=09 J_F= -1570.60 meanZ=81.14 SoC=1.0000
ep=1000000 frame=002 slot=09 J_F= -1911.60 meanZ=73.30 SoC=1.0000
ep=1000000 frame=003 slot=09 J_F=  -932.10 meanZ=65.74 SoC=1.0000
ep=1000000 frame=004 slot=09 J_F=  -681.50 meanZ=59.94 SoC=1.0000
ep=1000000 frame=005 slot=09 J_F=  -255.30 meanZ=53.50 SoC=1.0000
ep=1000000 frame=006 slot=09 J_F=  -267.10 meanZ=48.60 SoC=1.0000
ep=1000000 frame=007 slot=09 J_F=   -19.60 meanZ=45.48 SoC=1.0000
ep=1000000 frame=008 slot=09 J_F=    69.40 meanZ=42.10 SoC=1.0000
ep=1000000 frame=009 slot=09 J_F=   426.10 meanZ=40.28 SoC=1.0000
ep=1000000 frame=010 slot=09 J_F=   425.90 meanZ=39.48 SoC=1.0000
ep=1000000 frame=011 slot=09 J_F=   -58.10 meanZ=38.04 SoC=1.0000
ep=1000000 frame=012 slot=09 J_F=    57.10 meanZ=37.98 SoC=1.0000
ep=1000000 frame=013 slot=09 J_F=   472.40 meanZ=38.18 SoC=1.0000
ep=1000000 frame=014 slot=09 J_F=   368.90 meanZ=37.28 SoC=1.0000
ep=1000000 frame=015 slot=09 J_F=   174.40 meanZ=35.50 SoC=1.0000
ep=1000000 frame=016 slot=09 J_F=   322.30 meanZ=34.86 SoC=1.0000
ep=1000000 frame=017 slot=09 J_F=    82.80 meanZ=35.70 SoC=1.0000
ep=1000000 frame=018 slot=09 J_F=    32.30 meanZ=35.46 SoC=1.0000
ep=1000000 frame=019 slot=09 J_F=   177.90 meanZ=35.34 SoC=1.0000
ep=1000000 frame=020 slot=09 J_F=   748.40 meanZ=36.20 SoC=1.0000
ep=1000000 frame=021 slot=09 J_F=   732.90 meanZ=37.18 SoC=1.0000
ep=1000000 frame=022 slot=09 J_F=   259.00 meanZ=36.64 SoC=1.0000
ep=1000000 frame=023 slot=09 J_F=   317.30 meanZ=36.58 SoC=1.0000
ep=1000000 frame=024 slot=09 J_F=   406.40 meanZ=37.08 SoC=1.0000
ep=1000000 frame=025 slot=09 J_F=   863.40 meanZ=37.82 SoC=1.0000
ep=1000000 frame=026 slot=09 J_F=   383.90 meanZ=37.70 SoC=1.0000
ep=1000000 frame=027 slot=09 J_F=  -209.60 meanZ=38.02 SoC=1.0000
ep=1000000 frame=028 slot=09 J_F=   719.00 meanZ=38.30 SoC=1.0000
ep=1000000 frame=029 slot=09 J_F=   258.50 meanZ=37.96 SoC=1.0000
ep=1000001 frame=000 slot=09 J_F= -2414.50 meanZ=88.70 SoC=1.0000
ep=1000001 frame=001 slot=09 J_F= -1191.00 meanZ=82.24 SoC=1.0000
ep=1000001 frame=002 slot=09 J_F= -1060.00 meanZ=75.20 SoC=1.0000
ep=1000001 frame=003 slot=09 J_F=  -709.00 meanZ=68.06 SoC=1.0000
ep=1000001 frame=004 slot=09 J_F= -1447.10 meanZ=59.16 SoC=1.0000
ep=1000001 frame=005 slot=09 J_F=  -203.60 meanZ=53.16 SoC=1.0000
ep=1000001 frame=006 slot=09 J_F=  -383.60 meanZ=47.96 SoC=1.0000
ep=1000001 frame=007 slot=09 J_F=  -329.00 meanZ=44.48 SoC=1.0000
ep=1000001 frame=008 slot=09 J_F=   206.50 meanZ=41.86 SoC=1.0000
ep=1000001 frame=009 slot=09 J_F=  -696.10 meanZ=38.98 SoC=1.0000
ep=1000001 frame=010 slot=09 J_F=   -44.20 meanZ=37.28 SoC=1.0000
ep=1000001 frame=011 slot=09 J_F=    10.30 meanZ=36.62 SoC=1.0000
ep=1000001 frame=012 slot=09 J_F=   118.40 meanZ=35.48 SoC=1.0000
ep=1000001 frame=013 slot=09 J_F=   628.90 meanZ=35.30 SoC=1.0000
ep=1000001 frame=014 slot=09 J_F=   933.50 meanZ=37.06 SoC=1.0000
ep=1000001 frame=015 slot=09 J_F=   303.00 meanZ=36.12 SoC=1.0000
ep=1000001 frame=016 slot=09 J_F=   404.90 meanZ=35.50 SoC=1.0000
ep=1000001 frame=017 slot=09 J_F=   131.90 meanZ=35.56 SoC=1.0000
ep=1000001 frame=018 slot=09 J_F=   612.80 meanZ=36.30 SoC=1.0000
ep=1000001 frame=019 slot=09 J_F=   726.90 meanZ=36.48 SoC=1.0000
ep=1000001 frame=020 slot=09 J_F=   376.40 meanZ=35.90 SoC=1.0000
ep=1000001 frame=021 slot=09 J_F=   591.30 meanZ=35.58 SoC=1.0000
ep=1000001 frame=022 slot=09 J_F=   -12.00 meanZ=35.10 SoC=1.0000
ep=1000001 frame=023 slot=09 J_F=   -57.60 meanZ=34.74 SoC=1.0000
ep=1000001 frame=024 slot=09 J_F=   238.20 meanZ=34.84 SoC=1.0000
ep=1000001 frame=025 slot=09 J_F=   374.70 meanZ=34.60 SoC=1.0000
ep=1000001 frame=026 slot=09 J_F=    64.50 meanZ=34.56 SoC=1.0000
ep=1000001 frame=027 slot=09 J_F=   331.50 meanZ=34.58 SoC=1.0000
ep=1000001 frame=028 slot=09 J_F=   445.50 meanZ=34.64 SoC=1.0000
ep=1000001 frame=029 slot=09 J_F=    42.30 meanZ=34.44 SoC=1.0000
ep=1000002 frame=000 slot=09 J_F= -2024.50 meanZ=89.30 SoC=1.0000
ep=1000002 frame=001 slot=09 J_F= -2299.60 meanZ=81.92 SoC=1.0000
ep=1000002 frame=002 slot=09 J_F= -1592.60 meanZ=73.56 SoC=1.0000
ep=1000002 frame=003 slot=09 J_F= -1134.80 meanZ=66.30 SoC=1.0000
ep=1000002 frame=004 slot=09 J_F=  -415.10 meanZ=60.00 SoC=1.0000
ep=1000002 frame=005 slot=09 J_F=   133.40 meanZ=54.64 SoC=1.0000
ep=1000002 frame=006 slot=09 J_F=   197.40 meanZ=50.60 SoC=1.0000
ep=1000002 frame=007 slot=09 J_F=  -224.20 meanZ=47.74 SoC=1.0000
ep=1000002 frame=008 slot=09 J_F=  -138.20 meanZ=45.44 SoC=1.0000
ep=1000002 frame=009 slot=09 J_F=  -313.10 meanZ=43.10 SoC=1.0000
ep=1000002 frame=010 slot=09 J_F=   491.90 meanZ=42.34 SoC=1.0000
ep=1000002 frame=011 slot=09 J_F=   321.90 meanZ=40.82 SoC=1.0000
ep=1000002 frame=012 slot=09 J_F=   122.60 meanZ=39.46 SoC=1.0000
ep=1000002 frame=013 slot=09 J_F=   -74.50 meanZ=38.74 SoC=1.0000
ep=1000002 frame=014 slot=09 J_F=  -400.60 meanZ=36.88 SoC=1.0000
ep=1000002 frame=015 slot=09 J_F=   306.60 meanZ=35.90 SoC=1.0000
ep=1000002 frame=016 slot=09 J_F=   111.10 meanZ=35.36 SoC=1.0000
ep=1000002 frame=017 slot=09 J_F=   -58.50 meanZ=34.84 SoC=1.0000
ep=1000002 frame=018 slot=09 J_F=   460.90 meanZ=33.96 SoC=1.0000
ep=1000002 frame=019 slot=09 J_F=   324.00 meanZ=35.22 SoC=1.0000
ep=1000002 frame=020 slot=09 J_F=   222.90 meanZ=35.04 SoC=1.0000
ep=1000002 frame=021 slot=09 J_F=    25.40 meanZ=35.22 SoC=1.0000
ep=1000002 frame=022 slot=09 J_F=   381.20 meanZ=35.22 SoC=1.0000
ep=1000002 frame=023 slot=09 J_F=    27.80 meanZ=34.94 SoC=1.0000
ep=1000002 frame=024 slot=09 J_F=   432.90 meanZ=33.52 SoC=1.0000
ep=1000002 frame=025 slot=09 J_F=   429.90 meanZ=33.64 SoC=1.0000
ep=1000002 frame=026 slot=09 J_F=   255.30 meanZ=32.56 SoC=1.0000
ep=1000002 frame=027 slot=09 J_F=   157.00 meanZ=32.42 SoC=1.0000
ep=1000002 frame=028 slot=09 J_F=   307.30 meanZ=33.10 SoC=1.0000
ep=1000002 frame=029 slot=09 J_F=   501.50 meanZ=33.36 SoC=1.0000
ep=1000003 frame=000 slot=09 J_F= -3252.60 meanZ=88.42 SoC=1.0000
ep=1000003 frame=001 slot=09 J_F= -1121.10 meanZ=80.86 SoC=1.0000
ep=1000003 frame=002 slot=09 J_F= -1900.10 meanZ=74.16 SoC=1.0000
ep=1000003 frame=003 slot=09 J_F= -1165.30 meanZ=67.16 SoC=1.0000
ep=1000003 frame=004 slot=09 J_F=  -305.00 meanZ=61.62 SoC=1.0000
ep=1000003 frame=005 slot=09 J_F=  -981.50 meanZ=56.34 SoC=1.0000
ep=1000003 frame=006 slot=09 J_F=   -40.10 meanZ=51.66 SoC=1.0000
ep=1000003 frame=007 slot=09 J_F=   699.80 meanZ=51.68 SoC=1.0000
ep=1000003 frame=008 slot=09 J_F=   -88.00 meanZ=48.38 SoC=1.0000
ep=1000003 frame=009 slot=09 J_F=   408.20 meanZ=46.86 SoC=1.0000
ep=1000003 frame=010 slot=09 J_F=   284.90 meanZ=44.82 SoC=1.0000
ep=1000003 frame=011 slot=09 J_F=    -8.60 meanZ=42.84 SoC=1.0000
ep=1000003 frame=012 slot=09 J_F=   563.40 meanZ=43.36 SoC=1.0000
ep=1000003 frame=013 slot=09 J_F=  -427.20 meanZ=42.28 SoC=1.0000
ep=1000003 frame=014 slot=09 J_F=  -224.60 meanZ=41.08 SoC=1.0000
ep=1000003 frame=015 slot=09 J_F=   574.00 meanZ=41.22 SoC=1.0000
ep=1000003 frame=016 slot=09 J_F=  -479.60 meanZ=38.98 SoC=1.0000
ep=1000003 frame=017 slot=09 J_F=   201.90 meanZ=38.10 SoC=1.0000
ep=1000003 frame=018 slot=09 J_F=   -10.50 meanZ=36.60 SoC=1.0000
ep=1000003 frame=019 slot=09 J_F=   196.90 meanZ=35.52 SoC=1.0000
ep=1000003 frame=020 slot=09 J_F=   538.80 meanZ=36.30 SoC=1.0000
ep=1000003 frame=021 slot=09 J_F=   352.50 meanZ=36.80 SoC=1.0000
ep=1000003 frame=022 slot=09 J_F=   209.80 meanZ=35.10 SoC=1.0000
ep=1000003 frame=023 slot=09 J_F=   229.10 meanZ=34.48 SoC=1.0000
ep=1000003 frame=024 slot=09 J_F=   291.50 meanZ=34.72 SoC=1.0000
ep=1000003 frame=025 slot=09 J_F=   647.00 meanZ=35.40 SoC=1.0000
ep=1000003 frame=026 slot=09 J_F=   283.90 meanZ=34.64 SoC=1.0000
ep=1000003 frame=027 slot=09 J_F=  -288.00 meanZ=35.24 SoC=1.0000
ep=1000003 frame=028 slot=09 J_F=   575.50 meanZ=35.82 SoC=1.0000
ep=1000003 frame=029 slot=09 J_F=   420.20 meanZ=35.42 SoC=1.0000
ep=1000004 frame=000 slot=09 J_F= -2785.50 meanZ=87.94 SoC=1.0000
ep=1000004 frame=001 slot=09 J_F= -1316.10 meanZ=81.28 SoC=1.0000
ep=1000004 frame=002 slot=09 J_F= -1227.00 meanZ=74.50 SoC=1.0000
ep=1000004 frame=003 slot=09 J_F= -1229.60 meanZ=67.44 SoC=1.0000
ep=1000004 frame=004 slot=09 J_F=  -671.60 meanZ=59.58 SoC=1.0000
ep=1000004 frame=005 slot=09 J_F=    56.40 meanZ=53.92 SoC=1.0000
ep=1000004 frame=006 slot=09 J_F=  -842.00 meanZ=48.66 SoC=1.0000
ep=1000004 frame=007 slot=09 J_F=   178.50 meanZ=45.38 SoC=1.0000
ep=1000004 frame=008 slot=09 J_F=  -125.20 meanZ=44.62 SoC=1.0000
ep=1000004 frame=009 slot=09 J_F=  -230.20 meanZ=42.84 SoC=1.0000
ep=1000004 frame=010 slot=09 J_F=  -149.40 meanZ=41.76 SoC=1.0000
ep=1000004 frame=011 slot=09 J_F=  -279.10 meanZ=38.64 SoC=1.0000
ep=1000004 frame=012 slot=09 J_F=   144.90 meanZ=39.30 SoC=1.0000
ep=1000004 frame=013 slot=09 J_F=   369.60 meanZ=38.40 SoC=1.0000
ep=1000004 frame=014 slot=09 J_F=   -45.60 meanZ=37.76 SoC=1.0000
ep=1000004 frame=015 slot=09 J_F=   996.00 meanZ=37.78 SoC=1.0000
ep=1000004 frame=016 slot=09 J_F=   757.00 meanZ=35.74 SoC=1.0000
ep=1000004 frame=017 slot=09 J_F=   272.00 meanZ=37.06 SoC=1.0000
ep=1000004 frame=018 slot=09 J_F=   246.50 meanZ=38.28 SoC=1.0000
ep=1000004 frame=019 slot=09 J_F=  -211.60 meanZ=36.86 SoC=1.0000
ep=1000004 frame=020 slot=09 J_F=  -126.60 meanZ=36.64 SoC=1.0000
ep=1000004 frame=021 slot=09 J_F=   114.40 meanZ=35.92 SoC=1.0000
ep=1000004 frame=022 slot=09 J_F=   878.40 meanZ=36.20 SoC=1.0000
ep=1000004 frame=023 slot=09 J_F=   162.00 meanZ=37.12 SoC=1.0000
ep=1000004 frame=024 slot=09 J_F=   769.00 meanZ=37.12 SoC=1.0000
ep=1000004 frame=025 slot=09 J_F=   824.90 meanZ=37.64 SoC=1.0000
ep=1000004 frame=026 slot=09 J_F=   556.50 meanZ=38.20 SoC=1.0000
ep=1000004 frame=027 slot=09 J_F=   706.50 meanZ=38.34 SoC=1.0000
ep=1000004 frame=028 slot=09 J_F=   276.90 meanZ=38.46 SoC=1.0000
ep=1000004 frame=029 slot=09 J_F=   293.30 meanZ=38.12 SoC=1.0000
ep=1000005 frame=000 slot=09 J_F= -3273.60 meanZ=88.18 SoC=1.0000
ep=1000005 frame=001 slot=09 J_F= -1746.60 meanZ=81.22 SoC=1.0000
ep=1000005 frame=002 slot=09 J_F= -1390.60 meanZ=74.90 SoC=1.0000
ep=1000005 frame=003 slot=09 J_F= -1105.50 meanZ=67.24 SoC=1.0000
ep=1000005 frame=004 slot=09 J_F= -1129.70 meanZ=60.36 SoC=1.0000
ep=1000005 frame=005 slot=09 J_F=   -69.60 meanZ=55.60 SoC=1.0000
ep=1000005 frame=006 slot=09 J_F=  -393.70 meanZ=49.70 SoC=1.0000
ep=1000005 frame=007 slot=09 J_F=   336.90 meanZ=48.56 SoC=1.0000
ep=1000005 frame=008 slot=09 J_F=  -465.70 meanZ=45.32 SoC=1.0000
ep=1000005 frame=009 slot=09 J_F=   412.30 meanZ=44.16 SoC=1.0000
ep=1000005 frame=010 slot=09 J_F=   -24.20 meanZ=40.58 SoC=1.0000
ep=1000005 frame=011 slot=09 J_F=   424.00 meanZ=40.26 SoC=1.0000
ep=1000005 frame=012 slot=09 J_F=   136.80 meanZ=39.48 SoC=1.0000
ep=1000005 frame=013 slot=09 J_F=   -80.00 meanZ=37.04 SoC=1.0000
ep=1000005 frame=014 slot=09 J_F=   382.40 meanZ=36.26 SoC=1.0000
ep=1000005 frame=015 slot=09 J_F=   -29.60 meanZ=34.46 SoC=1.0000
ep=1000005 frame=016 slot=09 J_F=   357.80 meanZ=33.38 SoC=1.0000
ep=1000005 frame=017 slot=09 J_F=   564.90 meanZ=33.08 SoC=1.0000
ep=1000005 frame=018 slot=09 J_F=   423.40 meanZ=33.66 SoC=1.0000
ep=1000005 frame=019 slot=09 J_F=   170.90 meanZ=33.00 SoC=1.0000
ep=1000005 frame=020 slot=09 J_F=   294.50 meanZ=31.92 SoC=1.0000
ep=1000005 frame=021 slot=09 J_F=   107.90 meanZ=31.34 SoC=1.0000
ep=1000005 frame=022 slot=09 J_F=   619.00 meanZ=30.64 SoC=1.0000
ep=1000005 frame=023 slot=09 J_F=   343.00 meanZ=31.28 SoC=1.0000
ep=1000005 frame=024 slot=09 J_F=   112.90 meanZ=32.38 SoC=1.0000
ep=1000005 frame=025 slot=09 J_F=   295.90 meanZ=32.82 SoC=1.0000
ep=1000005 frame=026 slot=09 J_F=   747.80 meanZ=32.70 SoC=1.0000
ep=1000005 frame=027 slot=09 J_F=   160.50 meanZ=33.12 SoC=1.0000
ep=1000005 frame=028 slot=09 J_F=   289.40 meanZ=33.98 SoC=1.0000
ep=1000005 frame=029 slot=09 J_F=   584.50 meanZ=33.56 SoC=1.0000
ep=1000006 frame=000 slot=09 J_F= -1626.00 meanZ=89.08 SoC=1.0000
ep=1000006 frame=001 slot=09 J_F= -1405.00 meanZ=82.04 SoC=1.0000
ep=1000006 frame=002 slot=09 J_F= -1481.00 meanZ=74.58 SoC=1.0000
ep=1000006 frame=003 slot=09 J_F= -1184.60 meanZ=67.80 SoC=1.0000
ep=1000006 frame=004 slot=09 J_F=  -697.00 meanZ=60.08 SoC=1.0000
ep=1000006 frame=005 slot=09 J_F=  -232.60 meanZ=56.12 SoC=1.0000
ep=1000006 frame=006 slot=09 J_F=   -94.50 meanZ=50.90 SoC=1.0000
ep=1000006 frame=007 slot=09 J_F=   370.90 meanZ=48.12 SoC=1.0000
ep=1000006 frame=008 slot=09 J_F=   165.80 meanZ=45.68 SoC=1.0000
ep=1000006 frame=009 slot=09 J_F=  -328.80 meanZ=44.04 SoC=1.0000
ep=1000006 frame=010 slot=09 J_F=   110.00 meanZ=42.72 SoC=1.0000
ep=1000006 frame=011 slot=09 J_F=   112.40 meanZ=41.98 SoC=1.0000
ep=1000006 frame=012 slot=09 J_F=   169.50 meanZ=39.56 SoC=1.0000
ep=1000006 frame=013 slot=09 J_F=   681.90 meanZ=41.00 SoC=1.0000
ep=1000006 frame=014 slot=09 J_F=   -18.50 meanZ=40.44 SoC=1.0000
ep=1000006 frame=015 slot=09 J_F=    47.50 meanZ=39.52 SoC=1.0000
ep=1000006 frame=016 slot=09 J_F=   532.30 meanZ=38.70 SoC=1.0000
ep=1000006 frame=017 slot=09 J_F=   266.90 meanZ=38.26 SoC=1.0000
ep=1000006 frame=018 slot=09 J_F=   327.90 meanZ=37.20 SoC=1.0000
ep=1000006 frame=019 slot=09 J_F=  -132.50 meanZ=36.58 SoC=1.0000
ep=1000006 frame=020 slot=09 J_F=   456.50 meanZ=36.30 SoC=1.0000
ep=1000006 frame=021 slot=09 J_F=   452.00 meanZ=36.40 SoC=1.0000
ep=1000006 frame=022 slot=09 J_F=  -144.80 meanZ=35.14 SoC=1.0000
ep=1000006 frame=023 slot=09 J_F=   347.00 meanZ=35.28 SoC=1.0000
ep=1000006 frame=024 slot=09 J_F=   462.00 meanZ=35.00 SoC=1.0000
ep=1000006 frame=025 slot=09 J_F=   577.30 meanZ=34.36 SoC=1.0000
ep=1000006 frame=026 slot=09 J_F=   292.00 meanZ=35.42 SoC=1.0000
ep=1000006 frame=027 slot=09 J_F=   382.50 meanZ=35.34 SoC=1.0000
ep=1000006 frame=028 slot=09 J_F=    99.30 meanZ=35.98 SoC=1.0000
ep=1000006 frame=029 slot=09 J_F=   611.00 meanZ=35.32 SoC=1.0000
ep=1000007 frame=000 slot=09 J_F= -3480.00 meanZ=87.64 SoC=1.0000
ep=1000007 frame=001 slot=09 J_F= -1505.90 meanZ=79.96 SoC=1.0000
ep=1000007 frame=002 slot=09 J_F= -1894.70 meanZ=72.00 SoC=1.0000
ep=1000007 frame=003 slot=09 J_F=  -367.60 meanZ=65.90 SoC=1.0000
ep=1000007 frame=004 slot=09 J_F= -1153.20 meanZ=59.20 SoC=1.0000
ep=1000007 frame=005 slot=09 J_F=  -445.10 meanZ=54.06 SoC=1.0000
ep=1000007 frame=006 slot=09 J_F=    64.80 meanZ=50.66 SoC=1.0000
ep=1000007 frame=007 slot=09 J_F=  -516.20 meanZ=46.74 SoC=1.0000
ep=1000007 frame=008 slot=09 J_F=   206.40 meanZ=44.84 SoC=1.0000
ep=1000007 frame=009 slot=09 J_F=   349.90 meanZ=44.30 SoC=1.0000
ep=1000007 frame=010 slot=09 J_F=   120.40 meanZ=42.04 SoC=1.0000
ep=1000007 frame=011 slot=09 J_F=    50.90 meanZ=39.56 SoC=1.0000
ep=1000007 frame=012 slot=09 J_F=   597.00 meanZ=39.64 SoC=1.0000
ep=1000007 frame=013 slot=09 J_F=   131.80 meanZ=38.30 SoC=1.0000
ep=1000007 frame=014 slot=09 J_F=   398.00 meanZ=37.48 SoC=1.0000
ep=1000007 frame=015 slot=09 J_F=   260.40 meanZ=37.16 SoC=1.0000
ep=1000007 frame=016 slot=09 J_F=   222.30 meanZ=35.72 SoC=1.0000
ep=1000007 frame=017 slot=09 J_F=   354.00 meanZ=37.28 SoC=1.0000
ep=1000007 frame=018 slot=09 J_F=   680.00 meanZ=37.28 SoC=1.0000
ep=1000007 frame=019 slot=09 J_F=    25.00 meanZ=37.10 SoC=1.0000
ep=1000007 frame=020 slot=09 J_F=   362.00 meanZ=36.82 SoC=1.0000
ep=1000007 frame=021 slot=09 J_F=   478.90 meanZ=37.46 SoC=1.0000
ep=1000007 frame=022 slot=09 J_F=    70.30 meanZ=36.66 SoC=1.0000
ep=1000007 frame=023 slot=09 J_F=   481.40 meanZ=37.76 SoC=1.0000
ep=1000007 frame=024 slot=09 J_F=  -438.60 meanZ=36.70 SoC=1.0000
ep=1000007 frame=025 slot=09 J_F=   248.90 meanZ=36.44 SoC=1.0000
ep=1000007 frame=026 slot=09 J_F=   162.50 meanZ=36.46 SoC=1.0000
ep=1000007 frame=027 slot=09 J_F=   166.60 meanZ=35.34 SoC=1.0000
ep=1000007 frame=028 slot=09 J_F=   152.50 meanZ=35.36 SoC=1.0000
ep=1000007 frame=029 slot=09 J_F=  -208.50 meanZ=34.52 SoC=1.0000
ep=1000008 frame=000 slot=09 J_F= -3450.00 meanZ=87.16 SoC=1.0000
ep=1000008 frame=001 slot=09 J_F= -2257.10 meanZ=78.60 SoC=1.0000
ep=1000008 frame=002 slot=09 J_F= -1652.20 meanZ=71.36 SoC=1.0000
ep=1000008 frame=003 slot=09 J_F=  -781.50 meanZ=64.54 SoC=1.0000
ep=1000008 frame=004 slot=09 J_F=  -671.20 meanZ=58.46 SoC=1.0000
ep=1000008 frame=005 slot=09 J_F=    15.00 meanZ=52.70 SoC=1.0000
ep=1000008 frame=006 slot=09 J_F=   -60.10 meanZ=49.28 SoC=1.0000
ep=1000008 frame=007 slot=09 J_F=   -30.60 meanZ=45.50 SoC=1.0000
ep=1000008 frame=008 slot=09 J_F=   251.40 meanZ=43.60 SoC=1.0000
ep=1000008 frame=009 slot=09 J_F=  -103.00 meanZ=40.14 SoC=1.0000
ep=1000008 frame=010 slot=09 J_F=   -79.20 meanZ=38.12 SoC=1.0000
ep=1000008 frame=011 slot=09 J_F=    37.40 meanZ=38.90 SoC=1.0000
ep=1000008 frame=012 slot=09 J_F=    17.90 meanZ=36.62 SoC=1.0000
ep=1000008 frame=013 slot=09 J_F=   936.30 meanZ=37.00 SoC=1.0000
ep=1000008 frame=014 slot=09 J_F=    -4.70 meanZ=36.38 SoC=1.0000
ep=1000008 frame=015 slot=09 J_F=   508.30 meanZ=36.36 SoC=1.0000
ep=1000008 frame=016 slot=09 J_F=     6.20 meanZ=35.60 SoC=1.0000
ep=1000008 frame=017 slot=09 J_F=   323.50 meanZ=35.44 SoC=1.0000
ep=1000008 frame=018 slot=09 J_F=   216.40 meanZ=35.84 SoC=1.0000
ep=1000008 frame=019 slot=09 J_F=   193.40 meanZ=34.84 SoC=1.0000
ep=1000008 frame=020 slot=09 J_F=   -24.30 meanZ=33.80 SoC=1.0000
ep=1000008 frame=021 slot=09 J_F=  -122.20 meanZ=32.56 SoC=1.0000
ep=1000008 frame=022 slot=09 J_F=   487.00 meanZ=32.46 SoC=1.0000
ep=1000008 frame=023 slot=09 J_F=   372.80 meanZ=32.42 SoC=1.0000
ep=1000008 frame=024 slot=09 J_F=   213.50 meanZ=32.52 SoC=1.0000
ep=1000008 frame=025 slot=09 J_F=   605.00 meanZ=31.04 SoC=1.0000
ep=1000008 frame=026 slot=09 J_F=   303.50 meanZ=30.38 SoC=1.0000
ep=1000008 frame=027 slot=09 J_F=   129.50 meanZ=30.22 SoC=1.0000
ep=1000008 frame=028 slot=09 J_F=   215.90 meanZ=29.96 SoC=1.0000
ep=1000008 frame=029 slot=09 J_F=   551.00 meanZ=30.76 SoC=1.0000
ep=1000009 frame=000 slot=09 J_F= -3501.00 meanZ=87.40 SoC=1.0000
ep=1000009 frame=001 slot=09 J_F= -1423.70 meanZ=80.52 SoC=1.0000
ep=1000009 frame=002 slot=09 J_F= -1484.60 meanZ=73.50 SoC=1.0000
ep=1000009 frame=003 slot=09 J_F= -1283.30 meanZ=66.12 SoC=1.0000
ep=1000009 frame=004 slot=09 J_F= -1001.10 meanZ=58.96 SoC=1.0000
ep=1000009 frame=005 slot=09 J_F=   -79.20 meanZ=52.82 SoC=1.0000
ep=1000009 frame=006 slot=09 J_F=   199.00 meanZ=49.70 SoC=1.0000
ep=1000009 frame=007 slot=09 J_F=   243.40 meanZ=48.14 SoC=1.0000
ep=1000009 frame=008 slot=09 J_F=  -241.60 meanZ=44.74 SoC=1.0000
ep=1000009 frame=009 slot=09 J_F=   -73.10 meanZ=43.30 SoC=1.0000
ep=1000009 frame=010 slot=09 J_F=   336.30 meanZ=43.20 SoC=1.0000
ep=1000009 frame=011 slot=09 J_F=   452.40 meanZ=41.12 SoC=1.0000
ep=1000009 frame=012 slot=09 J_F=    30.30 meanZ=41.72 SoC=1.0000
ep=1000009 frame=013 slot=09 J_F=   -49.80 meanZ=41.02 SoC=1.0000
ep=1000009 frame=014 slot=09 J_F=  -150.00 meanZ=38.54 SoC=1.0000
ep=1000009 frame=015 slot=09 J_F=    29.60 meanZ=37.72 SoC=1.0000
ep=1000009 frame=016 slot=09 J_F=   324.50 meanZ=36.66 SoC=1.0000
ep=1000009 frame=017 slot=09 J_F=   344.30 meanZ=35.54 SoC=1.0000
ep=1000009 frame=018 slot=09 J_F=   310.80 meanZ=36.20 SoC=1.0000
ep=1000009 frame=019 slot=09 J_F=   217.80 meanZ=36.54 SoC=1.0000
ep=1000009 frame=020 slot=09 J_F=   349.90 meanZ=35.18 SoC=1.0000
ep=1000009 frame=021 slot=09 J_F=   459.40 meanZ=35.66 SoC=1.0000
ep=1000009 frame=022 slot=09 J_F=   217.00 meanZ=35.12 SoC=1.0000
ep=1000009 frame=023 slot=09 J_F=    94.30 meanZ=34.60 SoC=1.0000
ep=1000009 frame=024 slot=09 J_F=   208.90 meanZ=33.78 SoC=1.0000
ep=1000009 frame=025 slot=09 J_F=   385.90 meanZ=33.96 SoC=1.0000
ep=1000009 frame=026 slot=09 J_F=   238.50 meanZ=35.04 SoC=1.0000
ep=1000009 frame=027 slot=09 J_F=   506.80 meanZ=34.18 SoC=1.0000
ep=1000009 frame=028 slot=09 J_F=   249.30 meanZ=33.12 SoC=1.0000
ep=1000009 frame=029 slot=09 J_F=   385.00 meanZ=31.42 SoC=1.0000
hppo_rsu 575/750 QoE=0.34919 stall=0.1281 148.41s
ep=0575 frame=000 slot=09 J_F= -2494.60 meanZ=90.08 SoC=1.0000
ep=0575 frame=001 slot=09 J_F= -2022.50 meanZ=82.62 SoC=1.0000
ep=0575 frame=002 slot=09 J_F= -1621.70 meanZ=74.88 SoC=1.0000
ep=0575 frame=003 slot=09 J_F=  -516.10 meanZ=68.78 SoC=1.0000
ep=0575 frame=004 slot=09 J_F=  -495.20 meanZ=61.98 SoC=1.0000
ep=0575 frame=005 slot=09 J_F=    -3.60 meanZ=56.38 SoC=1.0000
ep=0575 frame=006 slot=09 J_F=    33.00 meanZ=52.38 SoC=1.0000
ep=0575 frame=007 slot=09 J_F=  -141.30 meanZ=48.66 SoC=1.0000
ep=0575 frame=008 slot=09 J_F=  -446.30 meanZ=45.20 SoC=1.0000
ep=0575 frame=009 slot=09 J_F=  -145.50 meanZ=42.62 SoC=1.0000
ep=0575 frame=010 slot=09 J_F=  -425.00 meanZ=40.08 SoC=1.0000
ep=0575 frame=011 slot=09 J_F=  -142.60 meanZ=38.34 SoC=1.0000
ep=0575 frame=012 slot=09 J_F=   -56.70 meanZ=36.84 SoC=1.0000
ep=0575 frame=013 slot=09 J_F=   537.50 meanZ=36.64 SoC=1.0000
ep=0575 frame=014 slot=09 J_F=   -31.40 meanZ=35.16 SoC=1.0000
ep=0575 frame=015 slot=09 J_F=   125.00 meanZ=35.00 SoC=1.0000
ep=0575 frame=016 slot=09 J_F=    52.90 meanZ=33.44 SoC=1.0000
ep=0575 frame=017 slot=09 J_F=   304.10 meanZ=32.68 SoC=1.0000
ep=0575 frame=018 slot=09 J_F=   909.50 meanZ=32.28 SoC=1.0000
ep=0575 frame=019 slot=09 J_F=   222.80 meanZ=32.14 SoC=1.0000
ep=0575 frame=020 slot=09 J_F=   430.20 meanZ=31.30 SoC=1.0000
ep=0575 frame=021 slot=09 J_F=    39.50 meanZ=32.02 SoC=1.0000
ep=0575 frame=022 slot=09 J_F=    46.00 meanZ=30.68 SoC=1.0000
ep=0575 frame=023 slot=09 J_F=   332.80 meanZ=29.46 SoC=1.0000
ep=0575 frame=024 slot=09 J_F=  -111.30 meanZ=30.00 SoC=1.0000
ep=0575 frame=025 slot=09 J_F=   137.00 meanZ=28.98 SoC=1.0000
ep=0575 frame=026 slot=09 J_F=    31.80 meanZ=28.70 SoC=1.0000
ep=0575 frame=027 slot=09 J_F=   499.50 meanZ=28.16 SoC=1.0000
ep=0575 frame=028 slot=09 J_F=   310.40 meanZ=29.56 SoC=1.0000
ep=0575 frame=029 slot=09 J_F=   305.00 meanZ=30.06 SoC=1.0000
hppo_rsu 576/750 QoE=0.38939 stall=0.1183 145.94s
ep=0576 frame=000 slot=09 J_F= -3513.10 meanZ=88.28 SoC=1.0000
ep=0576 frame=001 slot=09 J_F= -2094.50 meanZ=80.64 SoC=1.0000
ep=0576 frame=002 slot=09 J_F= -1182.60 meanZ=74.44 SoC=1.0000
ep=0576 frame=003 slot=09 J_F= -1449.60 meanZ=66.34 SoC=1.0000
ep=0576 frame=004 slot=09 J_F=  -445.10 meanZ=59.10 SoC=1.0000
ep=0576 frame=005 slot=09 J_F=  -198.00 meanZ=53.32 SoC=1.0000
ep=0576 frame=006 slot=09 J_F=  -772.70 meanZ=49.56 SoC=1.0000
ep=0576 frame=007 slot=09 J_F=   173.70 meanZ=45.80 SoC=1.0000
ep=0576 frame=008 slot=09 J_F=  -209.80 meanZ=41.90 SoC=1.0000
ep=0576 frame=009 slot=09 J_F=   192.00 meanZ=40.68 SoC=1.0000
ep=0576 frame=010 slot=09 J_F=    69.00 meanZ=39.74 SoC=1.0000
ep=0576 frame=011 slot=09 J_F=   339.40 meanZ=39.12 SoC=1.0000
ep=0576 frame=012 slot=09 J_F=   191.50 meanZ=38.42 SoC=1.0000
ep=0576 frame=013 slot=09 J_F=    67.80 meanZ=37.54 SoC=1.0000
ep=0576 frame=014 slot=09 J_F=    96.30 meanZ=35.62 SoC=1.0000
ep=0576 frame=015 slot=09 J_F=     6.80 meanZ=34.02 SoC=1.0000
ep=0576 frame=016 slot=09 J_F=   427.90 meanZ=32.82 SoC=1.0000
ep=0576 frame=017 slot=09 J_F=   266.20 meanZ=31.94 SoC=1.0000
ep=0576 frame=018 slot=09 J_F=   109.00 meanZ=30.92 SoC=1.0000
ep=0576 frame=019 slot=09 J_F=    79.50 meanZ=30.66 SoC=1.0000
ep=0576 frame=020 slot=09 J_F=   417.60 meanZ=30.98 SoC=1.0000
ep=0576 frame=021 slot=09 J_F=   563.40 meanZ=31.78 SoC=1.0000
ep=0576 frame=022 slot=09 J_F=   287.50 meanZ=32.76 SoC=1.0000
ep=0576 frame=023 slot=09 J_F=    98.90 meanZ=31.04 SoC=1.0000
ep=0576 frame=024 slot=09 J_F=    35.70 meanZ=29.52 SoC=1.0000
ep=0576 frame=025 slot=09 J_F=   364.00 meanZ=29.88 SoC=1.0000
ep=0576 frame=026 slot=09 J_F=   391.00 meanZ=28.62 SoC=1.0000
ep=0576 frame=027 slot=09 J_F=   148.50 meanZ=28.78 SoC=1.0000
ep=0576 frame=028 slot=09 J_F=   458.50 meanZ=27.32 SoC=1.0000
ep=0576 frame=029 slot=09 J_F=   994.50 meanZ=29.90 SoC=1.0000
hppo_rsu 577/750 QoE=0.40462 stall=0.1119 144.10s
ep=0577 frame=000 slot=09 J_F= -2818.60 meanZ=89.00 SoC=1.0000
ep=0577 frame=001 slot=09 J_F= -2120.50 meanZ=80.84 SoC=1.0000
ep=0577 frame=002 slot=09 J_F=  -677.50 meanZ=74.80 SoC=1.0000
ep=0577 frame=003 slot=09 J_F=  -542.20 meanZ=69.38 SoC=1.0000
ep=0577 frame=004 slot=09 J_F=  -748.60 meanZ=63.56 SoC=1.0000
ep=0577 frame=005 slot=09 J_F=  -494.30 meanZ=58.00 SoC=1.0000
ep=0577 frame=006 slot=09 J_F=  -337.20 meanZ=51.34 SoC=1.0000
ep=0577 frame=007 slot=09 J_F=   327.00 meanZ=48.22 SoC=1.0000
ep=0577 frame=008 slot=09 J_F=   383.00 meanZ=47.02 SoC=1.0000
ep=0577 frame=009 slot=09 J_F=   251.80 meanZ=44.76 SoC=1.0000
ep=0577 frame=010 slot=09 J_F=   632.60 meanZ=43.38 SoC=1.0000
ep=0577 frame=011 slot=09 J_F=   417.90 meanZ=42.14 SoC=1.0000
ep=0577 frame=012 slot=09 J_F=    85.80 meanZ=38.46 SoC=1.0000
ep=0577 frame=013 slot=09 J_F=   296.90 meanZ=38.42 SoC=1.0000
ep=0577 frame=014 slot=09 J_F=   379.90 meanZ=37.62 SoC=1.0000
ep=0577 frame=015 slot=09 J_F=    13.50 meanZ=37.30 SoC=1.0000
ep=0577 frame=016 slot=09 J_F=   470.50 meanZ=39.32 SoC=1.0000
ep=0577 frame=017 slot=09 J_F=   450.80 meanZ=38.34 SoC=1.0000
ep=0577 frame=018 slot=09 J_F=   516.80 meanZ=37.56 SoC=1.0000
ep=0577 frame=019 slot=09 J_F=   611.00 meanZ=37.58 SoC=1.0000
ep=0577 frame=020 slot=09 J_F=   107.50 meanZ=36.50 SoC=1.0000
ep=0577 frame=021 slot=09 J_F=   796.00 meanZ=36.54 SoC=1.0000
ep=0577 frame=022 slot=09 J_F=   542.00 meanZ=37.88 SoC=1.0000
ep=0577 frame=023 slot=09 J_F=   372.40 meanZ=38.38 SoC=1.0000
ep=0577 frame=024 slot=09 J_F=   443.90 meanZ=38.58 SoC=1.0000
ep=0577 frame=025 slot=09 J_F=   343.90 meanZ=38.16 SoC=1.0000
ep=0577 frame=026 slot=09 J_F=   199.30 meanZ=37.66 SoC=1.0000
ep=0577 frame=027 slot=09 J_F=   173.70 meanZ=38.08 SoC=1.0000
ep=0577 frame=028 slot=09 J_F=   102.90 meanZ=37.16 SoC=1.0000
ep=0577 frame=029 slot=09 J_F=   446.90 meanZ=37.26 SoC=1.0000
hppo_rsu 578/750 QoE=0.33380 stall=0.1341 145.53s
ep=0578 frame=000 slot=09 J_F= -3276.60 meanZ=87.94 SoC=1.0000
ep=0578 frame=001 slot=09 J_F= -1994.70 meanZ=79.78 SoC=1.0000
ep=0578 frame=002 slot=09 J_F= -1528.60 meanZ=72.38 SoC=1.0000
ep=0578 frame=003 slot=09 J_F=  -715.50 meanZ=66.32 SoC=1.0000
ep=0578 frame=004 slot=09 J_F=  -571.70 meanZ=60.54 SoC=1.0000
ep=0578 frame=005 slot=09 J_F=  -309.20 meanZ=55.20 SoC=1.0000
ep=0578 frame=006 slot=09 J_F=  -169.50 meanZ=50.26 SoC=1.0000
ep=0578 frame=007 slot=09 J_F=   -68.10 meanZ=45.50 SoC=1.0000
ep=0578 frame=008 slot=09 J_F=   128.60 meanZ=42.94 SoC=1.0000
ep=0578 frame=009 slot=09 J_F=   722.90 meanZ=43.88 SoC=1.0000
ep=0578 frame=010 slot=09 J_F=  -411.50 meanZ=41.60 SoC=1.0000
ep=0578 frame=011 slot=09 J_F=    54.90 meanZ=39.38 SoC=1.0000
ep=0578 frame=012 slot=09 J_F=   -18.50 meanZ=38.12 SoC=1.0000
ep=0578 frame=013 slot=09 J_F=   357.90 meanZ=37.60 SoC=1.0000
ep=0578 frame=014 slot=09 J_F=    46.50 meanZ=35.82 SoC=1.0000
ep=0578 frame=015 slot=09 J_F=   598.10 meanZ=35.20 SoC=1.0000
ep=0578 frame=016 slot=09 J_F=   461.50 meanZ=35.60 SoC=1.0000
ep=0578 frame=017 slot=09 J_F=   278.40 meanZ=35.02 SoC=1.0000
ep=0578 frame=018 slot=09 J_F=   120.50 meanZ=34.64 SoC=1.0000
ep=0578 frame=019 slot=09 J_F=   845.40 meanZ=35.64 SoC=1.0000
ep=0578 frame=020 slot=09 J_F=   438.40 meanZ=35.66 SoC=1.0000
ep=0578 frame=021 slot=09 J_F=   206.90 meanZ=34.74 SoC=1.0000
ep=0578 frame=022 slot=09 J_F=   121.30 meanZ=32.32 SoC=1.0000
ep=0578 frame=023 slot=09 J_F=   493.60 meanZ=32.58 SoC=1.0000
ep=0578 frame=024 slot=09 J_F=    46.30 meanZ=33.36 SoC=1.0000
ep=0578 frame=025 slot=09 J_F=   414.10 meanZ=34.14 SoC=1.0000
ep=0578 frame=026 slot=09 J_F=   223.80 meanZ=32.68 SoC=1.0000
ep=0578 frame=027 slot=09 J_F=   344.00 meanZ=32.24 SoC=1.0000
ep=0578 frame=028 slot=09 J_F=   -89.60 meanZ=32.20 SoC=1.0000
ep=0578 frame=029 slot=09 J_F=    36.50 meanZ=31.34 SoC=1.0000
hppo_rsu 579/750 QoE=0.42528 stall=0.1023 144.52s
ep=0579 frame=000 slot=09 J_F= -2377.50 meanZ=88.36 SoC=1.0000
ep=0579 frame=001 slot=09 J_F= -1623.70 meanZ=81.32 SoC=1.0000
ep=0579 frame=002 slot=09 J_F= -1412.10 meanZ=74.56 SoC=1.0000
ep=0579 frame=003 slot=09 J_F= -1128.10 meanZ=68.60 SoC=1.0000
ep=0579 frame=004 slot=09 J_F=  -501.70 meanZ=62.30 SoC=1.0000
ep=0579 frame=005 slot=09 J_F=  -570.10 meanZ=56.96 SoC=1.0000
ep=0579 frame=006 slot=09 J_F=  -614.20 meanZ=51.80 SoC=1.0000
ep=0579 frame=007 slot=09 J_F=  -215.20 meanZ=47.34 SoC=1.0000
ep=0579 frame=008 slot=09 J_F=   497.40 meanZ=46.22 SoC=1.0000
ep=0579 frame=009 slot=09 J_F=  -393.10 meanZ=44.08 SoC=1.0000
ep=0579 frame=010 slot=09 J_F=   366.00 meanZ=41.62 SoC=1.0000
ep=0579 frame=011 slot=09 J_F=  -361.70 meanZ=38.54 SoC=1.0000
ep=0579 frame=012 slot=09 J_F=  -176.20 meanZ=34.80 SoC=1.0000
ep=0579 frame=013 slot=09 J_F=   362.00 meanZ=33.50 SoC=1.0000
ep=0579 frame=014 slot=09 J_F=   865.80 meanZ=34.66 SoC=1.0000
ep=0579 frame=015 slot=09 J_F=   617.60 meanZ=35.12 SoC=1.0000
ep=0579 frame=016 slot=09 J_F=   103.40 meanZ=34.78 SoC=1.0000
ep=0579 frame=017 slot=09 J_F=   423.50 meanZ=34.96 SoC=1.0000
ep=0579 frame=018 slot=09 J_F=    54.60 meanZ=35.60 SoC=1.0000
ep=0579 frame=019 slot=09 J_F=   215.30 meanZ=35.74 SoC=1.0000
ep=0579 frame=020 slot=09 J_F=   790.00 meanZ=35.22 SoC=1.0000
ep=0579 frame=021 slot=09 J_F=   268.40 meanZ=36.02 SoC=1.0000
ep=0579 frame=022 slot=09 J_F=  -177.60 meanZ=34.46 SoC=1.0000
ep=0579 frame=023 slot=09 J_F=   459.50 meanZ=35.94 SoC=1.0000
ep=0579 frame=024 slot=09 J_F=    94.50 meanZ=34.94 SoC=1.0000
ep=0579 frame=025 slot=09 J_F=   317.50 meanZ=33.32 SoC=1.0000
ep=0579 frame=026 slot=09 J_F=   141.20 meanZ=33.28 SoC=1.0000
ep=0579 frame=027 slot=09 J_F=   130.50 meanZ=32.42 SoC=1.0000
ep=0579 frame=028 slot=09 J_F=   578.40 meanZ=32.66 SoC=1.0000
ep=0579 frame=029 slot=09 J_F=   172.20 meanZ=31.26 SoC=1.0000
hppo_rsu 580/750 QoE=0.39541 stall=0.1153 146.05s
ep=0580 frame=000 slot=09 J_F= -3038.10 meanZ=88.48 SoC=1.0000
ep=0580 frame=001 slot=09 J_F= -2143.50 meanZ=79.78 SoC=1.0000
ep=0580 frame=002 slot=09 J_F= -1403.70 meanZ=72.10 SoC=1.0000
ep=0580 frame=003 slot=09 J_F=  -763.60 meanZ=65.12 SoC=1.0000
ep=0580 frame=004 slot=09 J_F=  -683.50 meanZ=58.28 SoC=1.0000
ep=0580 frame=005 slot=09 J_F=  -269.30 meanZ=54.30 SoC=1.0000
ep=0580 frame=006 slot=09 J_F=   -73.20 meanZ=49.38 SoC=1.0000
ep=0580 frame=007 slot=09 J_F=  -311.80 meanZ=46.38 SoC=1.0000
ep=0580 frame=008 slot=09 J_F=   409.00 meanZ=44.24 SoC=1.0000
ep=0580 frame=009 slot=09 J_F=   454.50 meanZ=42.12 SoC=1.0000
ep=0580 frame=010 slot=09 J_F=   341.30 meanZ=40.88 SoC=1.0000
ep=0580 frame=011 slot=09 J_F=   616.00 meanZ=40.62 SoC=1.0000
ep=0580 frame=012 slot=09 J_F=  -312.10 meanZ=38.80 SoC=1.0000
ep=0580 frame=013 slot=09 J_F=   516.60 meanZ=39.10 SoC=1.0000
ep=0580 frame=014 slot=09 J_F=    -8.70 meanZ=37.06 SoC=1.0000
ep=0580 frame=015 slot=09 J_F=   248.30 meanZ=37.02 SoC=1.0000
ep=0580 frame=016 slot=09 J_F=   394.00 meanZ=36.16 SoC=1.0000
ep=0580 frame=017 slot=09 J_F=   297.90 meanZ=33.72 SoC=1.0000
ep=0580 frame=018 slot=09 J_F=   237.50 meanZ=33.60 SoC=1.0000
ep=0580 frame=019 slot=09 J_F=  -119.20 meanZ=32.78 SoC=1.0000
ep=0580 frame=020 slot=09 J_F=   435.10 meanZ=31.26 SoC=1.0000
ep=0580 frame=021 slot=09 J_F=  -112.30 meanZ=32.26 SoC=1.0000
ep=0580 frame=022 slot=09 J_F=  -147.70 meanZ=31.16 SoC=1.0000
ep=0580 frame=023 slot=09 J_F=   738.50 meanZ=32.36 SoC=1.0000
ep=0580 frame=024 slot=09 J_F=   735.90 meanZ=33.68 SoC=1.0000
ep=0580 frame=025 slot=09 J_F=   593.00 meanZ=33.50 SoC=1.0000
ep=0580 frame=026 slot=09 J_F=   258.30 meanZ=32.58 SoC=1.0000
ep=0580 frame=027 slot=09 J_F=   662.50 meanZ=31.74 SoC=1.0000
ep=0580 frame=028 slot=09 J_F=   538.90 meanZ=32.34 SoC=1.0000
ep=0580 frame=029 slot=09 J_F=   103.50 meanZ=31.84 SoC=1.0000
hppo_rsu 581/750 QoE=0.36607 stall=0.1258 146.10s
ep=0581 frame=000 slot=09 J_F= -2758.50 meanZ=88.66 SoC=1.0000
ep=0581 frame=001 slot=09 J_F= -2446.00 meanZ=80.30 SoC=1.0000
ep=0581 frame=002 slot=09 J_F=  -923.00 meanZ=73.80 SoC=1.0000
ep=0581 frame=003 slot=09 J_F=  -639.40 meanZ=66.98 SoC=1.0000
ep=0581 frame=004 slot=09 J_F=  -896.40 meanZ=59.92 SoC=1.0000
ep=0581 frame=005 slot=09 J_F=  -147.10 meanZ=54.68 SoC=1.0000
ep=0581 frame=006 slot=09 J_F=  -393.00 meanZ=49.52 SoC=1.0000
ep=0581 frame=007 slot=09 J_F=   527.50 meanZ=47.54 SoC=1.0000
ep=0581 frame=008 slot=09 J_F=   -97.30 meanZ=44.32 SoC=1.0000
ep=0581 frame=009 slot=09 J_F=   333.40 meanZ=42.56 SoC=1.0000
ep=0581 frame=010 slot=09 J_F=  -121.50 meanZ=41.46 SoC=1.0000
ep=0581 frame=011 slot=09 J_F=    53.80 meanZ=39.94 SoC=1.0000
ep=0581 frame=012 slot=09 J_F=  -264.10 meanZ=37.10 SoC=1.0000
ep=0581 frame=013 slot=09 J_F=   484.10 meanZ=38.46 SoC=1.0000
ep=0581 frame=014 slot=09 J_F=   503.90 meanZ=37.24 SoC=1.0000
ep=0581 frame=015 slot=09 J_F=   280.60 meanZ=36.46 SoC=1.0000
ep=0581 frame=016 slot=09 J_F=  -106.10 meanZ=36.22 SoC=1.0000
ep=0581 frame=017 slot=09 J_F=   359.10 meanZ=35.26 SoC=1.0000
ep=0581 frame=018 slot=09 J_F=   331.50 meanZ=36.12 SoC=1.0000
ep=0581 frame=019 slot=09 J_F=   496.60 meanZ=34.00 SoC=1.0000
ep=0581 frame=020 slot=09 J_F=   785.90 meanZ=34.36 SoC=1.0000
ep=0581 frame=021 slot=09 J_F=  -285.60 meanZ=32.98 SoC=1.0000
ep=0581 frame=022 slot=09 J_F=   472.30 meanZ=32.76 SoC=1.0000
ep=0581 frame=023 slot=09 J_F=   261.40 meanZ=32.70 SoC=1.0000
ep=0581 frame=024 slot=09 J_F=   -74.00 meanZ=30.88 SoC=1.0000
ep=0581 frame=025 slot=09 J_F=   231.70 meanZ=29.86 SoC=1.0000
ep=0581 frame=026 slot=09 J_F=   385.80 meanZ=29.68 SoC=1.0000
ep=0581 frame=027 slot=09 J_F=   320.20 meanZ=30.12 SoC=1.0000
ep=0581 frame=028 slot=09 J_F=   -71.10 meanZ=27.80 SoC=1.0000
ep=0581 frame=029 slot=09 J_F=   291.80 meanZ=28.06 SoC=1.0000
hppo_rsu 582/750 QoE=0.41686 stall=0.1079 147.48s
ep=0582 frame=000 slot=09 J_F= -2548.10 meanZ=89.22 SoC=1.0000
ep=0582 frame=001 slot=09 J_F= -1657.10 meanZ=82.86 SoC=1.0000
ep=0582 frame=002 slot=09 J_F=  -980.00 meanZ=75.66 SoC=1.0000
ep=0582 frame=003 slot=09 J_F=  -539.50 meanZ=69.98 SoC=1.0000
ep=0582 frame=004 slot=09 J_F=  -692.70 meanZ=64.78 SoC=1.0000
ep=0582 frame=005 slot=09 J_F= -1013.20 meanZ=58.52 SoC=1.0000
ep=0582 frame=006 slot=09 J_F=  -383.60 meanZ=52.14 SoC=1.0000
ep=0582 frame=007 slot=09 J_F=   193.90 meanZ=49.72 SoC=1.0000
ep=0582 frame=008 slot=09 J_F=  -323.00 meanZ=45.64 SoC=1.0000
ep=0582 frame=009 slot=09 J_F=   782.40 meanZ=44.64 SoC=1.0000
ep=0582 frame=010 slot=09 J_F=   -51.70 meanZ=42.66 SoC=1.0000
ep=0582 frame=011 slot=09 J_F=    11.30 meanZ=40.62 SoC=1.0000
ep=0582 frame=012 slot=09 J_F=   108.80 meanZ=41.12 SoC=1.0000
ep=0582 frame=013 slot=09 J_F=    -6.20 meanZ=39.94 SoC=1.0000
ep=0582 frame=014 slot=09 J_F=   747.90 meanZ=38.80 SoC=1.0000
ep=0582 frame=015 slot=09 J_F=   124.00 meanZ=38.22 SoC=1.0000
ep=0582 frame=016 slot=09 J_F=   256.40 meanZ=37.56 SoC=1.0000
ep=0582 frame=017 slot=09 J_F=   208.00 meanZ=36.36 SoC=1.0000
ep=0582 frame=018 slot=09 J_F=   232.30 meanZ=34.50 SoC=1.0000
ep=0582 frame=019 slot=09 J_F=   603.00 meanZ=34.40 SoC=1.0000
ep=0582 frame=020 slot=09 J_F=   798.50 meanZ=33.96 SoC=1.0000
ep=0582 frame=021 slot=09 J_F=   616.90 meanZ=35.46 SoC=1.0000
ep=0582 frame=022 slot=09 J_F=   689.80 meanZ=34.38 SoC=1.0000
ep=0582 frame=023 slot=09 J_F=   669.50 meanZ=33.92 SoC=1.0000
ep=0582 frame=024 slot=09 J_F=   620.40 meanZ=34.92 SoC=1.0000
ep=0582 frame=025 slot=09 J_F=   227.90 meanZ=35.14 SoC=1.0000
ep=0582 frame=026 slot=09 J_F=    76.70 meanZ=34.86 SoC=1.0000
ep=0582 frame=027 slot=09 J_F=   607.00 meanZ=36.26 SoC=1.0000
ep=0582 frame=028 slot=09 J_F=   260.30 meanZ=35.62 SoC=1.0000
ep=0582 frame=029 slot=09 J_F=   277.40 meanZ=36.22 SoC=1.0000
hppo_rsu 583/750 QoE=0.46682 stall=0.0825 146.03s
ep=0583 frame=000 slot=09 J_F= -1389.60 meanZ=88.96 SoC=1.0000
ep=0583 frame=001 slot=09 J_F= -1076.70 meanZ=82.18 SoC=1.0000
ep=0583 frame=002 slot=09 J_F= -1840.00 meanZ=73.28 SoC=1.0000
ep=0583 frame=003 slot=09 J_F=  -119.50 meanZ=68.90 SoC=1.0000
ep=0583 frame=004 slot=09 J_F=  -726.00 meanZ=62.38 SoC=1.0000
ep=0583 frame=005 slot=09 J_F=   321.00 meanZ=57.92 SoC=1.0000
ep=0583 frame=006 slot=09 J_F=  -609.60 meanZ=52.80 SoC=1.0000
ep=0583 frame=007 slot=09 J_F=   562.90 meanZ=49.54 SoC=1.0000
ep=0583 frame=008 slot=09 J_F=   592.90 meanZ=49.14 SoC=1.0000
ep=0583 frame=009 slot=09 J_F=   515.00 meanZ=49.72 SoC=1.0000
ep=0583 frame=010 slot=09 J_F=     3.20 meanZ=48.42 SoC=1.0000
ep=0583 frame=011 slot=09 J_F=   272.30 meanZ=47.72 SoC=1.0000
ep=0583 frame=012 slot=09 J_F=   123.00 meanZ=47.68 SoC=1.0000
ep=0583 frame=013 slot=09 J_F=    10.20 meanZ=47.60 SoC=1.0000
ep=0583 frame=014 slot=09 J_F=   651.00 meanZ=46.88 SoC=1.0000
ep=0583 frame=015 slot=09 J_F=   441.70 meanZ=47.10 SoC=1.0000
ep=0583 frame=016 slot=09 J_F=    79.20 meanZ=44.78 SoC=1.0000
ep=0583 frame=017 slot=09 J_F=   361.40 meanZ=45.50 SoC=1.0000
ep=0583 frame=018 slot=09 J_F=    54.40 meanZ=43.16 SoC=1.0000
ep=0583 frame=019 slot=09 J_F=  -315.50 meanZ=41.38 SoC=1.0000
ep=0583 frame=020 slot=09 J_F=   449.50 meanZ=40.40 SoC=1.0000
ep=0583 frame=021 slot=09 J_F=  -154.00 meanZ=38.84 SoC=1.0000
ep=0583 frame=022 slot=09 J_F=   766.70 meanZ=38.82 SoC=1.0000
ep=0583 frame=023 slot=09 J_F=   382.60 meanZ=38.56 SoC=1.0000
ep=0583 frame=024 slot=09 J_F=   220.80 meanZ=38.54 SoC=1.0000
ep=0583 frame=025 slot=09 J_F=   264.60 meanZ=37.84 SoC=1.0000
ep=0583 frame=026 slot=09 J_F=   -38.60 meanZ=35.52 SoC=1.0000
ep=0583 frame=027 slot=09 J_F=  1014.00 meanZ=35.68 SoC=1.0000
ep=0583 frame=028 slot=09 J_F=    94.40 meanZ=34.34 SoC=1.0000
ep=0583 frame=029 slot=09 J_F=   191.90 meanZ=32.94 SoC=1.0000
hppo_rsu 584/750 QoE=0.32382 stall=0.1406 146.87s
ep=0584 frame=000 slot=09 J_F= -1981.50 meanZ=89.86 SoC=1.0000
ep=0584 frame=001 slot=09 J_F= -1828.10 meanZ=83.46 SoC=1.0000
ep=0584 frame=002 slot=09 J_F= -2362.60 meanZ=74.66 SoC=1.0000
ep=0584 frame=003 slot=09 J_F=  -396.10 meanZ=68.48 SoC=1.0000
ep=0584 frame=004 slot=09 J_F=  -793.50 meanZ=62.38 SoC=1.0000
ep=0584 frame=005 slot=09 J_F=  -491.10 meanZ=56.62 SoC=1.0000
ep=0584 frame=006 slot=09 J_F=   -68.60 meanZ=52.84 SoC=1.0000
ep=0584 frame=007 slot=09 J_F=   -12.10 meanZ=49.82 SoC=1.0000
ep=0584 frame=008 slot=09 J_F=    92.00 meanZ=47.08 SoC=1.0000
ep=0584 frame=009 slot=09 J_F=   115.00 meanZ=43.66 SoC=1.0000
ep=0584 frame=010 slot=09 J_F=  -219.20 meanZ=40.92 SoC=1.0000
ep=0584 frame=011 slot=09 J_F=   -85.20 meanZ=39.98 SoC=1.0000
ep=0584 frame=012 slot=09 J_F=    57.30 meanZ=37.98 SoC=1.0000
ep=0584 frame=013 slot=09 J_F=   607.50 meanZ=36.48 SoC=1.0000
ep=0584 frame=014 slot=09 J_F=   285.50 meanZ=36.20 SoC=1.0000
ep=0584 frame=015 slot=09 J_F=  -233.00 meanZ=35.04 SoC=1.0000
ep=0584 frame=016 slot=09 J_F=   663.80 meanZ=35.86 SoC=1.0000
ep=0584 frame=017 slot=09 J_F=   537.90 meanZ=33.44 SoC=1.0000
ep=0584 frame=018 slot=09 J_F=   371.90 meanZ=34.40 SoC=1.0000
ep=0584 frame=019 slot=09 J_F=   293.50 meanZ=34.32 SoC=1.0000
ep=0584 frame=020 slot=09 J_F=   488.80 meanZ=34.64 SoC=1.0000
ep=0584 frame=021 slot=09 J_F=   901.40 meanZ=34.34 SoC=1.0000
ep=0584 frame=022 slot=09 J_F=  -245.80 meanZ=33.76 SoC=1.0000
ep=0584 frame=023 slot=09 J_F=   771.90 meanZ=34.72 SoC=1.0000
ep=0584 frame=024 slot=09 J_F=   292.00 meanZ=34.58 SoC=1.0000
ep=0584 frame=025 slot=09 J_F=   481.80 meanZ=34.78 SoC=1.0000
ep=0584 frame=026 slot=09 J_F=   329.40 meanZ=35.18 SoC=1.0000
ep=0584 frame=027 slot=09 J_F=   -14.50 meanZ=34.60 SoC=1.0000
ep=0584 frame=028 slot=09 J_F=   -46.50 meanZ=34.38 SoC=1.0000
ep=0584 frame=029 slot=09 J_F=   265.50 meanZ=33.44 SoC=1.0000
hppo_rsu 585/750 QoE=0.38680 stall=0.1155 145.22s
ep=0585 frame=000 slot=09 J_F= -3561.00 meanZ=88.54 SoC=1.0000
ep=0585 frame=001 slot=09 J_F= -2213.70 meanZ=81.28 SoC=1.0000
ep=0585 frame=002 slot=09 J_F= -1763.50 meanZ=74.84 SoC=1.0000
ep=0585 frame=003 slot=09 J_F= -1109.20 meanZ=67.28 SoC=1.0000
ep=0585 frame=004 slot=09 J_F=  -517.70 meanZ=61.20 SoC=1.0000
ep=0585 frame=005 slot=09 J_F=  -190.10 meanZ=56.34 SoC=1.0000
ep=0585 frame=006 slot=09 J_F=  -146.50 meanZ=51.50 SoC=1.0000
ep=0585 frame=007 slot=09 J_F=   266.00 meanZ=48.88 SoC=1.0000
ep=0585 frame=008 slot=09 J_F=   283.30 meanZ=47.66 SoC=1.0000
ep=0585 frame=009 slot=09 J_F=   578.40 meanZ=47.12 SoC=1.0000
ep=0585 frame=010 slot=09 J_F=   140.50 meanZ=44.98 SoC=1.0000
ep=0585 frame=011 slot=09 J_F=   942.00 meanZ=43.36 SoC=1.0000
ep=0585 frame=012 slot=09 J_F=   289.90 meanZ=43.92 SoC=1.0000
ep=0585 frame=013 slot=09 J_F=  -463.60 meanZ=41.08 SoC=1.0000
ep=0585 frame=014 slot=09 J_F=    66.10 meanZ=39.56 SoC=1.0000
ep=0585 frame=015 slot=09 J_F=  -396.10 meanZ=38.08 SoC=1.0000
ep=0585 frame=016 slot=09 J_F=   121.90 meanZ=36.70 SoC=1.0000
ep=0585 frame=017 slot=09 J_F=   686.80 meanZ=36.32 SoC=1.0000
ep=0585 frame=018 slot=09 J_F=   118.90 meanZ=35.20 SoC=1.0000
ep=0585 frame=019 slot=09 J_F=   -57.00 meanZ=32.44 SoC=1.0000
ep=0585 frame=020 slot=09 J_F=   -88.40 meanZ=32.02 SoC=1.0000
ep=0585 frame=021 slot=09 J_F=   431.60 meanZ=30.58 SoC=1.0000
ep=0585 frame=022 slot=09 J_F=   667.70 meanZ=30.16 SoC=1.0000
ep=0585 frame=023 slot=09 J_F=   532.50 meanZ=30.88 SoC=1.0000
ep=0585 frame=024 slot=09 J_F=   239.30 meanZ=29.82 SoC=1.0000
ep=0585 frame=025 slot=09 J_F=   257.50 meanZ=30.24 SoC=1.0000
ep=0585 frame=026 slot=09 J_F=   302.90 meanZ=29.32 SoC=1.0000
ep=0585 frame=027 slot=09 J_F=   470.20 meanZ=29.94 SoC=1.0000
ep=0585 frame=028 slot=09 J_F=   183.80 meanZ=30.56 SoC=1.0000
ep=0585 frame=029 slot=09 J_F=   585.00 meanZ=30.70 SoC=1.0000
hppo_rsu 586/750 QoE=0.40041 stall=0.1121 147.96s
ep=0586 frame=000 slot=09 J_F= -3409.50 meanZ=88.84 SoC=1.0000
ep=0586 frame=001 slot=09 J_F= -1488.50 meanZ=81.96 SoC=1.0000
ep=0586 frame=002 slot=09 J_F=  -858.70 meanZ=75.38 SoC=1.0000
ep=0586 frame=003 slot=09 J_F= -1133.00 meanZ=68.34 SoC=1.0000
ep=0586 frame=004 slot=09 J_F=  -465.00 meanZ=64.42 SoC=1.0000
ep=0586 frame=005 slot=09 J_F=   240.80 meanZ=59.84 SoC=1.0000
ep=0586 frame=006 slot=09 J_F=  -571.60 meanZ=54.18 SoC=1.0000
ep=0586 frame=007 slot=09 J_F=  -580.50 meanZ=50.50 SoC=1.0000
ep=0586 frame=008 slot=09 J_F=   148.90 meanZ=47.30 SoC=1.0000
ep=0586 frame=009 slot=09 J_F=   106.00 meanZ=46.24 SoC=1.0000
ep=0586 frame=010 slot=09 J_F=   642.00 meanZ=43.74 SoC=1.0000
ep=0586 frame=011 slot=09 J_F=  -624.00 meanZ=40.00 SoC=1.0000
ep=0586 frame=012 slot=09 J_F=   323.50 meanZ=37.50 SoC=1.0000
ep=0586 frame=013 slot=09 J_F=   315.50 meanZ=37.66 SoC=1.0000
ep=0586 frame=014 slot=09 J_F=    99.40 meanZ=36.92 SoC=1.0000
ep=0586 frame=015 slot=09 J_F=   -96.90 meanZ=34.90 SoC=1.0000
ep=0586 frame=016 slot=09 J_F=   487.00 meanZ=35.46 SoC=1.0000
ep=0586 frame=017 slot=09 J_F=  1007.40 meanZ=35.72 SoC=1.0000
ep=0586 frame=018 slot=09 J_F=   398.50 meanZ=34.56 SoC=1.0000
ep=0586 frame=019 slot=09 J_F=   655.40 meanZ=34.24 SoC=1.0000
ep=0586 frame=020 slot=09 J_F=   180.80 meanZ=33.62 SoC=1.0000
ep=0586 frame=021 slot=09 J_F=   348.90 meanZ=34.44 SoC=1.0000
ep=0586 frame=022 slot=09 J_F=   312.50 meanZ=34.06 SoC=1.0000
ep=0586 frame=023 slot=09 J_F=  1001.50 meanZ=34.88 SoC=1.0000
ep=0586 frame=024 slot=09 J_F=   154.10 meanZ=35.70 SoC=1.0000
ep=0586 frame=025 slot=09 J_F=   852.50 meanZ=36.38 SoC=1.0000
ep=0586 frame=026 slot=09 J_F=   116.00 meanZ=36.26 SoC=1.0000
ep=0586 frame=027 slot=09 J_F=   671.00 meanZ=36.20 SoC=1.0000
ep=0586 frame=028 slot=09 J_F=   186.90 meanZ=36.60 SoC=1.0000
ep=0586 frame=029 slot=09 J_F=    84.00 meanZ=36.46 SoC=1.0000
hppo_rsu 587/750 QoE=0.41453 stall=0.1013 145.84s
ep=0587 frame=000 slot=09 J_F= -2854.50 meanZ=88.54 SoC=1.0000
ep=0587 frame=001 slot=09 J_F= -1444.50 meanZ=81.04 SoC=1.0000
ep=0587 frame=002 slot=09 J_F= -1775.10 meanZ=73.66 SoC=1.0000
ep=0587 frame=003 slot=09 J_F= -1475.50 meanZ=67.70 SoC=1.0000
ep=0587 frame=004 slot=09 J_F=  -171.50 meanZ=60.84 SoC=1.0000
ep=0587 frame=005 slot=09 J_F=  -262.70 meanZ=55.94 SoC=1.0000
ep=0587 frame=006 slot=09 J_F=   432.00 meanZ=52.62 SoC=1.0000
ep=0587 frame=007 slot=09 J_F=  -352.50 meanZ=49.18 SoC=1.0000
ep=0587 frame=008 slot=09 J_F=  -360.60 meanZ=44.98 SoC=1.0000
ep=0587 frame=009 slot=09 J_F=  -147.90 meanZ=43.56 SoC=1.0000
ep=0587 frame=010 slot=09 J_F=   171.20 meanZ=41.18 SoC=1.0000
ep=0587 frame=011 slot=09 J_F=  -139.60 meanZ=38.82 SoC=1.0000
ep=0587 frame=012 slot=09 J_F=   454.00 meanZ=36.72 SoC=1.0000
ep=0587 frame=013 slot=09 J_F=  -212.00 meanZ=35.62 SoC=1.0000
ep=0587 frame=014 slot=09 J_F=    87.50 meanZ=34.54 SoC=1.0000
ep=0587 frame=015 slot=09 J_F=    13.50 meanZ=32.80 SoC=1.0000
ep=0587 frame=016 slot=09 J_F=   473.40 meanZ=33.08 SoC=1.0000
ep=0587 frame=017 slot=09 J_F=   206.90 meanZ=33.12 SoC=1.0000
ep=0587 frame=018 slot=09 J_F=   470.30 meanZ=33.56 SoC=1.0000
ep=0587 frame=019 slot=09 J_F=   612.50 meanZ=34.26 SoC=1.0000
ep=0587 frame=020 slot=09 J_F=   559.00 meanZ=34.44 SoC=1.0000
ep=0587 frame=021 slot=09 J_F=    42.90 meanZ=33.64 SoC=1.0000
ep=0587 frame=022 slot=09 J_F=   955.30 meanZ=34.58 SoC=1.0000
ep=0587 frame=023 slot=09 J_F=   166.80 meanZ=34.84 SoC=1.0000
ep=0587 frame=024 slot=09 J_F=  1079.90 meanZ=37.24 SoC=1.0000
ep=0587 frame=025 slot=09 J_F=   170.90 meanZ=36.58 SoC=1.0000
ep=0587 frame=026 slot=09 J_F=    19.00 meanZ=35.72 SoC=1.0000
ep=0587 frame=027 slot=09 J_F=   345.90 meanZ=36.38 SoC=1.0000
ep=0587 frame=028 slot=09 J_F=    34.20 meanZ=36.50 SoC=1.0000
ep=0587 frame=029 slot=09 J_F=   513.90 meanZ=35.80 SoC=1.0000
hppo_rsu 588/750 QoE=0.42146 stall=0.0989 147.49s
ep=0588 frame=000 slot=09 J_F= -3047.00 meanZ=88.08 SoC=1.0000
ep=0588 frame=001 slot=09 J_F= -1604.70 meanZ=81.04 SoC=1.0000
ep=0588 frame=002 slot=09 J_F= -1526.60 meanZ=74.46 SoC=1.0000
ep=0588 frame=003 slot=09 J_F=  -918.10 meanZ=68.06 SoC=1.0000
ep=0588 frame=004 slot=09 J_F=  -438.30 meanZ=61.78 SoC=1.0000
ep=0588 frame=005 slot=09 J_F=  -136.00 meanZ=57.02 SoC=1.0000
ep=0588 frame=006 slot=09 J_F= -1044.60 meanZ=51.64 SoC=1.0000
ep=0588 frame=007 slot=09 J_F=   109.00 meanZ=46.94 SoC=1.0000
ep=0588 frame=008 slot=09 J_F=   665.70 meanZ=45.96 SoC=1.0000
ep=0588 frame=009 slot=09 J_F=   394.50 meanZ=44.24 SoC=1.0000
ep=0588 frame=010 slot=09 J_F=  -167.70 meanZ=41.38 SoC=1.0000
ep=0588 frame=011 slot=09 J_F=   273.00 meanZ=40.62 SoC=1.0000
ep=0588 frame=012 slot=09 J_F=    56.90 meanZ=38.94 SoC=1.0000
ep=0588 frame=013 slot=09 J_F=   283.00 meanZ=38.06 SoC=1.0000
ep=0588 frame=014 slot=09 J_F=   515.00 meanZ=36.92 SoC=1.0000
ep=0588 frame=015 slot=09 J_F=    60.00 meanZ=36.20 SoC=1.0000
ep=0588 frame=016 slot=09 J_F=   754.50 meanZ=36.88 SoC=1.0000
ep=0588 frame=017 slot=09 J_F=   685.90 meanZ=37.50 SoC=1.0000
ep=0588 frame=018 slot=09 J_F=   195.50 meanZ=36.60 SoC=1.0000
ep=0588 frame=019 slot=09 J_F=    48.40 meanZ=36.30 SoC=1.0000
ep=0588 frame=020 slot=09 J_F=   302.10 meanZ=36.14 SoC=1.0000
ep=0588 frame=021 slot=09 J_F=   514.60 meanZ=34.98 SoC=1.0000
ep=0588 frame=022 slot=09 J_F=    51.60 meanZ=34.34 SoC=1.0000
ep=0588 frame=023 slot=09 J_F=   324.10 meanZ=33.90 SoC=1.0000
ep=0588 frame=024 slot=09 J_F=   311.40 meanZ=33.36 SoC=1.0000
ep=0588 frame=025 slot=09 J_F=   725.50 meanZ=34.12 SoC=1.0000
ep=0588 frame=026 slot=09 J_F=  1061.70 meanZ=35.86 SoC=1.0000
ep=0588 frame=027 slot=09 J_F=   -23.20 meanZ=36.82 SoC=1.0000
ep=0588 frame=028 slot=09 J_F=  -313.10 meanZ=35.64 SoC=1.0000
ep=0588 frame=029 slot=09 J_F=   875.40 meanZ=36.84 SoC=1.0000
hppo_rsu 589/750 QoE=0.41929 stall=0.1010 146.09s
ep=0589 frame=000 slot=09 J_F= -2553.00 meanZ=88.00 SoC=1.0000
ep=0589 frame=001 slot=09 J_F= -1452.00 meanZ=79.90 SoC=1.0000
ep=0589 frame=002 slot=09 J_F= -1290.10 meanZ=72.32 SoC=1.0000
ep=0589 frame=003 slot=09 J_F= -1052.00 meanZ=64.86 SoC=1.0000
ep=0589 frame=004 slot=09 J_F=  -914.00 meanZ=58.02 SoC=1.0000
ep=0589 frame=005 slot=09 J_F=   538.80 meanZ=55.12 SoC=1.0000
ep=0589 frame=006 slot=09 J_F=  -459.20 meanZ=50.28 SoC=1.0000
ep=0589 frame=007 slot=09 J_F=   407.50 meanZ=48.72 SoC=1.0000
ep=0589 frame=008 slot=09 J_F=  -121.50 meanZ=46.56 SoC=1.0000
ep=0589 frame=009 slot=09 J_F=   -20.10 meanZ=44.84 SoC=1.0000
ep=0589 frame=010 slot=09 J_F=   390.50 meanZ=42.80 SoC=1.0000
ep=0589 frame=011 slot=09 J_F=  -253.00 meanZ=40.96 SoC=1.0000
ep=0589 frame=012 slot=09 J_F=   135.00 meanZ=39.86 SoC=1.0000
ep=0589 frame=013 slot=09 J_F=   430.00 meanZ=37.50 SoC=1.0000
ep=0589 frame=014 slot=09 J_F=   150.40 meanZ=36.98 SoC=1.0000
ep=0589 frame=015 slot=09 J_F=   541.00 meanZ=36.80 SoC=1.0000
ep=0589 frame=016 slot=09 J_F=   354.90 meanZ=35.38 SoC=1.0000
ep=0589 frame=017 slot=09 J_F=   366.50 meanZ=34.18 SoC=1.0000
ep=0589 frame=018 slot=09 J_F=   181.00 meanZ=32.74 SoC=1.0000
ep=0589 frame=019 slot=09 J_F=  -263.60 meanZ=32.36 SoC=1.0000
ep=0589 frame=020 slot=09 J_F=  -110.00 meanZ=31.28 SoC=1.0000
ep=0589 frame=021 slot=09 J_F=   457.40 meanZ=30.84 SoC=1.0000
ep=0589 frame=022 slot=09 J_F=   565.00 meanZ=31.98 SoC=1.0000
ep=0589 frame=023 slot=09 J_F=    82.90 meanZ=30.88 SoC=1.0000
ep=0589 frame=024 slot=09 J_F=   597.90 meanZ=30.76 SoC=1.0000
ep=0589 frame=025 slot=09 J_F=    73.00 meanZ=31.42 SoC=1.0000
ep=0589 frame=026 slot=09 J_F=   222.70 meanZ=30.38 SoC=1.0000
ep=0589 frame=027 slot=09 J_F=   566.40 meanZ=29.94 SoC=1.0000
ep=0589 frame=028 slot=09 J_F=   171.50 meanZ=29.64 SoC=1.0000
ep=0589 frame=029 slot=09 J_F=   116.80 meanZ=28.78 SoC=1.0000
hppo_rsu 590/750 QoE=0.38357 stall=0.1189 147.54s
ep=0590 frame=000 slot=09 J_F= -3111.10 meanZ=88.82 SoC=1.0000
ep=0590 frame=001 slot=09 J_F=  -987.50 meanZ=80.88 SoC=1.0000
ep=0590 frame=002 slot=09 J_F= -1863.50 meanZ=72.60 SoC=1.0000
ep=0590 frame=003 slot=09 J_F=  -583.00 meanZ=65.18 SoC=1.0000
ep=0590 frame=004 slot=09 J_F=   -76.00 meanZ=58.88 SoC=1.0000
ep=0590 frame=005 slot=09 J_F=  -409.00 meanZ=54.12 SoC=1.0000
ep=0590 frame=006 slot=09 J_F=  -247.00 meanZ=49.08 SoC=1.0000
ep=0590 frame=007 slot=09 J_F=  -338.60 meanZ=44.08 SoC=1.0000
ep=0590 frame=008 slot=09 J_F=   179.50 meanZ=42.56 SoC=1.0000
ep=0590 frame=009 slot=09 J_F=  -298.80 meanZ=40.82 SoC=1.0000
ep=0590 frame=010 slot=09 J_F=    90.60 meanZ=38.40 SoC=1.0000
ep=0590 frame=011 slot=09 J_F=   522.20 meanZ=39.20 SoC=1.0000
ep=0590 frame=012 slot=09 J_F=    71.20 meanZ=38.12 SoC=1.0000
ep=0590 frame=013 slot=09 J_F=  -414.10 meanZ=35.36 SoC=1.0000
ep=0590 frame=014 slot=09 J_F=   204.00 meanZ=34.56 SoC=1.0000
ep=0590 frame=015 slot=09 J_F=   -88.00 meanZ=33.54 SoC=1.0000
ep=0590 frame=016 slot=09 J_F=   338.00 meanZ=33.14 SoC=1.0000
ep=0590 frame=017 slot=09 J_F=   815.90 meanZ=34.24 SoC=1.0000
ep=0590 frame=018 slot=09 J_F=   774.50 meanZ=34.78 SoC=1.0000
ep=0590 frame=019 slot=09 J_F=    32.50 meanZ=35.36 SoC=1.0000
ep=0590 frame=020 slot=09 J_F=   638.00 meanZ=35.60 SoC=1.0000
ep=0590 frame=021 slot=09 J_F=   380.00 meanZ=35.78 SoC=1.0000
ep=0590 frame=022 slot=09 J_F=  -280.10 meanZ=33.30 SoC=1.0000
ep=0590 frame=023 slot=09 J_F=   471.80 meanZ=34.06 SoC=1.0000
ep=0590 frame=024 slot=09 J_F=  1061.00 meanZ=36.26 SoC=1.0000
ep=0590 frame=025 slot=09 J_F=   452.80 meanZ=35.80 SoC=1.0000
ep=0590 frame=026 slot=09 J_F=   378.90 meanZ=36.40 SoC=1.0000
ep=0590 frame=027 slot=09 J_F=   751.50 meanZ=38.30 SoC=1.0000
ep=0590 frame=028 slot=09 J_F=   687.00 meanZ=39.16 SoC=1.0000
ep=0590 frame=029 slot=09 J_F=   402.30 meanZ=39.36 SoC=1.0000
hppo_rsu 591/750 QoE=0.39318 stall=0.1073 145.78s
ep=0591 frame=000 slot=09 J_F= -4274.50 meanZ=87.98 SoC=1.0000
ep=0591 frame=001 slot=09 J_F= -2829.60 meanZ=79.90 SoC=1.0000
ep=0591 frame=002 slot=09 J_F= -1451.80 meanZ=72.56 SoC=1.0000
ep=0591 frame=003 slot=09 J_F= -1529.10 meanZ=64.96 SoC=1.0000
ep=0591 frame=004 slot=09 J_F=  -634.50 meanZ=60.58 SoC=1.0000
ep=0591 frame=005 slot=09 J_F=  -748.80 meanZ=53.98 SoC=1.0000
ep=0591 frame=006 slot=09 J_F=   450.80 meanZ=50.48 SoC=1.0000
ep=0591 frame=007 slot=09 J_F=   134.70 meanZ=49.16 SoC=1.0000
ep=0591 frame=008 slot=09 J_F=  -386.00 meanZ=45.50 SoC=1.0000
ep=0591 frame=009 slot=09 J_F=   114.30 meanZ=44.26 SoC=1.0000
ep=0591 frame=010 slot=09 J_F=  -192.40 meanZ=41.96 SoC=1.0000
ep=0591 frame=011 slot=09 J_F=   167.00 meanZ=41.98 SoC=1.0000
ep=0591 frame=012 slot=09 J_F=  -250.60 meanZ=39.96 SoC=1.0000
ep=0591 frame=013 slot=09 J_F=  -265.00 meanZ=37.66 SoC=1.0000
ep=0591 frame=014 slot=09 J_F=   434.80 meanZ=36.60 SoC=1.0000
ep=0591 frame=015 slot=09 J_F=  -287.70 meanZ=35.20 SoC=1.0000
ep=0591 frame=016 slot=09 J_F=   505.50 meanZ=34.28 SoC=1.0000
ep=0591 frame=017 slot=09 J_F=   303.00 meanZ=34.60 SoC=1.0000
ep=0591 frame=018 slot=09 J_F=   173.50 meanZ=34.34 SoC=1.0000
ep=0591 frame=019 slot=09 J_F=   123.00 meanZ=33.70 SoC=1.0000
ep=0591 frame=020 slot=09 J_F=   331.50 meanZ=34.02 SoC=1.0000
ep=0591 frame=021 slot=09 J_F=     7.00 meanZ=32.88 SoC=1.0000
ep=0591 frame=022 slot=09 J_F=   452.90 meanZ=33.16 SoC=1.0000
ep=0591 frame=023 slot=09 J_F=   577.00 meanZ=34.02 SoC=1.0000
ep=0591 frame=024 slot=09 J_F=   110.80 meanZ=32.84 SoC=1.0000
ep=0591 frame=025 slot=09 J_F=   648.50 meanZ=32.80 SoC=1.0000
ep=0591 frame=026 slot=09 J_F=   369.50 meanZ=34.68 SoC=1.0000
ep=0591 frame=027 slot=09 J_F=   585.00 meanZ=34.90 SoC=1.0000
ep=0591 frame=028 slot=09 J_F=   395.50 meanZ=35.40 SoC=1.0000
ep=0591 frame=029 slot=09 J_F=   622.90 meanZ=37.48 SoC=1.0000
hppo_rsu 592/750 QoE=0.43166 stall=0.0951 146.73s
ep=0592 frame=000 slot=09 J_F= -3710.60 meanZ=87.42 SoC=1.0000
ep=0592 frame=001 slot=09 J_F= -1464.50 meanZ=79.26 SoC=1.0000
ep=0592 frame=002 slot=09 J_F= -1409.50 meanZ=73.34 SoC=1.0000
ep=0592 frame=003 slot=09 J_F= -1373.10 meanZ=65.80 SoC=1.0000
ep=0592 frame=004 slot=09 J_F=  -535.10 meanZ=59.34 SoC=1.0000
ep=0592 frame=005 slot=09 J_F=  -197.20 meanZ=54.80 SoC=1.0000
ep=0592 frame=006 slot=09 J_F=   -35.20 meanZ=50.10 SoC=1.0000
ep=0592 frame=007 slot=09 J_F=  -144.70 meanZ=46.50 SoC=1.0000
ep=0592 frame=008 slot=09 J_F=   109.50 meanZ=44.08 SoC=1.0000
ep=0592 frame=009 slot=09 J_F=   195.40 meanZ=40.14 SoC=1.0000
ep=0592 frame=010 slot=09 J_F=   -54.70 meanZ=38.78 SoC=1.0000
ep=0592 frame=011 slot=09 J_F=   483.50 meanZ=38.54 SoC=1.0000
ep=0592 frame=012 slot=09 J_F=   147.40 meanZ=36.58 SoC=1.0000
ep=0592 frame=013 slot=09 J_F=  -420.60 meanZ=34.40 SoC=1.0000
ep=0592 frame=014 slot=09 J_F=   -30.10 meanZ=32.40 SoC=1.0000
ep=0592 frame=015 slot=09 J_F=   568.00 meanZ=31.70 SoC=1.0000
ep=0592 frame=016 slot=09 J_F=  -103.50 meanZ=30.48 SoC=1.0000
ep=0592 frame=017 slot=09 J_F=   551.00 meanZ=31.84 SoC=1.0000
ep=0592 frame=018 slot=09 J_F=    -8.50 meanZ=31.72 SoC=1.0000
ep=0592 frame=019 slot=09 J_F=   320.50 meanZ=31.52 SoC=1.0000
ep=0592 frame=020 slot=09 J_F=   302.00 meanZ=31.64 SoC=1.0000
ep=0592 frame=021 slot=09 J_F=   575.00 meanZ=31.26 SoC=1.0000
ep=0592 frame=022 slot=09 J_F=   224.40 meanZ=31.48 SoC=1.0000
ep=0592 frame=023 slot=09 J_F=   378.40 meanZ=34.38 SoC=1.0000
ep=0592 frame=024 slot=09 J_F=   502.00 meanZ=33.18 SoC=1.0000
ep=0592 frame=025 slot=09 J_F=   292.30 meanZ=33.00 SoC=1.0000
ep=0592 frame=026 slot=09 J_F=   442.40 meanZ=32.94 SoC=1.0000
ep=0592 frame=027 slot=09 J_F=   958.90 meanZ=35.20 SoC=1.0000
ep=0592 frame=028 slot=09 J_F=   559.80 meanZ=35.50 SoC=1.0000
ep=0592 frame=029 slot=09 J_F=   384.00 meanZ=35.36 SoC=1.0000
hppo_rsu 593/750 QoE=0.38917 stall=0.1128 145.73s
ep=0593 frame=000 slot=09 J_F= -2313.60 meanZ=88.12 SoC=1.0000
ep=0593 frame=001 slot=09 J_F= -2367.50 meanZ=80.52 SoC=1.0000
ep=0593 frame=002 slot=09 J_F=  -908.10 meanZ=74.02 SoC=1.0000
ep=0593 frame=003 slot=09 J_F=  -477.50 meanZ=70.14 SoC=1.0000
ep=0593 frame=004 slot=09 J_F=   183.00 meanZ=64.78 SoC=1.0000
ep=0593 frame=005 slot=09 J_F=  -903.60 meanZ=58.54 SoC=1.0000
ep=0593 frame=006 slot=09 J_F=  -272.10 meanZ=53.92 SoC=1.0000
ep=0593 frame=007 slot=09 J_F=  -175.60 meanZ=51.54 SoC=1.0000
ep=0593 frame=008 slot=09 J_F=    47.20 meanZ=48.28 SoC=1.0000
ep=0593 frame=009 slot=09 J_F=   242.60 meanZ=45.86 SoC=1.0000
ep=0593 frame=010 slot=09 J_F=    49.30 meanZ=44.38 SoC=1.0000
ep=0593 frame=011 slot=09 J_F=   -89.70 meanZ=43.28 SoC=1.0000
ep=0593 frame=012 slot=09 J_F=    49.70 meanZ=40.88 SoC=1.0000
ep=0593 frame=013 slot=09 J_F=   -31.50 meanZ=39.14 SoC=1.0000
ep=0593 frame=014 slot=09 J_F=   453.00 meanZ=38.98 SoC=1.0000
ep=0593 frame=015 slot=09 J_F=   670.40 meanZ=38.00 SoC=1.0000
ep=0593 frame=016 slot=09 J_F=    68.80 meanZ=38.72 SoC=1.0000
ep=0593 frame=017 slot=09 J_F=   133.90 meanZ=38.10 SoC=1.0000
ep=0593 frame=018 slot=09 J_F=   271.40 meanZ=36.42 SoC=1.0000
ep=0593 frame=019 slot=09 J_F=  -348.50 meanZ=36.04 SoC=1.0000
ep=0593 frame=020 slot=09 J_F=   703.50 meanZ=36.08 SoC=1.0000
ep=0593 frame=021 slot=09 J_F=  -163.00 meanZ=34.16 SoC=1.0000
ep=0593 frame=022 slot=09 J_F=   347.00 meanZ=33.62 SoC=1.0000
ep=0593 frame=023 slot=09 J_F=   411.90 meanZ=33.84 SoC=1.0000
ep=0593 frame=024 slot=09 J_F=   527.40 meanZ=34.44 SoC=1.0000
ep=0593 frame=025 slot=09 J_F=  -192.10 meanZ=33.22 SoC=1.0000
ep=0593 frame=026 slot=09 J_F=   515.30 meanZ=33.08 SoC=1.0000
ep=0593 frame=027 slot=09 J_F=   259.00 meanZ=33.44 SoC=1.0000
ep=0593 frame=028 slot=09 J_F=   327.50 meanZ=32.74 SoC=1.0000
ep=0593 frame=029 slot=09 J_F=    93.40 meanZ=30.86 SoC=1.0000
hppo_rsu 594/750 QoE=0.40592 stall=0.1090 147.48s
ep=0594 frame=000 slot=09 J_F= -1972.60 meanZ=90.08 SoC=1.0000
ep=0594 frame=001 slot=09 J_F= -2392.60 meanZ=81.92 SoC=1.0000
ep=0594 frame=002 slot=09 J_F= -1282.50 meanZ=74.20 SoC=1.0000
ep=0594 frame=003 slot=09 J_F=  -489.00 meanZ=67.12 SoC=1.0000
ep=0594 frame=004 slot=09 J_F= -1229.10 meanZ=60.10 SoC=1.0000
ep=0594 frame=005 slot=09 J_F=    14.40 meanZ=55.96 SoC=1.0000
ep=0594 frame=006 slot=09 J_F=  -485.00 meanZ=50.44 SoC=1.0000
ep=0594 frame=007 slot=09 J_F=  -607.10 meanZ=46.62 SoC=1.0000
ep=0594 frame=008 slot=09 J_F=   278.00 meanZ=44.64 SoC=1.0000
ep=0594 frame=009 slot=09 J_F=   921.80 meanZ=44.16 SoC=1.0000
ep=0594 frame=010 slot=09 J_F=   158.50 meanZ=43.68 SoC=1.0000
ep=0594 frame=011 slot=09 J_F=  -296.20 meanZ=41.60 SoC=1.0000
ep=0594 frame=012 slot=09 J_F=   130.90 meanZ=38.68 SoC=1.0000
ep=0594 frame=013 slot=09 J_F=   258.70 meanZ=35.58 SoC=1.0000
ep=0594 frame=014 slot=09 J_F=   -66.70 meanZ=35.72 SoC=1.0000
ep=0594 frame=015 slot=09 J_F=   705.90 meanZ=35.60 SoC=1.0000
ep=0594 frame=016 slot=09 J_F=   113.90 meanZ=35.50 SoC=1.0000
ep=0594 frame=017 slot=09 J_F=    38.20 meanZ=32.40 SoC=1.0000
ep=0594 frame=018 slot=09 J_F=   282.80 meanZ=31.94 SoC=1.0000
ep=0594 frame=019 slot=09 J_F=   229.90 meanZ=30.56 SoC=1.0000
ep=0594 frame=020 slot=09 J_F=   250.40 meanZ=29.84 SoC=1.0000
ep=0594 frame=021 slot=09 J_F=   564.00 meanZ=30.26 SoC=1.0000
ep=0594 frame=022 slot=09 J_F=   306.20 meanZ=29.10 SoC=1.0000
ep=0594 frame=023 slot=09 J_F=   529.70 meanZ=30.46 SoC=1.0000
ep=0594 frame=024 slot=09 J_F=    14.40 meanZ=30.64 SoC=1.0000
ep=0594 frame=025 slot=09 J_F=   165.90 meanZ=30.22 SoC=1.0000
ep=0594 frame=026 slot=09 J_F=   708.80 meanZ=29.66 SoC=1.0000
ep=0594 frame=027 slot=09 J_F=   684.40 meanZ=29.88 SoC=1.0000
ep=0594 frame=028 slot=09 J_F=   296.80 meanZ=29.96 SoC=1.0000
ep=0594 frame=029 slot=09 J_F=   722.40 meanZ=29.80 SoC=1.0000
hppo_rsu 595/750 QoE=0.44467 stall=0.0964 145.35s
ep=0595 frame=000 slot=09 J_F= -3089.60 meanZ=89.10 SoC=1.0000
ep=0595 frame=001 slot=09 J_F= -1632.60 meanZ=81.46 SoC=1.0000
ep=0595 frame=002 slot=09 J_F= -1436.10 meanZ=74.02 SoC=1.0000
ep=0595 frame=003 slot=09 J_F= -1372.90 meanZ=66.56 SoC=1.0000
ep=0595 frame=004 slot=09 J_F=  -927.10 meanZ=61.04 SoC=1.0000
ep=0595 frame=005 slot=09 J_F=  -220.60 meanZ=54.68 SoC=1.0000
ep=0595 frame=006 slot=09 J_F=   354.90 meanZ=51.82 SoC=1.0000
ep=0595 frame=007 slot=09 J_F=   191.30 meanZ=50.56 SoC=1.0000
ep=0595 frame=008 slot=09 J_F=   208.70 meanZ=48.74 SoC=1.0000
ep=0595 frame=009 slot=09 J_F=   188.00 meanZ=48.44 SoC=1.0000
ep=0595 frame=010 slot=09 J_F=   757.00 meanZ=46.78 SoC=1.0000
ep=0595 frame=011 slot=09 J_F=   436.50 meanZ=46.46 SoC=1.0000
ep=0595 frame=012 slot=09 J_F=  -271.10 meanZ=44.78 SoC=1.0000
ep=0595 frame=013 slot=09 J_F=   -11.10 meanZ=43.94 SoC=1.0000
ep=0595 frame=014 slot=09 J_F=   679.30 meanZ=43.06 SoC=1.0000
ep=0595 frame=015 slot=09 J_F=   287.30 meanZ=42.20 SoC=1.0000
ep=0595 frame=016 slot=09 J_F=    15.00 meanZ=40.74 SoC=1.0000
ep=0595 frame=017 slot=09 J_F=   656.50 meanZ=41.44 SoC=1.0000
ep=0595 frame=018 slot=09 J_F=    65.40 meanZ=41.68 SoC=1.0000
ep=0595 frame=019 slot=09 J_F=  -186.70 meanZ=41.72 SoC=1.0000
ep=0595 frame=020 slot=09 J_F=   340.50 meanZ=41.50 SoC=1.0000
ep=0595 frame=021 slot=09 J_F=   749.00 meanZ=42.90 SoC=1.0000
ep=0595 frame=022 slot=09 J_F=   733.40 meanZ=43.28 SoC=1.0000
ep=0595 frame=023 slot=09 J_F=   729.20 meanZ=44.62 SoC=1.0000
ep=0595 frame=024 slot=09 J_F=   424.90 meanZ=45.20 SoC=1.0000
ep=0595 frame=025 slot=09 J_F=   582.40 meanZ=44.04 SoC=1.0000
ep=0595 frame=026 slot=09 J_F=   715.50 meanZ=43.46 SoC=1.0000
ep=0595 frame=027 slot=09 J_F=   491.00 meanZ=43.28 SoC=1.0000
ep=0595 frame=028 slot=09 J_F=   596.30 meanZ=42.64 SoC=1.0000
ep=0595 frame=029 slot=09 J_F=    -8.50 meanZ=42.12 SoC=1.0000
hppo_rsu 596/750 QoE=0.36221 stall=0.1195 147.19s
ep=0596 frame=000 slot=09 J_F= -2883.50 meanZ=89.34 SoC=1.0000
ep=0596 frame=001 slot=09 J_F= -2097.70 meanZ=81.44 SoC=1.0000
ep=0596 frame=002 slot=09 J_F= -1750.20 meanZ=73.60 SoC=1.0000
ep=0596 frame=003 slot=09 J_F= -1509.10 meanZ=66.38 SoC=1.0000
ep=0596 frame=004 slot=09 J_F=   -12.70 meanZ=60.32 SoC=1.0000
ep=0596 frame=005 slot=09 J_F=    60.40 meanZ=56.88 SoC=1.0000
ep=0596 frame=006 slot=09 J_F=    31.40 meanZ=54.26 SoC=1.0000
ep=0596 frame=007 slot=09 J_F=  -109.70 meanZ=49.78 SoC=1.0000
ep=0596 frame=008 slot=09 J_F=  -272.10 meanZ=46.78 SoC=1.0000
ep=0596 frame=009 slot=09 J_F=  -153.70 meanZ=45.60 SoC=1.0000
ep=0596 frame=010 slot=09 J_F=   564.70 meanZ=43.48 SoC=1.0000
ep=0596 frame=011 slot=09 J_F=   150.30 meanZ=43.04 SoC=1.0000
ep=0596 frame=012 slot=09 J_F=   169.60 meanZ=40.86 SoC=1.0000
ep=0596 frame=013 slot=09 J_F=   327.90 meanZ=39.44 SoC=1.0000
ep=0596 frame=014 slot=09 J_F=   205.90 meanZ=40.10 SoC=1.0000
ep=0596 frame=015 slot=09 J_F=   616.00 meanZ=39.80 SoC=1.0000
ep=0596 frame=016 slot=09 J_F=  -161.00 meanZ=40.36 SoC=1.0000
ep=0596 frame=017 slot=09 J_F=   968.10 meanZ=40.82 SoC=1.0000
ep=0596 frame=018 slot=09 J_F=   215.40 meanZ=40.36 SoC=1.0000
ep=0596 frame=019 slot=09 J_F=   276.40 meanZ=38.68 SoC=1.0000
ep=0596 frame=020 slot=09 J_F=   543.10 meanZ=39.10 SoC=1.0000
ep=0596 frame=021 slot=09 J_F=   234.90 meanZ=38.08 SoC=1.0000
ep=0596 frame=022 slot=09 J_F=   600.50 meanZ=37.84 SoC=1.0000
ep=0596 frame=023 slot=09 J_F=   235.90 meanZ=36.96 SoC=1.0000
ep=0596 frame=024 slot=09 J_F=   711.00 meanZ=37.58 SoC=1.0000
ep=0596 frame=025 slot=09 J_F=   811.60 meanZ=38.02 SoC=1.0000
ep=0596 frame=026 slot=09 J_F=   271.50 meanZ=37.94 SoC=1.0000
ep=0596 frame=027 slot=09 J_F=   865.00 meanZ=39.70 SoC=1.0000
ep=0596 frame=028 slot=09 J_F=   226.00 meanZ=37.96 SoC=1.0000
ep=0596 frame=029 slot=09 J_F=  -125.10 meanZ=36.06 SoC=1.0000
hppo_rsu 597/750 QoE=0.40473 stall=0.1067 145.61s
ep=0597 frame=000 slot=09 J_F= -3031.10 meanZ=87.78 SoC=1.0000
ep=0597 frame=001 slot=09 J_F= -1369.60 meanZ=80.90 SoC=1.0000
ep=0597 frame=002 slot=09 J_F= -1313.10 meanZ=74.20 SoC=1.0000
ep=0597 frame=003 slot=09 J_F=  -415.00 meanZ=69.62 SoC=1.0000
ep=0597 frame=004 slot=09 J_F=  -387.10 meanZ=63.98 SoC=1.0000
ep=0597 frame=005 slot=09 J_F=  -320.70 meanZ=58.90 SoC=1.0000
ep=0597 frame=006 slot=09 J_F=    15.40 meanZ=55.34 SoC=1.0000
ep=0597 frame=007 slot=09 J_F=    65.00 meanZ=52.42 SoC=1.0000
ep=0597 frame=008 slot=09 J_F=   -20.70 meanZ=49.76 SoC=1.0000
ep=0597 frame=009 slot=09 J_F=    19.90 meanZ=47.28 SoC=1.0000
ep=0597 frame=010 slot=09 J_F=  -216.00 meanZ=44.08 SoC=1.0000
ep=0597 frame=011 slot=09 J_F=   684.00 meanZ=43.44 SoC=1.0000
ep=0597 frame=012 slot=09 J_F=   701.00 meanZ=43.28 SoC=1.0000
ep=0597 frame=013 slot=09 J_F=    -4.00 meanZ=42.04 SoC=1.0000
ep=0597 frame=014 slot=09 J_F=  -112.10 meanZ=40.42 SoC=1.0000
ep=0597 frame=015 slot=09 J_F=   347.90 meanZ=37.68 SoC=1.0000
ep=0597 frame=016 slot=09 J_F=   250.50 meanZ=36.94 SoC=1.0000
ep=0597 frame=017 slot=09 J_F=   192.80 meanZ=35.80 SoC=1.0000
ep=0597 frame=018 slot=09 J_F=   734.40 meanZ=36.54 SoC=1.0000
ep=0597 frame=019 slot=09 J_F=   154.30 meanZ=35.62 SoC=1.0000
ep=0597 frame=020 slot=09 J_F=   157.80 meanZ=34.48 SoC=1.0000
ep=0597 frame=021 slot=09 J_F=  -175.10 meanZ=35.04 SoC=1.0000
ep=0597 frame=022 slot=09 J_F=   200.40 meanZ=34.20 SoC=1.0000
ep=0597 frame=023 slot=09 J_F=   373.30 meanZ=33.54 SoC=1.0000
ep=0597 frame=024 slot=09 J_F=   123.80 meanZ=32.90 SoC=1.0000
ep=0597 frame=025 slot=09 J_F=  1224.90 meanZ=34.14 SoC=1.0000
ep=0597 frame=026 slot=09 J_F=   460.30 meanZ=36.30 SoC=1.0000
ep=0597 frame=027 slot=09 J_F=   384.00 meanZ=34.62 SoC=1.0000
ep=0597 frame=028 slot=09 J_F=    43.80 meanZ=34.70 SoC=1.0000
ep=0597 frame=029 slot=09 J_F=   305.40 meanZ=34.22 SoC=1.0000
hppo_rsu 598/750 QoE=0.42750 stall=0.0995 146.35s
ep=0598 frame=000 slot=09 J_F= -3477.00 meanZ=87.88 SoC=1.0000
ep=0598 frame=001 slot=09 J_F= -2867.40 meanZ=78.16 SoC=1.0000
ep=0598 frame=002 slot=09 J_F= -1661.00 meanZ=70.98 SoC=1.0000
ep=0598 frame=003 slot=09 J_F=  -184.00 meanZ=65.18 SoC=1.0000
ep=0598 frame=004 slot=09 J_F=  -559.10 meanZ=58.26 SoC=1.0000
ep=0598 frame=005 slot=09 J_F=  -264.70 meanZ=52.04 SoC=1.0000
ep=0598 frame=006 slot=09 J_F=   222.00 meanZ=49.64 SoC=1.0000
ep=0598 frame=007 slot=09 J_F=  -202.10 meanZ=44.34 SoC=1.0000
ep=0598 frame=008 slot=09 J_F=   386.50 meanZ=42.54 SoC=1.0000
ep=0598 frame=009 slot=09 J_F=   296.90 meanZ=41.32 SoC=1.0000
ep=0598 frame=010 slot=09 J_F=   107.90 meanZ=39.56 SoC=1.0000
ep=0598 frame=011 slot=09 J_F=  -101.70 meanZ=39.34 SoC=1.0000
ep=0598 frame=012 slot=09 J_F=   308.90 meanZ=38.04 SoC=1.0000
ep=0598 frame=013 slot=09 J_F=   334.90 meanZ=38.14 SoC=1.0000
ep=0598 frame=014 slot=09 J_F=   244.50 meanZ=38.66 SoC=1.0000
ep=0598 frame=015 slot=09 J_F=   112.30 meanZ=38.88 SoC=1.0000
ep=0598 frame=016 slot=09 J_F=  -191.50 meanZ=38.68 SoC=1.0000
ep=0598 frame=017 slot=09 J_F=   -50.50 meanZ=37.66 SoC=1.0000
ep=0598 frame=018 slot=09 J_F=    61.00 meanZ=35.82 SoC=1.0000
ep=0598 frame=019 slot=09 J_F=   770.40 meanZ=34.84 SoC=1.0000
ep=0598 frame=020 slot=09 J_F=   450.80 meanZ=33.96 SoC=1.0000
ep=0598 frame=021 slot=09 J_F=   891.90 meanZ=34.24 SoC=1.0000
ep=0598 frame=022 slot=09 J_F=   822.50 meanZ=34.54 SoC=1.0000
ep=0598 frame=023 slot=09 J_F=   549.50 meanZ=35.08 SoC=1.0000
ep=0598 frame=024 slot=09 J_F=   193.40 meanZ=34.48 SoC=1.0000
ep=0598 frame=025 slot=09 J_F=  -214.10 meanZ=34.30 SoC=1.0000
ep=0598 frame=026 slot=09 J_F=   395.70 meanZ=33.20 SoC=1.0000
ep=0598 frame=027 slot=09 J_F=   564.90 meanZ=34.64 SoC=1.0000
ep=0598 frame=028 slot=09 J_F=   427.40 meanZ=34.40 SoC=1.0000
ep=0598 frame=029 slot=09 J_F=   715.00 meanZ=35.14 SoC=1.0000
hppo_rsu 599/750 QoE=0.41014 stall=0.1060 145.56s
ep=0599 frame=000 slot=09 J_F= -3313.80 meanZ=88.48 SoC=1.0000
ep=0599 frame=001 slot=09 J_F= -2007.60 meanZ=81.40 SoC=1.0000
ep=0599 frame=002 slot=09 J_F= -2022.20 meanZ=74.16 SoC=1.0000
ep=0599 frame=003 slot=09 J_F=  -752.00 meanZ=65.76 SoC=1.0000
ep=0599 frame=004 slot=09 J_F=  -214.60 meanZ=58.82 SoC=1.0000
ep=0599 frame=005 slot=09 J_F=  -771.70 meanZ=51.90 SoC=1.0000
ep=0599 frame=006 slot=09 J_F=  -651.70 meanZ=48.26 SoC=1.0000
ep=0599 frame=007 slot=09 J_F=   149.90 meanZ=44.96 SoC=1.0000
ep=0599 frame=008 slot=09 J_F=   239.30 meanZ=42.18 SoC=1.0000
ep=0599 frame=009 slot=09 J_F=   318.00 meanZ=39.56 SoC=1.0000
ep=0599 frame=010 slot=09 J_F=   189.00 meanZ=38.94 SoC=1.0000
ep=0599 frame=011 slot=09 J_F=  -113.60 meanZ=36.38 SoC=1.0000
ep=0599 frame=012 slot=09 J_F=   409.80 meanZ=35.20 SoC=1.0000
ep=0599 frame=013 slot=09 J_F=   528.50 meanZ=34.60 SoC=1.0000
ep=0599 frame=014 slot=09 J_F=   388.40 meanZ=33.94 SoC=1.0000
ep=0599 frame=015 slot=09 J_F=   304.50 meanZ=33.26 SoC=1.0000
ep=0599 frame=016 slot=09 J_F=   153.40 meanZ=32.80 SoC=1.0000
ep=0599 frame=017 slot=09 J_F=   470.40 meanZ=31.96 SoC=1.0000
ep=0599 frame=018 slot=09 J_F=   141.50 meanZ=31.14 SoC=1.0000
ep=0599 frame=019 slot=09 J_F=   349.90 meanZ=32.02 SoC=1.0000
ep=0599 frame=020 slot=09 J_F=   452.10 meanZ=31.68 SoC=1.0000
ep=0599 frame=021 slot=09 J_F=    77.20 meanZ=31.56 SoC=1.0000
ep=0599 frame=022 slot=09 J_F=   122.10 meanZ=32.74 SoC=1.0000
ep=0599 frame=023 slot=09 J_F=   445.40 meanZ=31.78 SoC=1.0000
ep=0599 frame=024 slot=09 J_F=   633.40 meanZ=31.86 SoC=1.0000
ep=0599 frame=025 slot=09 J_F=   132.90 meanZ=32.56 SoC=1.0000
ep=0599 frame=026 slot=09 J_F=    52.20 meanZ=31.14 SoC=1.0000
ep=0599 frame=027 slot=09 J_F=   277.00 meanZ=30.32 SoC=1.0000
ep=0599 frame=028 slot=09 J_F=   123.50 meanZ=29.94 SoC=1.0000
ep=0599 frame=029 slot=09 J_F=   551.00 meanZ=30.26 SoC=1.0000
ep=1000000 frame=000 slot=09 J_F= -2495.00 meanZ=88.98 SoC=1.0000
ep=1000000 frame=001 slot=09 J_F= -1558.70 meanZ=80.88 SoC=1.0000
ep=1000000 frame=002 slot=09 J_F= -1793.10 meanZ=73.54 SoC=1.0000
ep=1000000 frame=003 slot=09 J_F= -1023.20 meanZ=66.12 SoC=1.0000
ep=1000000 frame=004 slot=09 J_F=  -793.60 meanZ=60.50 SoC=1.0000
ep=1000000 frame=005 slot=09 J_F=   -48.20 meanZ=54.78 SoC=1.0000
ep=1000000 frame=006 slot=09 J_F=    51.50 meanZ=49.76 SoC=1.0000
ep=1000000 frame=007 slot=09 J_F=  -246.60 meanZ=45.90 SoC=1.0000
ep=1000000 frame=008 slot=09 J_F=  -359.60 meanZ=41.56 SoC=1.0000
ep=1000000 frame=009 slot=09 J_F=   593.00 meanZ=38.80 SoC=1.0000
ep=1000000 frame=010 slot=09 J_F=   572.40 meanZ=37.98 SoC=1.0000
ep=1000000 frame=011 slot=09 J_F=  -309.10 meanZ=36.18 SoC=1.0000
ep=1000000 frame=012 slot=09 J_F=   276.20 meanZ=36.26 SoC=1.0000
ep=1000000 frame=013 slot=09 J_F=   -94.60 meanZ=36.34 SoC=1.0000
ep=1000000 frame=014 slot=09 J_F=   172.90 meanZ=35.06 SoC=1.0000
ep=1000000 frame=015 slot=09 J_F=    82.80 meanZ=34.80 SoC=1.0000
ep=1000000 frame=016 slot=09 J_F=   396.80 meanZ=34.82 SoC=1.0000
ep=1000000 frame=017 slot=09 J_F=   706.50 meanZ=35.94 SoC=1.0000
ep=1000000 frame=018 slot=09 J_F=   363.90 meanZ=35.58 SoC=1.0000
ep=1000000 frame=019 slot=09 J_F=   359.30 meanZ=35.38 SoC=1.0000
ep=1000000 frame=020 slot=09 J_F=   337.50 meanZ=36.24 SoC=1.0000
ep=1000000 frame=021 slot=09 J_F=   675.20 meanZ=36.40 SoC=1.0000
ep=1000000 frame=022 slot=09 J_F=   153.40 meanZ=35.72 SoC=1.0000
ep=1000000 frame=023 slot=09 J_F=   188.90 meanZ=36.32 SoC=1.0000
ep=1000000 frame=024 slot=09 J_F=   561.90 meanZ=35.72 SoC=1.0000
ep=1000000 frame=025 slot=09 J_F=   492.90 meanZ=35.52 SoC=1.0000
ep=1000000 frame=026 slot=09 J_F=   227.40 meanZ=35.32 SoC=1.0000
ep=1000000 frame=027 slot=09 J_F=   582.50 meanZ=35.40 SoC=1.0000
ep=1000000 frame=028 slot=09 J_F=    -4.90 meanZ=35.90 SoC=1.0000
ep=1000000 frame=029 slot=09 J_F=   435.50 meanZ=35.26 SoC=1.0000
ep=1000001 frame=000 slot=09 J_F= -2179.00 meanZ=88.82 SoC=1.0000
ep=1000001 frame=001 slot=09 J_F= -1179.10 meanZ=82.88 SoC=1.0000
ep=1000001 frame=002 slot=09 J_F=  -696.00 meanZ=76.18 SoC=1.0000
ep=1000001 frame=003 slot=09 J_F=  -691.10 meanZ=70.02 SoC=1.0000
ep=1000001 frame=004 slot=09 J_F= -1480.80 meanZ=61.18 SoC=1.0000
ep=1000001 frame=005 slot=09 J_F=    36.50 meanZ=54.62 SoC=1.0000
ep=1000001 frame=006 slot=09 J_F=  -869.70 meanZ=48.18 SoC=1.0000
ep=1000001 frame=007 slot=09 J_F=  -155.10 meanZ=44.24 SoC=1.0000
ep=1000001 frame=008 slot=09 J_F=   323.00 meanZ=42.92 SoC=1.0000
ep=1000001 frame=009 slot=09 J_F=  -742.70 meanZ=40.16 SoC=1.0000
ep=1000001 frame=010 slot=09 J_F=   155.90 meanZ=38.26 SoC=1.0000
ep=1000001 frame=011 slot=09 J_F=  -136.70 meanZ=37.38 SoC=1.0000
ep=1000001 frame=012 slot=09 J_F=   589.50 meanZ=37.50 SoC=1.0000
ep=1000001 frame=013 slot=09 J_F=   755.30 meanZ=37.02 SoC=1.0000
ep=1000001 frame=014 slot=09 J_F=   893.30 meanZ=38.66 SoC=1.0000
ep=1000001 frame=015 slot=09 J_F=   140.40 meanZ=37.24 SoC=1.0000
ep=1000001 frame=016 slot=09 J_F=   572.00 meanZ=37.44 SoC=1.0000
ep=1000001 frame=017 slot=09 J_F=   308.30 meanZ=37.20 SoC=1.0000
ep=1000001 frame=018 slot=09 J_F=   491.50 meanZ=37.38 SoC=1.0000
ep=1000001 frame=019 slot=09 J_F=   507.00 meanZ=37.90 SoC=1.0000
ep=1000001 frame=020 slot=09 J_F=   477.40 meanZ=37.86 SoC=1.0000
ep=1000001 frame=021 slot=09 J_F=   291.40 meanZ=38.22 SoC=1.0000
ep=1000001 frame=022 slot=09 J_F=  -124.50 meanZ=37.90 SoC=1.0000
ep=1000001 frame=023 slot=09 J_F=   367.50 meanZ=38.16 SoC=1.0000
ep=1000001 frame=024 slot=09 J_F=   406.50 meanZ=38.50 SoC=1.0000
ep=1000001 frame=025 slot=09 J_F=  -104.10 meanZ=37.24 SoC=1.0000
ep=1000001 frame=026 slot=09 J_F=   319.00 meanZ=37.40 SoC=1.0000
ep=1000001 frame=027 slot=09 J_F=   658.40 meanZ=37.38 SoC=1.0000
ep=1000001 frame=028 slot=09 J_F=   393.00 meanZ=36.84 SoC=1.0000
ep=1000001 frame=029 slot=09 J_F=   218.90 meanZ=36.18 SoC=1.0000
ep=1000002 frame=000 slot=09 J_F= -2115.50 meanZ=89.46 SoC=1.0000
ep=1000002 frame=001 slot=09 J_F= -2093.10 meanZ=82.30 SoC=1.0000
ep=1000002 frame=002 slot=09 J_F= -1478.60 meanZ=73.98 SoC=1.0000
ep=1000002 frame=003 slot=09 J_F= -1197.70 meanZ=66.86 SoC=1.0000
ep=1000002 frame=004 slot=09 J_F=  -383.60 meanZ=60.42 SoC=1.0000
ep=1000002 frame=005 slot=09 J_F=   225.00 meanZ=54.78 SoC=1.0000
ep=1000002 frame=006 slot=09 J_F=   -96.20 meanZ=50.16 SoC=1.0000
ep=1000002 frame=007 slot=09 J_F=   186.40 meanZ=47.48 SoC=1.0000
ep=1000002 frame=008 slot=09 J_F=  -295.70 meanZ=44.42 SoC=1.0000
ep=1000002 frame=009 slot=09 J_F=  -466.00 meanZ=42.28 SoC=1.0000
ep=1000002 frame=010 slot=09 J_F=   434.00 meanZ=40.84 SoC=1.0000
ep=1000002 frame=011 slot=09 J_F=   277.10 meanZ=39.84 SoC=1.0000
ep=1000002 frame=012 slot=09 J_F=  -146.90 meanZ=38.94 SoC=1.0000
ep=1000002 frame=013 slot=09 J_F=   -78.00 meanZ=37.54 SoC=1.0000
ep=1000002 frame=014 slot=09 J_F=   198.80 meanZ=36.66 SoC=1.0000
ep=1000002 frame=015 slot=09 J_F=   703.60 meanZ=36.40 SoC=1.0000
ep=1000002 frame=016 slot=09 J_F=   155.00 meanZ=36.58 SoC=1.0000
ep=1000002 frame=017 slot=09 J_F=   170.30 meanZ=36.40 SoC=1.0000
ep=1000002 frame=018 slot=09 J_F=   356.40 meanZ=35.22 SoC=1.0000
ep=1000002 frame=019 slot=09 J_F=   383.00 meanZ=35.62 SoC=1.0000
ep=1000002 frame=020 slot=09 J_F=   529.50 meanZ=35.54 SoC=1.0000
ep=1000002 frame=021 slot=09 J_F=   328.90 meanZ=35.08 SoC=1.0000
ep=1000002 frame=022 slot=09 J_F=   319.50 meanZ=35.02 SoC=1.0000
ep=1000002 frame=023 slot=09 J_F=   429.60 meanZ=34.42 SoC=1.0000
ep=1000002 frame=024 slot=09 J_F=    93.50 meanZ=33.84 SoC=1.0000
ep=1000002 frame=025 slot=09 J_F=   444.20 meanZ=34.06 SoC=1.0000
ep=1000002 frame=026 slot=09 J_F=   508.20 meanZ=33.92 SoC=1.0000
ep=1000002 frame=027 slot=09 J_F=  -189.10 meanZ=34.08 SoC=1.0000
ep=1000002 frame=028 slot=09 J_F=   201.20 meanZ=34.64 SoC=1.0000
ep=1000002 frame=029 slot=09 J_F=   417.80 meanZ=35.32 SoC=1.0000
ep=1000003 frame=000 slot=09 J_F= -3257.70 meanZ=88.42 SoC=1.0000
ep=1000003 frame=001 slot=09 J_F= -1359.70 meanZ=80.72 SoC=1.0000
ep=1000003 frame=002 slot=09 J_F= -1814.00 meanZ=73.98 SoC=1.0000
ep=1000003 frame=003 slot=09 J_F= -1154.80 meanZ=66.86 SoC=1.0000
ep=1000003 frame=004 slot=09 J_F=  -100.10 meanZ=61.50 SoC=1.0000
ep=1000003 frame=005 slot=09 J_F=  -852.60 meanZ=55.72 SoC=1.0000
ep=1000003 frame=006 slot=09 J_F=  -224.10 meanZ=51.16 SoC=1.0000
ep=1000003 frame=007 slot=09 J_F=   514.40 meanZ=49.94 SoC=1.0000
ep=1000003 frame=008 slot=09 J_F=   108.40 meanZ=46.66 SoC=1.0000
ep=1000003 frame=009 slot=09 J_F=   -58.60 meanZ=44.88 SoC=1.0000
ep=1000003 frame=010 slot=09 J_F=   131.00 meanZ=42.36 SoC=1.0000
ep=1000003 frame=011 slot=09 J_F=  -329.60 meanZ=39.54 SoC=1.0000
ep=1000003 frame=012 slot=09 J_F=   678.90 meanZ=39.98 SoC=1.0000
ep=1000003 frame=013 slot=09 J_F=   -80.10 meanZ=38.86 SoC=1.0000
ep=1000003 frame=014 slot=09 J_F=    88.90 meanZ=38.24 SoC=1.0000
ep=1000003 frame=015 slot=09 J_F=   727.50 meanZ=39.06 SoC=1.0000
ep=1000003 frame=016 slot=09 J_F=    76.70 meanZ=37.34 SoC=1.0000
ep=1000003 frame=017 slot=09 J_F=   101.80 meanZ=36.40 SoC=1.0000
ep=1000003 frame=018 slot=09 J_F=    50.40 meanZ=35.04 SoC=1.0000
ep=1000003 frame=019 slot=09 J_F=   833.00 meanZ=34.86 SoC=1.0000
ep=1000003 frame=020 slot=09 J_F=   475.90 meanZ=34.44 SoC=1.0000
ep=1000003 frame=021 slot=09 J_F=    12.50 meanZ=34.70 SoC=1.0000
ep=1000003 frame=022 slot=09 J_F=   311.10 meanZ=33.02 SoC=1.0000
ep=1000003 frame=023 slot=09 J_F=   182.90 meanZ=32.86 SoC=1.0000
ep=1000003 frame=024 slot=09 J_F=   207.50 meanZ=33.32 SoC=1.0000
ep=1000003 frame=025 slot=09 J_F=   432.20 meanZ=34.38 SoC=1.0000
ep=1000003 frame=026 slot=09 J_F=   652.50 meanZ=35.06 SoC=1.0000
ep=1000003 frame=027 slot=09 J_F=   404.40 meanZ=36.32 SoC=1.0000
ep=1000003 frame=028 slot=09 J_F=   680.00 meanZ=37.26 SoC=1.0000
ep=1000003 frame=029 slot=09 J_F=   705.90 meanZ=37.34 SoC=1.0000
ep=1000004 frame=000 slot=09 J_F= -2802.60 meanZ=88.06 SoC=1.0000
ep=1000004 frame=001 slot=09 J_F= -1328.10 meanZ=81.40 SoC=1.0000
ep=1000004 frame=002 slot=09 J_F= -1396.50 meanZ=74.56 SoC=1.0000
ep=1000004 frame=003 slot=09 J_F= -1244.60 meanZ=67.50 SoC=1.0000
ep=1000004 frame=004 slot=09 J_F=  -796.80 meanZ=59.38 SoC=1.0000
ep=1000004 frame=005 slot=09 J_F=  -148.00 meanZ=54.10 SoC=1.0000
ep=1000004 frame=006 slot=09 J_F=  -379.70 meanZ=49.78 SoC=1.0000
ep=1000004 frame=007 slot=09 J_F=    32.50 meanZ=46.04 SoC=1.0000
ep=1000004 frame=008 slot=09 J_F=  -640.60 meanZ=45.00 SoC=1.0000
ep=1000004 frame=009 slot=09 J_F=   246.50 meanZ=42.86 SoC=1.0000
ep=1000004 frame=010 slot=09 J_F=    -5.90 meanZ=41.40 SoC=1.0000
ep=1000004 frame=011 slot=09 J_F=  -147.10 meanZ=39.84 SoC=1.0000
ep=1000004 frame=012 slot=09 J_F=    80.50 meanZ=38.96 SoC=1.0000
ep=1000004 frame=013 slot=09 J_F=   262.00 meanZ=37.92 SoC=1.0000
ep=1000004 frame=014 slot=09 J_F=    67.40 meanZ=36.18 SoC=1.0000
ep=1000004 frame=015 slot=09 J_F=   641.40 meanZ=35.90 SoC=1.0000
ep=1000004 frame=016 slot=09 J_F=   598.00 meanZ=34.64 SoC=1.0000
ep=1000004 frame=017 slot=09 J_F=   452.60 meanZ=36.06 SoC=1.0000
ep=1000004 frame=018 slot=09 J_F=   401.40 meanZ=36.58 SoC=1.0000
ep=1000004 frame=019 slot=09 J_F=    92.80 meanZ=36.42 SoC=1.0000
ep=1000004 frame=020 slot=09 J_F=    17.10 meanZ=36.14 SoC=1.0000
ep=1000004 frame=021 slot=09 J_F=   161.90 meanZ=35.16 SoC=1.0000
ep=1000004 frame=022 slot=09 J_F=   683.50 meanZ=35.22 SoC=1.0000
ep=1000004 frame=023 slot=09 J_F=   -82.10 meanZ=36.04 SoC=1.0000
ep=1000004 frame=024 slot=09 J_F=   717.00 meanZ=36.38 SoC=1.0000
ep=1000004 frame=025 slot=09 J_F=   450.00 meanZ=36.38 SoC=1.0000
ep=1000004 frame=026 slot=09 J_F=   562.00 meanZ=36.86 SoC=1.0000
ep=1000004 frame=027 slot=09 J_F=   327.90 meanZ=36.64 SoC=1.0000
ep=1000004 frame=028 slot=09 J_F=   107.50 meanZ=36.92 SoC=1.0000
ep=1000004 frame=029 slot=09 J_F=   680.90 meanZ=37.44 SoC=1.0000
ep=1000005 frame=000 slot=09 J_F= -3276.60 meanZ=88.30 SoC=1.0000
ep=1000005 frame=001 slot=09 J_F= -1843.70 meanZ=81.54 SoC=1.0000
ep=1000005 frame=002 slot=09 J_F= -1281.10 meanZ=74.60 SoC=1.0000
ep=1000005 frame=003 slot=09 J_F=  -845.00 meanZ=67.20 SoC=1.0000
ep=1000005 frame=004 slot=09 J_F=  -960.10 meanZ=59.90 SoC=1.0000
ep=1000005 frame=005 slot=09 J_F=  -240.60 meanZ=54.96 SoC=1.0000
ep=1000005 frame=006 slot=09 J_F=  -307.60 meanZ=50.24 SoC=1.0000
ep=1000005 frame=007 slot=09 J_F=   501.40 meanZ=48.80 SoC=1.0000
ep=1000005 frame=008 slot=09 J_F=  -254.60 meanZ=45.60 SoC=1.0000
ep=1000005 frame=009 slot=09 J_F=   377.40 meanZ=43.50 SoC=1.0000
ep=1000005 frame=010 slot=09 J_F=    30.30 meanZ=40.02 SoC=1.0000
ep=1000005 frame=011 slot=09 J_F=   289.50 meanZ=39.34 SoC=1.0000
ep=1000005 frame=012 slot=09 J_F=   -95.60 meanZ=38.36 SoC=1.0000
ep=1000005 frame=013 slot=09 J_F=  -291.50 meanZ=35.94 SoC=1.0000
ep=1000005 frame=014 slot=09 J_F=   715.90 meanZ=36.44 SoC=1.0000
ep=1000005 frame=015 slot=09 J_F=   380.00 meanZ=35.64 SoC=1.0000
ep=1000005 frame=016 slot=09 J_F=   507.50 meanZ=34.92 SoC=1.0000
ep=1000005 frame=017 slot=09 J_F=   405.90 meanZ=35.28 SoC=1.0000
ep=1000005 frame=018 slot=09 J_F=   489.50 meanZ=34.94 SoC=1.0000
ep=1000005 frame=019 slot=09 J_F=   154.40 meanZ=34.30 SoC=1.0000
ep=1000005 frame=020 slot=09 J_F=   208.50 meanZ=32.58 SoC=1.0000
ep=1000005 frame=021 slot=09 J_F=  -119.10 meanZ=31.78 SoC=1.0000
ep=1000005 frame=022 slot=09 J_F=   470.50 meanZ=31.44 SoC=1.0000
ep=1000005 frame=023 slot=09 J_F=   483.90 meanZ=31.50 SoC=1.0000
ep=1000005 frame=024 slot=09 J_F=   101.90 meanZ=33.38 SoC=1.0000
ep=1000005 frame=025 slot=09 J_F=   707.50 meanZ=36.20 SoC=1.0000
ep=1000005 frame=026 slot=09 J_F=   936.90 meanZ=36.86 SoC=1.0000
ep=1000005 frame=027 slot=09 J_F=   585.50 meanZ=36.48 SoC=1.0000
ep=1000005 frame=028 slot=09 J_F=    93.70 meanZ=36.40 SoC=1.0000
ep=1000005 frame=029 slot=09 J_F=   716.00 meanZ=35.64 SoC=1.0000
ep=1000006 frame=000 slot=09 J_F= -1619.00 meanZ=89.22 SoC=1.0000
ep=1000006 frame=001 slot=09 J_F= -1251.60 meanZ=82.36 SoC=1.0000
ep=1000006 frame=002 slot=09 J_F= -1303.60 meanZ=74.96 SoC=1.0000
ep=1000006 frame=003 slot=09 J_F= -1143.60 meanZ=68.26 SoC=1.0000
ep=1000006 frame=004 slot=09 J_F=  -635.60 meanZ=60.66 SoC=1.0000
ep=1000006 frame=005 slot=09 J_F=  -114.10 meanZ=56.18 SoC=1.0000
ep=1000006 frame=006 slot=09 J_F=  -297.50 meanZ=51.64 SoC=1.0000
ep=1000006 frame=007 slot=09 J_F=  -137.70 meanZ=48.68 SoC=1.0000
ep=1000006 frame=008 slot=09 J_F=   162.90 meanZ=46.24 SoC=1.0000
ep=1000006 frame=009 slot=09 J_F=  -124.10 meanZ=44.00 SoC=1.0000
ep=1000006 frame=010 slot=09 J_F=  -129.50 meanZ=42.96 SoC=1.0000
ep=1000006 frame=011 slot=09 J_F=    20.40 meanZ=40.62 SoC=1.0000
ep=1000006 frame=012 slot=09 J_F=   377.90 meanZ=38.50 SoC=1.0000
ep=1000006 frame=013 slot=09 J_F=    86.90 meanZ=37.68 SoC=1.0000
ep=1000006 frame=014 slot=09 J_F=    87.90 meanZ=37.30 SoC=1.0000
ep=1000006 frame=015 slot=09 J_F=   175.40 meanZ=36.02 SoC=1.0000
ep=1000006 frame=016 slot=09 J_F=   757.90 meanZ=35.86 SoC=1.0000
ep=1000006 frame=017 slot=09 J_F=   388.30 meanZ=36.50 SoC=1.0000
ep=1000006 frame=018 slot=09 J_F=   458.40 meanZ=35.62 SoC=1.0000
ep=1000006 frame=019 slot=09 J_F=   533.00 meanZ=36.34 SoC=1.0000
ep=1000006 frame=020 slot=09 J_F=   420.50 meanZ=36.46 SoC=1.0000
ep=1000006 frame=021 slot=09 J_F=   465.00 meanZ=37.02 SoC=1.0000
ep=1000006 frame=022 slot=09 J_F=  -156.80 meanZ=35.40 SoC=1.0000
ep=1000006 frame=023 slot=09 J_F=   398.50 meanZ=35.10 SoC=1.0000
ep=1000006 frame=024 slot=09 J_F=   603.00 meanZ=35.26 SoC=1.0000
ep=1000006 frame=025 slot=09 J_F=   410.00 meanZ=34.84 SoC=1.0000
ep=1000006 frame=026 slot=09 J_F=   133.40 meanZ=34.94 SoC=1.0000
ep=1000006 frame=027 slot=09 J_F=   572.50 meanZ=35.30 SoC=1.0000
ep=1000006 frame=028 slot=09 J_F=   320.40 meanZ=35.52 SoC=1.0000
ep=1000006 frame=029 slot=09 J_F=   446.10 meanZ=35.78 SoC=1.0000
ep=1000007 frame=000 slot=09 J_F= -3471.00 meanZ=87.82 SoC=1.0000
ep=1000007 frame=001 slot=09 J_F= -1682.60 meanZ=80.14 SoC=1.0000
ep=1000007 frame=002 slot=09 J_F= -1570.70 meanZ=72.24 SoC=1.0000
ep=1000007 frame=003 slot=09 J_F=  -367.60 meanZ=66.02 SoC=1.0000
ep=1000007 frame=004 slot=09 J_F= -1111.10 meanZ=58.74 SoC=1.0000
ep=1000007 frame=005 slot=09 J_F=  -183.20 meanZ=53.38 SoC=1.0000
ep=1000007 frame=006 slot=09 J_F=  -488.70 meanZ=48.06 SoC=1.0000
ep=1000007 frame=007 slot=09 J_F=  -334.80 meanZ=44.10 SoC=1.0000
ep=1000007 frame=008 slot=09 J_F=   621.40 meanZ=43.06 SoC=1.0000
ep=1000007 frame=009 slot=09 J_F=   471.60 meanZ=43.30 SoC=1.0000
ep=1000007 frame=010 slot=09 J_F=    30.90 meanZ=41.36 SoC=1.0000
ep=1000007 frame=011 slot=09 J_F=   -30.10 meanZ=39.56 SoC=1.0000
ep=1000007 frame=012 slot=09 J_F=   749.00 meanZ=40.32 SoC=1.0000
ep=1000007 frame=013 slot=09 J_F=   -81.70 meanZ=38.92 SoC=1.0000
ep=1000007 frame=014 slot=09 J_F=    60.90 meanZ=37.90 SoC=1.0000
ep=1000007 frame=015 slot=09 J_F=   140.40 meanZ=37.78 SoC=1.0000
ep=1000007 frame=016 slot=09 J_F=   416.40 meanZ=36.86 SoC=1.0000
ep=1000007 frame=017 slot=09 J_F=   129.00 meanZ=37.64 SoC=1.0000
ep=1000007 frame=018 slot=09 J_F=   347.00 meanZ=37.46 SoC=1.0000
ep=1000007 frame=019 slot=09 J_F=    61.90 meanZ=36.38 SoC=1.0000
ep=1000007 frame=020 slot=09 J_F=   275.00 meanZ=36.66 SoC=1.0000
ep=1000007 frame=021 slot=09 J_F=   345.40 meanZ=37.24 SoC=1.0000
ep=1000007 frame=022 slot=09 J_F=   395.70 meanZ=37.18 SoC=1.0000
ep=1000007 frame=023 slot=09 J_F=   587.00 meanZ=38.14 SoC=1.0000
ep=1000007 frame=024 slot=09 J_F=    33.00 meanZ=37.38 SoC=1.0000
ep=1000007 frame=025 slot=09 J_F=   827.90 meanZ=37.66 SoC=1.0000
ep=1000007 frame=026 slot=09 J_F=   382.00 meanZ=38.30 SoC=1.0000
ep=1000007 frame=027 slot=09 J_F=   109.40 meanZ=38.14 SoC=1.0000
ep=1000007 frame=028 slot=09 J_F=   -36.50 meanZ=37.96 SoC=1.0000
ep=1000007 frame=029 slot=09 J_F=  -270.60 meanZ=36.34 SoC=1.0000
ep=1000008 frame=000 slot=09 J_F= -3461.10 meanZ=87.22 SoC=1.0000
ep=1000008 frame=001 slot=09 J_F= -2253.10 meanZ=78.56 SoC=1.0000
ep=1000008 frame=002 slot=09 J_F= -1670.30 meanZ=71.40 SoC=1.0000
ep=1000008 frame=003 slot=09 J_F=  -471.00 meanZ=64.90 SoC=1.0000
ep=1000008 frame=004 slot=09 J_F=  -837.70 meanZ=58.88 SoC=1.0000
ep=1000008 frame=005 slot=09 J_F=    47.50 meanZ=53.08 SoC=1.0000
ep=1000008 frame=006 slot=09 J_F=  -153.10 meanZ=50.40 SoC=1.0000
ep=1000008 frame=007 slot=09 J_F=    67.30 meanZ=46.32 SoC=1.0000
ep=1000008 frame=008 slot=09 J_F=   575.30 meanZ=45.62 SoC=1.0000
ep=1000008 frame=009 slot=09 J_F=   532.40 meanZ=44.66 SoC=1.0000
ep=1000008 frame=010 slot=09 J_F=   -14.60 meanZ=43.48 SoC=1.0000
ep=1000008 frame=011 slot=09 J_F=    96.40 meanZ=43.80 SoC=1.0000
ep=1000008 frame=012 slot=09 J_F=  -308.50 meanZ=41.34 SoC=1.0000
ep=1000008 frame=013 slot=09 J_F=   489.40 meanZ=41.30 SoC=1.0000
ep=1000008 frame=014 slot=09 J_F=     3.90 meanZ=40.52 SoC=1.0000
ep=1000008 frame=015 slot=09 J_F=   381.50 meanZ=40.32 SoC=1.0000
ep=1000008 frame=016 slot=09 J_F=   235.50 meanZ=39.54 SoC=1.0000
ep=1000008 frame=017 slot=09 J_F=  -289.10 meanZ=39.14 SoC=1.0000
ep=1000008 frame=018 slot=09 J_F=   -46.60 meanZ=38.32 SoC=1.0000
ep=1000008 frame=019 slot=09 J_F=   461.20 meanZ=36.52 SoC=1.0000
ep=1000008 frame=020 slot=09 J_F=  -138.50 meanZ=36.22 SoC=1.0000
ep=1000008 frame=021 slot=09 J_F=   296.50 meanZ=36.04 SoC=1.0000
ep=1000008 frame=022 slot=09 J_F=   233.40 meanZ=35.18 SoC=1.0000
ep=1000008 frame=023 slot=09 J_F=   312.80 meanZ=34.84 SoC=1.0000
ep=1000008 frame=024 slot=09 J_F=   -81.70 meanZ=34.76 SoC=1.0000
ep=1000008 frame=025 slot=09 J_F=   786.00 meanZ=34.18 SoC=1.0000
ep=1000008 frame=026 slot=09 J_F=   459.40 meanZ=33.72 SoC=1.0000
ep=1000008 frame=027 slot=09 J_F=  -175.10 meanZ=32.46 SoC=1.0000
ep=1000008 frame=028 slot=09 J_F=   170.50 meanZ=31.94 SoC=1.0000
ep=1000008 frame=029 slot=09 J_F=   706.50 meanZ=31.36 SoC=1.0000
ep=1000009 frame=000 slot=09 J_F= -3518.10 meanZ=87.52 SoC=1.0000
ep=1000009 frame=001 slot=09 J_F= -1415.60 meanZ=80.46 SoC=1.0000
ep=1000009 frame=002 slot=09 J_F= -1196.00 meanZ=73.80 SoC=1.0000
ep=1000009 frame=003 slot=09 J_F= -1438.30 meanZ=66.38 SoC=1.0000
ep=1000009 frame=004 slot=09 J_F=  -926.60 meanZ=59.04 SoC=1.0000
ep=1000009 frame=005 slot=09 J_F=  -228.80 meanZ=52.74 SoC=1.0000
ep=1000009 frame=006 slot=09 J_F=   434.00 meanZ=49.84 SoC=1.0000
ep=1000009 frame=007 slot=09 J_F=  -240.70 meanZ=47.66 SoC=1.0000
ep=1000009 frame=008 slot=09 J_F=  -230.20 meanZ=43.82 SoC=1.0000
ep=1000009 frame=009 slot=09 J_F=  -131.70 meanZ=41.08 SoC=1.0000
ep=1000009 frame=010 slot=09 J_F=   260.00 meanZ=41.76 SoC=1.0000
ep=1000009 frame=011 slot=09 J_F=   269.10 meanZ=40.52 SoC=1.0000
ep=1000009 frame=012 slot=09 J_F=   682.90 meanZ=41.08 SoC=1.0000
ep=1000009 frame=013 slot=09 J_F=   229.00 meanZ=40.40 SoC=1.0000
ep=1000009 frame=014 slot=09 J_F=   400.60 meanZ=39.50 SoC=1.0000
ep=1000009 frame=015 slot=09 J_F=    82.60 meanZ=38.58 SoC=1.0000
ep=1000009 frame=016 slot=09 J_F=   201.50 meanZ=38.26 SoC=1.0000
ep=1000009 frame=017 slot=09 J_F=   564.40 meanZ=36.84 SoC=1.0000
ep=1000009 frame=018 slot=09 J_F=   214.80 meanZ=37.54 SoC=1.0000
ep=1000009 frame=019 slot=09 J_F=   385.30 meanZ=38.30 SoC=1.0000
ep=1000009 frame=020 slot=09 J_F=     2.90 meanZ=37.06 SoC=1.0000
ep=1000009 frame=021 slot=09 J_F=   269.40 meanZ=36.84 SoC=1.0000
ep=1000009 frame=022 slot=09 J_F=   394.40 meanZ=36.96 SoC=1.0000
ep=1000009 frame=023 slot=09 J_F=    96.30 meanZ=36.56 SoC=1.0000
ep=1000009 frame=024 slot=09 J_F=   308.00 meanZ=34.82 SoC=1.0000
ep=1000009 frame=025 slot=09 J_F=   255.30 meanZ=33.94 SoC=1.0000
ep=1000009 frame=026 slot=09 J_F=   436.90 meanZ=34.58 SoC=1.0000
ep=1000009 frame=027 slot=09 J_F=   315.90 meanZ=33.52 SoC=1.0000
ep=1000009 frame=028 slot=09 J_F=   402.40 meanZ=32.26 SoC=1.0000
ep=1000009 frame=029 slot=09 J_F=   -44.50 meanZ=30.92 SoC=1.0000
hppo_rsu 600/750 QoE=0.39884 stall=0.1148 150.43s
ep=0600 frame=000 slot=09 J_F= -4167.60 meanZ=87.04 SoC=1.0000
ep=0600 frame=001 slot=09 J_F= -1444.00 meanZ=78.86 SoC=1.0000
ep=0600 frame=002 slot=09 J_F= -1284.20 meanZ=71.88 SoC=1.0000
ep=0600 frame=003 slot=09 J_F=  -709.60 meanZ=64.70 SoC=1.0000
ep=0600 frame=004 slot=09 J_F=    82.40 meanZ=59.00 SoC=1.0000
ep=0600 frame=005 slot=09 J_F=  -362.70 meanZ=53.00 SoC=1.0000
ep=0600 frame=006 slot=09 J_F=  -133.70 meanZ=48.78 SoC=1.0000
ep=0600 frame=007 slot=09 J_F=   143.80 meanZ=44.36 SoC=1.0000
ep=0600 frame=008 slot=09 J_F=   553.30 meanZ=43.20 SoC=1.0000
ep=0600 frame=009 slot=09 J_F=  -225.60 meanZ=40.26 SoC=1.0000
ep=0600 frame=010 slot=09 J_F=   467.40 meanZ=38.92 SoC=1.0000
ep=0600 frame=011 slot=09 J_F=   522.80 meanZ=39.22 SoC=1.0000
ep=0600 frame=012 slot=09 J_F=   349.00 meanZ=38.38 SoC=1.0000
ep=0600 frame=013 slot=09 J_F=   477.40 meanZ=39.18 SoC=1.0000
ep=0600 frame=014 slot=09 J_F=  -172.50 meanZ=38.82 SoC=1.0000
ep=0600 frame=015 slot=09 J_F=   734.80 meanZ=39.16 SoC=1.0000
ep=0600 frame=016 slot=09 J_F=   744.90 meanZ=38.42 SoC=1.0000
ep=0600 frame=017 slot=09 J_F=   -85.50 meanZ=38.22 SoC=1.0000
ep=0600 frame=018 slot=09 J_F=   305.90 meanZ=36.22 SoC=1.0000
ep=0600 frame=019 slot=09 J_F=   273.80 meanZ=36.06 SoC=1.0000
ep=0600 frame=020 slot=09 J_F=   -49.60 meanZ=35.58 SoC=1.0000
ep=0600 frame=021 slot=09 J_F=  -107.60 meanZ=33.30 SoC=1.0000
ep=0600 frame=022 slot=09 J_F=  -142.50 meanZ=31.20 SoC=1.0000
ep=0600 frame=023 slot=09 J_F=   764.00 meanZ=31.70 SoC=1.0000
ep=0600 frame=024 slot=09 J_F=   188.40 meanZ=31.16 SoC=1.0000
ep=0600 frame=025 slot=09 J_F=   106.90 meanZ=30.46 SoC=1.0000
ep=0600 frame=026 slot=09 J_F=   719.40 meanZ=31.56 SoC=1.0000
ep=0600 frame=027 slot=09 J_F=   735.50 meanZ=32.62 SoC=1.0000
ep=0600 frame=028 slot=09 J_F=   393.90 meanZ=32.56 SoC=1.0000
ep=0600 frame=029 slot=09 J_F=   587.50 meanZ=32.70 SoC=1.0000
hppo_rsu 601/750 QoE=0.43749 stall=0.0967 145.71s
ep=0601 frame=000 slot=09 J_F= -2078.00 meanZ=90.12 SoC=1.0000
ep=0601 frame=001 slot=09 J_F= -1864.10 meanZ=82.80 SoC=1.0000
ep=0601 frame=002 slot=09 J_F= -1258.70 meanZ=74.94 SoC=1.0000
ep=0601 frame=003 slot=09 J_F= -1346.70 meanZ=68.20 SoC=1.0000
ep=0601 frame=004 slot=09 J_F=  -276.00 meanZ=63.40 SoC=1.0000
ep=0601 frame=005 slot=09 J_F=  -145.40 meanZ=58.44 SoC=1.0000
ep=0601 frame=006 slot=09 J_F=  -471.70 meanZ=52.16 SoC=1.0000
ep=0601 frame=007 slot=09 J_F=  -108.20 meanZ=48.58 SoC=1.0000
ep=0601 frame=008 slot=09 J_F=  -275.60 meanZ=46.00 SoC=1.0000
ep=0601 frame=009 slot=09 J_F=   430.70 meanZ=44.60 SoC=1.0000
ep=0601 frame=010 slot=09 J_F=  -167.50 meanZ=42.56 SoC=1.0000
ep=0601 frame=011 slot=09 J_F=   111.40 meanZ=40.74 SoC=1.0000
ep=0601 frame=012 slot=09 J_F=   438.40 meanZ=39.02 SoC=1.0000
ep=0601 frame=013 slot=09 J_F=   111.80 meanZ=39.60 SoC=1.0000
ep=0601 frame=014 slot=09 J_F=    97.90 meanZ=38.14 SoC=1.0000
ep=0601 frame=015 slot=09 J_F=   330.00 meanZ=37.04 SoC=1.0000
ep=0601 frame=016 slot=09 J_F=  -279.60 meanZ=34.96 SoC=1.0000
ep=0601 frame=017 slot=09 J_F=  -470.70 meanZ=33.58 SoC=1.0000
ep=0601 frame=018 slot=09 J_F=   548.00 meanZ=33.30 SoC=1.0000
ep=0601 frame=019 slot=09 J_F=   325.50 meanZ=34.60 SoC=1.0000
ep=0601 frame=020 slot=09 J_F=   556.00 meanZ=32.42 SoC=1.0000
ep=0601 frame=021 slot=09 J_F=   387.40 meanZ=32.76 SoC=1.0000
ep=0601 frame=022 slot=09 J_F=   770.40 meanZ=32.96 SoC=1.0000
ep=0601 frame=023 slot=09 J_F=   824.80 meanZ=33.26 SoC=1.0000
ep=0601 frame=024 slot=09 J_F=   567.90 meanZ=33.74 SoC=1.0000
ep=0601 frame=025 slot=09 J_F=   832.60 meanZ=35.10 SoC=1.0000
ep=0601 frame=026 slot=09 J_F=   364.90 meanZ=35.72 SoC=1.0000
ep=0601 frame=027 slot=09 J_F=   252.30 meanZ=35.94 SoC=1.0000
ep=0601 frame=028 slot=09 J_F=   254.00 meanZ=35.28 SoC=1.0000
ep=0601 frame=029 slot=09 J_F=   632.50 meanZ=34.90 SoC=1.0000
hppo_rsu 602/750 QoE=0.39988 stall=0.1092 147.52s
ep=0602 frame=000 slot=09 J_F= -3560.10 meanZ=88.30 SoC=1.0000
ep=0602 frame=001 slot=09 J_F= -1104.10 meanZ=81.02 SoC=1.0000
ep=0602 frame=002 slot=09 J_F= -1761.60 meanZ=74.20 SoC=1.0000
ep=0602 frame=003 slot=09 J_F=  -874.50 meanZ=67.06 SoC=1.0000
ep=0602 frame=004 slot=09 J_F=  -826.60 meanZ=59.12 SoC=1.0000
ep=0602 frame=005 slot=09 J_F=   273.90 meanZ=54.90 SoC=1.0000
ep=0602 frame=006 slot=09 J_F=  -682.50 meanZ=49.42 SoC=1.0000
ep=0602 frame=007 slot=09 J_F=   180.40 meanZ=44.74 SoC=1.0000
ep=0602 frame=008 slot=09 J_F=   -51.60 meanZ=42.32 SoC=1.0000
ep=0602 frame=009 slot=09 J_F=   170.80 meanZ=40.86 SoC=1.0000
ep=0602 frame=010 slot=09 J_F=   551.90 meanZ=39.30 SoC=1.0000
ep=0602 frame=011 slot=09 J_F=  -172.10 meanZ=38.48 SoC=1.0000
ep=0602 frame=012 slot=09 J_F=   357.90 meanZ=37.26 SoC=1.0000
ep=0602 frame=013 slot=09 J_F=   -41.60 meanZ=34.82 SoC=1.0000
ep=0602 frame=014 slot=09 J_F=   339.00 meanZ=34.52 SoC=1.0000
ep=0602 frame=015 slot=09 J_F=   -99.70 meanZ=34.62 SoC=1.0000
ep=0602 frame=016 slot=09 J_F=   244.90 meanZ=35.48 SoC=1.0000
ep=0602 frame=017 slot=09 J_F=   649.30 meanZ=35.48 SoC=1.0000
ep=0602 frame=018 slot=09 J_F=   199.00 meanZ=33.38 SoC=1.0000
ep=0602 frame=019 slot=09 J_F=   541.50 meanZ=33.56 SoC=1.0000
ep=0602 frame=020 slot=09 J_F=   781.30 meanZ=34.86 SoC=1.0000
ep=0602 frame=021 slot=09 J_F=   376.50 meanZ=33.30 SoC=1.0000
ep=0602 frame=022 slot=09 J_F=    35.00 meanZ=30.64 SoC=1.0000
ep=0602 frame=023 slot=09 J_F=   506.90 meanZ=31.66 SoC=1.0000
ep=0602 frame=024 slot=09 J_F=   107.90 meanZ=31.64 SoC=1.0000
ep=0602 frame=025 slot=09 J_F=   266.40 meanZ=30.34 SoC=1.0000
ep=0602 frame=026 slot=09 J_F=   453.50 meanZ=29.52 SoC=1.0000
ep=0602 frame=027 slot=09 J_F=   762.90 meanZ=29.86 SoC=1.0000
ep=0602 frame=028 slot=09 J_F=   -32.00 meanZ=28.94 SoC=1.0000
ep=0602 frame=029 slot=09 J_F=   548.90 meanZ=29.38 SoC=1.0000
hppo_rsu 603/750 QoE=0.41450 stall=0.1069 146.17s
ep=0603 frame=000 slot=09 J_F= -2808.60 meanZ=89.20 SoC=1.0000
ep=0603 frame=001 slot=09 J_F= -1386.50 meanZ=81.48 SoC=1.0000
ep=0603 frame=002 slot=09 J_F= -1500.20 meanZ=75.36 SoC=1.0000
ep=0603 frame=003 slot=09 J_F=  -452.00 meanZ=70.74 SoC=1.0000
ep=0603 frame=004 slot=09 J_F=  -865.60 meanZ=64.80 SoC=1.0000
ep=0603 frame=005 slot=09 J_F=   -46.50 meanZ=59.96 SoC=1.0000
ep=0603 frame=006 slot=09 J_F=  -446.60 meanZ=55.78 SoC=1.0000
ep=0603 frame=007 slot=09 J_F=  -448.10 meanZ=50.94 SoC=1.0000
ep=0603 frame=008 slot=09 J_F=  -241.00 meanZ=48.80 SoC=1.0000
ep=0603 frame=009 slot=09 J_F=    76.00 meanZ=46.32 SoC=1.0000
ep=0603 frame=010 slot=09 J_F=   247.90 meanZ=44.50 SoC=1.0000
ep=0603 frame=011 slot=09 J_F=   193.90 meanZ=44.24 SoC=1.0000
ep=0603 frame=012 slot=09 J_F=    46.30 meanZ=41.70 SoC=1.0000
ep=0603 frame=013 slot=09 J_F=  -258.00 meanZ=39.80 SoC=1.0000
ep=0603 frame=014 slot=09 J_F=   519.80 meanZ=39.94 SoC=1.0000
ep=0603 frame=015 slot=09 J_F=     2.00 meanZ=37.70 SoC=1.0000
ep=0603 frame=016 slot=09 J_F=   -63.60 meanZ=36.90 SoC=1.0000
ep=0603 frame=017 slot=09 J_F=   511.40 meanZ=35.04 SoC=1.0000
ep=0603 frame=018 slot=09 J_F=   -41.20 meanZ=34.26 SoC=1.0000
ep=0603 frame=019 slot=09 J_F=   368.00 meanZ=33.56 SoC=1.0000
ep=0603 frame=020 slot=09 J_F=   515.80 meanZ=33.30 SoC=1.0000
ep=0603 frame=021 slot=09 J_F=   884.00 meanZ=34.52 SoC=1.0000
ep=0603 frame=022 slot=09 J_F=    94.90 meanZ=33.00 SoC=1.0000
ep=0603 frame=023 slot=09 J_F=    96.50 meanZ=32.30 SoC=1.0000
ep=0603 frame=024 slot=09 J_F=    32.40 meanZ=32.08 SoC=1.0000
ep=0603 frame=025 slot=09 J_F=   402.50 meanZ=31.68 SoC=1.0000
ep=0603 frame=026 slot=09 J_F=   258.30 meanZ=30.90 SoC=1.0000
ep=0603 frame=027 slot=09 J_F=   272.00 meanZ=30.10 SoC=1.0000
ep=0603 frame=028 slot=09 J_F=   260.00 meanZ=30.44 SoC=1.0000
ep=0603 frame=029 slot=09 J_F=   566.90 meanZ=30.38 SoC=1.0000
hppo_rsu 604/750 QoE=0.42255 stall=0.1024 147.83s
ep=0604 frame=000 slot=09 J_F= -2579.20 meanZ=88.88 SoC=1.0000
ep=0604 frame=001 slot=09 J_F= -2114.20 meanZ=82.28 SoC=1.0000
ep=0604 frame=002 slot=09 J_F=  -990.60 meanZ=75.46 SoC=1.0000
ep=0604 frame=003 slot=09 J_F=  -974.80 meanZ=68.84 SoC=1.0000
ep=0604 frame=004 slot=09 J_F=  -780.10 meanZ=62.06 SoC=1.0000
ep=0604 frame=005 slot=09 J_F=  -165.10 meanZ=56.84 SoC=1.0000
ep=0604 frame=006 slot=09 J_F=    31.90 meanZ=53.86 SoC=1.0000
ep=0604 frame=007 slot=09 J_F=    47.40 meanZ=50.54 SoC=1.0000
ep=0604 frame=008 slot=09 J_F=  -198.10 meanZ=47.76 SoC=1.0000
ep=0604 frame=009 slot=09 J_F=   768.40 meanZ=47.56 SoC=1.0000
ep=0604 frame=010 slot=09 J_F=    79.00 meanZ=46.44 SoC=1.0000
ep=0604 frame=011 slot=09 J_F=   453.40 meanZ=45.16 SoC=1.0000
ep=0604 frame=012 slot=09 J_F=  -354.10 meanZ=41.96 SoC=1.0000
ep=0604 frame=013 slot=09 J_F=   622.40 meanZ=41.02 SoC=1.0000
ep=0604 frame=014 slot=09 J_F=    42.80 meanZ=39.74 SoC=1.0000
ep=0604 frame=015 slot=09 J_F=    -1.10 meanZ=38.50 SoC=1.0000
ep=0604 frame=016 slot=09 J_F=   187.40 meanZ=38.00 SoC=1.0000
ep=0604 frame=017 slot=09 J_F=   -15.50 meanZ=36.66 SoC=1.0000
ep=0604 frame=018 slot=09 J_F=   582.40 meanZ=36.06 SoC=1.0000
ep=0604 frame=019 slot=09 J_F=   592.50 meanZ=37.28 SoC=1.0000
ep=0604 frame=020 slot=09 J_F=   222.50 meanZ=36.58 SoC=1.0000
ep=0604 frame=021 slot=09 J_F=   531.50 meanZ=36.30 SoC=1.0000
ep=0604 frame=022 slot=09 J_F=   455.50 meanZ=34.46 SoC=1.0000
ep=0604 frame=023 slot=09 J_F=   686.50 meanZ=35.36 SoC=1.0000
ep=0604 frame=024 slot=09 J_F=   -91.10 meanZ=35.68 SoC=1.0000
ep=0604 frame=025 slot=09 J_F=    70.40 meanZ=35.38 SoC=1.0000
ep=0604 frame=026 slot=09 J_F=  -171.60 meanZ=33.64 SoC=1.0000
ep=0604 frame=027 slot=09 J_F=   321.90 meanZ=33.62 SoC=1.0000
ep=0604 frame=028 slot=09 J_F=   746.90 meanZ=34.58 SoC=1.0000
ep=0604 frame=029 slot=09 J_F=   535.40 meanZ=34.62 SoC=1.0000
hppo_rsu 605/750 QoE=0.31793 stall=0.1411 145.96s
ep=0605 frame=000 slot=09 J_F= -2072.10 meanZ=89.44 SoC=1.0000
ep=0605 frame=001 slot=09 J_F= -1798.10 meanZ=81.96 SoC=1.0000
ep=0605 frame=002 slot=09 J_F=  -505.60 meanZ=75.08 SoC=1.0000
ep=0605 frame=003 slot=09 J_F=  -868.10 meanZ=69.78 SoC=1.0000
ep=0605 frame=004 slot=09 J_F=  -863.60 meanZ=62.64 SoC=1.0000
ep=0605 frame=005 slot=09 J_F=  -704.00 meanZ=56.82 SoC=1.0000
ep=0605 frame=006 slot=09 J_F=  -417.50 meanZ=51.14 SoC=1.0000
ep=0605 frame=007 slot=09 J_F=   266.40 meanZ=47.90 SoC=1.0000
ep=0605 frame=008 slot=09 J_F=  -421.60 meanZ=46.06 SoC=1.0000
ep=0605 frame=009 slot=09 J_F=   285.40 meanZ=44.56 SoC=1.0000
ep=0605 frame=010 slot=09 J_F=  -280.10 meanZ=44.30 SoC=1.0000
ep=0605 frame=011 slot=09 J_F=   438.00 meanZ=43.38 SoC=1.0000
ep=0605 frame=012 slot=09 J_F=   462.40 meanZ=42.70 SoC=1.0000
ep=0605 frame=013 slot=09 J_F=   379.30 meanZ=42.64 SoC=1.0000
ep=0605 frame=014 slot=09 J_F=   475.20 meanZ=43.36 SoC=1.0000
ep=0605 frame=015 slot=09 J_F=  -281.50 meanZ=41.84 SoC=1.0000
ep=0605 frame=016 slot=09 J_F=   444.00 meanZ=40.08 SoC=1.0000
ep=0605 frame=017 slot=09 J_F=  -139.10 meanZ=39.66 SoC=1.0000
ep=0605 frame=018 slot=09 J_F=   -12.40 meanZ=38.32 SoC=1.0000
ep=0605 frame=019 slot=09 J_F=   964.00 meanZ=38.18 SoC=1.0000
ep=0605 frame=020 slot=09 J_F=    52.50 meanZ=38.42 SoC=1.0000
ep=0605 frame=021 slot=09 J_F=   146.90 meanZ=37.58 SoC=1.0000
ep=0605 frame=022 slot=09 J_F=   761.90 meanZ=38.70 SoC=1.0000
ep=0605 frame=023 slot=09 J_F=   598.00 meanZ=39.26 SoC=1.0000
ep=0605 frame=024 slot=09 J_F=   256.40 meanZ=37.60 SoC=1.0000
ep=0605 frame=025 slot=09 J_F=   119.90 meanZ=37.26 SoC=1.0000
ep=0605 frame=026 slot=09 J_F=   211.40 meanZ=36.20 SoC=1.0000
ep=0605 frame=027 slot=09 J_F=   736.10 meanZ=37.38 SoC=1.0000
ep=0605 frame=028 slot=09 J_F=    59.00 meanZ=36.88 SoC=1.0000
ep=0605 frame=029 slot=09 J_F=   111.90 meanZ=35.72 SoC=1.0000
hppo_rsu 606/750 QoE=0.31461 stall=0.1418 146.65s
ep=0606 frame=000 slot=09 J_F= -2774.50 meanZ=89.60 SoC=1.0000
ep=0606 frame=001 slot=09 J_F= -1746.10 meanZ=82.70 SoC=1.0000
ep=0606 frame=002 slot=09 J_F= -1695.60 meanZ=74.98 SoC=1.0000
ep=0606 frame=003 slot=09 J_F=  -635.50 meanZ=68.84 SoC=1.0000
ep=0606 frame=004 slot=09 J_F=  -986.00 meanZ=62.22 SoC=1.0000
ep=0606 frame=005 slot=09 J_F=   -18.10 meanZ=56.72 SoC=1.0000
ep=0606 frame=006 slot=09 J_F=    55.40 meanZ=52.76 SoC=1.0000
ep=0606 frame=007 slot=09 J_F=   -76.60 meanZ=48.84 SoC=1.0000
ep=0606 frame=008 slot=09 J_F=  -144.50 meanZ=44.80 SoC=1.0000
ep=0606 frame=009 slot=09 J_F=   533.80 meanZ=44.26 SoC=1.0000
ep=0606 frame=010 slot=09 J_F=  -353.00 meanZ=42.54 SoC=1.0000
ep=0606 frame=011 slot=09 J_F=    27.90 meanZ=40.38 SoC=1.0000
ep=0606 frame=012 slot=09 J_F=   495.40 meanZ=38.00 SoC=1.0000
ep=0606 frame=013 slot=09 J_F=   265.00 meanZ=38.30 SoC=1.0000
ep=0606 frame=014 slot=09 J_F=  -166.50 meanZ=37.80 SoC=1.0000
ep=0606 frame=015 slot=09 J_F=   504.50 meanZ=37.84 SoC=1.0000
ep=0606 frame=016 slot=09 J_F=   338.90 meanZ=38.08 SoC=1.0000
ep=0606 frame=017 slot=09 J_F=    72.00 meanZ=37.56 SoC=1.0000
ep=0606 frame=018 slot=09 J_F=   866.50 meanZ=38.02 SoC=1.0000
ep=0606 frame=019 slot=09 J_F=   532.50 meanZ=36.52 SoC=1.0000
ep=0606 frame=020 slot=09 J_F=   131.00 meanZ=36.56 SoC=1.0000
ep=0606 frame=021 slot=09 J_F=   160.50 meanZ=37.02 SoC=1.0000
ep=0606 frame=022 slot=09 J_F=   501.00 meanZ=34.58 SoC=1.0000
ep=0606 frame=023 slot=09 J_F=   512.00 meanZ=35.38 SoC=1.0000
ep=0606 frame=024 slot=09 J_F=   507.90 meanZ=35.04 SoC=1.0000
ep=0606 frame=025 slot=09 J_F=   -99.80 meanZ=34.76 SoC=1.0000
ep=0606 frame=026 slot=09 J_F=   495.00 meanZ=35.76 SoC=1.0000
ep=0606 frame=027 slot=09 J_F=   738.90 meanZ=35.22 SoC=1.0000
ep=0606 frame=028 slot=09 J_F=   933.50 meanZ=35.28 SoC=1.0000
ep=0606 frame=029 slot=09 J_F=   567.90 meanZ=36.44 SoC=1.0000
hppo_rsu 607/750 QoE=0.38581 stall=0.1123 145.49s
ep=0607 frame=000 slot=09 J_F= -3728.00 meanZ=88.62 SoC=1.0000
ep=0607 frame=001 slot=09 J_F= -2273.10 meanZ=80.98 SoC=1.0000
ep=0607 frame=002 slot=09 J_F= -1310.00 meanZ=73.68 SoC=1.0000
ep=0607 frame=003 slot=09 J_F= -1615.00 meanZ=65.78 SoC=1.0000
ep=0607 frame=004 slot=09 J_F=  -517.60 meanZ=59.06 SoC=1.0000
ep=0607 frame=005 slot=09 J_F=     0.50 meanZ=55.76 SoC=1.0000
ep=0607 frame=006 slot=09 J_F=   204.70 meanZ=51.94 SoC=1.0000
ep=0607 frame=007 slot=09 J_F=  -117.10 meanZ=49.14 SoC=1.0000
ep=0607 frame=008 slot=09 J_F=    -9.10 meanZ=46.54 SoC=1.0000
ep=0607 frame=009 slot=09 J_F=   255.90 meanZ=45.82 SoC=1.0000
ep=0607 frame=010 slot=09 J_F=   303.70 meanZ=43.30 SoC=1.0000
ep=0607 frame=011 slot=09 J_F=   377.00 meanZ=41.64 SoC=1.0000
ep=0607 frame=012 slot=09 J_F=   688.00 meanZ=42.56 SoC=1.0000
ep=0607 frame=013 slot=09 J_F=   829.90 meanZ=42.36 SoC=1.0000
ep=0607 frame=014 slot=09 J_F=   369.50 meanZ=41.00 SoC=1.0000
ep=0607 frame=015 slot=09 J_F=  -282.50 meanZ=39.26 SoC=1.0000
ep=0607 frame=016 slot=09 J_F=  -210.10 meanZ=37.88 SoC=1.0000
ep=0607 frame=017 slot=09 J_F=   210.50 meanZ=37.34 SoC=1.0000
ep=0607 frame=018 slot=09 J_F=   453.90 meanZ=37.64 SoC=1.0000
ep=0607 frame=019 slot=09 J_F=   229.50 meanZ=36.22 SoC=1.0000
ep=0607 frame=020 slot=09 J_F=  1204.90 meanZ=37.34 SoC=1.0000
ep=0607 frame=021 slot=09 J_F=   613.50 meanZ=38.04 SoC=1.0000
ep=0607 frame=022 slot=09 J_F=   557.90 meanZ=38.64 SoC=1.0000
ep=0607 frame=023 slot=09 J_F=  1020.00 meanZ=40.42 SoC=1.0000
ep=0607 frame=024 slot=09 J_F=   114.00 meanZ=39.52 SoC=1.0000
ep=0607 frame=025 slot=09 J_F=   584.50 meanZ=39.24 SoC=1.0000
ep=0607 frame=026 slot=09 J_F=   585.00 meanZ=40.02 SoC=1.0000
ep=0607 frame=027 slot=09 J_F=   313.00 meanZ=38.54 SoC=1.0000
ep=0607 frame=028 slot=09 J_F=   235.40 meanZ=37.16 SoC=1.0000
ep=0607 frame=029 slot=09 J_F=   325.90 meanZ=35.88 SoC=1.0000
hppo_rsu 608/750 QoE=0.42548 stall=0.0978 147.00s
ep=0608 frame=000 slot=09 J_F= -3329.90 meanZ=88.92 SoC=1.0000
ep=0608 frame=001 slot=09 J_F= -2233.60 meanZ=81.92 SoC=1.0000
ep=0608 frame=002 slot=09 J_F= -1437.10 meanZ=74.96 SoC=1.0000
ep=0608 frame=003 slot=09 J_F=  -758.00 meanZ=69.30 SoC=1.0000
ep=0608 frame=004 slot=09 J_F=  -414.10 meanZ=64.46 SoC=1.0000
ep=0608 frame=005 slot=09 J_F=   223.90 meanZ=58.98 SoC=1.0000
ep=0608 frame=006 slot=09 J_F=  -295.00 meanZ=53.04 SoC=1.0000
ep=0608 frame=007 slot=09 J_F=   262.50 meanZ=49.86 SoC=1.0000
ep=0608 frame=008 slot=09 J_F=    21.40 meanZ=48.12 SoC=1.0000
ep=0608 frame=009 slot=09 J_F=    18.60 meanZ=44.78 SoC=1.0000
ep=0608 frame=010 slot=09 J_F=  -164.00 meanZ=41.68 SoC=1.0000
ep=0608 frame=011 slot=09 J_F=   417.00 meanZ=40.26 SoC=1.0000
ep=0608 frame=012 slot=09 J_F=   342.00 meanZ=40.10 SoC=1.0000
ep=0608 frame=013 slot=09 J_F=   354.40 meanZ=39.12 SoC=1.0000
ep=0608 frame=014 slot=09 J_F=   449.50 meanZ=40.94 SoC=1.0000
ep=0608 frame=015 slot=09 J_F=   310.40 meanZ=39.40 SoC=1.0000
ep=0608 frame=016 slot=09 J_F=   709.20 meanZ=39.60 SoC=1.0000
ep=0608 frame=017 slot=09 J_F=   369.00 meanZ=40.56 SoC=1.0000
ep=0608 frame=018 slot=09 J_F=   468.00 meanZ=40.74 SoC=1.0000
ep=0608 frame=019 slot=09 J_F=   -34.10 meanZ=38.84 SoC=1.0000
ep=0608 frame=020 slot=09 J_F=   907.20 meanZ=39.80 SoC=1.0000
ep=0608 frame=021 slot=09 J_F=  1002.80 meanZ=39.94 SoC=1.0000
ep=0608 frame=022 slot=09 J_F=   -42.10 meanZ=37.82 SoC=1.0000
ep=0608 frame=023 slot=09 J_F=   695.00 meanZ=37.98 SoC=1.0000
ep=0608 frame=024 slot=09 J_F=   545.50 meanZ=37.24 SoC=1.0000
ep=0608 frame=025 slot=09 J_F=   680.30 meanZ=37.82 SoC=1.0000
ep=0608 frame=026 slot=09 J_F=  -218.00 meanZ=36.38 SoC=1.0000
ep=0608 frame=027 slot=09 J_F=   313.50 meanZ=36.46 SoC=1.0000
ep=0608 frame=028 slot=09 J_F=    63.80 meanZ=35.46 SoC=1.0000
ep=0608 frame=029 slot=09 J_F=   430.50 meanZ=33.94 SoC=1.0000
hppo_rsu 609/750 QoE=0.39983 stall=0.1091 145.89s
ep=0609 frame=000 slot=09 J_F= -3510.00 meanZ=87.94 SoC=1.0000
ep=0609 frame=001 slot=09 J_F= -2234.50 meanZ=80.00 SoC=1.0000
ep=0609 frame=002 slot=09 J_F= -1601.70 meanZ=71.74 SoC=1.0000
ep=0609 frame=003 slot=09 J_F=  -546.60 meanZ=65.86 SoC=1.0000
ep=0609 frame=004 slot=09 J_F=  -428.50 meanZ=61.16 SoC=1.0000
ep=0609 frame=005 slot=09 J_F=  -145.60 meanZ=55.82 SoC=1.0000
ep=0609 frame=006 slot=09 J_F=   234.10 meanZ=52.78 SoC=1.0000
ep=0609 frame=007 slot=09 J_F=   107.50 meanZ=48.60 SoC=1.0000
ep=0609 frame=008 slot=09 J_F=   763.10 meanZ=48.50 SoC=1.0000
ep=0609 frame=009 slot=09 J_F=   594.00 meanZ=46.80 SoC=1.0000
ep=0609 frame=010 slot=09 J_F=    68.00 meanZ=44.74 SoC=1.0000
ep=0609 frame=011 slot=09 J_F=  -509.60 meanZ=42.40 SoC=1.0000
ep=0609 frame=012 slot=09 J_F=  -369.40 meanZ=40.16 SoC=1.0000
ep=0609 frame=013 slot=09 J_F=   733.30 meanZ=40.16 SoC=1.0000
ep=0609 frame=014 slot=09 J_F=   452.40 meanZ=38.80 SoC=1.0000
ep=0609 frame=015 slot=09 J_F=   297.90 meanZ=38.14 SoC=1.0000
ep=0609 frame=016 slot=09 J_F=   195.40 meanZ=38.86 SoC=1.0000
ep=0609 frame=017 slot=09 J_F=    84.50 meanZ=36.66 SoC=1.0000
ep=0609 frame=018 slot=09 J_F=    44.50 meanZ=36.50 SoC=1.0000
ep=0609 frame=019 slot=09 J_F=   353.00 meanZ=35.72 SoC=1.0000
ep=0609 frame=020 slot=09 J_F=   335.50 meanZ=35.58 SoC=1.0000
ep=0609 frame=021 slot=09 J_F=   246.50 meanZ=34.46 SoC=1.0000
ep=0609 frame=022 slot=09 J_F=   321.30 meanZ=32.48 SoC=1.0000
ep=0609 frame=023 slot=09 J_F=   409.00 meanZ=32.04 SoC=1.0000
ep=0609 frame=024 slot=09 J_F=   382.40 meanZ=31.98 SoC=1.0000
ep=0609 frame=025 slot=09 J_F=   179.00 meanZ=32.58 SoC=1.0000
ep=0609 frame=026 slot=09 J_F=   525.00 meanZ=33.74 SoC=1.0000
ep=0609 frame=027 slot=09 J_F=   119.80 meanZ=34.18 SoC=1.0000
ep=0609 frame=028 slot=09 J_F=  1228.00 meanZ=34.60 SoC=1.0000
ep=0609 frame=029 slot=09 J_F=   286.30 meanZ=35.34 SoC=1.0000
hppo_rsu 610/750 QoE=0.39804 stall=0.1087 146.87s
ep=0610 frame=000 slot=09 J_F= -2941.60 meanZ=88.70 SoC=1.0000
ep=0610 frame=001 slot=09 J_F= -1784.50 meanZ=82.16 SoC=1.0000
ep=0610 frame=002 slot=09 J_F= -1228.60 meanZ=74.66 SoC=1.0000
ep=0610 frame=003 slot=09 J_F=  -643.00 meanZ=68.12 SoC=1.0000
ep=0610 frame=004 slot=09 J_F=  -282.10 meanZ=62.54 SoC=1.0000
ep=0610 frame=005 slot=09 J_F= -1017.70 meanZ=58.42 SoC=1.0000
ep=0610 frame=006 slot=09 J_F=  -577.50 meanZ=54.16 SoC=1.0000
ep=0610 frame=007 slot=09 J_F=   -43.50 meanZ=50.42 SoC=1.0000
ep=0610 frame=008 slot=09 J_F=  -234.10 meanZ=47.62 SoC=1.0000
ep=0610 frame=009 slot=09 J_F=  -148.10 meanZ=44.18 SoC=1.0000
ep=0610 frame=010 slot=09 J_F=   -52.40 meanZ=42.60 SoC=1.0000
ep=0610 frame=011 slot=09 J_F=   183.90 meanZ=41.92 SoC=1.0000
ep=0610 frame=012 slot=09 J_F=  -418.60 meanZ=39.32 SoC=1.0000
ep=0610 frame=013 slot=09 J_F=   743.00 meanZ=38.38 SoC=1.0000
ep=0610 frame=014 slot=09 J_F=   326.50 meanZ=37.36 SoC=1.0000
ep=0610 frame=015 slot=09 J_F=   757.00 meanZ=37.78 SoC=1.0000
ep=0610 frame=016 slot=09 J_F=   335.00 meanZ=36.40 SoC=1.0000
ep=0610 frame=017 slot=09 J_F=    -9.50 meanZ=35.48 SoC=1.0000
ep=0610 frame=018 slot=09 J_F=   298.00 meanZ=35.66 SoC=1.0000
ep=0610 frame=019 slot=09 J_F=   477.50 meanZ=36.58 SoC=1.0000
ep=0610 frame=020 slot=09 J_F=   637.50 meanZ=37.28 SoC=1.0000
ep=0610 frame=021 slot=09 J_F=    -1.20 meanZ=36.50 SoC=1.0000
ep=0610 frame=022 slot=09 J_F=   116.00 meanZ=35.88 SoC=1.0000
ep=0610 frame=023 slot=09 J_F=   122.90 meanZ=36.10 SoC=1.0000
ep=0610 frame=024 slot=09 J_F=   554.80 meanZ=34.90 SoC=1.0000
ep=0610 frame=025 slot=09 J_F=   172.40 meanZ=34.98 SoC=1.0000
ep=0610 frame=026 slot=09 J_F=   385.70 meanZ=35.10 SoC=1.0000
ep=0610 frame=027 slot=09 J_F=   307.70 meanZ=33.78 SoC=1.0000
ep=0610 frame=028 slot=09 J_F=   713.90 meanZ=32.14 SoC=1.0000
ep=0610 frame=029 slot=09 J_F=   110.90 meanZ=32.88 SoC=1.0000
hppo_rsu 611/750 QoE=0.37567 stall=0.1185 145.22s
ep=0611 frame=000 slot=09 J_F= -2667.10 meanZ=88.88 SoC=1.0000
ep=0611 frame=001 slot=09 J_F= -1930.70 meanZ=80.64 SoC=1.0000
ep=0611 frame=002 slot=09 J_F= -1285.60 meanZ=74.24 SoC=1.0000
ep=0611 frame=003 slot=09 J_F=  -538.50 meanZ=69.10 SoC=1.0000
ep=0611 frame=004 slot=09 J_F=  -501.10 meanZ=63.38 SoC=1.0000
ep=0611 frame=005 slot=09 J_F=  -205.50 meanZ=58.22 SoC=1.0000
ep=0611 frame=006 slot=09 J_F=  -272.60 meanZ=54.12 SoC=1.0000
ep=0611 frame=007 slot=09 J_F=  -530.70 meanZ=50.26 SoC=1.0000
ep=0611 frame=008 slot=09 J_F=   801.00 meanZ=48.82 SoC=1.0000
ep=0611 frame=009 slot=09 J_F=   265.80 meanZ=48.58 SoC=1.0000
ep=0611 frame=010 slot=09 J_F=   -14.80 meanZ=43.64 SoC=1.0000
ep=0611 frame=011 slot=09 J_F=   238.90 meanZ=43.14 SoC=1.0000
ep=0611 frame=012 slot=09 J_F=  -135.30 meanZ=40.70 SoC=1.0000
ep=0611 frame=013 slot=09 J_F=   295.00 meanZ=40.72 SoC=1.0000
ep=0611 frame=014 slot=09 J_F=   377.40 meanZ=38.68 SoC=1.0000
ep=0611 frame=015 slot=09 J_F=   590.40 meanZ=37.68 SoC=1.0000
ep=0611 frame=016 slot=09 J_F=   891.40 meanZ=37.96 SoC=1.0000
ep=0611 frame=017 slot=09 J_F=    59.30 meanZ=37.48 SoC=1.0000
ep=0611 frame=018 slot=09 J_F=   643.40 meanZ=38.92 SoC=1.0000
ep=0611 frame=019 slot=09 J_F=  -176.50 meanZ=37.98 SoC=1.0000
ep=0611 frame=020 slot=09 J_F=    79.80 meanZ=37.00 SoC=1.0000
ep=0611 frame=021 slot=09 J_F=   426.40 meanZ=37.66 SoC=1.0000
ep=0611 frame=022 slot=09 J_F=   591.50 meanZ=38.42 SoC=1.0000
ep=0611 frame=023 slot=09 J_F=   442.50 meanZ=38.00 SoC=1.0000
ep=0611 frame=024 slot=09 J_F=   403.90 meanZ=36.54 SoC=1.0000
ep=0611 frame=025 slot=09 J_F=   -86.00 meanZ=35.60 SoC=1.0000
ep=0611 frame=026 slot=09 J_F=   685.90 meanZ=35.62 SoC=1.0000
ep=0611 frame=027 slot=09 J_F=   429.80 meanZ=36.88 SoC=1.0000
ep=0611 frame=028 slot=09 J_F=   467.70 meanZ=36.90 SoC=1.0000
ep=0611 frame=029 slot=09 J_F=   542.00 meanZ=36.16 SoC=1.0000
hppo_rsu 612/750 QoE=0.35911 stall=0.1237 146.31s
ep=0612 frame=000 slot=09 J_F= -2800.60 meanZ=88.28 SoC=1.0000
ep=0612 frame=001 slot=09 J_F= -2232.00 meanZ=81.28 SoC=1.0000
ep=0612 frame=002 slot=09 J_F=  -769.50 meanZ=74.68 SoC=1.0000
ep=0612 frame=003 slot=09 J_F= -1052.50 meanZ=66.74 SoC=1.0000
ep=0612 frame=004 slot=09 J_F=  -360.60 meanZ=60.64 SoC=1.0000
ep=0612 frame=005 slot=09 J_F=  -347.30 meanZ=57.00 SoC=1.0000
ep=0612 frame=006 slot=09 J_F=   101.80 meanZ=53.64 SoC=1.0000
ep=0612 frame=007 slot=09 J_F=   365.40 meanZ=51.34 SoC=1.0000
ep=0612 frame=008 slot=09 J_F=   218.50 meanZ=50.04 SoC=1.0000
ep=0612 frame=009 slot=09 J_F=  -282.30 meanZ=46.34 SoC=1.0000
ep=0612 frame=010 slot=09 J_F=    79.90 meanZ=45.58 SoC=1.0000
ep=0612 frame=011 slot=09 J_F=   363.00 meanZ=44.58 SoC=1.0000
ep=0612 frame=012 slot=09 J_F=   564.90 meanZ=44.82 SoC=1.0000
ep=0612 frame=013 slot=09 J_F=   446.10 meanZ=42.20 SoC=1.0000
ep=0612 frame=014 slot=09 J_F=   345.60 meanZ=41.24 SoC=1.0000
ep=0612 frame=015 slot=09 J_F=   182.30 meanZ=42.56 SoC=1.0000
ep=0612 frame=016 slot=09 J_F=   480.50 meanZ=42.00 SoC=1.0000
ep=0612 frame=017 slot=09 J_F=   874.30 meanZ=41.46 SoC=1.0000
ep=0612 frame=018 slot=09 J_F=    50.30 meanZ=39.84 SoC=1.0000
ep=0612 frame=019 slot=09 J_F=   260.50 meanZ=39.46 SoC=1.0000
ep=0612 frame=020 slot=09 J_F=   213.40 meanZ=39.16 SoC=1.0000
ep=0612 frame=021 slot=09 J_F=    41.90 meanZ=38.52 SoC=1.0000
ep=0612 frame=022 slot=09 J_F=   171.50 meanZ=37.74 SoC=1.0000
ep=0612 frame=023 slot=09 J_F=   426.40 meanZ=37.22 SoC=1.0000
ep=0612 frame=024 slot=09 J_F=   461.60 meanZ=38.44 SoC=1.0000
ep=0612 frame=025 slot=09 J_F=   770.00 meanZ=38.32 SoC=1.0000
ep=0612 frame=026 slot=09 J_F=   614.00 meanZ=39.24 SoC=1.0000
ep=0612 frame=027 slot=09 J_F=  1003.50 meanZ=39.96 SoC=1.0000
ep=0612 frame=028 slot=09 J_F=  -137.60 meanZ=40.24 SoC=1.0000
ep=0612 frame=029 slot=09 J_F=   566.50 meanZ=40.42 SoC=1.0000
hppo_rsu 613/750 QoE=0.37402 stall=0.1149 146.00s
ep=0613 frame=000 slot=09 J_F= -3192.00 meanZ=88.84 SoC=1.0000
ep=0613 frame=001 slot=09 J_F= -1665.60 meanZ=80.92 SoC=1.0000
ep=0613 frame=002 slot=09 J_F=  -610.10 meanZ=76.56 SoC=1.0000
ep=0613 frame=003 slot=09 J_F= -1552.50 meanZ=68.98 SoC=1.0000
ep=0613 frame=004 slot=09 J_F=  -214.70 meanZ=61.84 SoC=1.0000
ep=0613 frame=005 slot=09 J_F=  -656.10 meanZ=56.96 SoC=1.0000
ep=0613 frame=006 slot=09 J_F=  -343.50 meanZ=52.16 SoC=1.0000
ep=0613 frame=007 slot=09 J_F=    29.70 meanZ=47.36 SoC=1.0000
ep=0613 frame=008 slot=09 J_F=   552.50 meanZ=45.58 SoC=1.0000
ep=0613 frame=009 slot=09 J_F=  -183.50 meanZ=42.42 SoC=1.0000
ep=0613 frame=010 slot=09 J_F=  -360.60 meanZ=39.56 SoC=1.0000
ep=0613 frame=011 slot=09 J_F=   552.70 meanZ=39.12 SoC=1.0000
ep=0613 frame=012 slot=09 J_F=   -87.60 meanZ=38.26 SoC=1.0000
ep=0613 frame=013 slot=09 J_F=   103.00 meanZ=37.88 SoC=1.0000
ep=0613 frame=014 slot=09 J_F=   -45.10 meanZ=36.86 SoC=1.0000
ep=0613 frame=015 slot=09 J_F=   694.50 meanZ=35.66 SoC=1.0000
ep=0613 frame=016 slot=09 J_F=   518.30 meanZ=34.32 SoC=1.0000
ep=0613 frame=017 slot=09 J_F=   406.50 meanZ=33.74 SoC=1.0000
ep=0613 frame=018 slot=09 J_F=   561.00 meanZ=33.84 SoC=1.0000
ep=0613 frame=019 slot=09 J_F=   345.00 meanZ=33.52 SoC=1.0000
ep=0613 frame=020 slot=09 J_F=   382.90 meanZ=32.98 SoC=1.0000
ep=0613 frame=021 slot=09 J_F=   266.40 meanZ=33.86 SoC=1.0000
ep=0613 frame=022 slot=09 J_F=   294.90 meanZ=35.04 SoC=1.0000
ep=0613 frame=023 slot=09 J_F=   230.40 meanZ=35.22 SoC=1.0000
ep=0613 frame=024 slot=09 J_F=   605.40 meanZ=35.46 SoC=1.0000
ep=0613 frame=025 slot=09 J_F=   753.00 meanZ=36.80 SoC=1.0000
ep=0613 frame=026 slot=09 J_F=   155.50 meanZ=35.98 SoC=1.0000
ep=0613 frame=027 slot=09 J_F=   172.90 meanZ=36.50 SoC=1.0000
ep=0613 frame=028 slot=09 J_F=   532.00 meanZ=36.84 SoC=1.0000
ep=0613 frame=029 slot=09 J_F=     1.40 meanZ=35.34 SoC=1.0000
hppo_rsu 614/750 QoE=0.37442 stall=0.1173 147.09s
ep=0614 frame=000 slot=09 J_F= -3731.60 meanZ=87.72 SoC=1.0000
ep=0614 frame=001 slot=09 J_F=  -997.50 meanZ=81.16 SoC=1.0000
ep=0614 frame=002 slot=09 J_F= -2205.10 meanZ=73.40 SoC=1.0000
ep=0614 frame=003 slot=09 J_F= -1189.20 meanZ=66.40 SoC=1.0000
ep=0614 frame=004 slot=09 J_F=  -843.70 meanZ=59.18 SoC=1.0000
ep=0614 frame=005 slot=09 J_F=  -121.00 meanZ=54.44 SoC=1.0000
ep=0614 frame=006 slot=09 J_F=   245.40 meanZ=50.80 SoC=1.0000
ep=0614 frame=007 slot=09 J_F=  -153.50 meanZ=47.94 SoC=1.0000
ep=0614 frame=008 slot=09 J_F=   611.00 meanZ=46.80 SoC=1.0000
ep=0614 frame=009 slot=09 J_F=   324.90 meanZ=45.80 SoC=1.0000
ep=0614 frame=010 slot=09 J_F=   -94.50 meanZ=44.92 SoC=1.0000
ep=0614 frame=011 slot=09 J_F=   231.50 meanZ=43.20 SoC=1.0000
ep=0614 frame=012 slot=09 J_F=   152.40 meanZ=42.70 SoC=1.0000
ep=0614 frame=013 slot=09 J_F=     6.00 meanZ=42.04 SoC=1.0000
ep=0614 frame=014 slot=09 J_F=   156.00 meanZ=39.50 SoC=1.0000
ep=0614 frame=015 slot=09 J_F=    89.30 meanZ=38.42 SoC=1.0000
ep=0614 frame=016 slot=09 J_F=   623.50 meanZ=39.26 SoC=1.0000
ep=0614 frame=017 slot=09 J_F=   456.40 meanZ=38.68 SoC=1.0000
ep=0614 frame=018 slot=09 J_F=   435.50 meanZ=38.74 SoC=1.0000
ep=0614 frame=019 slot=09 J_F=  1021.40 meanZ=40.02 SoC=1.0000
ep=0614 frame=020 slot=09 J_F=   355.40 meanZ=38.80 SoC=1.0000
ep=0614 frame=021 slot=09 J_F=   339.50 meanZ=37.84 SoC=1.0000
ep=0614 frame=022 slot=09 J_F=   138.20 meanZ=39.18 SoC=1.0000
ep=0614 frame=023 slot=09 J_F=   -56.50 meanZ=37.28 SoC=1.0000
ep=0614 frame=024 slot=09 J_F=   483.00 meanZ=35.92 SoC=1.0000
ep=0614 frame=025 slot=09 J_F=   391.50 meanZ=35.60 SoC=1.0000
ep=0614 frame=026 slot=09 J_F=  -322.50 meanZ=34.86 SoC=1.0000
ep=0614 frame=027 slot=09 J_F=   314.50 meanZ=33.20 SoC=1.0000
ep=0614 frame=028 slot=09 J_F=   262.50 meanZ=33.30 SoC=1.0000
ep=0614 frame=029 slot=09 J_F=   193.50 meanZ=32.12 SoC=1.0000
hppo_rsu 615/750 QoE=0.39923 stall=0.1111 146.27s
ep=0615 frame=000 slot=09 J_F= -3763.50 meanZ=88.18 SoC=1.0000
ep=0615 frame=001 slot=09 J_F= -1662.10 meanZ=80.60 SoC=1.0000
ep=0615 frame=002 slot=09 J_F=  -887.60 meanZ=73.92 SoC=1.0000
ep=0615 frame=003 slot=09 J_F= -1064.70 meanZ=67.18 SoC=1.0000
ep=0615 frame=004 slot=09 J_F= -1310.50 meanZ=59.42 SoC=1.0000
ep=0615 frame=005 slot=09 J_F=   -16.00 meanZ=53.78 SoC=1.0000
ep=0615 frame=006 slot=09 J_F=  -288.70 meanZ=50.00 SoC=1.0000
ep=0615 frame=007 slot=09 J_F=   -68.50 meanZ=45.48 SoC=1.0000
ep=0615 frame=008 slot=09 J_F=   734.00 meanZ=43.38 SoC=1.0000
ep=0615 frame=009 slot=09 J_F=   644.80 meanZ=40.80 SoC=1.0000
ep=0615 frame=010 slot=09 J_F=  -403.70 meanZ=37.38 SoC=1.0000
ep=0615 frame=011 slot=09 J_F=   280.40 meanZ=36.44 SoC=1.0000
ep=0615 frame=012 slot=09 J_F=   276.30 meanZ=37.10 SoC=1.0000
ep=0615 frame=013 slot=09 J_F=   510.50 meanZ=36.38 SoC=1.0000
ep=0615 frame=014 slot=09 J_F=   468.90 meanZ=36.40 SoC=1.0000
ep=0615 frame=015 slot=09 J_F=   325.90 meanZ=35.96 SoC=1.0000
ep=0615 frame=016 slot=09 J_F=  -259.40 meanZ=34.82 SoC=1.0000
ep=0615 frame=017 slot=09 J_F=   116.40 meanZ=33.98 SoC=1.0000
ep=0615 frame=018 slot=09 J_F=   -32.50 meanZ=33.34 SoC=1.0000
ep=0615 frame=019 slot=09 J_F=  -213.60 meanZ=31.80 SoC=1.0000
ep=0615 frame=020 slot=09 J_F=   756.00 meanZ=32.18 SoC=1.0000
ep=0615 frame=021 slot=09 J_F=   318.40 meanZ=32.86 SoC=1.0000
ep=0615 frame=022 slot=09 J_F=   419.00 meanZ=32.84 SoC=1.0000
ep=0615 frame=023 slot=09 J_F=   371.40 meanZ=32.06 SoC=1.0000
ep=0615 frame=024 slot=09 J_F=   141.50 meanZ=31.10 SoC=1.0000
ep=0615 frame=025 slot=09 J_F=   436.90 meanZ=31.14 SoC=1.0000
ep=0615 frame=026 slot=09 J_F=   741.00 meanZ=32.18 SoC=1.0000
ep=0615 frame=027 slot=09 J_F=   518.30 meanZ=33.24 SoC=1.0000
ep=0615 frame=028 slot=09 J_F=   120.70 meanZ=31.12 SoC=1.0000
ep=0615 frame=029 slot=09 J_F=   142.00 meanZ=30.66 SoC=1.0000
hppo_rsu 616/750 QoE=0.44656 stall=0.0941 147.21s
ep=0616 frame=000 slot=09 J_F= -3778.60 meanZ=88.10 SoC=1.0000
ep=0616 frame=001 slot=09 J_F= -1695.60 meanZ=80.08 SoC=1.0000
ep=0616 frame=002 slot=09 J_F= -1121.50 meanZ=74.36 SoC=1.0000
ep=0616 frame=003 slot=09 J_F= -1222.70 meanZ=67.62 SoC=1.0000
ep=0616 frame=004 slot=09 J_F=  -154.10 meanZ=61.98 SoC=1.0000
ep=0616 frame=005 slot=09 J_F=  -472.20 meanZ=57.16 SoC=1.0000
ep=0616 frame=006 slot=09 J_F=  -569.60 meanZ=51.02 SoC=1.0000
ep=0616 frame=007 slot=09 J_F=  -324.50 meanZ=47.20 SoC=1.0000
ep=0616 frame=008 slot=09 J_F=   -86.70 meanZ=43.64 SoC=1.0000
ep=0616 frame=009 slot=09 J_F=  -135.70 meanZ=39.30 SoC=1.0000
ep=0616 frame=010 slot=09 J_F=   432.00 meanZ=37.74 SoC=1.0000
ep=0616 frame=011 slot=09 J_F=   699.60 meanZ=37.12 SoC=1.0000
ep=0616 frame=012 slot=09 J_F=  -223.20 meanZ=35.74 SoC=1.0000
ep=0616 frame=013 slot=09 J_F=   264.90 meanZ=34.66 SoC=1.0000
ep=0616 frame=014 slot=09 J_F=   109.60 meanZ=35.06 SoC=1.0000
ep=0616 frame=015 slot=09 J_F=   826.60 meanZ=37.52 SoC=1.0000
ep=0616 frame=016 slot=09 J_F=   329.50 meanZ=37.40 SoC=1.0000
ep=0616 frame=017 slot=09 J_F=   287.30 meanZ=36.14 SoC=1.0000
ep=0616 frame=018 slot=09 J_F=   108.40 meanZ=33.78 SoC=1.0000
ep=0616 frame=019 slot=09 J_F=   458.10 meanZ=31.82 SoC=1.0000
ep=0616 frame=020 slot=09 J_F=   837.40 meanZ=32.58 SoC=1.0000
ep=0616 frame=021 slot=09 J_F=   265.40 meanZ=31.70 SoC=1.0000
ep=0616 frame=022 slot=09 J_F=   722.00 meanZ=32.14 SoC=1.0000
ep=0616 frame=023 slot=09 J_F=    86.20 meanZ=31.40 SoC=1.0000
ep=0616 frame=024 slot=09 J_F=   292.40 meanZ=32.68 SoC=1.0000
ep=0616 frame=025 slot=09 J_F=   128.90 meanZ=32.64 SoC=1.0000
ep=0616 frame=026 slot=09 J_F=   338.50 meanZ=32.00 SoC=1.0000
ep=0616 frame=027 slot=09 J_F=   208.00 meanZ=32.74 SoC=1.0000
ep=0616 frame=028 slot=09 J_F=   413.00 meanZ=31.36 SoC=1.0000
ep=0616 frame=029 slot=09 J_F=   471.00 meanZ=31.52 SoC=1.0000
hppo_rsu 617/750 QoE=0.43711 stall=0.0972 145.84s
ep=0617 frame=000 slot=09 J_F= -2109.10 meanZ=89.06 SoC=1.0000
ep=0617 frame=001 slot=09 J_F= -2082.10 meanZ=82.28 SoC=1.0000
ep=0617 frame=002 slot=09 J_F= -1499.70 meanZ=75.04 SoC=1.0000
ep=0617 frame=003 slot=09 J_F=  -797.10 meanZ=67.92 SoC=1.0000
ep=0617 frame=004 slot=09 J_F=  -759.60 meanZ=61.24 SoC=1.0000
ep=0617 frame=005 slot=09 J_F=   -26.20 meanZ=56.04 SoC=1.0000
ep=0617 frame=006 slot=09 J_F=  -389.60 meanZ=52.68 SoC=1.0000
ep=0617 frame=007 slot=09 J_F=    24.00 meanZ=50.22 SoC=1.0000
ep=0617 frame=008 slot=09 J_F=   176.90 meanZ=47.96 SoC=1.0000
ep=0617 frame=009 slot=09 J_F=   291.90 meanZ=45.44 SoC=1.0000
ep=0617 frame=010 slot=09 J_F=   792.20 meanZ=46.32 SoC=1.0000
ep=0617 frame=011 slot=09 J_F=  -406.70 meanZ=44.80 SoC=1.0000
ep=0617 frame=012 slot=09 J_F=  -329.10 meanZ=42.58 SoC=1.0000
ep=0617 frame=013 slot=09 J_F=   889.50 meanZ=43.16 SoC=1.0000
ep=0617 frame=014 slot=09 J_F=   401.90 meanZ=41.42 SoC=1.0000
ep=0617 frame=015 slot=09 J_F=   -92.00 meanZ=39.18 SoC=1.0000
ep=0617 frame=016 slot=09 J_F=    42.60 meanZ=36.82 SoC=1.0000
ep=0617 frame=017 slot=09 J_F=   121.10 meanZ=35.20 SoC=1.0000
ep=0617 frame=018 slot=09 J_F=   492.10 meanZ=35.04 SoC=1.0000
ep=0617 frame=019 slot=09 J_F=   432.40 meanZ=34.40 SoC=1.0000
ep=0617 frame=020 slot=09 J_F=   265.70 meanZ=33.88 SoC=1.0000
ep=0617 frame=021 slot=09 J_F=     3.00 meanZ=33.38 SoC=1.0000
ep=0617 frame=022 slot=09 J_F=   409.40 meanZ=32.90 SoC=1.0000
ep=0617 frame=023 slot=09 J_F=   545.90 meanZ=32.04 SoC=1.0000
ep=0617 frame=024 slot=09 J_F=   286.90 meanZ=30.06 SoC=1.0000
ep=0617 frame=025 slot=09 J_F=   465.30 meanZ=30.74 SoC=1.0000
ep=0617 frame=026 slot=09 J_F=  -328.00 meanZ=31.42 SoC=1.0000
ep=0617 frame=027 slot=09 J_F=   362.00 meanZ=31.38 SoC=1.0000
ep=0617 frame=028 slot=09 J_F=   703.90 meanZ=32.76 SoC=1.0000
ep=0617 frame=029 slot=09 J_F=   799.00 meanZ=33.54 SoC=1.0000
hppo_rsu 618/750 QoE=0.39193 stall=0.1117 145.56s
ep=0618 frame=000 slot=09 J_F= -2991.10 meanZ=88.28 SoC=1.0000
ep=0618 frame=001 slot=09 J_F= -1255.00 meanZ=81.62 SoC=1.0000
ep=0618 frame=002 slot=09 J_F= -1019.90 meanZ=76.26 SoC=1.0000
ep=0618 frame=003 slot=09 J_F=  -751.50 meanZ=71.02 SoC=1.0000
ep=0618 frame=004 slot=09 J_F=  -461.10 meanZ=65.80 SoC=1.0000
ep=0618 frame=005 slot=09 J_F=   793.50 meanZ=63.14 SoC=1.0000
ep=0618 frame=006 slot=09 J_F=  -563.20 meanZ=57.70 SoC=1.0000
ep=0618 frame=007 slot=09 J_F=  -288.50 meanZ=53.30 SoC=1.0000
ep=0618 frame=008 slot=09 J_F=  -726.10 meanZ=47.98 SoC=1.0000
ep=0618 frame=009 slot=09 J_F=   339.00 meanZ=44.50 SoC=1.0000
ep=0618 frame=010 slot=09 J_F=   554.00 meanZ=42.72 SoC=1.0000
ep=0618 frame=011 slot=09 J_F=  -192.60 meanZ=40.84 SoC=1.0000
ep=0618 frame=012 slot=09 J_F=   679.50 meanZ=40.44 SoC=1.0000
ep=0618 frame=013 slot=09 J_F=   481.40 meanZ=38.30 SoC=1.0000
ep=0618 frame=014 slot=09 J_F=   -83.20 meanZ=36.30 SoC=1.0000
ep=0618 frame=015 slot=09 J_F=   573.90 meanZ=35.48 SoC=1.0000
ep=0618 frame=016 slot=09 J_F=   718.50 meanZ=34.84 SoC=1.0000
ep=0618 frame=017 slot=09 J_F=   180.30 meanZ=33.60 SoC=1.0000
ep=0618 frame=018 slot=09 J_F=   420.00 meanZ=33.58 SoC=1.0000
ep=0618 frame=019 slot=09 J_F=   123.40 meanZ=33.12 SoC=1.0000
ep=0618 frame=020 slot=09 J_F=   970.50 meanZ=33.70 SoC=1.0000
ep=0618 frame=021 slot=09 J_F=   403.40 meanZ=33.36 SoC=1.0000
ep=0618 frame=022 slot=09 J_F=  1081.90 meanZ=35.48 SoC=1.0000
ep=0618 frame=023 slot=09 J_F=   136.90 meanZ=34.74 SoC=1.0000
ep=0618 frame=024 slot=09 J_F=   398.40 meanZ=33.92 SoC=1.0000
ep=0618 frame=025 slot=09 J_F=   719.90 meanZ=35.40 SoC=1.0000
ep=0618 frame=026 slot=09 J_F=   531.00 meanZ=35.86 SoC=1.0000
ep=0618 frame=027 slot=09 J_F=   368.40 meanZ=35.32 SoC=1.0000
ep=0618 frame=028 slot=09 J_F=   140.50 meanZ=34.34 SoC=1.0000
ep=0618 frame=029 slot=09 J_F=   623.50 meanZ=34.06 SoC=1.0000
hppo_rsu 619/750 QoE=0.46192 stall=0.0845 144.33s
ep=0619 frame=000 slot=09 J_F= -2873.50 meanZ=88.78 SoC=1.0000
ep=0619 frame=001 slot=09 J_F= -1263.10 meanZ=81.92 SoC=1.0000
ep=0619 frame=002 slot=09 J_F= -1402.70 meanZ=74.88 SoC=1.0000
ep=0619 frame=003 slot=09 J_F= -1179.00 meanZ=68.68 SoC=1.0000
ep=0619 frame=004 slot=09 J_F=  -789.20 meanZ=61.64 SoC=1.0000
ep=0619 frame=005 slot=09 J_F=  -472.60 meanZ=55.82 SoC=1.0000
ep=0619 frame=006 slot=09 J_F=   -89.70 meanZ=50.44 SoC=1.0000
ep=0619 frame=007 slot=09 J_F=   -28.10 meanZ=48.42 SoC=1.0000
ep=0619 frame=008 slot=09 J_F=  -100.70 meanZ=44.16 SoC=1.0000
ep=0619 frame=009 slot=09 J_F=   152.90 meanZ=42.60 SoC=1.0000
ep=0619 frame=010 slot=09 J_F=    60.90 meanZ=40.38 SoC=1.0000
ep=0619 frame=011 slot=09 J_F=   358.50 meanZ=39.04 SoC=1.0000
ep=0619 frame=012 slot=09 J_F=   308.00 meanZ=37.54 SoC=1.0000
ep=0619 frame=013 slot=09 J_F=   309.00 meanZ=36.56 SoC=1.0000
ep=0619 frame=014 slot=09 J_F=   492.70 meanZ=36.32 SoC=1.0000
ep=0619 frame=015 slot=09 J_F=   264.50 meanZ=37.56 SoC=1.0000
ep=0619 frame=016 slot=09 J_F=   285.10 meanZ=36.12 SoC=1.0000
ep=0619 frame=017 slot=09 J_F=   -42.90 meanZ=35.02 SoC=1.0000
ep=0619 frame=018 slot=09 J_F=   565.10 meanZ=34.16 SoC=1.0000
ep=0619 frame=019 slot=09 J_F=   234.40 meanZ=32.78 SoC=1.0000
ep=0619 frame=020 slot=09 J_F=   538.90 meanZ=32.02 SoC=1.0000
ep=0619 frame=021 slot=09 J_F=   566.80 meanZ=31.46 SoC=1.0000
ep=0619 frame=022 slot=09 J_F=   111.60 meanZ=31.68 SoC=1.0000
ep=0619 frame=023 slot=09 J_F=   272.00 meanZ=30.88 SoC=1.0000
ep=0619 frame=024 slot=09 J_F=   533.50 meanZ=32.56 SoC=1.0000
ep=0619 frame=025 slot=09 J_F=   854.40 meanZ=32.52 SoC=1.0000
ep=0619 frame=026 slot=09 J_F=   412.60 meanZ=33.08 SoC=1.0000
ep=0619 frame=027 slot=09 J_F=   917.00 meanZ=34.96 SoC=1.0000
ep=0619 frame=028 slot=09 J_F=   881.40 meanZ=35.74 SoC=1.0000
ep=0619 frame=029 slot=09 J_F=   454.10 meanZ=38.02 SoC=1.0000
hppo_rsu 620/750 QoE=0.41561 stall=0.1013 145.49s
ep=0620 frame=000 slot=09 J_F= -3690.50 meanZ=87.36 SoC=1.0000
ep=0620 frame=001 slot=09 J_F= -1856.20 meanZ=79.58 SoC=1.0000
ep=0620 frame=002 slot=09 J_F= -1545.60 meanZ=73.06 SoC=1.0000
ep=0620 frame=003 slot=09 J_F=  -511.60 meanZ=66.92 SoC=1.0000
ep=0620 frame=004 slot=09 J_F=  -887.10 meanZ=61.48 SoC=1.0000
ep=0620 frame=005 slot=09 J_F=  -100.60 meanZ=56.96 SoC=1.0000
ep=0620 frame=006 slot=09 J_F=  -200.10 meanZ=53.62 SoC=1.0000
ep=0620 frame=007 slot=09 J_F=  -120.00 meanZ=51.88 SoC=1.0000
ep=0620 frame=008 slot=09 J_F=  -117.20 meanZ=50.12 SoC=1.0000
ep=0620 frame=009 slot=09 J_F=   -91.00 meanZ=47.06 SoC=1.0000
ep=0620 frame=010 slot=09 J_F=   214.30 meanZ=46.08 SoC=1.0000
ep=0620 frame=011 slot=09 J_F=  -648.00 meanZ=41.34 SoC=1.0000
ep=0620 frame=012 slot=09 J_F=  -122.50 meanZ=39.00 SoC=1.0000
ep=0620 frame=013 slot=09 J_F=   288.90 meanZ=36.92 SoC=1.0000
ep=0620 frame=014 slot=09 J_F=   524.40 meanZ=35.38 SoC=1.0000
ep=0620 frame=015 slot=09 J_F=  -169.60 meanZ=34.54 SoC=1.0000
ep=0620 frame=016 slot=09 J_F=   155.00 meanZ=34.18 SoC=1.0000
ep=0620 frame=017 slot=09 J_F=   577.00 meanZ=33.02 SoC=1.0000
ep=0620 frame=018 slot=09 J_F=    72.40 meanZ=32.74 SoC=1.0000
ep=0620 frame=019 slot=09 J_F=   302.90 meanZ=31.04 SoC=1.0000
ep=0620 frame=020 slot=09 J_F=    90.50 meanZ=30.76 SoC=1.0000
ep=0620 frame=021 slot=09 J_F=   489.00 meanZ=31.12 SoC=1.0000
ep=0620 frame=022 slot=09 J_F=   238.00 meanZ=30.30 SoC=1.0000
ep=0620 frame=023 slot=09 J_F=   250.30 meanZ=29.58 SoC=1.0000
ep=0620 frame=024 slot=09 J_F=   429.20 meanZ=28.16 SoC=1.0000
ep=0620 frame=025 slot=09 J_F=   738.50 meanZ=30.24 SoC=1.0000
ep=0620 frame=026 slot=09 J_F=   190.90 meanZ=30.70 SoC=1.0000
ep=0620 frame=027 slot=09 J_F=    78.00 meanZ=29.14 SoC=1.0000
ep=0620 frame=028 slot=09 J_F=   326.50 meanZ=30.12 SoC=1.0000
ep=0620 frame=029 slot=09 J_F=   527.40 meanZ=29.74 SoC=1.0000
hppo_rsu 621/750 QoE=0.42355 stall=0.1029 144.40s
ep=0621 frame=000 slot=09 J_F= -2841.60 meanZ=88.54 SoC=1.0000
ep=0621 frame=001 slot=09 J_F= -1272.10 meanZ=80.78 SoC=1.0000
ep=0621 frame=002 slot=09 J_F= -1544.90 meanZ=73.86 SoC=1.0000
ep=0621 frame=003 slot=09 J_F=  -499.60 meanZ=67.40 SoC=1.0000
ep=0621 frame=004 slot=09 J_F=  -599.60 meanZ=60.42 SoC=1.0000
ep=0621 frame=005 slot=09 J_F=  -539.20 meanZ=54.56 SoC=1.0000
ep=0621 frame=006 slot=09 J_F=  -537.20 meanZ=49.04 SoC=1.0000
ep=0621 frame=007 slot=09 J_F=    32.50 meanZ=47.82 SoC=1.0000
ep=0621 frame=008 slot=09 J_F=  -490.70 meanZ=43.32 SoC=1.0000
ep=0621 frame=009 slot=09 J_F=   518.00 meanZ=41.34 SoC=1.0000
ep=0621 frame=010 slot=09 J_F=  -218.90 meanZ=39.24 SoC=1.0000
ep=0621 frame=011 slot=09 J_F=   158.10 meanZ=36.74 SoC=1.0000
ep=0621 frame=012 slot=09 J_F=    13.90 meanZ=35.90 SoC=1.0000
ep=0621 frame=013 slot=09 J_F=   810.90 meanZ=36.06 SoC=1.0000
ep=0621 frame=014 slot=09 J_F=   181.10 meanZ=33.94 SoC=1.0000
ep=0621 frame=015 slot=09 J_F=   430.40 meanZ=33.32 SoC=1.0000
ep=0621 frame=016 slot=09 J_F=   819.50 meanZ=33.24 SoC=1.0000
ep=0621 frame=017 slot=09 J_F=   505.00 meanZ=33.16 SoC=1.0000
ep=0621 frame=018 slot=09 J_F=   510.00 meanZ=33.76 SoC=1.0000
ep=0621 frame=019 slot=09 J_F=   394.90 meanZ=32.54 SoC=1.0000
ep=0621 frame=020 slot=09 J_F=   207.50 meanZ=32.56 SoC=1.0000
ep=0621 frame=021 slot=09 J_F=   362.80 meanZ=31.82 SoC=1.0000
ep=0621 frame=022 slot=09 J_F=   552.00 meanZ=33.06 SoC=1.0000
ep=0621 frame=023 slot=09 J_F=   361.90 meanZ=33.12 SoC=1.0000
ep=0621 frame=024 slot=09 J_F=   570.00 meanZ=33.24 SoC=1.0000
ep=0621 frame=025 slot=09 J_F=   427.50 meanZ=32.40 SoC=1.0000
ep=0621 frame=026 slot=09 J_F=  -345.70 meanZ=32.32 SoC=1.0000
ep=0621 frame=027 slot=09 J_F=   686.50 meanZ=33.04 SoC=1.0000
ep=0621 frame=028 slot=09 J_F=   906.50 meanZ=33.28 SoC=1.0000
ep=0621 frame=029 slot=09 J_F=    81.60 meanZ=32.16 SoC=1.0000
hppo_rsu 622/750 QoE=0.43890 stall=0.0953 145.48s
ep=0622 frame=000 slot=09 J_F= -3133.60 meanZ=88.08 SoC=1.0000
ep=0622 frame=001 slot=09 J_F= -1505.50 meanZ=82.88 SoC=1.0000
ep=0622 frame=002 slot=09 J_F= -1843.00 meanZ=75.50 SoC=1.0000
ep=0622 frame=003 slot=09 J_F= -1254.60 meanZ=67.18 SoC=1.0000
ep=0622 frame=004 slot=09 J_F=  -263.60 meanZ=60.12 SoC=1.0000
ep=0622 frame=005 slot=09 J_F=  -140.50 meanZ=55.10 SoC=1.0000
ep=0622 frame=006 slot=09 J_F=  -554.00 meanZ=51.30 SoC=1.0000
ep=0622 frame=007 slot=09 J_F=  -221.80 meanZ=46.86 SoC=1.0000
ep=0622 frame=008 slot=09 J_F=   -66.60 meanZ=44.82 SoC=1.0000
ep=0622 frame=009 slot=09 J_F=  -594.10 meanZ=41.72 SoC=1.0000
ep=0622 frame=010 slot=09 J_F=   141.00 meanZ=39.94 SoC=1.0000
ep=0622 frame=011 slot=09 J_F=  -538.10 meanZ=37.80 SoC=1.0000
ep=0622 frame=012 slot=09 J_F=   497.00 meanZ=36.54 SoC=1.0000
ep=0622 frame=013 slot=09 J_F=   260.30 meanZ=36.12 SoC=1.0000
ep=0622 frame=014 slot=09 J_F=   378.30 meanZ=35.24 SoC=1.0000
ep=0622 frame=015 slot=09 J_F=   200.00 meanZ=35.46 SoC=1.0000
ep=0622 frame=016 slot=09 J_F=   508.00 meanZ=36.20 SoC=1.0000
ep=0622 frame=017 slot=09 J_F=   553.00 meanZ=35.16 SoC=1.0000
ep=0622 frame=018 slot=09 J_F=    26.40 meanZ=34.60 SoC=1.0000
ep=0622 frame=019 slot=09 J_F=   218.30 meanZ=32.88 SoC=1.0000
ep=0622 frame=020 slot=09 J_F=   269.40 meanZ=32.68 SoC=1.0000
ep=0622 frame=021 slot=09 J_F=   409.50 meanZ=31.82 SoC=1.0000
ep=0622 frame=022 slot=09 J_F=   201.60 meanZ=31.80 SoC=1.0000
ep=0622 frame=023 slot=09 J_F=   579.90 meanZ=31.18 SoC=1.0000
ep=0622 frame=024 slot=09 J_F=   149.90 meanZ=30.94 SoC=1.0000
ep=0622 frame=025 slot=09 J_F=   223.00 meanZ=29.42 SoC=1.0000
ep=0622 frame=026 slot=09 J_F=   387.90 meanZ=29.40 SoC=1.0000
ep=0622 frame=027 slot=09 J_F=   349.40 meanZ=29.44 SoC=1.0000
ep=0622 frame=028 slot=09 J_F=   231.50 meanZ=28.54 SoC=1.0000
ep=0622 frame=029 slot=09 J_F=   656.60 meanZ=27.94 SoC=1.0000
hppo_rsu 623/750 QoE=0.43570 stall=0.1005 144.77s
ep=0623 frame=000 slot=09 J_F= -3481.80 meanZ=89.02 SoC=1.0000
ep=0623 frame=001 slot=09 J_F= -1329.70 meanZ=82.04 SoC=1.0000
ep=0623 frame=002 slot=09 J_F= -1778.10 meanZ=73.72 SoC=1.0000
ep=0623 frame=003 slot=09 J_F=  -705.30 meanZ=66.58 SoC=1.0000
ep=0623 frame=004 slot=09 J_F=  -812.60 meanZ=59.34 SoC=1.0000
ep=0623 frame=005 slot=09 J_F=   -39.10 meanZ=54.26 SoC=1.0000
ep=0623 frame=006 slot=09 J_F=   -40.50 meanZ=50.06 SoC=1.0000
ep=0623 frame=007 slot=09 J_F=   460.00 meanZ=46.96 SoC=1.0000
ep=0623 frame=008 slot=09 J_F=  -271.20 meanZ=44.18 SoC=1.0000
ep=0623 frame=009 slot=09 J_F=   540.00 meanZ=43.54 SoC=1.0000
ep=0623 frame=010 slot=09 J_F=     6.30 meanZ=39.92 SoC=1.0000
ep=0623 frame=011 slot=09 J_F=   229.80 meanZ=37.82 SoC=1.0000
ep=0623 frame=012 slot=09 J_F=   380.40 meanZ=37.02 SoC=1.0000
ep=0623 frame=013 slot=09 J_F=    24.00 meanZ=35.58 SoC=1.0000
ep=0623 frame=014 slot=09 J_F=   244.90 meanZ=34.68 SoC=1.0000
ep=0623 frame=015 slot=09 J_F=  1006.40 meanZ=35.62 SoC=1.0000
ep=0623 frame=016 slot=09 J_F=   680.50 meanZ=36.30 SoC=1.0000
ep=0623 frame=017 slot=09 J_F=   365.50 meanZ=36.06 SoC=1.0000
ep=0623 frame=018 slot=09 J_F=   149.80 meanZ=35.46 SoC=1.0000
ep=0623 frame=019 slot=09 J_F=   513.40 meanZ=35.06 SoC=1.0000
ep=0623 frame=020 slot=09 J_F=   677.40 meanZ=34.10 SoC=1.0000
ep=0623 frame=021 slot=09 J_F=   454.00 meanZ=33.50 SoC=1.0000
ep=0623 frame=022 slot=09 J_F=    17.50 meanZ=32.98 SoC=1.0000
ep=0623 frame=023 slot=09 J_F=    -6.20 meanZ=31.60 SoC=1.0000
ep=0623 frame=024 slot=09 J_F=   374.90 meanZ=31.32 SoC=1.0000
ep=0623 frame=025 slot=09 J_F=   195.00 meanZ=31.18 SoC=1.0000
ep=0623 frame=026 slot=09 J_F=   323.90 meanZ=31.58 SoC=1.0000
ep=0623 frame=027 slot=09 J_F=   891.50 meanZ=32.96 SoC=1.0000
ep=0623 frame=028 slot=09 J_F=   377.20 meanZ=32.18 SoC=1.0000
ep=0623 frame=029 slot=09 J_F=   433.00 meanZ=31.74 SoC=1.0000
hppo_rsu 624/750 QoE=0.41164 stall=0.1060 146.45s
ep=0624 frame=000 slot=09 J_F= -1966.60 meanZ=89.66 SoC=1.0000
ep=0624 frame=001 slot=09 J_F= -2341.20 meanZ=82.18 SoC=1.0000
ep=0624 frame=002 slot=09 J_F= -1128.10 meanZ=75.08 SoC=1.0000
ep=0624 frame=003 slot=09 J_F= -1110.70 meanZ=68.36 SoC=1.0000
ep=0624 frame=004 slot=09 J_F=  -445.00 meanZ=61.46 SoC=1.0000
ep=0624 frame=005 slot=09 J_F=  -248.00 meanZ=56.20 SoC=1.0000
ep=0624 frame=006 slot=09 J_F=  -476.10 meanZ=50.96 SoC=1.0000
ep=0624 frame=007 slot=09 J_F=  -884.60 meanZ=46.18 SoC=1.0000
ep=0624 frame=008 slot=09 J_F=   -12.30 meanZ=42.16 SoC=1.0000
ep=0624 frame=009 slot=09 J_F=    42.40 meanZ=39.52 SoC=1.0000
ep=0624 frame=010 slot=09 J_F=   -74.50 meanZ=38.74 SoC=1.0000
ep=0624 frame=011 slot=09 J_F=   298.50 meanZ=37.06 SoC=1.0000
ep=0624 frame=012 slot=09 J_F=  -135.50 meanZ=36.78 SoC=1.0000
ep=0624 frame=013 slot=09 J_F=  -230.10 meanZ=35.06 SoC=1.0000
ep=0624 frame=014 slot=09 J_F=    -6.20 meanZ=36.48 SoC=1.0000
ep=0624 frame=015 slot=09 J_F=  1117.00 meanZ=38.16 SoC=1.0000
ep=0624 frame=016 slot=09 J_F=   141.90 meanZ=36.56 SoC=1.0000
ep=0624 frame=017 slot=09 J_F=   445.50 meanZ=36.40 SoC=1.0000
ep=0624 frame=018 slot=09 J_F=   512.00 meanZ=38.00 SoC=1.0000
ep=0624 frame=019 slot=09 J_F=   402.40 meanZ=36.38 SoC=1.0000
ep=0624 frame=020 slot=09 J_F=   230.50 meanZ=35.04 SoC=1.0000
ep=0624 frame=021 slot=09 J_F=   500.10 meanZ=36.10 SoC=1.0000
ep=0624 frame=022 slot=09 J_F=   210.40 meanZ=37.60 SoC=1.0000
ep=0624 frame=023 slot=09 J_F=   437.50 meanZ=36.64 SoC=1.0000
ep=0624 frame=024 slot=09 J_F=   349.90 meanZ=36.40 SoC=1.0000
ep=0624 frame=025 slot=09 J_F=   192.00 meanZ=35.68 SoC=1.0000
ep=0624 frame=026 slot=09 J_F=   583.90 meanZ=35.14 SoC=1.0000
ep=0624 frame=027 slot=09 J_F=   721.50 meanZ=34.86 SoC=1.0000
ep=0624 frame=028 slot=09 J_F=  -140.20 meanZ=32.58 SoC=1.0000
ep=0624 frame=029 slot=09 J_F=   327.30 meanZ=31.54 SoC=1.0000
ep=1000000 frame=000 slot=09 J_F= -2495.00 meanZ=88.98 SoC=1.0000
ep=1000000 frame=001 slot=09 J_F= -1549.70 meanZ=80.88 SoC=1.0000
ep=1000000 frame=002 slot=09 J_F= -1990.60 meanZ=73.10 SoC=1.0000
ep=1000000 frame=003 slot=09 J_F= -1124.10 meanZ=65.80 SoC=1.0000
ep=1000000 frame=004 slot=09 J_F=  -697.60 meanZ=60.26 SoC=1.0000
ep=1000000 frame=005 slot=09 J_F=   -97.60 meanZ=53.72 SoC=1.0000
ep=1000000 frame=006 slot=09 J_F=   308.50 meanZ=48.60 SoC=1.0000
ep=1000000 frame=007 slot=09 J_F=   126.50 meanZ=45.72 SoC=1.0000
ep=1000000 frame=008 slot=09 J_F=  -288.20 meanZ=42.00 SoC=1.0000
ep=1000000 frame=009 slot=09 J_F=   527.90 meanZ=39.64 SoC=1.0000
ep=1000000 frame=010 slot=09 J_F=    46.00 meanZ=37.68 SoC=1.0000
ep=1000000 frame=011 slot=09 J_F=   -16.60 meanZ=35.24 SoC=1.0000
ep=1000000 frame=012 slot=09 J_F=   -59.60 meanZ=34.56 SoC=1.0000
ep=1000000 frame=013 slot=09 J_F=   185.50 meanZ=34.42 SoC=1.0000
ep=1000000 frame=014 slot=09 J_F=   356.40 meanZ=33.02 SoC=1.0000
ep=1000000 frame=015 slot=09 J_F=   493.50 meanZ=32.54 SoC=1.0000
ep=1000000 frame=016 slot=09 J_F=  -106.00 meanZ=32.10 SoC=1.0000
ep=1000000 frame=017 slot=09 J_F=   157.40 meanZ=32.28 SoC=1.0000
ep=1000000 frame=018 slot=09 J_F=   -92.10 meanZ=31.68 SoC=1.0000
ep=1000000 frame=019 slot=09 J_F=   281.00 meanZ=32.36 SoC=1.0000
ep=1000000 frame=020 slot=09 J_F=   496.50 meanZ=33.30 SoC=1.0000
ep=1000000 frame=021 slot=09 J_F=   600.40 meanZ=33.66 SoC=1.0000
ep=1000000 frame=022 slot=09 J_F=   266.20 meanZ=33.04 SoC=1.0000
ep=1000000 frame=023 slot=09 J_F=   446.90 meanZ=33.60 SoC=1.0000
ep=1000000 frame=024 slot=09 J_F=   684.50 meanZ=34.58 SoC=1.0000
ep=1000000 frame=025 slot=09 J_F=  1152.50 meanZ=34.42 SoC=1.0000
ep=1000000 frame=026 slot=09 J_F=   404.30 meanZ=35.18 SoC=1.0000
ep=1000000 frame=027 slot=09 J_F=    46.00 meanZ=35.18 SoC=1.0000
ep=1000000 frame=028 slot=09 J_F=    76.20 meanZ=35.44 SoC=1.0000
ep=1000000 frame=029 slot=09 J_F=   204.00 meanZ=35.10 SoC=1.0000
ep=1000001 frame=000 slot=09 J_F= -2173.00 meanZ=88.76 SoC=1.0000
ep=1000001 frame=001 slot=09 J_F= -1015.60 meanZ=82.70 SoC=1.0000
ep=1000001 frame=002 slot=09 J_F=  -687.00 meanZ=76.00 SoC=1.0000
ep=1000001 frame=003 slot=09 J_F=  -635.10 meanZ=69.70 SoC=1.0000
ep=1000001 frame=004 slot=09 J_F= -1502.20 meanZ=60.74 SoC=1.0000
ep=1000001 frame=005 slot=09 J_F=   -59.50 meanZ=53.90 SoC=1.0000
ep=1000001 frame=006 slot=09 J_F=  -705.10 meanZ=47.44 SoC=1.0000
ep=1000001 frame=007 slot=09 J_F=  -212.60 meanZ=43.82 SoC=1.0000
ep=1000001 frame=008 slot=09 J_F=   227.00 meanZ=41.16 SoC=1.0000
ep=1000001 frame=009 slot=09 J_F=  -734.10 meanZ=37.96 SoC=1.0000
ep=1000001 frame=010 slot=09 J_F=    80.00 meanZ=37.08 SoC=1.0000
ep=1000001 frame=011 slot=09 J_F=  -166.10 meanZ=35.84 SoC=1.0000
ep=1000001 frame=012 slot=09 J_F=   214.90 meanZ=34.18 SoC=1.0000
ep=1000001 frame=013 slot=09 J_F=   589.50 meanZ=34.44 SoC=1.0000
ep=1000001 frame=014 slot=09 J_F=   847.50 meanZ=35.94 SoC=1.0000
ep=1000001 frame=015 slot=09 J_F=   807.10 meanZ=36.18 SoC=1.0000
ep=1000001 frame=016 slot=09 J_F=   661.00 meanZ=35.80 SoC=1.0000
ep=1000001 frame=017 slot=09 J_F=   261.40 meanZ=35.36 SoC=1.0000
ep=1000001 frame=018 slot=09 J_F=   903.40 meanZ=36.62 SoC=1.0000
ep=1000001 frame=019 slot=09 J_F=   436.00 meanZ=37.22 SoC=1.0000
ep=1000001 frame=020 slot=09 J_F=   307.60 meanZ=37.28 SoC=1.0000
ep=1000001 frame=021 slot=09 J_F=   191.50 meanZ=36.82 SoC=1.0000
ep=1000001 frame=022 slot=09 J_F=   102.00 meanZ=36.36 SoC=1.0000
ep=1000001 frame=023 slot=09 J_F=   351.00 meanZ=36.10 SoC=1.0000
ep=1000001 frame=024 slot=09 J_F=   313.50 meanZ=36.00 SoC=1.0000
ep=1000001 frame=025 slot=09 J_F=     7.80 meanZ=35.62 SoC=1.0000
ep=1000001 frame=026 slot=09 J_F=   -29.50 meanZ=34.82 SoC=1.0000
ep=1000001 frame=027 slot=09 J_F=   624.90 meanZ=34.96 SoC=1.0000
ep=1000001 frame=028 slot=09 J_F=   180.00 meanZ=34.88 SoC=1.0000
ep=1000001 frame=029 slot=09 J_F=   286.40 meanZ=34.34 SoC=1.0000
ep=1000002 frame=000 slot=09 J_F= -2115.50 meanZ=89.46 SoC=1.0000
ep=1000002 frame=001 slot=09 J_F= -2030.10 meanZ=82.42 SoC=1.0000
ep=1000002 frame=002 slot=09 J_F= -1550.50 meanZ=74.12 SoC=1.0000
ep=1000002 frame=003 slot=09 J_F= -1221.60 meanZ=66.88 SoC=1.0000
ep=1000002 frame=004 slot=09 J_F=  -379.60 meanZ=60.44 SoC=1.0000
ep=1000002 frame=005 slot=09 J_F=   261.00 meanZ=54.66 SoC=1.0000
ep=1000002 frame=006 slot=09 J_F=    80.30 meanZ=50.38 SoC=1.0000
ep=1000002 frame=007 slot=09 J_F=   118.00 meanZ=47.58 SoC=1.0000
ep=1000002 frame=008 slot=09 J_F=  -207.10 meanZ=44.06 SoC=1.0000
ep=1000002 frame=009 slot=09 J_F=  -262.00 meanZ=42.70 SoC=1.0000
ep=1000002 frame=010 slot=09 J_F=   423.50 meanZ=42.16 SoC=1.0000
ep=1000002 frame=011 slot=09 J_F=   563.30 meanZ=39.98 SoC=1.0000
ep=1000002 frame=012 slot=09 J_F=   343.00 meanZ=38.92 SoC=1.0000
ep=1000002 frame=013 slot=09 J_F=  -356.50 meanZ=37.44 SoC=1.0000
ep=1000002 frame=014 slot=09 J_F=    17.10 meanZ=35.68 SoC=1.0000
ep=1000002 frame=015 slot=09 J_F=   507.60 meanZ=34.84 SoC=1.0000
ep=1000002 frame=016 slot=09 J_F=   -86.50 meanZ=34.52 SoC=1.0000
ep=1000002 frame=017 slot=09 J_F=  -215.60 meanZ=34.06 SoC=1.0000
ep=1000002 frame=018 slot=09 J_F=   749.90 meanZ=33.58 SoC=1.0000
ep=1000002 frame=019 slot=09 J_F=   252.00 meanZ=34.64 SoC=1.0000
ep=1000002 frame=020 slot=09 J_F=   463.60 meanZ=33.86 SoC=1.0000
ep=1000002 frame=021 slot=09 J_F=   452.50 meanZ=34.00 SoC=1.0000
ep=1000002 frame=022 slot=09 J_F=  -171.00 meanZ=33.90 SoC=1.0000
ep=1000002 frame=023 slot=09 J_F=   390.90 meanZ=34.10 SoC=1.0000
ep=1000002 frame=024 slot=09 J_F=   561.00 meanZ=33.68 SoC=1.0000
ep=1000002 frame=025 slot=09 J_F=   350.90 meanZ=34.12 SoC=1.0000
ep=1000002 frame=026 slot=09 J_F=   281.40 meanZ=32.26 SoC=1.0000
ep=1000002 frame=027 slot=09 J_F=   414.90 meanZ=32.62 SoC=1.0000
ep=1000002 frame=028 slot=09 J_F=   286.40 meanZ=33.42 SoC=1.0000
ep=1000002 frame=029 slot=09 J_F=   354.00 meanZ=32.76 SoC=1.0000
ep=1000003 frame=000 slot=09 J_F= -3252.60 meanZ=88.42 SoC=1.0000
ep=1000003 frame=001 slot=09 J_F= -1359.70 meanZ=80.72 SoC=1.0000
ep=1000003 frame=002 slot=09 J_F= -1812.00 meanZ=73.96 SoC=1.0000
ep=1000003 frame=003 slot=09 J_F= -1117.70 meanZ=67.02 SoC=1.0000
ep=1000003 frame=004 slot=09 J_F=  -202.60 meanZ=61.64 SoC=1.0000
ep=1000003 frame=005 slot=09 J_F=  -946.10 meanZ=55.20 SoC=1.0000
ep=1000003 frame=006 slot=09 J_F=    20.40 meanZ=50.90 SoC=1.0000
ep=1000003 frame=007 slot=09 J_F=   -20.70 meanZ=48.92 SoC=1.0000
ep=1000003 frame=008 slot=09 J_F=  -243.10 meanZ=44.72 SoC=1.0000
ep=1000003 frame=009 slot=09 J_F=    -7.50 meanZ=42.62 SoC=1.0000
ep=1000003 frame=010 slot=09 J_F=   184.00 meanZ=40.96 SoC=1.0000
ep=1000003 frame=011 slot=09 J_F=   -67.10 meanZ=38.56 SoC=1.0000
ep=1000003 frame=012 slot=09 J_F=   550.90 meanZ=38.22 SoC=1.0000
ep=1000003 frame=013 slot=09 J_F=   274.50 meanZ=37.06 SoC=1.0000
ep=1000003 frame=014 slot=09 J_F=    43.00 meanZ=37.00 SoC=1.0000
ep=1000003 frame=015 slot=09 J_F=   178.50 meanZ=36.96 SoC=1.0000
ep=1000003 frame=016 slot=09 J_F=   -30.60 meanZ=35.48 SoC=1.0000
ep=1000003 frame=017 slot=09 J_F=   427.40 meanZ=35.80 SoC=1.0000
ep=1000003 frame=018 slot=09 J_F=   324.40 meanZ=35.24 SoC=1.0000
ep=1000003 frame=019 slot=09 J_F=   558.00 meanZ=35.46 SoC=1.0000
ep=1000003 frame=020 slot=09 J_F=   693.90 meanZ=35.14 SoC=1.0000
ep=1000003 frame=021 slot=09 J_F=   230.40 meanZ=36.22 SoC=1.0000
ep=1000003 frame=022 slot=09 J_F=   209.20 meanZ=35.34 SoC=1.0000
ep=1000003 frame=023 slot=09 J_F=   169.50 meanZ=35.30 SoC=1.0000
ep=1000003 frame=024 slot=09 J_F=   134.50 meanZ=34.70 SoC=1.0000
ep=1000003 frame=025 slot=09 J_F=   583.40 meanZ=35.30 SoC=1.0000
ep=1000003 frame=026 slot=09 J_F=   -87.50 meanZ=34.70 SoC=1.0000
ep=1000003 frame=027 slot=09 J_F=  -187.50 meanZ=34.54 SoC=1.0000
ep=1000003 frame=028 slot=09 J_F=   533.00 meanZ=35.30 SoC=1.0000
ep=1000003 frame=029 slot=09 J_F=   153.00 meanZ=34.66 SoC=1.0000
ep=1000004 frame=000 slot=09 J_F= -2802.60 meanZ=88.06 SoC=1.0000
ep=1000004 frame=001 slot=09 J_F= -1497.60 meanZ=81.40 SoC=1.0000
ep=1000004 frame=002 slot=09 J_F= -1405.50 meanZ=74.56 SoC=1.0000
ep=1000004 frame=003 slot=09 J_F= -1579.10 meanZ=67.26 SoC=1.0000
ep=1000004 frame=004 slot=09 J_F=  -728.60 meanZ=58.86 SoC=1.0000
ep=1000004 frame=005 slot=09 J_F=   -45.00 meanZ=53.32 SoC=1.0000
ep=1000004 frame=006 slot=09 J_F=  -322.20 meanZ=48.32 SoC=1.0000
ep=1000004 frame=007 slot=09 J_F=    47.10 meanZ=44.80 SoC=1.0000
ep=1000004 frame=008 slot=09 J_F=  -239.50 meanZ=44.26 SoC=1.0000
ep=1000004 frame=009 slot=09 J_F=   618.50 meanZ=42.44 SoC=1.0000
ep=1000004 frame=010 slot=09 J_F=   258.60 meanZ=42.20 SoC=1.0000
ep=1000004 frame=011 slot=09 J_F=  -420.50 meanZ=40.30 SoC=1.0000
ep=1000004 frame=012 slot=09 J_F=   361.00 meanZ=40.34 SoC=1.0000
ep=1000004 frame=013 slot=09 J_F=   246.50 meanZ=40.22 SoC=1.0000
ep=1000004 frame=014 slot=09 J_F=    18.50 meanZ=38.32 SoC=1.0000
ep=1000004 frame=015 slot=09 J_F=   950.50 meanZ=38.34 SoC=1.0000
ep=1000004 frame=016 slot=09 J_F=   190.50 meanZ=36.70 SoC=1.0000
ep=1000004 frame=017 slot=09 J_F=   153.60 meanZ=36.52 SoC=1.0000
ep=1000004 frame=018 slot=09 J_F=   342.00 meanZ=35.88 SoC=1.0000
ep=1000004 frame=019 slot=09 J_F=    11.90 meanZ=35.64 SoC=1.0000
ep=1000004 frame=020 slot=09 J_F=   -51.50 meanZ=34.72 SoC=1.0000
ep=1000004 frame=021 slot=09 J_F=   325.50 meanZ=33.48 SoC=1.0000
ep=1000004 frame=022 slot=09 J_F=  1030.00 meanZ=34.16 SoC=1.0000
ep=1000004 frame=023 slot=09 J_F=    37.00 meanZ=34.26 SoC=1.0000
ep=1000004 frame=024 slot=09 J_F=   571.40 meanZ=35.44 SoC=1.0000
ep=1000004 frame=025 slot=09 J_F=   452.00 meanZ=36.38 SoC=1.0000
ep=1000004 frame=026 slot=09 J_F=   640.00 meanZ=36.54 SoC=1.0000
ep=1000004 frame=027 slot=09 J_F=   355.90 meanZ=35.86 SoC=1.0000
ep=1000004 frame=028 slot=09 J_F=   404.50 meanZ=36.46 SoC=1.0000
ep=1000004 frame=029 slot=09 J_F=   786.40 meanZ=36.60 SoC=1.0000
ep=1000005 frame=000 slot=09 J_F= -3265.50 meanZ=88.24 SoC=1.0000
ep=1000005 frame=001 slot=09 J_F= -2058.20 meanZ=81.12 SoC=1.0000
ep=1000005 frame=002 slot=09 J_F= -1385.00 meanZ=73.92 SoC=1.0000
ep=1000005 frame=003 slot=09 J_F=  -768.00 meanZ=66.76 SoC=1.0000
ep=1000005 frame=004 slot=09 J_F=  -736.10 meanZ=59.46 SoC=1.0000
ep=1000005 frame=005 slot=09 J_F=   -65.00 meanZ=54.90 SoC=1.0000
ep=1000005 frame=006 slot=09 J_F=  -317.70 meanZ=49.84 SoC=1.0000
ep=1000005 frame=007 slot=09 J_F=   432.00 meanZ=48.20 SoC=1.0000
ep=1000005 frame=008 slot=09 J_F=  -343.10 meanZ=43.92 SoC=1.0000
ep=1000005 frame=009 slot=09 J_F=   726.00 meanZ=42.72 SoC=1.0000
ep=1000005 frame=010 slot=09 J_F=  -171.70 meanZ=39.48 SoC=1.0000
ep=1000005 frame=011 slot=09 J_F=  -153.50 meanZ=38.86 SoC=1.0000
ep=1000005 frame=012 slot=09 J_F=   245.10 meanZ=38.18 SoC=1.0000
ep=1000005 frame=013 slot=09 J_F=   -59.50 meanZ=36.46 SoC=1.0000
ep=1000005 frame=014 slot=09 J_F=   386.00 meanZ=35.78 SoC=1.0000
ep=1000005 frame=015 slot=09 J_F=   483.50 meanZ=34.44 SoC=1.0000
ep=1000005 frame=016 slot=09 J_F=   408.50 meanZ=33.10 SoC=1.0000
ep=1000005 frame=017 slot=09 J_F=   192.00 meanZ=33.04 SoC=1.0000
ep=1000005 frame=018 slot=09 J_F=   618.00 meanZ=33.36 SoC=1.0000
ep=1000005 frame=019 slot=09 J_F=   220.10 meanZ=32.92 SoC=1.0000
ep=1000005 frame=020 slot=09 J_F=   573.50 meanZ=32.36 SoC=1.0000
ep=1000005 frame=021 slot=09 J_F=   655.60 meanZ=33.22 SoC=1.0000
ep=1000005 frame=022 slot=09 J_F=   563.00 meanZ=33.04 SoC=1.0000
ep=1000005 frame=023 slot=09 J_F=   346.50 meanZ=32.72 SoC=1.0000
ep=1000005 frame=024 slot=09 J_F=   180.80 meanZ=34.28 SoC=1.0000
ep=1000005 frame=025 slot=09 J_F=   325.00 meanZ=35.36 SoC=1.0000
ep=1000005 frame=026 slot=09 J_F=   917.00 meanZ=35.00 SoC=1.0000
ep=1000005 frame=027 slot=09 J_F=   400.50 meanZ=35.42 SoC=1.0000
ep=1000005 frame=028 slot=09 J_F=    77.00 meanZ=35.30 SoC=1.0000
ep=1000005 frame=029 slot=09 J_F=   865.00 meanZ=35.38 SoC=1.0000
ep=1000006 frame=000 slot=09 J_F= -1619.00 meanZ=89.22 SoC=1.0000
ep=1000006 frame=001 slot=09 J_F= -1253.60 meanZ=82.38 SoC=1.0000
ep=1000006 frame=002 slot=09 J_F= -1258.60 meanZ=75.08 SoC=1.0000
ep=1000006 frame=003 slot=09 J_F= -1245.60 meanZ=68.14 SoC=1.0000
ep=1000006 frame=004 slot=09 J_F=  -582.10 meanZ=60.50 SoC=1.0000
ep=1000006 frame=005 slot=09 J_F=  -187.50 meanZ=55.60 SoC=1.0000
ep=1000006 frame=006 slot=09 J_F=  -702.50 meanZ=50.98 SoC=1.0000
ep=1000006 frame=007 slot=09 J_F=   630.30 meanZ=48.86 SoC=1.0000
ep=1000006 frame=008 slot=09 J_F=   280.50 meanZ=46.50 SoC=1.0000
ep=1000006 frame=009 slot=09 J_F=  -178.10 meanZ=43.70 SoC=1.0000
ep=1000006 frame=010 slot=09 J_F=  -129.00 meanZ=41.64 SoC=1.0000
ep=1000006 frame=011 slot=09 J_F=   146.50 meanZ=39.86 SoC=1.0000
ep=1000006 frame=012 slot=09 J_F=   417.00 meanZ=38.32 SoC=1.0000
ep=1000006 frame=013 slot=09 J_F=   331.50 meanZ=38.18 SoC=1.0000
ep=1000006 frame=014 slot=09 J_F=   193.50 meanZ=38.30 SoC=1.0000
ep=1000006 frame=015 slot=09 J_F=   234.60 meanZ=38.00 SoC=1.0000
ep=1000006 frame=016 slot=09 J_F=   709.90 meanZ=38.26 SoC=1.0000
ep=1000006 frame=017 slot=09 J_F=   505.60 meanZ=38.48 SoC=1.0000
ep=1000006 frame=018 slot=09 J_F=   236.10 meanZ=38.02 SoC=1.0000
ep=1000006 frame=019 slot=09 J_F=   300.50 meanZ=37.00 SoC=1.0000
ep=1000006 frame=020 slot=09 J_F=   221.60 meanZ=35.60 SoC=1.0000
ep=1000006 frame=021 slot=09 J_F=   282.60 meanZ=35.50 SoC=1.0000
ep=1000006 frame=022 slot=09 J_F=  -117.60 meanZ=34.92 SoC=1.0000
ep=1000006 frame=023 slot=09 J_F=   267.50 meanZ=34.76 SoC=1.0000
ep=1000006 frame=024 slot=09 J_F=   622.00 meanZ=34.26 SoC=1.0000
ep=1000006 frame=025 slot=09 J_F=   401.90 meanZ=33.80 SoC=1.0000
ep=1000006 frame=026 slot=09 J_F=   610.80 meanZ=34.98 SoC=1.0000
ep=1000006 frame=027 slot=09 J_F=   663.00 meanZ=34.04 SoC=1.0000
ep=1000006 frame=028 slot=09 J_F=   213.00 meanZ=33.96 SoC=1.0000
ep=1000006 frame=029 slot=09 J_F=   681.50 meanZ=33.96 SoC=1.0000
ep=1000007 frame=000 slot=09 J_F= -3694.50 meanZ=87.76 SoC=1.0000
ep=1000007 frame=001 slot=09 J_F= -1789.10 meanZ=79.68 SoC=1.0000
ep=1000007 frame=002 slot=09 J_F= -1837.10 meanZ=71.34 SoC=1.0000
ep=1000007 frame=003 slot=09 J_F=  -308.60 meanZ=64.98 SoC=1.0000
ep=1000007 frame=004 slot=09 J_F=  -709.00 meanZ=57.92 SoC=1.0000
ep=1000007 frame=005 slot=09 J_F=  -246.70 meanZ=52.56 SoC=1.0000
ep=1000007 frame=006 slot=09 J_F=  -481.60 meanZ=47.04 SoC=1.0000
ep=1000007 frame=007 slot=09 J_F=  -246.70 meanZ=44.08 SoC=1.0000
ep=1000007 frame=008 slot=09 J_F=   619.90 meanZ=43.02 SoC=1.0000
ep=1000007 frame=009 slot=09 J_F=   505.50 meanZ=43.36 SoC=1.0000
ep=1000007 frame=010 slot=09 J_F=  -363.60 meanZ=41.54 SoC=1.0000
ep=1000007 frame=011 slot=09 J_F=   189.90 meanZ=39.70 SoC=1.0000
ep=1000007 frame=012 slot=09 J_F=   395.10 meanZ=39.00 SoC=1.0000
ep=1000007 frame=013 slot=09 J_F=   313.10 meanZ=38.38 SoC=1.0000
ep=1000007 frame=014 slot=09 J_F=    79.40 meanZ=38.28 SoC=1.0000
ep=1000007 frame=015 slot=09 J_F=   286.10 meanZ=37.54 SoC=1.0000
ep=1000007 frame=016 slot=09 J_F=   300.50 meanZ=36.32 SoC=1.0000
ep=1000007 frame=017 slot=09 J_F=   338.60 meanZ=36.62 SoC=1.0000
ep=1000007 frame=018 slot=09 J_F=   488.60 meanZ=36.96 SoC=1.0000
ep=1000007 frame=019 slot=09 J_F=   172.60 meanZ=36.38 SoC=1.0000
ep=1000007 frame=020 slot=09 J_F=   -18.00 meanZ=35.98 SoC=1.0000
ep=1000007 frame=021 slot=09 J_F=    48.00 meanZ=35.30 SoC=1.0000
ep=1000007 frame=022 slot=09 J_F=   552.30 meanZ=34.58 SoC=1.0000
ep=1000007 frame=023 slot=09 J_F=   354.90 meanZ=36.30 SoC=1.0000
ep=1000007 frame=024 slot=09 J_F=    43.10 meanZ=34.64 SoC=1.0000
ep=1000007 frame=025 slot=09 J_F=   443.50 meanZ=34.68 SoC=1.0000
ep=1000007 frame=026 slot=09 J_F=   230.10 meanZ=34.10 SoC=1.0000
ep=1000007 frame=027 slot=09 J_F=   584.10 meanZ=33.94 SoC=1.0000
ep=1000007 frame=028 slot=09 J_F=    -5.00 meanZ=34.74 SoC=1.0000
ep=1000007 frame=029 slot=09 J_F=  -527.60 meanZ=33.58 SoC=1.0000
ep=1000008 frame=000 slot=09 J_F= -3455.10 meanZ=87.34 SoC=1.0000
ep=1000008 frame=001 slot=09 J_F= -2313.10 meanZ=78.56 SoC=1.0000
ep=1000008 frame=002 slot=09 J_F= -1778.20 meanZ=71.06 SoC=1.0000
ep=1000008 frame=003 slot=09 J_F=  -514.00 meanZ=64.34 SoC=1.0000
ep=1000008 frame=004 slot=09 J_F=  -715.60 meanZ=58.22 SoC=1.0000
ep=1000008 frame=005 slot=09 J_F=   174.50 meanZ=52.54 SoC=1.0000
ep=1000008 frame=006 slot=09 J_F=  -308.00 meanZ=48.92 SoC=1.0000
ep=1000008 frame=007 slot=09 J_F=   119.40 meanZ=44.94 SoC=1.0000
ep=1000008 frame=008 slot=09 J_F=   159.90 meanZ=43.76 SoC=1.0000
ep=1000008 frame=009 slot=09 J_F=   170.40 meanZ=41.74 SoC=1.0000
ep=1000008 frame=010 slot=09 J_F=   180.00 meanZ=40.42 SoC=1.0000
ep=1000008 frame=011 slot=09 J_F=   -24.60 meanZ=40.78 SoC=1.0000
ep=1000008 frame=012 slot=09 J_F=   289.00 meanZ=39.18 SoC=1.0000
ep=1000008 frame=013 slot=09 J_F=   881.90 meanZ=39.86 SoC=1.0000
ep=1000008 frame=014 slot=09 J_F=  -248.50 meanZ=39.14 SoC=1.0000
ep=1000008 frame=015 slot=09 J_F=   712.90 meanZ=39.22 SoC=1.0000
ep=1000008 frame=016 slot=09 J_F=   239.90 meanZ=39.50 SoC=1.0000
ep=1000008 frame=017 slot=09 J_F=   272.40 meanZ=39.18 SoC=1.0000
ep=1000008 frame=018 slot=09 J_F=  -400.60 meanZ=38.70 SoC=1.0000
ep=1000008 frame=019 slot=09 J_F=  -138.60 meanZ=36.84 SoC=1.0000
ep=1000008 frame=020 slot=09 J_F=    98.90 meanZ=35.58 SoC=1.0000
ep=1000008 frame=021 slot=09 J_F=   256.40 meanZ=34.76 SoC=1.0000
ep=1000008 frame=022 slot=09 J_F=   195.60 meanZ=34.76 SoC=1.0000
ep=1000008 frame=023 slot=09 J_F=   680.70 meanZ=36.38 SoC=1.0000
ep=1000008 frame=024 slot=09 J_F=   485.40 meanZ=36.76 SoC=1.0000
ep=1000008 frame=025 slot=09 J_F=   456.50 meanZ=35.96 SoC=1.0000
ep=1000008 frame=026 slot=09 J_F=   -93.40 meanZ=35.28 SoC=1.0000
ep=1000008 frame=027 slot=09 J_F=   464.10 meanZ=35.16 SoC=1.0000
ep=1000008 frame=028 slot=09 J_F=  -334.00 meanZ=33.42 SoC=1.0000
ep=1000008 frame=029 slot=09 J_F=   151.50 meanZ=32.66 SoC=1.0000
ep=1000009 frame=000 slot=09 J_F= -3518.10 meanZ=87.52 SoC=1.0000
ep=1000009 frame=001 slot=09 J_F= -1401.60 meanZ=80.26 SoC=1.0000
ep=1000009 frame=002 slot=09 J_F= -1147.50 meanZ=73.54 SoC=1.0000
ep=1000009 frame=003 slot=09 J_F= -1286.20 meanZ=65.60 SoC=1.0000
ep=1000009 frame=004 slot=09 J_F=  -999.10 meanZ=57.98 SoC=1.0000
ep=1000009 frame=005 slot=09 J_F=  -140.70 meanZ=51.70 SoC=1.0000
ep=1000009 frame=006 slot=09 J_F=   244.50 meanZ=48.22 SoC=1.0000
ep=1000009 frame=007 slot=09 J_F=   133.40 meanZ=45.98 SoC=1.0000
ep=1000009 frame=008 slot=09 J_F=  -264.10 meanZ=43.26 SoC=1.0000
ep=1000009 frame=009 slot=09 J_F=  -189.70 meanZ=40.88 SoC=1.0000
ep=1000009 frame=010 slot=09 J_F=   177.50 meanZ=40.50 SoC=1.0000
ep=1000009 frame=011 slot=09 J_F=   179.00 meanZ=39.62 SoC=1.0000
ep=1000009 frame=012 slot=09 J_F=   129.90 meanZ=39.78 SoC=1.0000
ep=1000009 frame=013 slot=09 J_F=   623.00 meanZ=40.74 SoC=1.0000
ep=1000009 frame=014 slot=09 J_F=    -8.40 meanZ=39.38 SoC=1.0000
ep=1000009 frame=015 slot=09 J_F=   410.90 meanZ=38.04 SoC=1.0000
ep=1000009 frame=016 slot=09 J_F=   203.50 meanZ=36.78 SoC=1.0000
ep=1000009 frame=017 slot=09 J_F=   522.90 meanZ=35.04 SoC=1.0000
ep=1000009 frame=018 slot=09 J_F=   227.40 meanZ=35.22 SoC=1.0000
ep=1000009 frame=019 slot=09 J_F=   369.90 meanZ=36.38 SoC=1.0000
ep=1000009 frame=020 slot=09 J_F=   374.00 meanZ=35.58 SoC=1.0000
ep=1000009 frame=021 slot=09 J_F=   255.40 meanZ=35.08 SoC=1.0000
ep=1000009 frame=022 slot=09 J_F=    -3.50 meanZ=35.34 SoC=1.0000
ep=1000009 frame=023 slot=09 J_F=   158.90 meanZ=34.50 SoC=1.0000
ep=1000009 frame=024 slot=09 J_F=    94.90 meanZ=33.44 SoC=1.0000
ep=1000009 frame=025 slot=09 J_F=   203.80 meanZ=33.08 SoC=1.0000
ep=1000009 frame=026 slot=09 J_F=  -111.10 meanZ=33.92 SoC=1.0000
ep=1000009 frame=027 slot=09 J_F=   658.00 meanZ=32.76 SoC=1.0000
ep=1000009 frame=028 slot=09 J_F=   304.00 meanZ=31.76 SoC=1.0000
ep=1000009 frame=029 slot=09 J_F=   169.90 meanZ=29.86 SoC=1.0000
hppo_rsu 625/750 QoE=0.43465 stall=0.0976 146.78s
ep=0625 frame=000 slot=09 J_F= -3378.60 meanZ=88.78 SoC=1.0000
ep=0625 frame=001 slot=09 J_F= -1292.50 meanZ=81.20 SoC=1.0000
ep=0625 frame=002 slot=09 J_F=  -874.60 meanZ=74.42 SoC=1.0000
ep=0625 frame=003 slot=09 J_F=  -966.70 meanZ=67.70 SoC=1.0000
ep=0625 frame=004 slot=09 J_F= -1452.20 meanZ=60.42 SoC=1.0000
ep=0625 frame=005 slot=09 J_F=   -19.20 meanZ=55.08 SoC=1.0000
ep=0625 frame=006 slot=09 J_F=  -118.00 meanZ=51.38 SoC=1.0000
ep=0625 frame=007 slot=09 J_F=  -161.80 meanZ=47.16 SoC=1.0000
ep=0625 frame=008 slot=09 J_F=   602.50 meanZ=45.68 SoC=1.0000
ep=0625 frame=009 slot=09 J_F=   468.40 meanZ=43.22 SoC=1.0000
ep=0625 frame=010 slot=09 J_F=   620.00 meanZ=45.70 SoC=1.0000
ep=0625 frame=011 slot=09 J_F=   429.40 meanZ=45.80 SoC=1.0000
ep=0625 frame=012 slot=09 J_F=   -47.00 meanZ=43.78 SoC=1.0000
ep=0625 frame=013 slot=09 J_F=   349.90 meanZ=42.80 SoC=1.0000
ep=0625 frame=014 slot=09 J_F=   836.00 meanZ=43.68 SoC=1.0000
ep=0625 frame=015 slot=09 J_F=   678.00 meanZ=43.28 SoC=1.0000
ep=0625 frame=016 slot=09 J_F=   253.50 meanZ=42.64 SoC=1.0000
ep=0625 frame=017 slot=09 J_F=     4.40 meanZ=41.32 SoC=1.0000
ep=0625 frame=018 slot=09 J_F=   193.90 meanZ=41.10 SoC=1.0000
ep=0625 frame=019 slot=09 J_F=  -232.10 meanZ=37.76 SoC=1.0000
ep=0625 frame=020 slot=09 J_F=   -39.50 meanZ=37.42 SoC=1.0000
ep=0625 frame=021 slot=09 J_F=   171.60 meanZ=34.82 SoC=1.0000
ep=0625 frame=022 slot=09 J_F=   344.90 meanZ=32.42 SoC=1.0000
ep=0625 frame=023 slot=09 J_F=   -64.80 meanZ=31.16 SoC=1.0000
ep=0625 frame=024 slot=09 J_F=   677.00 meanZ=32.18 SoC=1.0000
ep=0625 frame=025 slot=09 J_F=   -31.70 meanZ=30.52 SoC=1.0000
ep=0625 frame=026 slot=09 J_F=   429.00 meanZ=30.96 SoC=1.0000
ep=0625 frame=027 slot=09 J_F=   738.50 meanZ=31.94 SoC=1.0000
ep=0625 frame=028 slot=09 J_F=   671.50 meanZ=32.46 SoC=1.0000
ep=0625 frame=029 slot=09 J_F=   400.40 meanZ=31.32 SoC=1.0000
hppo_rsu 626/750 QoE=0.36501 stall=0.1245 146.15s
ep=0626 frame=000 slot=09 J_F= -3284.00 meanZ=89.04 SoC=1.0000
ep=0626 frame=001 slot=09 J_F= -2228.60 meanZ=80.64 SoC=1.0000
ep=0626 frame=002 slot=09 J_F= -1202.60 meanZ=73.44 SoC=1.0000
ep=0626 frame=003 slot=09 J_F=  -830.50 meanZ=66.38 SoC=1.0000
ep=0626 frame=004 slot=09 J_F=  -225.20 meanZ=60.48 SoC=1.0000
ep=0626 frame=005 slot=09 J_F=  -900.10 meanZ=54.50 SoC=1.0000
ep=0626 frame=006 slot=09 J_F=   -78.50 meanZ=50.22 SoC=1.0000
ep=0626 frame=007 slot=09 J_F=  -136.20 meanZ=46.66 SoC=1.0000
ep=0626 frame=008 slot=09 J_F=  -118.90 meanZ=43.58 SoC=1.0000
ep=0626 frame=009 slot=09 J_F=   -12.60 meanZ=40.40 SoC=1.0000
ep=0626 frame=010 slot=09 J_F=   319.90 meanZ=38.64 SoC=1.0000
ep=0626 frame=011 slot=09 J_F=  -108.50 meanZ=36.64 SoC=1.0000
ep=0626 frame=012 slot=09 J_F=   363.50 meanZ=35.40 SoC=1.0000
ep=0626 frame=013 slot=09 J_F=   549.90 meanZ=36.54 SoC=1.0000
ep=0626 frame=014 slot=09 J_F=   -32.00 meanZ=35.18 SoC=1.0000
ep=0626 frame=015 slot=09 J_F=   693.40 meanZ=34.86 SoC=1.0000
ep=0626 frame=016 slot=09 J_F=   352.00 meanZ=35.34 SoC=1.0000
ep=0626 frame=017 slot=09 J_F=   527.50 meanZ=35.82 SoC=1.0000
ep=0626 frame=018 slot=09 J_F=   -60.50 meanZ=35.52 SoC=1.0000
ep=0626 frame=019 slot=09 J_F=   670.00 meanZ=36.40 SoC=1.0000
ep=0626 frame=020 slot=09 J_F=  -220.90 meanZ=35.26 SoC=1.0000
ep=0626 frame=021 slot=09 J_F=   305.90 meanZ=35.26 SoC=1.0000
ep=0626 frame=022 slot=09 J_F=   -48.20 meanZ=34.12 SoC=1.0000
ep=0626 frame=023 slot=09 J_F=   235.40 meanZ=33.52 SoC=1.0000
ep=0626 frame=024 slot=09 J_F=   507.10 meanZ=33.32 SoC=1.0000
ep=0626 frame=025 slot=09 J_F=   308.60 meanZ=31.30 SoC=1.0000
ep=0626 frame=026 slot=09 J_F=   153.10 meanZ=29.90 SoC=1.0000
ep=0626 frame=027 slot=09 J_F=   432.80 meanZ=30.28 SoC=1.0000
ep=0626 frame=028 slot=09 J_F=   556.00 meanZ=31.36 SoC=1.0000
ep=0626 frame=029 slot=09 J_F=   419.00 meanZ=30.94 SoC=1.0000
hppo_rsu 627/750 QoE=0.39846 stall=0.1121 144.45s
ep=0627 frame=000 slot=09 J_F= -2797.60 meanZ=88.64 SoC=1.0000
ep=0627 frame=001 slot=09 J_F= -1461.10 meanZ=81.92 SoC=1.0000
ep=0627 frame=002 slot=09 J_F=  -278.50 meanZ=77.06 SoC=1.0000
ep=0627 frame=003 slot=09 J_F=  -788.10 meanZ=70.78 SoC=1.0000
ep=0627 frame=004 slot=09 J_F= -1144.10 meanZ=64.44 SoC=1.0000
ep=0627 frame=005 slot=09 J_F=  -557.70 meanZ=59.56 SoC=1.0000
ep=0627 frame=006 slot=09 J_F=  -404.20 meanZ=54.26 SoC=1.0000
ep=0627 frame=007 slot=09 J_F=   329.20 meanZ=51.24 SoC=1.0000
ep=0627 frame=008 slot=09 J_F=   185.40 meanZ=48.26 SoC=1.0000
ep=0627 frame=009 slot=09 J_F=  -300.60 meanZ=45.32 SoC=1.0000
ep=0627 frame=010 slot=09 J_F=    65.90 meanZ=43.52 SoC=1.0000
ep=0627 frame=011 slot=09 J_F=  -212.60 meanZ=40.10 SoC=1.0000
ep=0627 frame=012 slot=09 J_F=   830.00 meanZ=40.36 SoC=1.0000
ep=0627 frame=013 slot=09 J_F=   549.50 meanZ=40.98 SoC=1.0000
ep=0627 frame=014 slot=09 J_F=   420.00 meanZ=39.74 SoC=1.0000
ep=0627 frame=015 slot=09 J_F=   586.50 meanZ=39.00 SoC=1.0000
ep=0627 frame=016 slot=09 J_F=   502.00 meanZ=38.08 SoC=1.0000
ep=0627 frame=017 slot=09 J_F=   346.10 meanZ=36.98 SoC=1.0000
ep=0627 frame=018 slot=09 J_F=   353.50 meanZ=36.24 SoC=1.0000
ep=0627 frame=019 slot=09 J_F=  1169.60 meanZ=37.36 SoC=1.0000
ep=0627 frame=020 slot=09 J_F=   300.00 meanZ=36.90 SoC=1.0000
ep=0627 frame=021 slot=09 J_F=   235.00 meanZ=36.62 SoC=1.0000
ep=0627 frame=022 slot=09 J_F=  -150.50 meanZ=34.20 SoC=1.0000
ep=0627 frame=023 slot=09 J_F=   288.00 meanZ=32.40 SoC=1.0000
ep=0627 frame=024 slot=09 J_F=   331.90 meanZ=30.50 SoC=1.0000
ep=0627 frame=025 slot=09 J_F=   224.40 meanZ=31.28 SoC=1.0000
ep=0627 frame=026 slot=09 J_F=   276.40 meanZ=31.28 SoC=1.0000
ep=0627 frame=027 slot=09 J_F=   255.00 meanZ=30.32 SoC=1.0000
ep=0627 frame=028 slot=09 J_F=   556.50 meanZ=30.72 SoC=1.0000
ep=0627 frame=029 slot=09 J_F=   607.90 meanZ=29.84 SoC=1.0000
hppo_rsu 628/750 QoE=0.43548 stall=0.0969 145.99s
ep=0628 frame=000 slot=09 J_F= -2570.00 meanZ=88.74 SoC=1.0000
ep=0628 frame=001 slot=09 J_F= -2355.00 meanZ=81.04 SoC=1.0000
ep=0628 frame=002 slot=09 J_F=  -984.50 meanZ=73.92 SoC=1.0000
ep=0628 frame=003 slot=09 J_F= -1015.60 meanZ=67.58 SoC=1.0000
ep=0628 frame=004 slot=09 J_F=  -469.10 meanZ=62.04 SoC=1.0000
ep=0628 frame=005 slot=09 J_F=   -99.50 meanZ=59.40 SoC=1.0000
ep=0628 frame=006 slot=09 J_F=  -600.20 meanZ=54.24 SoC=1.0000
ep=0628 frame=007 slot=09 J_F=   -78.60 meanZ=51.08 SoC=1.0000
ep=0628 frame=008 slot=09 J_F=  -625.60 meanZ=46.14 SoC=1.0000
ep=0628 frame=009 slot=09 J_F=  -215.20 meanZ=43.38 SoC=1.0000
ep=0628 frame=010 slot=09 J_F=   -12.10 meanZ=40.66 SoC=1.0000
ep=0628 frame=011 slot=09 J_F=   314.50 meanZ=37.64 SoC=1.0000
ep=0628 frame=012 slot=09 J_F=    32.40 meanZ=37.26 SoC=1.0000
ep=0628 frame=013 slot=09 J_F=   572.00 meanZ=34.98 SoC=1.0000
ep=0628 frame=014 slot=09 J_F=   640.30 meanZ=33.94 SoC=1.0000
ep=0628 frame=015 slot=09 J_F=   233.30 meanZ=33.48 SoC=1.0000
ep=0628 frame=016 slot=09 J_F=   867.00 meanZ=34.94 SoC=1.0000
ep=0628 frame=017 slot=09 J_F=    20.00 meanZ=32.54 SoC=1.0000
ep=0628 frame=018 slot=09 J_F=   617.50 meanZ=32.80 SoC=1.0000
ep=0628 frame=019 slot=09 J_F=   271.90 meanZ=32.54 SoC=1.0000
ep=0628 frame=020 slot=09 J_F=   751.50 meanZ=32.84 SoC=1.0000
ep=0628 frame=021 slot=09 J_F=   269.40 meanZ=32.76 SoC=1.0000
ep=0628 frame=022 slot=09 J_F=   898.50 meanZ=34.56 SoC=1.0000
ep=0628 frame=023 slot=09 J_F=   214.40 meanZ=32.62 SoC=1.0000
ep=0628 frame=024 slot=09 J_F=   520.50 meanZ=33.50 SoC=1.0000
ep=0628 frame=025 slot=09 J_F=   517.50 meanZ=32.70 SoC=1.0000
ep=0628 frame=026 slot=09 J_F=  1165.00 meanZ=33.02 SoC=1.0000
ep=0628 frame=027 slot=09 J_F=   331.40 meanZ=33.12 SoC=1.0000
ep=0628 frame=028 slot=09 J_F=   124.00 meanZ=34.22 SoC=1.0000
ep=0628 frame=029 slot=09 J_F=    62.50 meanZ=32.82 SoC=1.0000
hppo_rsu 629/750 QoE=0.46930 stall=0.0825 144.67s
ep=0629 frame=000 slot=09 J_F= -3724.60 meanZ=88.10 SoC=1.0000
ep=0629 frame=001 slot=09 J_F= -1018.00 meanZ=81.14 SoC=1.0000
ep=0629 frame=002 slot=09 J_F= -2156.20 meanZ=73.04 SoC=1.0000
ep=0629 frame=003 slot=09 J_F=  -727.60 meanZ=66.74 SoC=1.0000
ep=0629 frame=004 slot=09 J_F= -1385.10 meanZ=60.94 SoC=1.0000
ep=0629 frame=005 slot=09 J_F=  -237.10 meanZ=55.58 SoC=1.0000
ep=0629 frame=006 slot=09 J_F=  -374.50 meanZ=50.52 SoC=1.0000
ep=0629 frame=007 slot=09 J_F=  -522.10 meanZ=47.34 SoC=1.0000
ep=0629 frame=008 slot=09 J_F=   232.50 meanZ=45.70 SoC=1.0000
ep=0629 frame=009 slot=09 J_F=  -256.50 meanZ=44.74 SoC=1.0000
ep=0629 frame=010 slot=09 J_F=   428.50 meanZ=43.66 SoC=1.0000
ep=0629 frame=011 slot=09 J_F=  -240.00 meanZ=41.80 SoC=1.0000
ep=0629 frame=012 slot=09 J_F=   722.40 meanZ=40.38 SoC=1.0000
ep=0629 frame=013 slot=09 J_F=  -225.10 meanZ=38.24 SoC=1.0000
ep=0629 frame=014 slot=09 J_F=   436.90 meanZ=38.60 SoC=1.0000
ep=0629 frame=015 slot=09 J_F=   273.00 meanZ=38.42 SoC=1.0000
ep=0629 frame=016 slot=09 J_F=   145.00 meanZ=37.40 SoC=1.0000
ep=0629 frame=017 slot=09 J_F=   225.90 meanZ=35.98 SoC=1.0000
ep=0629 frame=018 slot=09 J_F=   540.40 meanZ=36.60 SoC=1.0000
ep=0629 frame=019 slot=09 J_F=   -72.60 meanZ=33.34 SoC=1.0000
ep=0629 frame=020 slot=09 J_F=   175.50 meanZ=31.12 SoC=1.0000
ep=0629 frame=021 slot=09 J_F=   891.90 meanZ=31.66 SoC=1.0000
ep=0629 frame=022 slot=09 J_F=   356.00 meanZ=30.66 SoC=1.0000
ep=0629 frame=023 slot=09 J_F=   574.50 meanZ=30.52 SoC=1.0000
ep=0629 frame=024 slot=09 J_F=  -192.00 meanZ=30.56 SoC=1.0000
ep=0629 frame=025 slot=09 J_F=   179.30 meanZ=29.08 SoC=1.0000
ep=0629 frame=026 slot=09 J_F=    51.50 meanZ=28.92 SoC=1.0000
ep=0629 frame=027 slot=09 J_F=   490.50 meanZ=30.34 SoC=1.0000
ep=0629 frame=028 slot=09 J_F=   801.00 meanZ=30.88 SoC=1.0000
ep=0629 frame=029 slot=09 J_F=   782.70 meanZ=30.90 SoC=1.0000
hppo_rsu 630/750 QoE=0.47571 stall=0.0803 145.88s
ep=0630 frame=000 slot=09 J_F= -3579.40 meanZ=88.10 SoC=1.0000
ep=0630 frame=001 slot=09 J_F= -1157.50 meanZ=81.44 SoC=1.0000
ep=0630 frame=002 slot=09 J_F=  -845.70 meanZ=74.74 SoC=1.0000
ep=0630 frame=003 slot=09 J_F= -1591.50 meanZ=66.58 SoC=1.0000
ep=0630 frame=004 slot=09 J_F=  -835.70 meanZ=58.56 SoC=1.0000
ep=0630 frame=005 slot=09 J_F=   -65.00 meanZ=54.12 SoC=1.0000
ep=0630 frame=006 slot=09 J_F=    74.40 meanZ=49.72 SoC=1.0000
ep=0630 frame=007 slot=09 J_F=   216.00 meanZ=44.94 SoC=1.0000
ep=0630 frame=008 slot=09 J_F=   -84.60 meanZ=42.18 SoC=1.0000
ep=0630 frame=009 slot=09 J_F=  -119.50 meanZ=40.44 SoC=1.0000
ep=0630 frame=010 slot=09 J_F=    26.50 meanZ=39.46 SoC=1.0000
ep=0630 frame=011 slot=09 J_F=   457.30 meanZ=38.40 SoC=1.0000
ep=0630 frame=012 slot=09 J_F=   182.40 meanZ=38.42 SoC=1.0000
ep=0630 frame=013 slot=09 J_F=   462.50 meanZ=39.10 SoC=1.0000
ep=0630 frame=014 slot=09 J_F=  -142.00 meanZ=38.34 SoC=1.0000
ep=0630 frame=015 slot=09 J_F=   448.00 meanZ=39.48 SoC=1.0000
ep=0630 frame=016 slot=09 J_F=   365.00 meanZ=40.06 SoC=1.0000
ep=0630 frame=017 slot=09 J_F=   -89.10 meanZ=38.44 SoC=1.0000
ep=0630 frame=018 slot=09 J_F=  -260.60 meanZ=38.10 SoC=1.0000
ep=0630 frame=019 slot=09 J_F=   393.00 meanZ=37.40 SoC=1.0000
ep=0630 frame=020 slot=09 J_F=   422.00 meanZ=37.08 SoC=1.0000
ep=0630 frame=021 slot=09 J_F=  -115.50 meanZ=36.22 SoC=1.0000
ep=0630 frame=022 slot=09 J_F=   -88.20 meanZ=34.52 SoC=1.0000
ep=0630 frame=023 slot=09 J_F=   302.50 meanZ=33.78 SoC=1.0000
ep=0630 frame=024 slot=09 J_F=    70.80 meanZ=33.48 SoC=1.0000
ep=0630 frame=025 slot=09 J_F=   495.00 meanZ=33.90 SoC=1.0000
ep=0630 frame=026 slot=09 J_F=  -326.70 meanZ=32.26 SoC=1.0000
ep=0630 frame=027 slot=09 J_F=   583.90 meanZ=32.22 SoC=1.0000
ep=0630 frame=028 slot=09 J_F=   352.50 meanZ=31.14 SoC=1.0000
ep=0630 frame=029 slot=09 J_F=   782.50 meanZ=31.82 SoC=1.0000
hppo_rsu 631/750 QoE=0.34592 stall=0.1305 144.16s
ep=0631 frame=000 slot=09 J_F= -3037.10 meanZ=87.84 SoC=1.0000
ep=0631 frame=001 slot=09 J_F= -1361.50 meanZ=80.78 SoC=1.0000
ep=0631 frame=002 slot=09 J_F= -1364.50 meanZ=73.88 SoC=1.0000
ep=0631 frame=003 slot=09 J_F= -1322.70 meanZ=67.12 SoC=1.0000
ep=0631 frame=004 slot=09 J_F=   227.50 meanZ=61.38 SoC=1.0000
ep=0631 frame=005 slot=09 J_F=  -283.50 meanZ=55.70 SoC=1.0000
ep=0631 frame=006 slot=09 J_F=  -103.10 meanZ=51.00 SoC=1.0000
ep=0631 frame=007 slot=09 J_F=  -198.50 meanZ=47.58 SoC=1.0000
ep=0631 frame=008 slot=09 J_F=  -338.00 meanZ=44.54 SoC=1.0000
ep=0631 frame=009 slot=09 J_F=   220.10 meanZ=42.36 SoC=1.0000
ep=0631 frame=010 slot=09 J_F=   385.10 meanZ=41.22 SoC=1.0000
ep=0631 frame=011 slot=09 J_F=   167.00 meanZ=39.72 SoC=1.0000
ep=0631 frame=012 slot=09 J_F=    94.50 meanZ=38.68 SoC=1.0000
ep=0631 frame=013 slot=09 J_F=   641.60 meanZ=36.94 SoC=1.0000
ep=0631 frame=014 slot=09 J_F=  -123.70 meanZ=36.90 SoC=1.0000
ep=0631 frame=015 slot=09 J_F=   256.40 meanZ=35.82 SoC=1.0000
ep=0631 frame=016 slot=09 J_F=   472.00 meanZ=35.58 SoC=1.0000
ep=0631 frame=017 slot=09 J_F=   562.50 meanZ=35.66 SoC=1.0000
ep=0631 frame=018 slot=09 J_F=  -264.00 meanZ=33.70 SoC=1.0000
ep=0631 frame=019 slot=09 J_F=   318.50 meanZ=32.38 SoC=1.0000
ep=0631 frame=020 slot=09 J_F=   155.30 meanZ=30.94 SoC=1.0000
ep=0631 frame=021 slot=09 J_F=   414.40 meanZ=30.02 SoC=1.0000
ep=0631 frame=022 slot=09 J_F=   230.90 meanZ=28.64 SoC=1.0000
ep=0631 frame=023 slot=09 J_F=   294.00 meanZ=28.30 SoC=1.0000
ep=0631 frame=024 slot=09 J_F=   651.00 meanZ=29.08 SoC=1.0000
ep=0631 frame=025 slot=09 J_F=   536.00 meanZ=28.44 SoC=1.0000
ep=0631 frame=026 slot=09 J_F=   665.60 meanZ=29.12 SoC=1.0000
ep=0631 frame=027 slot=09 J_F=   775.00 meanZ=30.90 SoC=1.0000
ep=0631 frame=028 slot=09 J_F=    91.00 meanZ=30.28 SoC=1.0000
ep=0631 frame=029 slot=09 J_F=   517.00 meanZ=30.66 SoC=1.0000
hppo_rsu 632/750 QoE=0.32376 stall=0.1397 146.05s
ep=0632 frame=000 slot=09 J_F= -2685.20 meanZ=89.16 SoC=1.0000
ep=0632 frame=001 slot=09 J_F= -2430.10 meanZ=81.44 SoC=1.0000
ep=0632 frame=002 slot=09 J_F= -1761.20 meanZ=74.40 SoC=1.0000
ep=0632 frame=003 slot=09 J_F=  -708.50 meanZ=67.32 SoC=1.0000
ep=0632 frame=004 slot=09 J_F=  -591.00 meanZ=60.22 SoC=1.0000
ep=0632 frame=005 slot=09 J_F=  -256.50 meanZ=54.28 SoC=1.0000
ep=0632 frame=006 slot=09 J_F=  -302.50 meanZ=48.24 SoC=1.0000
ep=0632 frame=007 slot=09 J_F=     1.00 meanZ=45.02 SoC=1.0000
ep=0632 frame=008 slot=09 J_F=     5.40 meanZ=43.10 SoC=1.0000
ep=0632 frame=009 slot=09 J_F=    70.50 meanZ=41.08 SoC=1.0000
ep=0632 frame=010 slot=09 J_F=   591.00 meanZ=40.74 SoC=1.0000
ep=0632 frame=011 slot=09 J_F=     4.90 meanZ=38.90 SoC=1.0000
ep=0632 frame=012 slot=09 J_F=   487.00 meanZ=38.90 SoC=1.0000
ep=0632 frame=013 slot=09 J_F=   817.00 meanZ=38.44 SoC=1.0000
ep=0632 frame=014 slot=09 J_F=    83.90 meanZ=37.22 SoC=1.0000
ep=0632 frame=015 slot=09 J_F=   965.50 meanZ=37.42 SoC=1.0000
ep=0632 frame=016 slot=09 J_F=   397.50 meanZ=37.40 SoC=1.0000
ep=0632 frame=017 slot=09 J_F=   -21.00 meanZ=34.72 SoC=1.0000
ep=0632 frame=018 slot=09 J_F=  -297.10 meanZ=33.44 SoC=1.0000
ep=0632 frame=019 slot=09 J_F=  -152.00 meanZ=32.96 SoC=1.0000
ep=0632 frame=020 slot=09 J_F=   241.40 meanZ=32.28 SoC=1.0000
ep=0632 frame=021 slot=09 J_F=   540.50 meanZ=33.66 SoC=1.0000
ep=0632 frame=022 slot=09 J_F=   283.50 meanZ=32.84 SoC=1.0000
ep=0632 frame=023 slot=09 J_F=  -259.10 meanZ=31.84 SoC=1.0000
ep=0632 frame=024 slot=09 J_F=   806.50 meanZ=31.60 SoC=1.0000
ep=0632 frame=025 slot=09 J_F=   611.00 meanZ=32.38 SoC=1.0000
ep=0632 frame=026 slot=09 J_F=   115.90 meanZ=30.14 SoC=1.0000
ep=0632 frame=027 slot=09 J_F=   174.50 meanZ=29.62 SoC=1.0000
ep=0632 frame=028 slot=09 J_F=   724.30 meanZ=30.08 SoC=1.0000
ep=0632 frame=029 slot=09 J_F=  -125.30 meanZ=29.16 SoC=1.0000
hppo_rsu 633/750 QoE=0.34286 stall=0.1333 144.40s
ep=0633 frame=000 slot=09 J_F= -3264.00 meanZ=89.44 SoC=1.0000
ep=0633 frame=001 slot=09 J_F= -1141.50 meanZ=82.42 SoC=1.0000
ep=0633 frame=002 slot=09 J_F= -1049.50 meanZ=76.04 SoC=1.0000
ep=0633 frame=003 slot=09 J_F= -1055.60 meanZ=68.82 SoC=1.0000
ep=0633 frame=004 slot=09 J_F=  -261.50 meanZ=63.48 SoC=1.0000
ep=0633 frame=005 slot=09 J_F=  -390.60 meanZ=56.72 SoC=1.0000
ep=0633 frame=006 slot=09 J_F=  -394.00 meanZ=52.56 SoC=1.0000
ep=0633 frame=007 slot=09 J_F=    78.50 meanZ=49.86 SoC=1.0000
ep=0633 frame=008 slot=09 J_F=    85.90 meanZ=46.66 SoC=1.0000
ep=0633 frame=009 slot=09 J_F=    95.00 meanZ=45.98 SoC=1.0000
ep=0633 frame=010 slot=09 J_F=   162.90 meanZ=44.90 SoC=1.0000
ep=0633 frame=011 slot=09 J_F=    -2.60 meanZ=42.76 SoC=1.0000
ep=0633 frame=012 slot=09 J_F=   130.50 meanZ=39.50 SoC=1.0000
ep=0633 frame=013 slot=09 J_F=   911.50 meanZ=40.58 SoC=1.0000
ep=0633 frame=014 slot=09 J_F=   453.30 meanZ=40.70 SoC=1.0000
ep=0633 frame=015 slot=09 J_F=    82.50 meanZ=39.92 SoC=1.0000
ep=0633 frame=016 slot=09 J_F=  -156.90 meanZ=38.94 SoC=1.0000
ep=0633 frame=017 slot=09 J_F=  -443.20 meanZ=37.44 SoC=1.0000
ep=0633 frame=018 slot=09 J_F=   483.00 meanZ=37.80 SoC=1.0000
ep=0633 frame=019 slot=09 J_F=   806.90 meanZ=39.00 SoC=1.0000
ep=0633 frame=020 slot=09 J_F=   565.00 meanZ=38.34 SoC=1.0000
ep=0633 frame=021 slot=09 J_F=   614.50 meanZ=38.00 SoC=1.0000
ep=0633 frame=022 slot=09 J_F=   280.00 meanZ=37.28 SoC=1.0000
ep=0633 frame=023 slot=09 J_F=  -269.50 meanZ=36.52 SoC=1.0000
ep=0633 frame=024 slot=09 J_F=   652.00 meanZ=36.68 SoC=1.0000
ep=0633 frame=025 slot=09 J_F=   482.00 meanZ=36.10 SoC=1.0000
ep=0633 frame=026 slot=09 J_F=   644.50 meanZ=36.14 SoC=1.0000
ep=0633 frame=027 slot=09 J_F=   490.00 meanZ=36.70 SoC=1.0000
ep=0633 frame=028 slot=09 J_F=   330.70 meanZ=37.48 SoC=1.0000
ep=0633 frame=029 slot=09 J_F=    63.50 meanZ=36.80 SoC=1.0000
hppo_rsu 634/750 QoE=0.36301 stall=0.1190 146.29s
ep=0634 frame=000 slot=09 J_F= -2829.50 meanZ=89.28 SoC=1.0000
ep=0634 frame=001 slot=09 J_F= -1608.60 meanZ=82.72 SoC=1.0000
ep=0634 frame=002 slot=09 J_F= -1558.60 meanZ=75.32 SoC=1.0000
ep=0634 frame=003 slot=09 J_F= -1187.00 meanZ=67.92 SoC=1.0000
ep=0634 frame=004 slot=09 J_F=  -897.60 meanZ=60.10 SoC=1.0000
ep=0634 frame=005 slot=09 J_F=   -21.10 meanZ=55.16 SoC=1.0000
ep=0634 frame=006 slot=09 J_F=   -34.00 meanZ=51.96 SoC=1.0000
ep=0634 frame=007 slot=09 J_F=   162.20 meanZ=47.70 SoC=1.0000
ep=0634 frame=008 slot=09 J_F=    -2.60 meanZ=45.02 SoC=1.0000
ep=0634 frame=009 slot=09 J_F=  -181.50 meanZ=42.92 SoC=1.0000
ep=0634 frame=010 slot=09 J_F=   538.90 meanZ=40.66 SoC=1.0000
ep=0634 frame=011 slot=09 J_F=  -284.50 meanZ=39.90 SoC=1.0000
ep=0634 frame=012 slot=09 J_F=   546.50 meanZ=39.74 SoC=1.0000
ep=0634 frame=013 slot=09 J_F=   179.00 meanZ=38.70 SoC=1.0000
ep=0634 frame=014 slot=09 J_F=   121.80 meanZ=37.88 SoC=1.0000
ep=0634 frame=015 slot=09 J_F=  -114.10 meanZ=36.76 SoC=1.0000
ep=0634 frame=016 slot=09 J_F=   380.50 meanZ=34.64 SoC=1.0000
ep=0634 frame=017 slot=09 J_F=   437.00 meanZ=33.82 SoC=1.0000
ep=0634 frame=018 slot=09 J_F=   984.50 meanZ=34.08 SoC=1.0000
ep=0634 frame=019 slot=09 J_F=   411.00 meanZ=35.54 SoC=1.0000
ep=0634 frame=020 slot=09 J_F=   748.50 meanZ=36.94 SoC=1.0000
ep=0634 frame=021 slot=09 J_F=   261.50 meanZ=37.26 SoC=1.0000
ep=0634 frame=022 slot=09 J_F=   429.00 meanZ=37.34 SoC=1.0000
ep=0634 frame=023 slot=09 J_F=   305.50 meanZ=37.36 SoC=1.0000
ep=0634 frame=024 slot=09 J_F=   816.00 meanZ=38.66 SoC=1.0000
ep=0634 frame=025 slot=09 J_F=   224.50 meanZ=36.92 SoC=1.0000
ep=0634 frame=026 slot=09 J_F=   212.40 meanZ=36.52 SoC=1.0000
ep=0634 frame=027 slot=09 J_F=   915.50 meanZ=36.98 SoC=1.0000
ep=0634 frame=028 slot=09 J_F=   186.80 meanZ=37.06 SoC=1.0000
ep=0634 frame=029 slot=09 J_F=   250.40 meanZ=36.82 SoC=1.0000
hppo_rsu 635/750 QoE=0.33566 stall=0.1302 144.00s
ep=0635 frame=000 slot=09 J_F= -3440.50 meanZ=89.06 SoC=1.0000
ep=0635 frame=001 slot=09 J_F= -1287.10 meanZ=83.06 SoC=1.0000
ep=0635 frame=002 slot=09 J_F= -1462.90 meanZ=76.94 SoC=1.0000
ep=0635 frame=003 slot=09 J_F=  -784.60 meanZ=70.82 SoC=1.0000
ep=0635 frame=004 slot=09 J_F=  -134.00 meanZ=64.08 SoC=1.0000
ep=0635 frame=005 slot=09 J_F=  -614.50 meanZ=57.86 SoC=1.0000
ep=0635 frame=006 slot=09 J_F=  -266.00 meanZ=54.08 SoC=1.0000
ep=0635 frame=007 slot=09 J_F=   262.30 meanZ=52.24 SoC=1.0000
ep=0635 frame=008 slot=09 J_F=  -424.20 meanZ=48.24 SoC=1.0000
ep=0635 frame=009 slot=09 J_F=  -139.00 meanZ=46.50 SoC=1.0000
ep=0635 frame=010 slot=09 J_F=   -45.50 meanZ=42.82 SoC=1.0000
ep=0635 frame=011 slot=09 J_F=   669.80 meanZ=41.06 SoC=1.0000
ep=0635 frame=012 slot=09 J_F=   464.60 meanZ=40.16 SoC=1.0000
ep=0635 frame=013 slot=09 J_F=   -41.10 meanZ=37.98 SoC=1.0000
ep=0635 frame=014 slot=09 J_F=   686.00 meanZ=38.26 SoC=1.0000
ep=0635 frame=015 slot=09 J_F=   -51.60 meanZ=36.14 SoC=1.0000
ep=0635 frame=016 slot=09 J_F=  -112.50 meanZ=34.24 SoC=1.0000
ep=0635 frame=017 slot=09 J_F=   469.00 meanZ=33.98 SoC=1.0000
ep=0635 frame=018 slot=09 J_F=   313.40 meanZ=32.60 SoC=1.0000
ep=0635 frame=019 slot=09 J_F=   369.00 meanZ=34.08 SoC=1.0000
ep=0635 frame=020 slot=09 J_F=   214.80 meanZ=35.10 SoC=1.0000
ep=0635 frame=021 slot=09 J_F=   656.00 meanZ=34.10 SoC=1.0000
ep=0635 frame=022 slot=09 J_F=   241.50 meanZ=34.42 SoC=1.0000
ep=0635 frame=023 slot=09 J_F=   400.80 meanZ=34.16 SoC=1.0000
ep=0635 frame=024 slot=09 J_F=   669.50 meanZ=34.40 SoC=1.0000
ep=0635 frame=025 slot=09 J_F=   272.40 meanZ=35.12 SoC=1.0000
ep=0635 frame=026 slot=09 J_F=   538.50 meanZ=35.54 SoC=1.0000
ep=0635 frame=027 slot=09 J_F=   516.00 meanZ=35.98 SoC=1.0000
ep=0635 frame=028 slot=09 J_F=   477.50 meanZ=37.84 SoC=1.0000
ep=0635 frame=029 slot=09 J_F=   413.40 meanZ=38.58 SoC=1.0000
hppo_rsu 636/750 QoE=0.37019 stall=0.1158 146.28s
ep=0636 frame=000 slot=09 J_F= -3288.70 meanZ=87.74 SoC=1.0000
ep=0636 frame=001 slot=09 J_F= -2147.60 meanZ=79.20 SoC=1.0000
ep=0636 frame=002 slot=09 J_F= -1432.50 meanZ=71.98 SoC=1.0000
ep=0636 frame=003 slot=09 J_F=  -468.00 meanZ=65.56 SoC=1.0000
ep=0636 frame=004 slot=09 J_F=  -820.00 meanZ=59.66 SoC=1.0000
ep=0636 frame=005 slot=09 J_F=    16.90 meanZ=54.64 SoC=1.0000
ep=0636 frame=006 slot=09 J_F=    51.90 meanZ=50.38 SoC=1.0000
ep=0636 frame=007 slot=09 J_F=   100.50 meanZ=47.26 SoC=1.0000
ep=0636 frame=008 slot=09 J_F=   161.30 meanZ=44.20 SoC=1.0000
ep=0636 frame=009 slot=09 J_F=   494.00 meanZ=43.18 SoC=1.0000
ep=0636 frame=010 slot=09 J_F=   800.80 meanZ=42.70 SoC=1.0000
ep=0636 frame=011 slot=09 J_F=  -414.00 meanZ=41.58 SoC=1.0000
ep=0636 frame=012 slot=09 J_F=    22.40 meanZ=39.66 SoC=1.0000
ep=0636 frame=013 slot=09 J_F=   488.20 meanZ=39.64 SoC=1.0000
ep=0636 frame=014 slot=09 J_F=   491.00 meanZ=39.46 SoC=1.0000
ep=0636 frame=015 slot=09 J_F=   367.00 meanZ=39.68 SoC=1.0000
ep=0636 frame=016 slot=09 J_F=    77.00 meanZ=38.80 SoC=1.0000
ep=0636 frame=017 slot=09 J_F=  -273.00 meanZ=37.36 SoC=1.0000
ep=0636 frame=018 slot=09 J_F=   179.20 meanZ=35.82 SoC=1.0000
ep=0636 frame=019 slot=09 J_F=   269.40 meanZ=36.46 SoC=1.0000
ep=0636 frame=020 slot=09 J_F=   702.00 meanZ=36.88 SoC=1.0000
ep=0636 frame=021 slot=09 J_F=   430.50 meanZ=37.18 SoC=1.0000
ep=0636 frame=022 slot=09 J_F=   857.50 meanZ=36.82 SoC=1.0000
ep=0636 frame=023 slot=09 J_F=   654.40 meanZ=38.10 SoC=1.0000
ep=0636 frame=024 slot=09 J_F=   367.60 meanZ=38.60 SoC=1.0000
ep=0636 frame=025 slot=09 J_F=   439.70 meanZ=39.10 SoC=1.0000
ep=0636 frame=026 slot=09 J_F=  1162.00 meanZ=39.54 SoC=1.0000
ep=0636 frame=027 slot=09 J_F=   386.00 meanZ=39.62 SoC=1.0000
ep=0636 frame=028 slot=09 J_F=   776.80 meanZ=38.66 SoC=1.0000
ep=0636 frame=029 slot=09 J_F=   241.30 meanZ=38.36 SoC=1.0000
hppo_rsu 637/750 QoE=0.38489 stall=0.1113 144.42s
ep=0637 frame=000 slot=09 J_F= -2671.20 meanZ=89.50 SoC=1.0000
ep=0637 frame=001 slot=09 J_F= -1929.50 meanZ=81.84 SoC=1.0000
ep=0637 frame=002 slot=09 J_F= -1191.10 meanZ=74.42 SoC=1.0000
ep=0637 frame=003 slot=09 J_F= -1168.10 meanZ=67.98 SoC=1.0000
ep=0637 frame=004 slot=09 J_F=  -768.10 meanZ=60.92 SoC=1.0000
ep=0637 frame=005 slot=09 J_F=  -799.70 meanZ=53.74 SoC=1.0000
ep=0637 frame=006 slot=09 J_F=  -255.60 meanZ=49.46 SoC=1.0000
ep=0637 frame=007 slot=09 J_F=  -473.10 meanZ=46.28 SoC=1.0000
ep=0637 frame=008 slot=09 J_F=   661.80 meanZ=42.98 SoC=1.0000
ep=0637 frame=009 slot=09 J_F=   281.30 meanZ=41.40 SoC=1.0000
ep=0637 frame=010 slot=09 J_F=  -525.20 meanZ=37.12 SoC=1.0000
ep=0637 frame=011 slot=09 J_F=   139.00 meanZ=35.08 SoC=1.0000
ep=0637 frame=012 slot=09 J_F=  -180.50 meanZ=32.36 SoC=1.0000
ep=0637 frame=013 slot=09 J_F=   344.50 meanZ=31.84 SoC=1.0000
ep=0637 frame=014 slot=09 J_F=   316.10 meanZ=31.38 SoC=1.0000
ep=0637 frame=015 slot=09 J_F=   275.00 meanZ=31.34 SoC=1.0000
ep=0637 frame=016 slot=09 J_F=   787.40 meanZ=30.78 SoC=1.0000
ep=0637 frame=017 slot=09 J_F=   361.50 meanZ=30.30 SoC=1.0000
ep=0637 frame=018 slot=09 J_F=   -26.60 meanZ=29.38 SoC=1.0000
ep=0637 frame=019 slot=09 J_F=   300.00 meanZ=29.70 SoC=1.0000
ep=0637 frame=020 slot=09 J_F=    88.00 meanZ=29.06 SoC=1.0000
ep=0637 frame=021 slot=09 J_F=   131.10 meanZ=29.02 SoC=1.0000
ep=0637 frame=022 slot=09 J_F=   224.50 meanZ=28.88 SoC=1.0000
ep=0637 frame=023 slot=09 J_F=   -74.20 meanZ=27.34 SoC=1.0000
ep=0637 frame=024 slot=09 J_F=   717.80 meanZ=27.90 SoC=1.0000
ep=0637 frame=025 slot=09 J_F=   169.00 meanZ=25.74 SoC=1.0000
ep=0637 frame=026 slot=09 J_F=   307.50 meanZ=27.08 SoC=1.0000
ep=0637 frame=027 slot=09 J_F=   766.30 meanZ=27.84 SoC=1.0000
ep=0637 frame=028 slot=09 J_F=   382.50 meanZ=28.40 SoC=1.0000
ep=0637 frame=029 slot=09 J_F=   741.00 meanZ=29.14 SoC=1.0000
hppo_rsu 638/750 QoE=0.42672 stall=0.1010 146.38s
ep=0638 frame=000 slot=09 J_F= -2596.00 meanZ=89.12 SoC=1.0000
ep=0638 frame=001 slot=09 J_F= -1536.60 meanZ=81.52 SoC=1.0000
ep=0638 frame=002 slot=09 J_F= -1864.10 meanZ=74.62 SoC=1.0000
ep=0638 frame=003 slot=09 J_F=  -609.10 meanZ=68.24 SoC=1.0000
ep=0638 frame=004 slot=09 J_F=  -343.10 meanZ=62.34 SoC=1.0000
ep=0638 frame=005 slot=09 J_F=   119.50 meanZ=57.58 SoC=1.0000
ep=0638 frame=006 slot=09 J_F=   -65.60 meanZ=53.18 SoC=1.0000
ep=0638 frame=007 slot=09 J_F=  -312.60 meanZ=49.24 SoC=1.0000
ep=0638 frame=008 slot=09 J_F=  -166.30 meanZ=46.26 SoC=1.0000
ep=0638 frame=009 slot=09 J_F=   -70.60 meanZ=45.32 SoC=1.0000
ep=0638 frame=010 slot=09 J_F=   329.10 meanZ=43.34 SoC=1.0000
ep=0638 frame=011 slot=09 J_F=    13.80 meanZ=41.24 SoC=1.0000
ep=0638 frame=012 slot=09 J_F=    44.20 meanZ=40.62 SoC=1.0000
ep=0638 frame=013 slot=09 J_F=   236.90 meanZ=40.24 SoC=1.0000
ep=0638 frame=014 slot=09 J_F=  -174.10 meanZ=38.66 SoC=1.0000
ep=0638 frame=015 slot=09 J_F=   884.00 meanZ=37.86 SoC=1.0000
ep=0638 frame=016 slot=09 J_F=   397.00 meanZ=37.48 SoC=1.0000
ep=0638 frame=017 slot=09 J_F=   275.00 meanZ=37.54 SoC=1.0000
ep=0638 frame=018 slot=09 J_F=   -84.60 meanZ=36.10 SoC=1.0000
ep=0638 frame=019 slot=09 J_F=   503.40 meanZ=35.96 SoC=1.0000
ep=0638 frame=020 slot=09 J_F=   451.40 meanZ=35.68 SoC=1.0000
ep=0638 frame=021 slot=09 J_F=   351.50 meanZ=35.48 SoC=1.0000
ep=0638 frame=022 slot=09 J_F=   704.40 meanZ=34.78 SoC=1.0000
ep=0638 frame=023 slot=09 J_F=   483.90 meanZ=33.40 SoC=1.0000
ep=0638 frame=024 slot=09 J_F=   452.40 meanZ=33.94 SoC=1.0000
ep=0638 frame=025 slot=09 J_F=   258.50 meanZ=33.62 SoC=1.0000
ep=0638 frame=026 slot=09 J_F=   191.00 meanZ=32.14 SoC=1.0000
ep=0638 frame=027 slot=09 J_F=   699.50 meanZ=33.02 SoC=1.0000
ep=0638 frame=028 slot=09 J_F=   551.40 meanZ=33.48 SoC=1.0000
ep=0638 frame=029 slot=09 J_F=   244.00 meanZ=32.30 SoC=1.0000
hppo_rsu 639/750 QoE=0.45830 stall=0.0869 144.65s
ep=0639 frame=000 slot=09 J_F= -2292.50 meanZ=88.62 SoC=1.0000
ep=0639 frame=001 slot=09 J_F= -2123.10 meanZ=80.68 SoC=1.0000
ep=0639 frame=002 slot=09 J_F= -1560.00 meanZ=73.96 SoC=1.0000
ep=0639 frame=003 slot=09 J_F=  -969.60 meanZ=66.34 SoC=1.0000
ep=0639 frame=004 slot=09 J_F=  -405.50 meanZ=60.30 SoC=1.0000
ep=0639 frame=005 slot=09 J_F=  -395.60 meanZ=53.58 SoC=1.0000
ep=0639 frame=006 slot=09 J_F=  -255.60 meanZ=47.58 SoC=1.0000
ep=0639 frame=007 slot=09 J_F=   766.50 meanZ=46.56 SoC=1.0000
ep=0639 frame=008 slot=09 J_F=  -123.30 meanZ=43.52 SoC=1.0000
ep=0639 frame=009 slot=09 J_F=   233.00 meanZ=41.86 SoC=1.0000
ep=0639 frame=010 slot=09 J_F=   216.50 meanZ=40.78 SoC=1.0000
ep=0639 frame=011 slot=09 J_F=   286.90 meanZ=39.42 SoC=1.0000
ep=0639 frame=012 slot=09 J_F=   163.90 meanZ=37.80 SoC=1.0000
ep=0639 frame=013 slot=09 J_F=   511.80 meanZ=38.18 SoC=1.0000
ep=0639 frame=014 slot=09 J_F=  -124.50 meanZ=40.10 SoC=1.0000
ep=0639 frame=015 slot=09 J_F=   315.90 meanZ=39.20 SoC=1.0000
ep=0639 frame=016 slot=09 J_F=   311.00 meanZ=38.12 SoC=1.0000
ep=0639 frame=017 slot=09 J_F=   207.40 meanZ=38.66 SoC=1.0000
ep=0639 frame=018 slot=09 J_F=   612.80 meanZ=39.54 SoC=1.0000
ep=0639 frame=019 slot=09 J_F=   527.20 meanZ=39.66 SoC=1.0000
ep=0639 frame=020 slot=09 J_F=   632.80 meanZ=39.82 SoC=1.0000
ep=0639 frame=021 slot=09 J_F=   -37.00 meanZ=38.20 SoC=1.0000
ep=0639 frame=022 slot=09 J_F=   286.90 meanZ=37.12 SoC=1.0000
ep=0639 frame=023 slot=09 J_F=     4.00 meanZ=35.94 SoC=1.0000
ep=0639 frame=024 slot=09 J_F=     5.40 meanZ=34.24 SoC=1.0000
ep=0639 frame=025 slot=09 J_F=   748.00 meanZ=35.08 SoC=1.0000
ep=0639 frame=026 slot=09 J_F=   -30.10 meanZ=34.04 SoC=1.0000
ep=0639 frame=027 slot=09 J_F=   -20.50 meanZ=33.40 SoC=1.0000
ep=0639 frame=028 slot=09 J_F=   275.40 meanZ=32.28 SoC=1.0000
ep=0639 frame=029 slot=09 J_F=   141.80 meanZ=30.60 SoC=1.0000
hppo_rsu 640/750 QoE=0.32584 stall=0.1395 145.84s
ep=0640 frame=000 slot=09 J_F= -3549.60 meanZ=88.32 SoC=1.0000
ep=0640 frame=001 slot=09 J_F= -1553.00 meanZ=81.96 SoC=1.0000
ep=0640 frame=002 slot=09 J_F= -1131.10 meanZ=75.28 SoC=1.0000
ep=0640 frame=003 slot=09 J_F=  -352.10 meanZ=69.36 SoC=1.0000
ep=0640 frame=004 slot=09 J_F=  -728.10 meanZ=61.78 SoC=1.0000
ep=0640 frame=005 slot=09 J_F=  -393.00 meanZ=55.42 SoC=1.0000
ep=0640 frame=006 slot=09 J_F=  -523.10 meanZ=50.86 SoC=1.0000
ep=0640 frame=007 slot=09 J_F=    35.90 meanZ=46.68 SoC=1.0000
ep=0640 frame=008 slot=09 J_F=   145.50 meanZ=44.00 SoC=1.0000
ep=0640 frame=009 slot=09 J_F=   104.00 meanZ=42.92 SoC=1.0000
ep=0640 frame=010 slot=09 J_F=  -154.20 meanZ=40.76 SoC=1.0000
ep=0640 frame=011 slot=09 J_F=   169.00 meanZ=39.18 SoC=1.0000
ep=0640 frame=012 slot=09 J_F=    95.00 meanZ=40.14 SoC=1.0000
ep=0640 frame=013 slot=09 J_F=   169.40 meanZ=39.38 SoC=1.0000
ep=0640 frame=014 slot=09 J_F=   116.90 meanZ=38.94 SoC=1.0000
ep=0640 frame=015 slot=09 J_F=   394.50 meanZ=37.62 SoC=1.0000
ep=0640 frame=016 slot=09 J_F=   247.90 meanZ=36.98 SoC=1.0000
ep=0640 frame=017 slot=09 J_F=   302.00 meanZ=36.70 SoC=1.0000
ep=0640 frame=018 slot=09 J_F=   310.50 meanZ=35.16 SoC=1.0000
ep=0640 frame=019 slot=09 J_F=   397.00 meanZ=35.06 SoC=1.0000
ep=0640 frame=020 slot=09 J_F=   179.90 meanZ=34.58 SoC=1.0000
ep=0640 frame=021 slot=09 J_F=   250.40 meanZ=33.70 SoC=1.0000
ep=0640 frame=022 slot=09 J_F=   465.00 meanZ=33.28 SoC=1.0000
ep=0640 frame=023 slot=09 J_F=  1003.00 meanZ=33.14 SoC=1.0000
ep=0640 frame=024 slot=09 J_F=   559.80 meanZ=33.62 SoC=1.0000
ep=0640 frame=025 slot=09 J_F=   900.50 meanZ=34.26 SoC=1.0000
ep=0640 frame=026 slot=09 J_F=   445.00 meanZ=34.60 SoC=1.0000
ep=0640 frame=027 slot=09 J_F=   222.80 meanZ=34.36 SoC=1.0000
ep=0640 frame=028 slot=09 J_F=    44.60 meanZ=33.08 SoC=1.0000
ep=0640 frame=029 slot=09 J_F=   600.40 meanZ=33.06 SoC=1.0000
hppo_rsu 641/750 QoE=0.37609 stall=0.1177 144.01s
ep=0641 frame=000 slot=09 J_F= -3281.60 meanZ=88.74 SoC=1.0000
ep=0641 frame=001 slot=09 J_F= -1414.60 meanZ=80.72 SoC=1.0000
ep=0641 frame=002 slot=09 J_F= -1196.10 meanZ=74.02 SoC=1.0000
ep=0641 frame=003 slot=09 J_F= -1447.50 meanZ=66.34 SoC=1.0000
ep=0641 frame=004 slot=09 J_F=   125.50 meanZ=60.06 SoC=1.0000
ep=0641 frame=005 slot=09 J_F=   148.40 meanZ=54.50 SoC=1.0000
ep=0641 frame=006 slot=09 J_F=  -460.60 meanZ=48.44 SoC=1.0000
ep=0641 frame=007 slot=09 J_F=   -16.60 meanZ=46.62 SoC=1.0000
ep=0641 frame=008 slot=09 J_F=  -357.60 meanZ=43.40 SoC=1.0000
ep=0641 frame=009 slot=09 J_F=   833.40 meanZ=42.74 SoC=1.0000
ep=0641 frame=010 slot=09 J_F=   124.00 meanZ=41.12 SoC=1.0000
ep=0641 frame=011 slot=09 J_F=   234.00 meanZ=39.74 SoC=1.0000
ep=0641 frame=012 slot=09 J_F=   139.60 meanZ=39.76 SoC=1.0000
ep=0641 frame=013 slot=09 J_F=    -1.00 meanZ=36.88 SoC=1.0000
ep=0641 frame=014 slot=09 J_F=   184.50 meanZ=35.44 SoC=1.0000
ep=0641 frame=015 slot=09 J_F=  -363.50 meanZ=33.18 SoC=1.0000
ep=0641 frame=016 slot=09 J_F=   104.60 meanZ=31.54 SoC=1.0000
ep=0641 frame=017 slot=09 J_F=   197.50 meanZ=30.30 SoC=1.0000
ep=0641 frame=018 slot=09 J_F=    25.00 meanZ=29.40 SoC=1.0000
ep=0641 frame=019 slot=09 J_F=   302.50 meanZ=27.26 SoC=1.0000
ep=0641 frame=020 slot=09 J_F=    54.90 meanZ=28.02 SoC=1.0000
ep=0641 frame=021 slot=09 J_F=    88.50 meanZ=28.04 SoC=1.0000
ep=0641 frame=022 slot=09 J_F=   508.00 meanZ=27.98 SoC=1.0000
ep=0641 frame=023 slot=09 J_F=   236.00 meanZ=27.72 SoC=1.0000
ep=0641 frame=024 slot=09 J_F=   770.40 meanZ=28.70 SoC=1.0000
ep=0641 frame=025 slot=09 J_F=   336.00 meanZ=28.02 SoC=1.0000
ep=0641 frame=026 slot=09 J_F=  -202.00 meanZ=26.92 SoC=1.0000
ep=0641 frame=027 slot=09 J_F=   441.80 meanZ=25.76 SoC=1.0000
ep=0641 frame=028 slot=09 J_F=   918.00 meanZ=25.62 SoC=1.0000
ep=0641 frame=029 slot=09 J_F=   563.00 meanZ=28.56 SoC=1.0000
hppo_rsu 642/750 QoE=0.40633 stall=0.1091 145.64s
ep=0642 frame=000 slot=09 J_F= -1619.00 meanZ=89.82 SoC=1.0000
ep=0642 frame=001 slot=09 J_F= -2067.20 meanZ=82.34 SoC=1.0000
ep=0642 frame=002 slot=09 J_F= -1333.40 meanZ=73.80 SoC=1.0000
ep=0642 frame=003 slot=09 J_F= -1133.10 meanZ=67.48 SoC=1.0000
ep=0642 frame=004 slot=09 J_F= -1251.50 meanZ=60.72 SoC=1.0000
ep=0642 frame=005 slot=09 J_F=    96.50 meanZ=55.02 SoC=1.0000
ep=0642 frame=006 slot=09 J_F=    81.90 meanZ=51.38 SoC=1.0000
ep=0642 frame=007 slot=09 J_F=  -365.50 meanZ=47.54 SoC=1.0000
ep=0642 frame=008 slot=09 J_F=  -114.50 meanZ=44.28 SoC=1.0000
ep=0642 frame=009 slot=09 J_F=  -130.00 meanZ=42.44 SoC=1.0000
ep=0642 frame=010 slot=09 J_F=   316.50 meanZ=40.18 SoC=1.0000
ep=0642 frame=011 slot=09 J_F=   519.50 meanZ=40.14 SoC=1.0000
ep=0642 frame=012 slot=09 J_F=  -125.50 meanZ=38.28 SoC=1.0000
ep=0642 frame=013 slot=09 J_F=   437.00 meanZ=36.82 SoC=1.0000
ep=0642 frame=014 slot=09 J_F=   479.00 meanZ=37.08 SoC=1.0000
ep=0642 frame=015 slot=09 J_F=   186.00 meanZ=36.90 SoC=1.0000
ep=0642 frame=016 slot=09 J_F=  -847.20 meanZ=36.98 SoC=1.0000
ep=0642 frame=017 slot=09 J_F=   -94.20 meanZ=35.98 SoC=1.0000
ep=0642 frame=018 slot=09 J_F=    25.90 meanZ=34.30 SoC=1.0000
ep=0642 frame=019 slot=09 J_F=   889.50 meanZ=35.28 SoC=1.0000
ep=0642 frame=020 slot=09 J_F=   494.40 meanZ=35.10 SoC=1.0000
ep=0642 frame=021 slot=09 J_F=   331.90 meanZ=35.18 SoC=1.0000
ep=0642 frame=022 slot=09 J_F=   301.00 meanZ=33.66 SoC=1.0000
ep=0642 frame=023 slot=09 J_F=   753.40 meanZ=33.02 SoC=1.0000
ep=0642 frame=024 slot=09 J_F=   469.50 meanZ=34.24 SoC=1.0000
ep=0642 frame=025 slot=09 J_F=   -98.60 meanZ=33.38 SoC=1.0000
ep=0642 frame=026 slot=09 J_F=   429.00 meanZ=33.20 SoC=1.0000
ep=0642 frame=027 slot=09 J_F=   -89.50 meanZ=33.24 SoC=1.0000
ep=0642 frame=028 slot=09 J_F=   618.50 meanZ=33.28 SoC=1.0000
ep=0642 frame=029 slot=09 J_F=   538.90 meanZ=33.58 SoC=1.0000
hppo_rsu 643/750 QoE=0.38263 stall=0.1157 144.59s
ep=0643 frame=000 slot=09 J_F= -3462.60 meanZ=88.44 SoC=1.0000
ep=0643 frame=001 slot=09 J_F= -2307.50 meanZ=79.48 SoC=1.0000
ep=0643 frame=002 slot=09 J_F= -1396.00 meanZ=72.92 SoC=1.0000
ep=0643 frame=003 slot=09 J_F= -1069.10 meanZ=66.36 SoC=1.0000
ep=0643 frame=004 slot=09 J_F=  -795.00 meanZ=59.74 SoC=1.0000
ep=0643 frame=005 slot=09 J_F=    36.00 meanZ=56.26 SoC=1.0000
ep=0643 frame=006 slot=09 J_F=   366.40 meanZ=53.52 SoC=1.0000
ep=0643 frame=007 slot=09 J_F=   -15.60 meanZ=50.26 SoC=1.0000
ep=0643 frame=008 slot=09 J_F=  -156.10 meanZ=47.28 SoC=1.0000
ep=0643 frame=009 slot=09 J_F=   337.50 meanZ=46.28 SoC=1.0000
ep=0643 frame=010 slot=09 J_F=   890.90 meanZ=46.42 SoC=1.0000
ep=0643 frame=011 slot=09 J_F=  -101.10 meanZ=44.18 SoC=1.0000
ep=0643 frame=012 slot=09 J_F=  -108.50 meanZ=41.44 SoC=1.0000
ep=0643 frame=013 slot=09 J_F=  -159.50 meanZ=38.90 SoC=1.0000
ep=0643 frame=014 slot=09 J_F=   146.50 meanZ=36.46 SoC=1.0000
ep=0643 frame=015 slot=09 J_F=   610.80 meanZ=35.08 SoC=1.0000
ep=0643 frame=016 slot=09 J_F=  -157.60 meanZ=33.56 SoC=1.0000
ep=0643 frame=017 slot=09 J_F=   -30.50 meanZ=32.98 SoC=1.0000
ep=0643 frame=018 slot=09 J_F=   267.20 meanZ=32.96 SoC=1.0000
ep=0643 frame=019 slot=09 J_F=   133.50 meanZ=32.04 SoC=1.0000
ep=0643 frame=020 slot=09 J_F=   134.80 meanZ=31.76 SoC=1.0000
ep=0643 frame=021 slot=09 J_F=   693.50 meanZ=31.44 SoC=1.0000
ep=0643 frame=022 slot=09 J_F=   348.00 meanZ=31.58 SoC=1.0000
ep=0643 frame=023 slot=09 J_F=   364.40 meanZ=32.40 SoC=1.0000
ep=0643 frame=024 slot=09 J_F=   735.40 meanZ=32.92 SoC=1.0000
ep=0643 frame=025 slot=09 J_F=   668.50 meanZ=32.88 SoC=1.0000
ep=0643 frame=026 slot=09 J_F=   455.00 meanZ=34.80 SoC=1.0000
ep=0643 frame=027 slot=09 J_F=  -169.10 meanZ=33.34 SoC=1.0000
ep=0643 frame=028 slot=09 J_F=   640.00 meanZ=32.80 SoC=1.0000
ep=0643 frame=029 slot=09 J_F=   573.50 meanZ=33.76 SoC=1.0000
hppo_rsu 644/750 QoE=0.37952 stall=0.1164 145.70s
ep=0644 frame=000 slot=09 J_F= -3077.10 meanZ=88.78 SoC=1.0000
ep=0644 frame=001 slot=09 J_F= -1373.50 meanZ=81.98 SoC=1.0000
ep=0644 frame=002 slot=09 J_F= -1378.50 meanZ=75.40 SoC=1.0000
ep=0644 frame=003 slot=09 J_F= -1451.70 meanZ=67.70 SoC=1.0000
ep=0644 frame=004 slot=09 J_F=  -511.60 meanZ=61.76 SoC=1.0000
ep=0644 frame=005 slot=09 J_F=  -446.10 meanZ=57.34 SoC=1.0000
ep=0644 frame=006 slot=09 J_F=  -297.10 meanZ=51.96 SoC=1.0000
ep=0644 frame=007 slot=09 J_F=  -330.50 meanZ=47.20 SoC=1.0000
ep=0644 frame=008 slot=09 J_F=   543.40 meanZ=45.46 SoC=1.0000
ep=0644 frame=009 slot=09 J_F=  -148.60 meanZ=42.18 SoC=1.0000
ep=0644 frame=010 slot=09 J_F=   763.50 meanZ=41.76 SoC=1.0000
ep=0644 frame=011 slot=09 J_F=  -515.70 meanZ=39.08 SoC=1.0000
ep=0644 frame=012 slot=09 J_F=   360.00 meanZ=38.12 SoC=1.0000
ep=0644 frame=013 slot=09 J_F=     0.90 meanZ=35.70 SoC=1.0000
ep=0644 frame=014 slot=09 J_F=    95.10 meanZ=34.10 SoC=1.0000
ep=0644 frame=015 slot=09 J_F=   288.90 meanZ=32.56 SoC=1.0000
ep=0644 frame=016 slot=09 J_F=   379.50 meanZ=32.02 SoC=1.0000
ep=0644 frame=017 slot=09 J_F=  -119.20 meanZ=32.28 SoC=1.0000
ep=0644 frame=018 slot=09 J_F=   768.40 meanZ=33.88 SoC=1.0000
ep=0644 frame=019 slot=09 J_F=  1022.80 meanZ=34.04 SoC=1.0000
ep=0644 frame=020 slot=09 J_F=   400.40 meanZ=33.78 SoC=1.0000
ep=0644 frame=021 slot=09 J_F=   111.80 meanZ=33.28 SoC=1.0000
ep=0644 frame=022 slot=09 J_F=   491.00 meanZ=33.28 SoC=1.0000
ep=0644 frame=023 slot=09 J_F=   341.00 meanZ=33.58 SoC=1.0000
ep=0644 frame=024 slot=09 J_F=   637.50 meanZ=32.88 SoC=1.0000
ep=0644 frame=025 slot=09 J_F=   735.70 meanZ=31.44 SoC=1.0000
ep=0644 frame=026 slot=09 J_F=   611.50 meanZ=32.66 SoC=1.0000
ep=0644 frame=027 slot=09 J_F=   775.00 meanZ=33.38 SoC=1.0000
ep=0644 frame=028 slot=09 J_F=   357.40 meanZ=33.46 SoC=1.0000
ep=0644 frame=029 slot=09 J_F=    63.90 meanZ=33.64 SoC=1.0000
hppo_rsu 645/750 QoE=0.42219 stall=0.1005 144.20s
ep=0645 frame=000 slot=09 J_F= -3568.10 meanZ=89.16 SoC=1.0000
ep=0645 frame=001 slot=09 J_F= -2267.50 meanZ=80.54 SoC=1.0000
ep=0645 frame=002 slot=09 J_F= -2005.60 meanZ=73.34 SoC=1.0000
ep=0645 frame=003 slot=09 J_F=  -656.50 meanZ=66.52 SoC=1.0000
ep=0645 frame=004 slot=09 J_F=  -254.50 meanZ=59.60 SoC=1.0000
ep=0645 frame=005 slot=09 J_F=    53.50 meanZ=55.20 SoC=1.0000
ep=0645 frame=006 slot=09 J_F=   285.40 meanZ=51.60 SoC=1.0000
ep=0645 frame=007 slot=09 J_F=   333.00 meanZ=48.34 SoC=1.0000
ep=0645 frame=008 slot=09 J_F=   707.50 meanZ=47.26 SoC=1.0000
ep=0645 frame=009 slot=09 J_F=   220.00 meanZ=46.94 SoC=1.0000
ep=0645 frame=010 slot=09 J_F=    26.40 meanZ=44.00 SoC=1.0000
ep=0645 frame=011 slot=09 J_F=   235.00 meanZ=42.82 SoC=1.0000
ep=0645 frame=012 slot=09 J_F=   474.90 meanZ=42.66 SoC=1.0000
ep=0645 frame=013 slot=09 J_F=   616.50 meanZ=42.88 SoC=1.0000
ep=0645 frame=014 slot=09 J_F=  -160.10 meanZ=40.66 SoC=1.0000
ep=0645 frame=015 slot=09 J_F=   423.00 meanZ=40.36 SoC=1.0000
ep=0645 frame=016 slot=09 J_F=   111.40 meanZ=39.54 SoC=1.0000
ep=0645 frame=017 slot=09 J_F=   157.00 meanZ=39.24 SoC=1.0000
ep=0645 frame=018 slot=09 J_F=   345.00 meanZ=38.88 SoC=1.0000
ep=0645 frame=019 slot=09 J_F=  -176.50 meanZ=35.96 SoC=1.0000
ep=0645 frame=020 slot=09 J_F=    56.00 meanZ=36.08 SoC=1.0000
ep=0645 frame=021 slot=09 J_F=   444.50 meanZ=36.06 SoC=1.0000
ep=0645 frame=022 slot=09 J_F=   535.90 meanZ=34.40 SoC=1.0000
ep=0645 frame=023 slot=09 J_F=   288.90 meanZ=34.10 SoC=1.0000
ep=0645 frame=024 slot=09 J_F=    70.30 meanZ=34.82 SoC=1.0000
ep=0645 frame=025 slot=09 J_F=   312.40 meanZ=33.46 SoC=1.0000
ep=0645 frame=026 slot=09 J_F=   561.00 meanZ=34.02 SoC=1.0000
ep=0645 frame=027 slot=09 J_F=   -90.60 meanZ=33.38 SoC=1.0000
ep=0645 frame=028 slot=09 J_F=   339.00 meanZ=33.34 SoC=1.0000
ep=0645 frame=029 slot=09 J_F=  -267.90 meanZ=33.94 SoC=1.0000
hppo_rsu 646/750 QoE=0.31990 stall=0.1397 146.44s
ep=0646 frame=000 slot=09 J_F= -3139.10 meanZ=87.90 SoC=1.0000
ep=0646 frame=001 slot=09 J_F= -2054.00 meanZ=79.32 SoC=1.0000
ep=0646 frame=002 slot=09 J_F= -2048.10 meanZ=70.90 SoC=1.0000
ep=0646 frame=003 slot=09 J_F=  -587.50 meanZ=64.58 SoC=1.0000
ep=0646 frame=004 slot=09 J_F=  -743.60 meanZ=57.90 SoC=1.0000
ep=0646 frame=005 slot=09 J_F=  -359.50 meanZ=52.50 SoC=1.0000
ep=0646 frame=006 slot=09 J_F=  -198.60 meanZ=48.08 SoC=1.0000
ep=0646 frame=007 slot=09 J_F=  -186.50 meanZ=44.14 SoC=1.0000
ep=0646 frame=008 slot=09 J_F=  -202.80 meanZ=40.94 SoC=1.0000
ep=0646 frame=009 slot=09 J_F=   204.50 meanZ=39.78 SoC=1.0000
ep=0646 frame=010 slot=09 J_F=   233.60 meanZ=38.96 SoC=1.0000
ep=0646 frame=011 slot=09 J_F=   455.00 meanZ=38.44 SoC=1.0000
ep=0646 frame=012 slot=09 J_F=    75.20 meanZ=39.48 SoC=1.0000
ep=0646 frame=013 slot=09 J_F=   -89.00 meanZ=37.30 SoC=1.0000
ep=0646 frame=014 slot=09 J_F=  -324.00 meanZ=36.24 SoC=1.0000
ep=0646 frame=015 slot=09 J_F=   -85.50 meanZ=36.28 SoC=1.0000
ep=0646 frame=016 slot=09 J_F=   458.80 meanZ=36.18 SoC=1.0000
ep=0646 frame=017 slot=09 J_F=   257.00 meanZ=33.56 SoC=1.0000
ep=0646 frame=018 slot=09 J_F=   948.00 meanZ=33.20 SoC=1.0000
ep=0646 frame=019 slot=09 J_F=   407.50 meanZ=32.48 SoC=1.0000
ep=0646 frame=020 slot=09 J_F=    -7.20 meanZ=32.52 SoC=1.0000
ep=0646 frame=021 slot=09 J_F=   244.50 meanZ=32.26 SoC=1.0000
ep=0646 frame=022 slot=09 J_F=   758.50 meanZ=32.18 SoC=1.0000
ep=0646 frame=023 slot=09 J_F=   -14.60 meanZ=31.48 SoC=1.0000
ep=0646 frame=024 slot=09 J_F=   586.80 meanZ=31.48 SoC=1.0000
ep=0646 frame=025 slot=09 J_F=   659.00 meanZ=33.00 SoC=1.0000
ep=0646 frame=026 slot=09 J_F=   -17.00 meanZ=32.42 SoC=1.0000
ep=0646 frame=027 slot=09 J_F=   482.00 meanZ=32.84 SoC=1.0000
ep=0646 frame=028 slot=09 J_F=   502.50 meanZ=33.60 SoC=1.0000
ep=0646 frame=029 slot=09 J_F=   107.50 meanZ=32.86 SoC=1.0000
hppo_rsu 647/750 QoE=0.37135 stall=0.1197 143.95s
ep=0647 frame=000 slot=09 J_F= -2166.10 meanZ=89.00 SoC=1.0000
ep=0647 frame=001 slot=09 J_F= -2312.10 meanZ=81.04 SoC=1.0000
ep=0647 frame=002 slot=09 J_F= -1847.50 meanZ=73.16 SoC=1.0000
ep=0647 frame=003 slot=09 J_F= -1445.10 meanZ=65.34 SoC=1.0000
ep=0647 frame=004 slot=09 J_F=  -402.50 meanZ=58.38 SoC=1.0000
ep=0647 frame=005 slot=09 J_F=  -398.20 meanZ=53.00 SoC=1.0000
ep=0647 frame=006 slot=09 J_F=  -182.00 meanZ=47.88 SoC=1.0000
ep=0647 frame=007 slot=09 J_F=  -229.50 meanZ=43.66 SoC=1.0000
ep=0647 frame=008 slot=09 J_F=   -41.00 meanZ=39.48 SoC=1.0000
ep=0647 frame=009 slot=09 J_F=   264.60 meanZ=37.72 SoC=1.0000
ep=0647 frame=010 slot=09 J_F=   -82.10 meanZ=35.74 SoC=1.0000
ep=0647 frame=011 slot=09 J_F=   196.20 meanZ=35.26 SoC=1.0000
ep=0647 frame=012 slot=09 J_F=   167.40 meanZ=32.94 SoC=1.0000
ep=0647 frame=013 slot=09 J_F=   553.00 meanZ=32.96 SoC=1.0000
ep=0647 frame=014 slot=09 J_F=   131.00 meanZ=31.64 SoC=1.0000
ep=0647 frame=015 slot=09 J_F=  -252.50 meanZ=30.26 SoC=1.0000
ep=0647 frame=016 slot=09 J_F=   -76.20 meanZ=28.80 SoC=1.0000
ep=0647 frame=017 slot=09 J_F=   336.00 meanZ=29.08 SoC=1.0000
ep=0647 frame=018 slot=09 J_F=   106.30 meanZ=27.68 SoC=1.0000
ep=0647 frame=019 slot=09 J_F=   684.00 meanZ=27.08 SoC=1.0000
ep=0647 frame=020 slot=09 J_F=   266.00 meanZ=27.02 SoC=1.0000
ep=0647 frame=021 slot=09 J_F=   670.90 meanZ=26.28 SoC=1.0000
ep=0647 frame=022 slot=09 J_F=   423.30 meanZ=25.28 SoC=1.0000
ep=0647 frame=023 slot=09 J_F=   778.80 meanZ=26.58 SoC=1.0000
ep=0647 frame=024 slot=09 J_F=   501.40 meanZ=27.78 SoC=1.0000
ep=0647 frame=025 slot=09 J_F=   189.00 meanZ=27.72 SoC=1.0000
ep=0647 frame=026 slot=09 J_F=   172.30 meanZ=28.20 SoC=1.0000
ep=0647 frame=027 slot=09 J_F=   737.30 meanZ=28.28 SoC=1.0000
ep=0647 frame=028 slot=09 J_F=   512.00 meanZ=29.04 SoC=1.0000
ep=0647 frame=029 slot=09 J_F=   594.90 meanZ=29.30 SoC=1.0000
hppo_rsu 648/750 QoE=0.47405 stall=0.0827 146.22s
ep=0648 frame=000 slot=09 J_F= -2533.70 meanZ=89.28 SoC=1.0000
ep=0648 frame=001 slot=09 J_F= -1767.60 meanZ=82.26 SoC=1.0000
ep=0648 frame=002 slot=09 J_F= -2121.00 meanZ=73.54 SoC=1.0000
ep=0648 frame=003 slot=09 J_F= -1153.50 meanZ=66.80 SoC=1.0000
ep=0648 frame=004 slot=09 J_F=  -787.60 meanZ=59.60 SoC=1.0000
ep=0648 frame=005 slot=09 J_F=    77.40 meanZ=57.62 SoC=1.0000
ep=0648 frame=006 slot=09 J_F=   -84.60 meanZ=52.30 SoC=1.0000
ep=0648 frame=007 slot=09 J_F=    53.00 meanZ=50.16 SoC=1.0000
ep=0648 frame=008 slot=09 J_F=   759.00 meanZ=48.40 SoC=1.0000
ep=0648 frame=009 slot=09 J_F=  -139.00 meanZ=46.24 SoC=1.0000
ep=0648 frame=010 slot=09 J_F=   369.50 meanZ=44.82 SoC=1.0000
ep=0648 frame=011 slot=09 J_F=   470.40 meanZ=44.82 SoC=1.0000
ep=0648 frame=012 slot=09 J_F=  -393.60 meanZ=41.08 SoC=1.0000
ep=0648 frame=013 slot=09 J_F=    54.40 meanZ=39.64 SoC=1.0000
ep=0648 frame=014 slot=09 J_F=   317.00 meanZ=36.94 SoC=1.0000
ep=0648 frame=015 slot=09 J_F=   509.00 meanZ=37.26 SoC=1.0000
ep=0648 frame=016 slot=09 J_F=  -100.10 meanZ=36.06 SoC=1.0000
ep=0648 frame=017 slot=09 J_F=   253.80 meanZ=36.36 SoC=1.0000
ep=0648 frame=018 slot=09 J_F=   945.40 meanZ=38.84 SoC=1.0000
ep=0648 frame=019 slot=09 J_F=   545.90 meanZ=37.90 SoC=1.0000
ep=0648 frame=020 slot=09 J_F=   -43.70 meanZ=37.90 SoC=1.0000
ep=0648 frame=021 slot=09 J_F=   365.50 meanZ=36.58 SoC=1.0000
ep=0648 frame=022 slot=09 J_F=  -302.00 meanZ=35.24 SoC=1.0000
ep=0648 frame=023 slot=09 J_F=   701.40 meanZ=35.40 SoC=1.0000
ep=0648 frame=024 slot=09 J_F=   387.80 meanZ=34.42 SoC=1.0000
ep=0648 frame=025 slot=09 J_F=   -34.00 meanZ=33.20 SoC=1.0000
ep=0648 frame=026 slot=09 J_F=   333.50 meanZ=33.28 SoC=1.0000
ep=0648 frame=027 slot=09 J_F=   360.00 meanZ=32.36 SoC=1.0000
ep=0648 frame=028 slot=09 J_F=   374.40 meanZ=31.92 SoC=1.0000
ep=0648 frame=029 slot=09 J_F=   219.60 meanZ=30.26 SoC=1.0000
hppo_rsu 649/750 QoE=0.43400 stall=0.0972 144.37s
ep=0649 frame=000 slot=09 J_F= -2213.10 meanZ=89.32 SoC=1.0000
ep=0649 frame=001 slot=09 J_F= -1662.50 meanZ=81.44 SoC=1.0000
ep=0649 frame=002 slot=09 J_F= -1684.10 meanZ=74.80 SoC=1.0000
ep=0649 frame=003 slot=09 J_F= -1336.60 meanZ=66.86 SoC=1.0000
ep=0649 frame=004 slot=09 J_F=  -416.10 meanZ=62.54 SoC=1.0000
ep=0649 frame=005 slot=09 J_F=  -571.20 meanZ=57.88 SoC=1.0000
ep=0649 frame=006 slot=09 J_F=  -302.20 meanZ=51.70 SoC=1.0000
ep=0649 frame=007 slot=09 J_F=     0.00 meanZ=48.44 SoC=1.0000
ep=0649 frame=008 slot=09 J_F=   131.50 meanZ=45.20 SoC=1.0000
ep=0649 frame=009 slot=09 J_F=    38.00 meanZ=42.36 SoC=1.0000
ep=0649 frame=010 slot=09 J_F=  -163.50 meanZ=40.92 SoC=1.0000
ep=0649 frame=011 slot=09 J_F=  -200.10 meanZ=40.02 SoC=1.0000
ep=0649 frame=012 slot=09 J_F=  -114.00 meanZ=37.02 SoC=1.0000
ep=0649 frame=013 slot=09 J_F=   403.90 meanZ=38.02 SoC=1.0000
ep=0649 frame=014 slot=09 J_F=    52.50 meanZ=35.58 SoC=1.0000
ep=0649 frame=015 slot=09 J_F=   623.40 meanZ=34.90 SoC=1.0000
ep=0649 frame=016 slot=09 J_F=   390.10 meanZ=33.32 SoC=1.0000
ep=0649 frame=017 slot=09 J_F=   164.50 meanZ=32.06 SoC=1.0000
ep=0649 frame=018 slot=09 J_F=   683.50 meanZ=32.90 SoC=1.0000
ep=0649 frame=019 slot=09 J_F=   321.40 meanZ=33.06 SoC=1.0000
ep=0649 frame=020 slot=09 J_F=   549.00 meanZ=33.54 SoC=1.0000
ep=0649 frame=021 slot=09 J_F=   293.40 meanZ=34.26 SoC=1.0000
ep=0649 frame=022 slot=09 J_F=   564.00 meanZ=35.64 SoC=1.0000
ep=0649 frame=023 slot=09 J_F=   117.90 meanZ=34.06 SoC=1.0000
ep=0649 frame=024 slot=09 J_F=   739.90 meanZ=34.00 SoC=1.0000
ep=0649 frame=025 slot=09 J_F=   481.50 meanZ=34.02 SoC=1.0000
ep=0649 frame=026 slot=09 J_F=  -125.10 meanZ=33.16 SoC=1.0000
ep=0649 frame=027 slot=09 J_F=   882.00 meanZ=33.78 SoC=1.0000
ep=0649 frame=028 slot=09 J_F=   715.90 meanZ=35.32 SoC=1.0000
ep=0649 frame=029 slot=09 J_F=    43.90 meanZ=33.42 SoC=1.0000
ep=1000000 frame=000 slot=09 J_F= -2509.00 meanZ=89.12 SoC=1.0000
ep=1000000 frame=001 slot=09 J_F= -1422.60 meanZ=81.16 SoC=1.0000
ep=1000000 frame=002 slot=09 J_F= -1995.60 meanZ=73.18 SoC=1.0000
ep=1000000 frame=003 slot=09 J_F= -1092.10 meanZ=65.66 SoC=1.0000
ep=1000000 frame=004 slot=09 J_F=  -781.50 meanZ=60.22 SoC=1.0000
ep=1000000 frame=005 slot=09 J_F=  -483.60 meanZ=53.86 SoC=1.0000
ep=1000000 frame=006 slot=09 J_F=   204.50 meanZ=48.54 SoC=1.0000
ep=1000000 frame=007 slot=09 J_F=    96.00 meanZ=45.64 SoC=1.0000
ep=1000000 frame=008 slot=09 J_F=  -498.60 meanZ=41.70 SoC=1.0000
ep=1000000 frame=009 slot=09 J_F=   290.80 meanZ=38.46 SoC=1.0000
ep=1000000 frame=010 slot=09 J_F=   958.00 meanZ=36.98 SoC=1.0000
ep=1000000 frame=011 slot=09 J_F=   202.50 meanZ=35.50 SoC=1.0000
ep=1000000 frame=012 slot=09 J_F=     0.50 meanZ=35.08 SoC=1.0000
ep=1000000 frame=013 slot=09 J_F=   373.00 meanZ=34.40 SoC=1.0000
ep=1000000 frame=014 slot=09 J_F=   318.80 meanZ=33.60 SoC=1.0000
ep=1000000 frame=015 slot=09 J_F=   375.40 meanZ=32.76 SoC=1.0000
ep=1000000 frame=016 slot=09 J_F=   393.20 meanZ=32.00 SoC=1.0000
ep=1000000 frame=017 slot=09 J_F=   206.30 meanZ=32.26 SoC=1.0000
ep=1000000 frame=018 slot=09 J_F=    92.80 meanZ=32.02 SoC=1.0000
ep=1000000 frame=019 slot=09 J_F=   198.00 meanZ=31.70 SoC=1.0000
ep=1000000 frame=020 slot=09 J_F=   672.80 meanZ=32.86 SoC=1.0000
ep=1000000 frame=021 slot=09 J_F=   428.30 meanZ=32.66 SoC=1.0000
ep=1000000 frame=022 slot=09 J_F=   299.40 meanZ=32.54 SoC=1.0000
ep=1000000 frame=023 slot=09 J_F=   386.80 meanZ=32.64 SoC=1.0000
ep=1000000 frame=024 slot=09 J_F=   432.00 meanZ=33.70 SoC=1.0000
ep=1000000 frame=025 slot=09 J_F=   474.40 meanZ=33.04 SoC=1.0000
ep=1000000 frame=026 slot=09 J_F=   168.20 meanZ=33.20 SoC=1.0000
ep=1000000 frame=027 slot=09 J_F=   255.80 meanZ=34.02 SoC=1.0000
ep=1000000 frame=028 slot=09 J_F=   682.10 meanZ=35.10 SoC=1.0000
ep=1000000 frame=029 slot=09 J_F=   267.90 meanZ=34.16 SoC=1.0000
ep=1000001 frame=000 slot=09 J_F= -2170.00 meanZ=88.82 SoC=1.0000
ep=1000001 frame=001 slot=09 J_F= -1160.00 meanZ=82.74 SoC=1.0000
ep=1000001 frame=002 slot=09 J_F=  -904.50 meanZ=76.30 SoC=1.0000
ep=1000001 frame=003 slot=09 J_F=  -732.10 meanZ=69.68 SoC=1.0000
ep=1000001 frame=004 slot=09 J_F= -1564.10 meanZ=61.08 SoC=1.0000
ep=1000001 frame=005 slot=09 J_F=  -165.00 meanZ=54.10 SoC=1.0000
ep=1000001 frame=006 slot=09 J_F=  -399.50 meanZ=47.98 SoC=1.0000
ep=1000001 frame=007 slot=09 J_F=  -586.00 meanZ=44.30 SoC=1.0000
ep=1000001 frame=008 slot=09 J_F=   127.00 meanZ=41.98 SoC=1.0000
ep=1000001 frame=009 slot=09 J_F=  -542.00 meanZ=38.90 SoC=1.0000
ep=1000001 frame=010 slot=09 J_F=   307.90 meanZ=37.90 SoC=1.0000
ep=1000001 frame=011 slot=09 J_F=    -6.60 meanZ=36.78 SoC=1.0000
ep=1000001 frame=012 slot=09 J_F=   348.40 meanZ=36.36 SoC=1.0000
ep=1000001 frame=013 slot=09 J_F=   722.50 meanZ=36.40 SoC=1.0000
ep=1000001 frame=014 slot=09 J_F=  1100.50 meanZ=38.86 SoC=1.0000
ep=1000001 frame=015 slot=09 J_F=   437.50 meanZ=38.42 SoC=1.0000
ep=1000001 frame=016 slot=09 J_F=   454.00 meanZ=38.46 SoC=1.0000
ep=1000001 frame=017 slot=09 J_F=   483.50 meanZ=39.14 SoC=1.0000
ep=1000001 frame=018 slot=09 J_F=   568.00 meanZ=40.38 SoC=1.0000
ep=1000001 frame=019 slot=09 J_F=   276.50 meanZ=40.66 SoC=1.0000
ep=1000001 frame=020 slot=09 J_F=   602.50 meanZ=40.70 SoC=1.0000
ep=1000001 frame=021 slot=09 J_F=    97.50 meanZ=40.02 SoC=1.0000
ep=1000001 frame=022 slot=09 J_F=   -91.00 meanZ=39.88 SoC=1.0000
ep=1000001 frame=023 slot=09 J_F=   640.00 meanZ=39.08 SoC=1.0000
ep=1000001 frame=024 slot=09 J_F=   109.00 meanZ=38.92 SoC=1.0000
ep=1000001 frame=025 slot=09 J_F=  -195.60 meanZ=37.74 SoC=1.0000
ep=1000001 frame=026 slot=09 J_F=    86.50 meanZ=37.22 SoC=1.0000
ep=1000001 frame=027 slot=09 J_F=   253.90 meanZ=37.48 SoC=1.0000
ep=1000001 frame=028 slot=09 J_F=   236.00 meanZ=36.62 SoC=1.0000
ep=1000001 frame=029 slot=09 J_F=  -127.60 meanZ=35.98 SoC=1.0000
ep=1000002 frame=000 slot=09 J_F= -2116.50 meanZ=89.44 SoC=1.0000
ep=1000002 frame=001 slot=09 J_F= -2253.60 meanZ=82.30 SoC=1.0000
ep=1000002 frame=002 slot=09 J_F= -1621.50 meanZ=74.20 SoC=1.0000
ep=1000002 frame=003 slot=09 J_F= -1278.60 meanZ=67.06 SoC=1.0000
ep=1000002 frame=004 slot=09 J_F=  -562.60 meanZ=60.50 SoC=1.0000
ep=1000002 frame=005 slot=09 J_F=    18.00 meanZ=54.86 SoC=1.0000
ep=1000002 frame=006 slot=09 J_F=    24.90 meanZ=50.76 SoC=1.0000
ep=1000002 frame=007 slot=09 J_F=   165.50 meanZ=47.42 SoC=1.0000
ep=1000002 frame=008 slot=09 J_F=  -206.60 meanZ=44.40 SoC=1.0000
ep=1000002 frame=009 slot=09 J_F=   -98.50 meanZ=42.16 SoC=1.0000
ep=1000002 frame=010 slot=09 J_F=    97.00 meanZ=40.66 SoC=1.0000
ep=1000002 frame=011 slot=09 J_F=   184.90 meanZ=38.34 SoC=1.0000
ep=1000002 frame=012 slot=09 J_F=    27.00 meanZ=36.62 SoC=1.0000
ep=1000002 frame=013 slot=09 J_F=    81.40 meanZ=36.16 SoC=1.0000
ep=1000002 frame=014 slot=09 J_F=   255.00 meanZ=35.60 SoC=1.0000
ep=1000002 frame=015 slot=09 J_F=   326.50 meanZ=35.16 SoC=1.0000
ep=1000002 frame=016 slot=09 J_F=    23.50 meanZ=35.00 SoC=1.0000
ep=1000002 frame=017 slot=09 J_F=   -53.00 meanZ=34.44 SoC=1.0000
ep=1000002 frame=018 slot=09 J_F=   796.30 meanZ=34.44 SoC=1.0000
ep=1000002 frame=019 slot=09 J_F=   422.90 meanZ=35.68 SoC=1.0000
ep=1000002 frame=020 slot=09 J_F=   504.40 meanZ=35.46 SoC=1.0000
ep=1000002 frame=021 slot=09 J_F=   447.50 meanZ=35.70 SoC=1.0000
ep=1000002 frame=022 slot=09 J_F=    39.00 meanZ=35.82 SoC=1.0000
ep=1000002 frame=023 slot=09 J_F=    -6.50 meanZ=35.54 SoC=1.0000
ep=1000002 frame=024 slot=09 J_F=   753.00 meanZ=35.72 SoC=1.0000
ep=1000002 frame=025 slot=09 J_F=   141.90 meanZ=35.64 SoC=1.0000
ep=1000002 frame=026 slot=09 J_F=  -236.00 meanZ=34.30 SoC=1.0000
ep=1000002 frame=027 slot=09 J_F=   404.80 meanZ=33.58 SoC=1.0000
ep=1000002 frame=028 slot=09 J_F=   317.40 meanZ=33.90 SoC=1.0000
ep=1000002 frame=029 slot=09 J_F=   190.90 meanZ=33.92 SoC=1.0000
ep=1000003 frame=000 slot=09 J_F= -3266.60 meanZ=88.56 SoC=1.0000
ep=1000003 frame=001 slot=09 J_F= -1341.60 meanZ=80.86 SoC=1.0000
ep=1000003 frame=002 slot=09 J_F= -1833.00 meanZ=73.78 SoC=1.0000
ep=1000003 frame=003 slot=09 J_F= -1001.10 meanZ=66.82 SoC=1.0000
ep=1000003 frame=004 slot=09 J_F=  -219.60 meanZ=61.24 SoC=1.0000
ep=1000003 frame=005 slot=09 J_F= -1190.50 meanZ=55.10 SoC=1.0000
ep=1000003 frame=006 slot=09 J_F=  -532.50 meanZ=50.14 SoC=1.0000
ep=1000003 frame=007 slot=09 J_F=   499.40 meanZ=48.84 SoC=1.0000
ep=1000003 frame=008 slot=09 J_F=  -108.10 meanZ=45.30 SoC=1.0000
ep=1000003 frame=009 slot=09 J_F=   210.50 meanZ=43.76 SoC=1.0000
ep=1000003 frame=010 slot=09 J_F=   405.00 meanZ=41.76 SoC=1.0000
ep=1000003 frame=011 slot=09 J_F=   328.40 meanZ=40.02 SoC=1.0000
ep=1000003 frame=012 slot=09 J_F=   552.90 meanZ=39.68 SoC=1.0000
ep=1000003 frame=013 slot=09 J_F=    33.00 meanZ=38.36 SoC=1.0000
ep=1000003 frame=014 slot=09 J_F=  -192.00 meanZ=37.50 SoC=1.0000
ep=1000003 frame=015 slot=09 J_F=   240.00 meanZ=37.94 SoC=1.0000
ep=1000003 frame=016 slot=09 J_F=   267.40 meanZ=36.20 SoC=1.0000
ep=1000003 frame=017 slot=09 J_F=   -69.10 meanZ=35.44 SoC=1.0000
ep=1000003 frame=018 slot=09 J_F=  -106.00 meanZ=34.40 SoC=1.0000
ep=1000003 frame=019 slot=09 J_F=   329.00 meanZ=33.54 SoC=1.0000
ep=1000003 frame=020 slot=09 J_F=   464.90 meanZ=33.08 SoC=1.0000
ep=1000003 frame=021 slot=09 J_F=   207.00 meanZ=33.72 SoC=1.0000
ep=1000003 frame=022 slot=09 J_F=   394.90 meanZ=31.56 SoC=1.0000
ep=1000003 frame=023 slot=09 J_F=  -241.50 meanZ=30.96 SoC=1.0000
ep=1000003 frame=024 slot=09 J_F=   299.50 meanZ=31.02 SoC=1.0000
ep=1000003 frame=025 slot=09 J_F=   572.50 meanZ=32.12 SoC=1.0000
ep=1000003 frame=026 slot=09 J_F=   448.00 meanZ=32.28 SoC=1.0000
ep=1000003 frame=027 slot=09 J_F=   133.00 meanZ=33.32 SoC=1.0000
ep=1000003 frame=028 slot=09 J_F=   614.90 meanZ=34.80 SoC=1.0000
ep=1000003 frame=029 slot=09 J_F=   772.50 meanZ=35.30 SoC=1.0000
ep=1000004 frame=000 slot=09 J_F= -2800.60 meanZ=88.04 SoC=1.0000
ep=1000004 frame=001 slot=09 J_F= -1489.60 meanZ=81.32 SoC=1.0000
ep=1000004 frame=002 slot=09 J_F= -1462.50 meanZ=74.44 SoC=1.0000
ep=1000004 frame=003 slot=09 J_F= -1438.10 meanZ=67.44 SoC=1.0000
ep=1000004 frame=004 slot=09 J_F=  -778.60 meanZ=59.54 SoC=1.0000
ep=1000004 frame=005 slot=09 J_F=  -144.00 meanZ=54.00 SoC=1.0000
ep=1000004 frame=006 slot=09 J_F=  -146.10 meanZ=49.32 SoC=1.0000
ep=1000004 frame=007 slot=09 J_F=    16.90 meanZ=45.34 SoC=1.0000
ep=1000004 frame=008 slot=09 J_F=  -128.10 meanZ=43.26 SoC=1.0000
ep=1000004 frame=009 slot=09 J_F=   323.00 meanZ=40.80 SoC=1.0000
ep=1000004 frame=010 slot=09 J_F=   148.90 meanZ=40.10 SoC=1.0000
ep=1000004 frame=011 slot=09 J_F=  -104.00 meanZ=37.32 SoC=1.0000
ep=1000004 frame=012 slot=09 J_F=   -99.50 meanZ=37.52 SoC=1.0000
ep=1000004 frame=013 slot=09 J_F=    63.50 meanZ=36.74 SoC=1.0000
ep=1000004 frame=014 slot=09 J_F=  -176.10 meanZ=35.36 SoC=1.0000
ep=1000004 frame=015 slot=09 J_F=   806.00 meanZ=35.12 SoC=1.0000
ep=1000004 frame=016 slot=09 J_F=   580.00 meanZ=34.16 SoC=1.0000
ep=1000004 frame=017 slot=09 J_F=   218.80 meanZ=34.60 SoC=1.0000
ep=1000004 frame=018 slot=09 J_F=   336.00 meanZ=34.20 SoC=1.0000
ep=1000004 frame=019 slot=09 J_F=   382.90 meanZ=34.78 SoC=1.0000
ep=1000004 frame=020 slot=09 J_F=   149.80 meanZ=34.34 SoC=1.0000
ep=1000004 frame=021 slot=09 J_F=   119.50 meanZ=33.50 SoC=1.0000
ep=1000004 frame=022 slot=09 J_F=   855.00 meanZ=34.10 SoC=1.0000
ep=1000004 frame=023 slot=09 J_F=    43.00 meanZ=34.92 SoC=1.0000
ep=1000004 frame=024 slot=09 J_F=   138.50 meanZ=34.70 SoC=1.0000
ep=1000004 frame=025 slot=09 J_F=   484.90 meanZ=34.08 SoC=1.0000
ep=1000004 frame=026 slot=09 J_F=   512.00 meanZ=34.14 SoC=1.0000
ep=1000004 frame=027 slot=09 J_F=   215.40 meanZ=34.32 SoC=1.0000
ep=1000004 frame=028 slot=09 J_F=   182.90 meanZ=34.30 SoC=1.0000
ep=1000004 frame=029 slot=09 J_F=   923.40 meanZ=34.22 SoC=1.0000
ep=1000005 frame=000 slot=09 J_F= -3289.50 meanZ=88.48 SoC=1.0000
ep=1000005 frame=001 slot=09 J_F= -2010.10 meanZ=81.38 SoC=1.0000
ep=1000005 frame=002 slot=09 J_F= -1452.50 meanZ=74.28 SoC=1.0000
ep=1000005 frame=003 slot=09 J_F=  -970.00 meanZ=66.92 SoC=1.0000
ep=1000005 frame=004 slot=09 J_F=  -873.10 meanZ=59.84 SoC=1.0000
ep=1000005 frame=005 slot=09 J_F=   -89.50 meanZ=55.14 SoC=1.0000
ep=1000005 frame=006 slot=09 J_F=  -335.70 meanZ=50.30 SoC=1.0000
ep=1000005 frame=007 slot=09 J_F=   195.00 meanZ=48.60 SoC=1.0000
ep=1000005 frame=008 slot=09 J_F=  -180.30 meanZ=43.96 SoC=1.0000
ep=1000005 frame=009 slot=09 J_F=   590.50 meanZ=43.10 SoC=1.0000
ep=1000005 frame=010 slot=09 J_F=   -32.10 meanZ=38.88 SoC=1.0000
ep=1000005 frame=011 slot=09 J_F=    -8.70 meanZ=37.76 SoC=1.0000
ep=1000005 frame=012 slot=09 J_F=    59.00 meanZ=36.94 SoC=1.0000
ep=1000005 frame=013 slot=09 J_F=  -112.50 meanZ=35.52 SoC=1.0000
ep=1000005 frame=014 slot=09 J_F=   551.50 meanZ=35.50 SoC=1.0000
ep=1000005 frame=015 slot=09 J_F=   327.00 meanZ=33.88 SoC=1.0000
ep=1000005 frame=016 slot=09 J_F=   526.50 meanZ=33.06 SoC=1.0000
ep=1000005 frame=017 slot=09 J_F=   203.00 meanZ=33.20 SoC=1.0000
ep=1000005 frame=018 slot=09 J_F=   464.00 meanZ=33.46 SoC=1.0000
ep=1000005 frame=019 slot=09 J_F=    36.40 meanZ=33.16 SoC=1.0000
ep=1000005 frame=020 slot=09 J_F=   449.00 meanZ=33.16 SoC=1.0000
ep=1000005 frame=021 slot=09 J_F=   164.90 meanZ=33.82 SoC=1.0000
ep=1000005 frame=022 slot=09 J_F=   879.50 meanZ=33.68 SoC=1.0000
ep=1000005 frame=023 slot=09 J_F=   983.50 meanZ=34.52 SoC=1.0000
ep=1000005 frame=024 slot=09 J_F=   -30.60 meanZ=35.56 SoC=1.0000
ep=1000005 frame=025 slot=09 J_F=   532.50 meanZ=36.52 SoC=1.0000
ep=1000005 frame=026 slot=09 J_F=   529.90 meanZ=35.40 SoC=1.0000
ep=1000005 frame=027 slot=09 J_F=   327.90 meanZ=36.44 SoC=1.0000
ep=1000005 frame=028 slot=09 J_F=   178.30 meanZ=36.46 SoC=1.0000
ep=1000005 frame=029 slot=09 J_F=   311.00 meanZ=35.56 SoC=1.0000
ep=1000006 frame=000 slot=09 J_F= -1618.00 meanZ=89.30 SoC=1.0000
ep=1000006 frame=001 slot=09 J_F= -1251.50 meanZ=82.44 SoC=1.0000
ep=1000006 frame=002 slot=09 J_F= -1487.10 meanZ=75.04 SoC=1.0000
ep=1000006 frame=003 slot=09 J_F= -1345.10 meanZ=67.74 SoC=1.0000
ep=1000006 frame=004 slot=09 J_F=  -574.50 meanZ=60.46 SoC=1.0000
ep=1000006 frame=005 slot=09 J_F=   -59.50 meanZ=56.66 SoC=1.0000
ep=1000006 frame=006 slot=09 J_F=  -874.00 meanZ=51.72 SoC=1.0000
ep=1000006 frame=007 slot=09 J_F=  -279.10 meanZ=48.30 SoC=1.0000
ep=1000006 frame=008 slot=09 J_F=   171.00 meanZ=45.74 SoC=1.0000
ep=1000006 frame=009 slot=09 J_F=    43.50 meanZ=44.10 SoC=1.0000
ep=1000006 frame=010 slot=09 J_F=   314.50 meanZ=43.74 SoC=1.0000
ep=1000006 frame=011 slot=09 J_F=   397.50 meanZ=43.28 SoC=1.0000
ep=1000006 frame=012 slot=09 J_F=   362.00 meanZ=40.36 SoC=1.0000
ep=1000006 frame=013 slot=09 J_F=   488.00 meanZ=40.30 SoC=1.0000
ep=1000006 frame=014 slot=09 J_F=   191.50 meanZ=39.14 SoC=1.0000
ep=1000006 frame=015 slot=09 J_F=  -154.00 meanZ=37.52 SoC=1.0000
ep=1000006 frame=016 slot=09 J_F=   646.90 meanZ=37.12 SoC=1.0000
ep=1000006 frame=017 slot=09 J_F=   554.50 meanZ=37.18 SoC=1.0000
ep=1000006 frame=018 slot=09 J_F=    34.50 meanZ=36.84 SoC=1.0000
ep=1000006 frame=019 slot=09 J_F=   562.50 meanZ=36.96 SoC=1.0000
ep=1000006 frame=020 slot=09 J_F=   531.50 meanZ=36.68 SoC=1.0000
ep=1000006 frame=021 slot=09 J_F=   649.00 meanZ=37.44 SoC=1.0000
ep=1000006 frame=022 slot=09 J_F=   352.30 meanZ=36.02 SoC=1.0000
ep=1000006 frame=023 slot=09 J_F=    89.00 meanZ=36.32 SoC=1.0000
ep=1000006 frame=024 slot=09 J_F=   407.00 meanZ=35.76 SoC=1.0000
ep=1000006 frame=025 slot=09 J_F=   111.90 meanZ=35.22 SoC=1.0000
ep=1000006 frame=026 slot=09 J_F=   623.50 meanZ=36.68 SoC=1.0000
ep=1000006 frame=027 slot=09 J_F=   829.00 meanZ=36.70 SoC=1.0000
ep=1000006 frame=028 slot=09 J_F=   166.90 meanZ=36.56 SoC=1.0000
ep=1000006 frame=029 slot=09 J_F=   738.40 meanZ=36.92 SoC=1.0000
ep=1000007 frame=000 slot=09 J_F= -3706.50 meanZ=87.88 SoC=1.0000
ep=1000007 frame=001 slot=09 J_F= -1735.10 meanZ=80.10 SoC=1.0000
ep=1000007 frame=002 slot=09 J_F= -1572.60 meanZ=72.34 SoC=1.0000
ep=1000007 frame=003 slot=09 J_F=  -413.60 meanZ=65.52 SoC=1.0000
ep=1000007 frame=004 slot=09 J_F= -1165.00 meanZ=58.28 SoC=1.0000
ep=1000007 frame=005 slot=09 J_F=   144.40 meanZ=52.92 SoC=1.0000
ep=1000007 frame=006 slot=09 J_F=  -243.60 meanZ=47.06 SoC=1.0000
ep=1000007 frame=007 slot=09 J_F=  -291.50 meanZ=43.64 SoC=1.0000
ep=1000007 frame=008 slot=09 J_F=   297.40 meanZ=41.96 SoC=1.0000
ep=1000007 frame=009 slot=09 J_F=   387.00 meanZ=41.58 SoC=1.0000
ep=1000007 frame=010 slot=09 J_F=  -189.60 meanZ=38.92 SoC=1.0000
ep=1000007 frame=011 slot=09 J_F=   251.50 meanZ=38.44 SoC=1.0000
ep=1000007 frame=012 slot=09 J_F=   616.00 meanZ=37.28 SoC=1.0000
ep=1000007 frame=013 slot=09 J_F=  -108.50 meanZ=36.34 SoC=1.0000
ep=1000007 frame=014 slot=09 J_F=    14.00 meanZ=35.62 SoC=1.0000
ep=1000007 frame=015 slot=09 J_F=   575.00 meanZ=35.58 SoC=1.0000
ep=1000007 frame=016 slot=09 J_F=   285.00 meanZ=34.80 SoC=1.0000
ep=1000007 frame=017 slot=09 J_F=   273.50 meanZ=35.46 SoC=1.0000
ep=1000007 frame=018 slot=09 J_F=   220.50 meanZ=34.76 SoC=1.0000
ep=1000007 frame=019 slot=09 J_F=    20.00 meanZ=34.16 SoC=1.0000
ep=1000007 frame=020 slot=09 J_F=  -138.00 meanZ=33.92 SoC=1.0000
ep=1000007 frame=021 slot=09 J_F=   739.90 meanZ=35.38 SoC=1.0000
ep=1000007 frame=022 slot=09 J_F=  -241.60 meanZ=34.22 SoC=1.0000
ep=1000007 frame=023 slot=09 J_F=   594.50 meanZ=35.90 SoC=1.0000
ep=1000007 frame=024 slot=09 J_F=   216.50 meanZ=35.24 SoC=1.0000
ep=1000007 frame=025 slot=09 J_F=   895.40 meanZ=36.04 SoC=1.0000
ep=1000007 frame=026 slot=09 J_F=   864.40 meanZ=36.92 SoC=1.0000
ep=1000007 frame=027 slot=09 J_F=   512.40 meanZ=37.28 SoC=1.0000
ep=1000007 frame=028 slot=09 J_F=   169.50 meanZ=37.74 SoC=1.0000
ep=1000007 frame=029 slot=09 J_F=  -279.60 meanZ=36.56 SoC=1.0000
ep=1000008 frame=000 slot=09 J_F= -3468.10 meanZ=87.38 SoC=1.0000
ep=1000008 frame=001 slot=09 J_F= -2281.10 meanZ=78.84 SoC=1.0000
ep=1000008 frame=002 slot=09 J_F= -1637.10 meanZ=71.44 SoC=1.0000
ep=1000008 frame=003 slot=09 J_F=  -498.00 meanZ=65.44 SoC=1.0000
ep=1000008 frame=004 slot=09 J_F=  -727.50 meanZ=59.32 SoC=1.0000
ep=1000008 frame=005 slot=09 J_F=  -188.50 meanZ=53.32 SoC=1.0000
ep=1000008 frame=006 slot=09 J_F=  -341.50 meanZ=49.20 SoC=1.0000
ep=1000008 frame=007 slot=09 J_F=   146.00 meanZ=44.82 SoC=1.0000
ep=1000008 frame=008 slot=09 J_F=   899.50 meanZ=44.18 SoC=1.0000
ep=1000008 frame=009 slot=09 J_F=   -81.50 meanZ=41.68 SoC=1.0000
ep=1000008 frame=010 slot=09 J_F=   234.00 meanZ=40.50 SoC=1.0000
ep=1000008 frame=011 slot=09 J_F=   306.50 meanZ=40.88 SoC=1.0000
ep=1000008 frame=012 slot=09 J_F=   169.50 meanZ=39.12 SoC=1.0000
ep=1000008 frame=013 slot=09 J_F=   770.00 meanZ=38.60 SoC=1.0000
ep=1000008 frame=014 slot=09 J_F=  -169.50 meanZ=37.06 SoC=1.0000
ep=1000008 frame=015 slot=09 J_F=   151.50 meanZ=35.24 SoC=1.0000
ep=1000008 frame=016 slot=09 J_F=   363.00 meanZ=35.12 SoC=1.0000
ep=1000008 frame=017 slot=09 J_F=   -67.60 meanZ=35.04 SoC=1.0000
ep=1000008 frame=018 slot=09 J_F=   384.90 meanZ=35.62 SoC=1.0000
ep=1000008 frame=019 slot=09 J_F=    -6.10 meanZ=33.86 SoC=1.0000
ep=1000008 frame=020 slot=09 J_F=   332.40 meanZ=33.22 SoC=1.0000
ep=1000008 frame=021 slot=09 J_F=     6.90 meanZ=32.92 SoC=1.0000
ep=1000008 frame=022 slot=09 J_F=   657.50 meanZ=33.38 SoC=1.0000
ep=1000008 frame=023 slot=09 J_F=   788.00 meanZ=34.46 SoC=1.0000
ep=1000008 frame=024 slot=09 J_F=   342.50 meanZ=34.88 SoC=1.0000
ep=1000008 frame=025 slot=09 J_F=   529.40 meanZ=33.30 SoC=1.0000
ep=1000008 frame=026 slot=09 J_F=   138.40 meanZ=32.80 SoC=1.0000
ep=1000008 frame=027 slot=09 J_F=   888.90 meanZ=32.62 SoC=1.0000
ep=1000008 frame=028 slot=09 J_F=   269.00 meanZ=32.46 SoC=1.0000
ep=1000008 frame=029 slot=09 J_F=    93.40 meanZ=31.84 SoC=1.0000
ep=1000009 frame=000 slot=09 J_F= -3522.10 meanZ=87.56 SoC=1.0000
ep=1000009 frame=001 slot=09 J_F= -1406.60 meanZ=80.34 SoC=1.0000
ep=1000009 frame=002 slot=09 J_F= -1506.50 meanZ=73.20 SoC=1.0000
ep=1000009 frame=003 slot=09 J_F= -1196.10 meanZ=65.44 SoC=1.0000
ep=1000009 frame=004 slot=09 J_F=  -849.00 meanZ=58.00 SoC=1.0000
ep=1000009 frame=005 slot=09 J_F=  -527.10 meanZ=51.82 SoC=1.0000
ep=1000009 frame=006 slot=09 J_F=   157.00 meanZ=47.64 SoC=1.0000
ep=1000009 frame=007 slot=09 J_F=   -93.60 meanZ=44.84 SoC=1.0000
ep=1000009 frame=008 slot=09 J_F=   274.50 meanZ=41.52 SoC=1.0000
ep=1000009 frame=009 slot=09 J_F=   340.50 meanZ=40.60 SoC=1.0000
ep=1000009 frame=010 slot=09 J_F=    72.00 meanZ=40.34 SoC=1.0000
ep=1000009 frame=011 slot=09 J_F=   376.50 meanZ=39.82 SoC=1.0000
ep=1000009 frame=012 slot=09 J_F=   520.40 meanZ=40.78 SoC=1.0000
ep=1000009 frame=013 slot=09 J_F=   211.90 meanZ=40.74 SoC=1.0000
ep=1000009 frame=014 slot=09 J_F=   -32.60 meanZ=38.92 SoC=1.0000
ep=1000009 frame=015 slot=09 J_F=   198.40 meanZ=37.18 SoC=1.0000
ep=1000009 frame=016 slot=09 J_F=     6.50 meanZ=36.34 SoC=1.0000
ep=1000009 frame=017 slot=09 J_F=   325.90 meanZ=34.78 SoC=1.0000
ep=1000009 frame=018 slot=09 J_F=   705.50 meanZ=35.48 SoC=1.0000
ep=1000009 frame=019 slot=09 J_F=   832.30 meanZ=37.34 SoC=1.0000
ep=1000009 frame=020 slot=09 J_F=   -43.50 meanZ=36.62 SoC=1.0000
ep=1000009 frame=021 slot=09 J_F=   437.00 meanZ=36.52 SoC=1.0000
ep=1000009 frame=022 slot=09 J_F=   165.50 meanZ=36.86 SoC=1.0000
ep=1000009 frame=023 slot=09 J_F=   249.40 meanZ=36.14 SoC=1.0000
ep=1000009 frame=024 slot=09 J_F=   482.50 meanZ=34.68 SoC=1.0000
ep=1000009 frame=025 slot=09 J_F=   452.00 meanZ=34.82 SoC=1.0000
ep=1000009 frame=026 slot=09 J_F=  -196.60 meanZ=35.34 SoC=1.0000
ep=1000009 frame=027 slot=09 J_F=   326.90 meanZ=34.56 SoC=1.0000
ep=1000009 frame=028 slot=09 J_F=    74.00 meanZ=32.68 SoC=1.0000
ep=1000009 frame=029 slot=09 J_F=  -273.00 meanZ=30.70 SoC=1.0000
hppo_rsu 650/750 QoE=0.42376 stall=0.0993 148.72s
ep=0650 frame=000 slot=09 J_F= -3245.50 meanZ=87.74 SoC=1.0000
ep=0650 frame=001 slot=09 J_F= -2454.60 meanZ=80.38 SoC=1.0000
ep=0650 frame=002 slot=09 J_F= -1924.50 meanZ=73.00 SoC=1.0000
ep=0650 frame=003 slot=09 J_F=  -617.50 meanZ=66.74 SoC=1.0000
ep=0650 frame=004 slot=09 J_F=  -603.10 meanZ=60.16 SoC=1.0000
ep=0650 frame=005 slot=09 J_F=  -161.20 meanZ=55.84 SoC=1.0000
ep=0650 frame=006 slot=09 J_F=   -61.60 meanZ=50.32 SoC=1.0000
ep=0650 frame=007 slot=09 J_F=   314.80 meanZ=48.30 SoC=1.0000
ep=0650 frame=008 slot=09 J_F=   235.50 meanZ=45.02 SoC=1.0000
ep=0650 frame=009 slot=09 J_F=  -176.10 meanZ=41.68 SoC=1.0000
ep=0650 frame=010 slot=09 J_F=  -305.10 meanZ=39.06 SoC=1.0000
ep=0650 frame=011 slot=09 J_F=  -336.50 meanZ=36.16 SoC=1.0000
ep=0650 frame=012 slot=09 J_F=  -183.50 meanZ=32.84 SoC=1.0000
ep=0650 frame=013 slot=09 J_F=   596.40 meanZ=31.26 SoC=1.0000
ep=0650 frame=014 slot=09 J_F=   239.40 meanZ=29.76 SoC=1.0000
ep=0650 frame=015 slot=09 J_F=   296.50 meanZ=29.02 SoC=1.0000
ep=0650 frame=016 slot=09 J_F=   838.00 meanZ=29.02 SoC=1.0000
ep=0650 frame=017 slot=09 J_F=   362.00 meanZ=28.88 SoC=1.0000
ep=0650 frame=018 slot=09 J_F=     0.40 meanZ=28.04 SoC=1.0000
ep=0650 frame=019 slot=09 J_F=   -30.20 meanZ=25.70 SoC=1.0000
ep=0650 frame=020 slot=09 J_F=   191.40 meanZ=25.12 SoC=1.0000
ep=0650 frame=021 slot=09 J_F=   552.00 meanZ=23.66 SoC=1.0000
ep=0650 frame=022 slot=09 J_F=   453.40 meanZ=25.08 SoC=1.0000
ep=0650 frame=023 slot=09 J_F=    49.00 meanZ=24.02 SoC=1.0000
ep=0650 frame=024 slot=09 J_F=   862.50 meanZ=24.82 SoC=1.0000
ep=0650 frame=025 slot=09 J_F=   462.20 meanZ=26.62 SoC=1.0000
ep=0650 frame=026 slot=09 J_F=   -95.00 meanZ=25.74 SoC=1.0000
ep=0650 frame=027 slot=09 J_F=   180.50 meanZ=25.20 SoC=1.0000
ep=0650 frame=028 slot=09 J_F=    19.90 meanZ=23.98 SoC=1.0000
ep=0650 frame=029 slot=09 J_F=   547.90 meanZ=23.50 SoC=1.0000
hppo_rsu 651/750 QoE=0.47242 stall=0.0875 143.99s
ep=0651 frame=000 slot=09 J_F= -2925.60 meanZ=90.16 SoC=1.0000
ep=0651 frame=001 slot=09 J_F= -2083.60 meanZ=81.62 SoC=1.0000
ep=0651 frame=002 slot=09 J_F= -1717.50 meanZ=74.56 SoC=1.0000
ep=0651 frame=003 slot=09 J_F=  -828.00 meanZ=69.40 SoC=1.0000
ep=0651 frame=004 slot=09 J_F=  -566.60 meanZ=62.40 SoC=1.0000
ep=0651 frame=005 slot=09 J_F=   434.90 meanZ=57.26 SoC=1.0000
ep=0651 frame=006 slot=09 J_F=  -142.00 meanZ=52.46 SoC=1.0000
ep=0651 frame=007 slot=09 J_F=  -284.60 meanZ=48.80 SoC=1.0000
ep=0651 frame=008 slot=09 J_F=  -305.10 meanZ=45.98 SoC=1.0000
ep=0651 frame=009 slot=09 J_F=   309.90 meanZ=45.78 SoC=1.0000
ep=0651 frame=010 slot=09 J_F=   216.50 meanZ=44.26 SoC=1.0000
ep=0651 frame=011 slot=09 J_F=    38.50 meanZ=40.96 SoC=1.0000
ep=0651 frame=012 slot=09 J_F=   667.40 meanZ=39.54 SoC=1.0000
ep=0651 frame=013 slot=09 J_F=   530.40 meanZ=39.64 SoC=1.0000
ep=0651 frame=014 slot=09 J_F=   265.90 meanZ=38.14 SoC=1.0000
ep=0651 frame=015 slot=09 J_F=   105.30 meanZ=35.88 SoC=1.0000
ep=0651 frame=016 slot=09 J_F=   368.70 meanZ=35.54 SoC=1.0000
ep=0651 frame=017 slot=09 J_F=   269.80 meanZ=35.18 SoC=1.0000
ep=0651 frame=018 slot=09 J_F=   199.50 meanZ=34.96 SoC=1.0000
ep=0651 frame=019 slot=09 J_F=   334.00 meanZ=34.46 SoC=1.0000
ep=0651 frame=020 slot=09 J_F=   552.00 meanZ=35.12 SoC=1.0000
ep=0651 frame=021 slot=09 J_F=   436.00 meanZ=35.98 SoC=1.0000
ep=0651 frame=022 slot=09 J_F=   281.90 meanZ=35.94 SoC=1.0000
ep=0651 frame=023 slot=09 J_F=   803.40 meanZ=36.10 SoC=1.0000
ep=0651 frame=024 slot=09 J_F=   492.50 meanZ=34.90 SoC=1.0000
ep=0651 frame=025 slot=09 J_F=   470.30 meanZ=34.46 SoC=1.0000
ep=0651 frame=026 slot=09 J_F=   708.50 meanZ=34.92 SoC=1.0000
ep=0651 frame=027 slot=09 J_F=   335.00 meanZ=35.18 SoC=1.0000
ep=0651 frame=028 slot=09 J_F=   225.50 meanZ=36.40 SoC=1.0000
ep=0651 frame=029 slot=09 J_F=   420.00 meanZ=35.82 SoC=1.0000
hppo_rsu 652/750 QoE=0.39482 stall=0.1098 146.28s
ep=0652 frame=000 slot=09 J_F= -3202.00 meanZ=88.76 SoC=1.0000
ep=0652 frame=001 slot=09 J_F= -1552.60 meanZ=81.50 SoC=1.0000
ep=0652 frame=002 slot=09 J_F=    83.50 meanZ=75.84 SoC=1.0000
ep=0652 frame=003 slot=09 J_F=  -982.60 meanZ=69.32 SoC=1.0000
ep=0652 frame=004 slot=09 J_F=  -708.70 meanZ=62.00 SoC=1.0000
ep=0652 frame=005 slot=09 J_F=  -889.00 meanZ=55.82 SoC=1.0000
ep=0652 frame=006 slot=09 J_F=  -123.30 meanZ=50.92 SoC=1.0000
ep=0652 frame=007 slot=09 J_F=  -128.70 meanZ=47.56 SoC=1.0000
ep=0652 frame=008 slot=09 J_F=    51.50 meanZ=44.92 SoC=1.0000
ep=0652 frame=009 slot=09 J_F=   -76.10 meanZ=43.74 SoC=1.0000
ep=0652 frame=010 slot=09 J_F=   335.00 meanZ=41.80 SoC=1.0000
ep=0652 frame=011 slot=09 J_F=   -66.10 meanZ=39.22 SoC=1.0000
ep=0652 frame=012 slot=09 J_F=   722.90 meanZ=37.42 SoC=1.0000
ep=0652 frame=013 slot=09 J_F=   505.50 meanZ=36.54 SoC=1.0000
ep=0652 frame=014 slot=09 J_F=   443.50 meanZ=36.10 SoC=1.0000
ep=0652 frame=015 slot=09 J_F=  -203.50 meanZ=33.88 SoC=1.0000
ep=0652 frame=016 slot=09 J_F=   136.50 meanZ=32.48 SoC=1.0000
ep=0652 frame=017 slot=09 J_F=   513.50 meanZ=31.12 SoC=1.0000
ep=0652 frame=018 slot=09 J_F=   635.00 meanZ=31.12 SoC=1.0000
ep=0652 frame=019 slot=09 J_F=   856.00 meanZ=31.50 SoC=1.0000
ep=0652 frame=020 slot=09 J_F=   163.00 meanZ=31.22 SoC=1.0000
ep=0652 frame=021 slot=09 J_F=   -24.70 meanZ=30.96 SoC=1.0000
ep=0652 frame=022 slot=09 J_F=    50.40 meanZ=30.36 SoC=1.0000
ep=0652 frame=023 slot=09 J_F=   637.30 meanZ=31.02 SoC=1.0000
ep=0652 frame=024 slot=09 J_F=   220.50 meanZ=30.86 SoC=1.0000
ep=0652 frame=025 slot=09 J_F=   476.80 meanZ=31.54 SoC=1.0000
ep=0652 frame=026 slot=09 J_F=   242.40 meanZ=32.10 SoC=1.0000
ep=0652 frame=027 slot=09 J_F=    67.40 meanZ=31.20 SoC=1.0000
ep=0652 frame=028 slot=09 J_F=   591.00 meanZ=31.06 SoC=1.0000
ep=0652 frame=029 slot=09 J_F=   424.80 meanZ=31.74 SoC=1.0000
hppo_rsu 653/750 QoE=0.41369 stall=0.1045 144.63s
ep=0653 frame=000 slot=09 J_F= -2581.50 meanZ=89.16 SoC=1.0000
ep=0653 frame=001 slot=09 J_F= -1363.50 meanZ=83.08 SoC=1.0000
ep=0653 frame=002 slot=09 J_F= -1935.70 meanZ=76.16 SoC=1.0000
ep=0653 frame=003 slot=09 J_F= -1022.50 meanZ=69.96 SoC=1.0000
ep=0653 frame=004 slot=09 J_F=  -601.10 meanZ=63.42 SoC=1.0000
ep=0653 frame=005 slot=09 J_F=  -412.60 meanZ=56.42 SoC=1.0000
ep=0653 frame=006 slot=09 J_F=  -163.10 meanZ=51.88 SoC=1.0000
ep=0653 frame=007 slot=09 J_F=   315.90 meanZ=48.16 SoC=1.0000
ep=0653 frame=008 slot=09 J_F=  -233.50 meanZ=44.70 SoC=1.0000
ep=0653 frame=009 slot=09 J_F=   -24.60 meanZ=42.64 SoC=1.0000
ep=0653 frame=010 slot=09 J_F=  -157.10 meanZ=40.80 SoC=1.0000
ep=0653 frame=011 slot=09 J_F=   353.00 meanZ=38.82 SoC=1.0000
ep=0653 frame=012 slot=09 J_F=   844.00 meanZ=37.92 SoC=1.0000
ep=0653 frame=013 slot=09 J_F=   179.20 meanZ=38.42 SoC=1.0000
ep=0653 frame=014 slot=09 J_F=   300.00 meanZ=37.52 SoC=1.0000
ep=0653 frame=015 slot=09 J_F=  -305.10 meanZ=35.32 SoC=1.0000
ep=0653 frame=016 slot=09 J_F=   110.00 meanZ=35.00 SoC=1.0000
ep=0653 frame=017 slot=09 J_F=   613.60 meanZ=35.28 SoC=1.0000
ep=0653 frame=018 slot=09 J_F=   309.90 meanZ=35.42 SoC=1.0000
ep=0653 frame=019 slot=09 J_F=   296.50 meanZ=36.50 SoC=1.0000
ep=0653 frame=020 slot=09 J_F=   769.80 meanZ=37.50 SoC=1.0000
ep=0653 frame=021 slot=09 J_F=   600.50 meanZ=36.64 SoC=1.0000
ep=0653 frame=022 slot=09 J_F=   671.90 meanZ=37.84 SoC=1.0000
ep=0653 frame=023 slot=09 J_F=   358.90 meanZ=37.72 SoC=1.0000
ep=0653 frame=024 slot=09 J_F=   629.50 meanZ=37.66 SoC=1.0000
ep=0653 frame=025 slot=09 J_F=   482.50 meanZ=38.02 SoC=1.0000
ep=0653 frame=026 slot=09 J_F=   191.80 meanZ=37.70 SoC=1.0000
ep=0653 frame=027 slot=09 J_F=   169.00 meanZ=37.56 SoC=1.0000
ep=0653 frame=028 slot=09 J_F=   253.40 meanZ=35.50 SoC=1.0000
ep=0653 frame=029 slot=09 J_F=  -134.00 meanZ=34.52 SoC=1.0000
hppo_rsu 654/750 QoE=0.35754 stall=0.1249 145.84s
ep=0654 frame=000 slot=09 J_F= -2588.60 meanZ=89.26 SoC=1.0000
ep=0654 frame=001 slot=09 J_F= -1320.10 meanZ=81.60 SoC=1.0000
ep=0654 frame=002 slot=09 J_F= -1647.00 meanZ=74.66 SoC=1.0000
ep=0654 frame=003 slot=09 J_F=  -395.60 meanZ=68.46 SoC=1.0000
ep=0654 frame=004 slot=09 J_F=  -847.60 meanZ=62.80 SoC=1.0000
ep=0654 frame=005 slot=09 J_F=  -337.10 meanZ=57.78 SoC=1.0000
ep=0654 frame=006 slot=09 J_F=  -299.30 meanZ=53.02 SoC=1.0000
ep=0654 frame=007 slot=09 J_F=   114.80 meanZ=47.72 SoC=1.0000
ep=0654 frame=008 slot=09 J_F=    24.00 meanZ=46.78 SoC=1.0000
ep=0654 frame=009 slot=09 J_F=   111.00 meanZ=43.36 SoC=1.0000
ep=0654 frame=010 slot=09 J_F=   510.40 meanZ=42.56 SoC=1.0000
ep=0654 frame=011 slot=09 J_F=    55.50 meanZ=40.34 SoC=1.0000
ep=0654 frame=012 slot=09 J_F=   392.90 meanZ=40.40 SoC=1.0000
ep=0654 frame=013 slot=09 J_F=   192.40 meanZ=38.92 SoC=1.0000
ep=0654 frame=014 slot=09 J_F=   490.90 meanZ=38.30 SoC=1.0000
ep=0654 frame=015 slot=09 J_F=   407.90 meanZ=36.90 SoC=1.0000
ep=0654 frame=016 slot=09 J_F=   726.20 meanZ=36.18 SoC=1.0000
ep=0654 frame=017 slot=09 J_F=   288.00 meanZ=35.42 SoC=1.0000
ep=0654 frame=018 slot=09 J_F=   544.50 meanZ=34.66 SoC=1.0000
ep=0654 frame=019 slot=09 J_F=   172.90 meanZ=34.10 SoC=1.0000
ep=0654 frame=020 slot=09 J_F=   345.90 meanZ=33.40 SoC=1.0000
ep=0654 frame=021 slot=09 J_F=   408.90 meanZ=34.42 SoC=1.0000
ep=0654 frame=022 slot=09 J_F=   695.20 meanZ=33.16 SoC=1.0000
ep=0654 frame=023 slot=09 J_F=   319.10 meanZ=33.20 SoC=1.0000
ep=0654 frame=024 slot=09 J_F=   420.00 meanZ=33.00 SoC=1.0000
ep=0654 frame=025 slot=09 J_F=   333.80 meanZ=31.92 SoC=1.0000
ep=0654 frame=026 slot=09 J_F=   273.00 meanZ=32.80 SoC=1.0000
ep=0654 frame=027 slot=09 J_F=   710.00 meanZ=33.52 SoC=1.0000
ep=0654 frame=028 slot=09 J_F=   484.00 meanZ=33.54 SoC=1.0000
ep=0654 frame=029 slot=09 J_F=    86.00 meanZ=32.74 SoC=1.0000
hppo_rsu 655/750 QoE=0.39844 stall=0.1095 144.39s
ep=0655 frame=000 slot=09 J_F= -3224.10 meanZ=88.32 SoC=1.0000
ep=0655 frame=001 slot=09 J_F= -1992.10 meanZ=80.14 SoC=1.0000
ep=0655 frame=002 slot=09 J_F=  -771.60 meanZ=73.50 SoC=1.0000
ep=0655 frame=003 slot=09 J_F=  -518.70 meanZ=67.78 SoC=1.0000
ep=0655 frame=004 slot=09 J_F=  -446.60 meanZ=63.12 SoC=1.0000
ep=0655 frame=005 slot=09 J_F=   -25.50 meanZ=58.46 SoC=1.0000
ep=0655 frame=006 slot=09 J_F=  -607.60 meanZ=54.00 SoC=1.0000
ep=0655 frame=007 slot=09 J_F=    90.60 meanZ=50.20 SoC=1.0000
ep=0655 frame=008 slot=09 J_F=  -614.50 meanZ=45.38 SoC=1.0000
ep=0655 frame=009 slot=09 J_F=    -5.20 meanZ=42.48 SoC=1.0000
ep=0655 frame=010 slot=09 J_F=  -352.50 meanZ=39.64 SoC=1.0000
ep=0655 frame=011 slot=09 J_F=   139.00 meanZ=36.92 SoC=1.0000
ep=0655 frame=012 slot=09 J_F=    55.00 meanZ=35.52 SoC=1.0000
ep=0655 frame=013 slot=09 J_F=   371.00 meanZ=34.00 SoC=1.0000
ep=0655 frame=014 slot=09 J_F=   250.40 meanZ=32.92 SoC=1.0000
ep=0655 frame=015 slot=09 J_F=   116.30 meanZ=31.38 SoC=1.0000
ep=0655 frame=016 slot=09 J_F=   637.60 meanZ=31.68 SoC=1.0000
ep=0655 frame=017 slot=09 J_F=   360.00 meanZ=32.62 SoC=1.0000
ep=0655 frame=018 slot=09 J_F=   113.00 meanZ=31.72 SoC=1.0000
ep=0655 frame=019 slot=09 J_F=   335.00 meanZ=31.22 SoC=1.0000
ep=0655 frame=020 slot=09 J_F=   740.00 meanZ=30.80 SoC=1.0000
ep=0655 frame=021 slot=09 J_F=   405.50 meanZ=30.82 SoC=1.0000
ep=0655 frame=022 slot=09 J_F=   216.00 meanZ=29.94 SoC=1.0000
ep=0655 frame=023 slot=09 J_F=   -34.00 meanZ=29.00 SoC=1.0000
ep=0655 frame=024 slot=09 J_F=   621.00 meanZ=29.66 SoC=1.0000
ep=0655 frame=025 slot=09 J_F=   599.50 meanZ=29.94 SoC=1.0000
ep=0655 frame=026 slot=09 J_F=   219.00 meanZ=30.76 SoC=1.0000
ep=0655 frame=027 slot=09 J_F=   214.40 meanZ=30.76 SoC=1.0000
ep=0655 frame=028 slot=09 J_F=   594.80 meanZ=30.24 SoC=1.0000
ep=0655 frame=029 slot=09 J_F=   553.00 meanZ=31.14 SoC=1.0000
hppo_rsu 656/750 QoE=0.44718 stall=0.0915 145.87s
ep=0656 frame=000 slot=09 J_F= -2491.50 meanZ=89.50 SoC=1.0000
ep=0656 frame=001 slot=09 J_F= -2629.10 meanZ=80.70 SoC=1.0000
ep=0656 frame=002 slot=09 J_F= -1205.30 meanZ=73.98 SoC=1.0000
ep=0656 frame=003 slot=09 J_F=  -270.50 meanZ=68.88 SoC=1.0000
ep=0656 frame=004 slot=09 J_F=  -559.10 meanZ=61.88 SoC=1.0000
ep=0656 frame=005 slot=09 J_F=  -461.50 meanZ=56.54 SoC=1.0000
ep=0656 frame=006 slot=09 J_F=    55.00 meanZ=51.72 SoC=1.0000
ep=0656 frame=007 slot=09 J_F=  -252.10 meanZ=48.36 SoC=1.0000
ep=0656 frame=008 slot=09 J_F=   133.40 meanZ=45.00 SoC=1.0000
ep=0656 frame=009 slot=09 J_F=  -268.10 meanZ=42.76 SoC=1.0000
ep=0656 frame=010 slot=09 J_F=  -280.60 meanZ=42.26 SoC=1.0000
ep=0656 frame=011 slot=09 J_F=   380.90 meanZ=42.20 SoC=1.0000
ep=0656 frame=012 slot=09 J_F=  -129.00 meanZ=39.98 SoC=1.0000
ep=0656 frame=013 slot=09 J_F=   175.40 meanZ=39.46 SoC=1.0000
ep=0656 frame=014 slot=09 J_F=   -30.00 meanZ=38.12 SoC=1.0000
ep=0656 frame=015 slot=09 J_F=  -401.70 meanZ=35.66 SoC=1.0000
ep=0656 frame=016 slot=09 J_F=   309.40 meanZ=34.86 SoC=1.0000
ep=0656 frame=017 slot=09 J_F=   355.40 meanZ=35.14 SoC=1.0000
ep=0656 frame=018 slot=09 J_F=   200.90 meanZ=35.12 SoC=1.0000
ep=0656 frame=019 slot=09 J_F=   350.40 meanZ=33.84 SoC=1.0000
ep=0656 frame=020 slot=09 J_F=   220.20 meanZ=33.00 SoC=1.0000
ep=0656 frame=021 slot=09 J_F=   248.80 meanZ=31.74 SoC=1.0000
ep=0656 frame=022 slot=09 J_F=   418.30 meanZ=31.14 SoC=1.0000
ep=0656 frame=023 slot=09 J_F=   456.90 meanZ=30.44 SoC=1.0000
ep=0656 frame=024 slot=09 J_F=   570.00 meanZ=32.30 SoC=1.0000
ep=0656 frame=025 slot=09 J_F=   611.90 meanZ=32.52 SoC=1.0000
ep=0656 frame=026 slot=09 J_F=   378.40 meanZ=33.12 SoC=1.0000
ep=0656 frame=027 slot=09 J_F=   799.50 meanZ=34.58 SoC=1.0000
ep=0656 frame=028 slot=09 J_F=   504.50 meanZ=33.60 SoC=1.0000
ep=0656 frame=029 slot=09 J_F=   592.90 meanZ=33.82 SoC=1.0000
hppo_rsu 657/750 QoE=0.38654 stall=0.1143 144.46s
ep=0657 frame=000 slot=09 J_F= -2380.00 meanZ=88.98 SoC=1.0000
ep=0657 frame=001 slot=09 J_F= -2428.20 meanZ=81.34 SoC=1.0000
ep=0657 frame=002 slot=09 J_F=  -770.70 meanZ=76.26 SoC=1.0000
ep=0657 frame=003 slot=09 J_F=  -998.10 meanZ=69.70 SoC=1.0000
ep=0657 frame=004 slot=09 J_F=  -348.50 meanZ=63.72 SoC=1.0000
ep=0657 frame=005 slot=09 J_F=  -671.50 meanZ=59.12 SoC=1.0000
ep=0657 frame=006 slot=09 J_F=   174.30 meanZ=56.18 SoC=1.0000
ep=0657 frame=007 slot=09 J_F=   -67.00 meanZ=54.00 SoC=1.0000
ep=0657 frame=008 slot=09 J_F=   614.50 meanZ=51.24 SoC=1.0000
ep=0657 frame=009 slot=09 J_F=   -59.80 meanZ=48.32 SoC=1.0000
ep=0657 frame=010 slot=09 J_F=   632.50 meanZ=47.74 SoC=1.0000
ep=0657 frame=011 slot=09 J_F=   -62.20 meanZ=46.00 SoC=1.0000
ep=0657 frame=012 slot=09 J_F=   213.00 meanZ=43.52 SoC=1.0000
ep=0657 frame=013 slot=09 J_F=   222.90 meanZ=41.84 SoC=1.0000
ep=0657 frame=014 slot=09 J_F=    20.00 meanZ=39.68 SoC=1.0000
ep=0657 frame=015 slot=09 J_F=  -423.10 meanZ=37.00 SoC=1.0000
ep=0657 frame=016 slot=09 J_F=   164.50 meanZ=33.98 SoC=1.0000
ep=0657 frame=017 slot=09 J_F=   -33.50 meanZ=31.78 SoC=1.0000
ep=0657 frame=018 slot=09 J_F=   111.00 meanZ=32.04 SoC=1.0000
ep=0657 frame=019 slot=09 J_F=   684.40 meanZ=30.46 SoC=1.0000
ep=0657 frame=020 slot=09 J_F=   358.30 meanZ=29.96 SoC=1.0000
ep=0657 frame=021 slot=09 J_F=   193.20 meanZ=30.46 SoC=1.0000
ep=0657 frame=022 slot=09 J_F=   -19.60 meanZ=29.48 SoC=1.0000
ep=0657 frame=023 slot=09 J_F=   330.80 meanZ=29.40 SoC=1.0000
ep=0657 frame=024 slot=09 J_F=   497.70 meanZ=28.68 SoC=1.0000
ep=0657 frame=025 slot=09 J_F=   298.50 meanZ=28.38 SoC=1.0000
ep=0657 frame=026 slot=09 J_F=   373.70 meanZ=28.80 SoC=1.0000
ep=0657 frame=027 slot=09 J_F=   265.90 meanZ=28.20 SoC=1.0000
ep=0657 frame=028 slot=09 J_F=   333.00 meanZ=30.06 SoC=1.0000
ep=0657 frame=029 slot=09 J_F=   901.00 meanZ=30.36 SoC=1.0000
hppo_rsu 658/750 QoE=0.42483 stall=0.1003 146.11s
ep=0658 frame=000 slot=09 J_F= -2121.00 meanZ=88.72 SoC=1.0000
ep=0658 frame=001 slot=09 J_F= -1349.00 meanZ=81.24 SoC=1.0000
ep=0658 frame=002 slot=09 J_F= -1400.10 meanZ=73.76 SoC=1.0000
ep=0658 frame=003 slot=09 J_F=  -884.10 meanZ=66.52 SoC=1.0000
ep=0658 frame=004 slot=09 J_F=   224.90 meanZ=62.90 SoC=1.0000
ep=0658 frame=005 slot=09 J_F=  -187.00 meanZ=58.46 SoC=1.0000
ep=0658 frame=006 slot=09 J_F=   142.90 meanZ=53.12 SoC=1.0000
ep=0658 frame=007 slot=09 J_F=  -152.20 meanZ=48.86 SoC=1.0000
ep=0658 frame=008 slot=09 J_F=   220.50 meanZ=45.90 SoC=1.0000
ep=0658 frame=009 slot=09 J_F=   -55.50 meanZ=42.34 SoC=1.0000
ep=0658 frame=010 slot=09 J_F=   109.80 meanZ=41.72 SoC=1.0000
ep=0658 frame=011 slot=09 J_F=   209.20 meanZ=40.98 SoC=1.0000
ep=0658 frame=012 slot=09 J_F=   532.20 meanZ=40.56 SoC=1.0000
ep=0658 frame=013 slot=09 J_F=   240.40 meanZ=38.44 SoC=1.0000
ep=0658 frame=014 slot=09 J_F=    62.50 meanZ=38.38 SoC=1.0000
ep=0658 frame=015 slot=09 J_F=   114.80 meanZ=37.08 SoC=1.0000
ep=0658 frame=016 slot=09 J_F=   381.90 meanZ=35.72 SoC=1.0000
ep=0658 frame=017 slot=09 J_F=    24.30 meanZ=34.60 SoC=1.0000
ep=0658 frame=018 slot=09 J_F=   533.70 meanZ=32.34 SoC=1.0000
ep=0658 frame=019 slot=09 J_F=   176.00 meanZ=32.30 SoC=1.0000
ep=0658 frame=020 slot=09 J_F=    13.60 meanZ=31.26 SoC=1.0000
ep=0658 frame=021 slot=09 J_F=   695.00 meanZ=31.90 SoC=1.0000
ep=0658 frame=022 slot=09 J_F=   485.20 meanZ=31.48 SoC=1.0000
ep=0658 frame=023 slot=09 J_F=   507.80 meanZ=30.72 SoC=1.0000
ep=0658 frame=024 slot=09 J_F=   614.80 meanZ=30.68 SoC=1.0000
ep=0658 frame=025 slot=09 J_F=   324.90 meanZ=31.08 SoC=1.0000
ep=0658 frame=026 slot=09 J_F=    34.90 meanZ=31.28 SoC=1.0000
ep=0658 frame=027 slot=09 J_F=   715.80 meanZ=31.22 SoC=1.0000
ep=0658 frame=028 slot=09 J_F=   234.80 meanZ=30.76 SoC=1.0000
ep=0658 frame=029 slot=09 J_F=   774.70 meanZ=31.44 SoC=1.0000
hppo_rsu 659/750 QoE=0.41116 stall=0.1057 144.17s
ep=0659 frame=000 slot=09 J_F= -2358.00 meanZ=90.04 SoC=1.0000
ep=0659 frame=001 slot=09 J_F=  -869.50 meanZ=84.14 SoC=1.0000
ep=0659 frame=002 slot=09 J_F=  -992.00 meanZ=77.64 SoC=1.0000
ep=0659 frame=003 slot=09 J_F=  -953.60 meanZ=70.68 SoC=1.0000
ep=0659 frame=004 slot=09 J_F=  -511.00 meanZ=64.52 SoC=1.0000
ep=0659 frame=005 slot=09 J_F=  -395.20 meanZ=59.06 SoC=1.0000
ep=0659 frame=006 slot=09 J_F=   182.50 meanZ=55.02 SoC=1.0000
ep=0659 frame=007 slot=09 J_F=  -355.70 meanZ=50.86 SoC=1.0000
ep=0659 frame=008 slot=09 J_F=   293.60 meanZ=48.60 SoC=1.0000
ep=0659 frame=009 slot=09 J_F=   460.70 meanZ=48.02 SoC=1.0000
ep=0659 frame=010 slot=09 J_F=   173.80 meanZ=45.58 SoC=1.0000
ep=0659 frame=011 slot=09 J_F=  -184.00 meanZ=43.60 SoC=1.0000
ep=0659 frame=012 slot=09 J_F=   198.80 meanZ=41.68 SoC=1.0000
ep=0659 frame=013 slot=09 J_F=  -167.70 meanZ=41.24 SoC=1.0000
ep=0659 frame=014 slot=09 J_F=   737.80 meanZ=41.14 SoC=1.0000
ep=0659 frame=015 slot=09 J_F=    26.70 meanZ=40.00 SoC=1.0000
ep=0659 frame=016 slot=09 J_F=   193.90 meanZ=38.42 SoC=1.0000
ep=0659 frame=017 slot=09 J_F=     7.50 meanZ=37.48 SoC=1.0000
ep=0659 frame=018 slot=09 J_F=   617.50 meanZ=37.90 SoC=1.0000
ep=0659 frame=019 slot=09 J_F=   345.30 meanZ=36.82 SoC=1.0000
ep=0659 frame=020 slot=09 J_F=   832.50 meanZ=36.68 SoC=1.0000
ep=0659 frame=021 slot=09 J_F=   980.50 meanZ=34.94 SoC=1.0000
ep=0659 frame=022 slot=09 J_F=   273.90 meanZ=34.40 SoC=1.0000
ep=0659 frame=023 slot=09 J_F=   466.50 meanZ=34.22 SoC=1.0000
ep=0659 frame=024 slot=09 J_F=   295.50 meanZ=32.82 SoC=1.0000
ep=0659 frame=025 slot=09 J_F=   832.30 meanZ=33.50 SoC=1.0000
ep=0659 frame=026 slot=09 J_F=   194.60 meanZ=32.24 SoC=1.0000
ep=0659 frame=027 slot=09 J_F=   -18.70 meanZ=31.54 SoC=1.0000
ep=0659 frame=028 slot=09 J_F=   578.40 meanZ=31.96 SoC=1.0000
ep=0659 frame=029 slot=09 J_F=   675.50 meanZ=29.88 SoC=1.0000
hppo_rsu 660/750 QoE=0.42996 stall=0.0994 146.25s
ep=0660 frame=000 slot=09 J_F= -3262.10 meanZ=88.46 SoC=1.0000
ep=0660 frame=001 slot=09 J_F= -1976.50 meanZ=80.66 SoC=1.0000
ep=0660 frame=002 slot=09 J_F=  -619.00 meanZ=74.90 SoC=1.0000
ep=0660 frame=003 slot=09 J_F=  -722.60 meanZ=69.30 SoC=1.0000
ep=0660 frame=004 slot=09 J_F=  -583.50 meanZ=62.26 SoC=1.0000
ep=0660 frame=005 slot=09 J_F=   223.00 meanZ=57.66 SoC=1.0000
ep=0660 frame=006 slot=09 J_F=  -794.20 meanZ=52.46 SoC=1.0000
ep=0660 frame=007 slot=09 J_F=   423.00 meanZ=48.58 SoC=1.0000
ep=0660 frame=008 slot=09 J_F=   -64.00 meanZ=45.62 SoC=1.0000
ep=0660 frame=009 slot=09 J_F=   766.50 meanZ=42.86 SoC=1.0000
ep=0660 frame=010 slot=09 J_F=    47.90 meanZ=41.90 SoC=1.0000
ep=0660 frame=011 slot=09 J_F=   175.70 meanZ=39.42 SoC=1.0000
ep=0660 frame=012 slot=09 J_F=    45.50 meanZ=37.78 SoC=1.0000
ep=0660 frame=013 slot=09 J_F=   -10.30 meanZ=36.60 SoC=1.0000
ep=0660 frame=014 slot=09 J_F=   744.30 meanZ=35.16 SoC=1.0000
ep=0660 frame=015 slot=09 J_F=     8.00 meanZ=34.34 SoC=1.0000
ep=0660 frame=016 slot=09 J_F=    67.00 meanZ=32.84 SoC=1.0000
ep=0660 frame=017 slot=09 J_F=   -77.00 meanZ=32.44 SoC=1.0000
ep=0660 frame=018 slot=09 J_F=   883.40 meanZ=33.24 SoC=1.0000
ep=0660 frame=019 slot=09 J_F=   147.50 meanZ=34.06 SoC=1.0000
ep=0660 frame=020 slot=09 J_F=   274.20 meanZ=32.38 SoC=1.0000
ep=0660 frame=021 slot=09 J_F=   602.50 meanZ=32.38 SoC=1.0000
ep=0660 frame=022 slot=09 J_F=  -200.60 meanZ=30.26 SoC=1.0000
ep=0660 frame=023 slot=09 J_F=    64.50 meanZ=29.62 SoC=1.0000
ep=0660 frame=024 slot=09 J_F=   528.50 meanZ=32.10 SoC=1.0000
ep=0660 frame=025 slot=09 J_F=   447.80 meanZ=31.98 SoC=1.0000
ep=0660 frame=026 slot=09 J_F=   365.50 meanZ=31.34 SoC=1.0000
ep=0660 frame=027 slot=09 J_F=   118.00 meanZ=30.16 SoC=1.0000
ep=0660 frame=028 slot=09 J_F=    89.90 meanZ=29.34 SoC=1.0000
ep=0660 frame=029 slot=09 J_F=   300.70 meanZ=27.70 SoC=1.0000
hppo_rsu 661/750 QoE=0.42550 stall=0.1028 144.55s
ep=0661 frame=000 slot=09 J_F= -2748.10 meanZ=89.32 SoC=1.0000
ep=0661 frame=001 slot=09 J_F= -2301.60 meanZ=81.28 SoC=1.0000
ep=0661 frame=002 slot=09 J_F= -1586.10 meanZ=72.70 SoC=1.0000
ep=0661 frame=003 slot=09 J_F=   -88.60 meanZ=67.58 SoC=1.0000
ep=0661 frame=004 slot=09 J_F=  -519.00 meanZ=61.04 SoC=1.0000
ep=0661 frame=005 slot=09 J_F=   -52.60 meanZ=56.16 SoC=1.0000
ep=0661 frame=006 slot=09 J_F=  -359.60 meanZ=52.66 SoC=1.0000
ep=0661 frame=007 slot=09 J_F=   163.40 meanZ=49.02 SoC=1.0000
ep=0661 frame=008 slot=09 J_F=  -365.40 meanZ=44.94 SoC=1.0000
ep=0661 frame=009 slot=09 J_F=   216.90 meanZ=43.14 SoC=1.0000
ep=0661 frame=010 slot=09 J_F=   246.40 meanZ=40.66 SoC=1.0000
ep=0661 frame=011 slot=09 J_F=   161.50 meanZ=38.84 SoC=1.0000
ep=0661 frame=012 slot=09 J_F=   168.40 meanZ=37.94 SoC=1.0000
ep=0661 frame=013 slot=09 J_F=  -379.20 meanZ=37.20 SoC=1.0000
ep=0661 frame=014 slot=09 J_F=   648.40 meanZ=38.10 SoC=1.0000
ep=0661 frame=015 slot=09 J_F=    -5.60 meanZ=38.20 SoC=1.0000
ep=0661 frame=016 slot=09 J_F=   436.40 meanZ=38.46 SoC=1.0000
ep=0661 frame=017 slot=09 J_F=   108.40 meanZ=37.30 SoC=1.0000
ep=0661 frame=018 slot=09 J_F=   477.90 meanZ=37.62 SoC=1.0000
ep=0661 frame=019 slot=09 J_F=   500.00 meanZ=37.44 SoC=1.0000
ep=0661 frame=020 slot=09 J_F=   364.00 meanZ=35.52 SoC=1.0000
ep=0661 frame=021 slot=09 J_F=   302.00 meanZ=35.74 SoC=1.0000
ep=0661 frame=022 slot=09 J_F=   250.60 meanZ=35.22 SoC=1.0000
ep=0661 frame=023 slot=09 J_F=   335.00 meanZ=34.54 SoC=1.0000
ep=0661 frame=024 slot=09 J_F=   639.00 meanZ=34.32 SoC=1.0000
ep=0661 frame=025 slot=09 J_F=   779.90 meanZ=33.82 SoC=1.0000
ep=0661 frame=026 slot=09 J_F=    30.40 meanZ=31.68 SoC=1.0000
ep=0661 frame=027 slot=09 J_F=    -2.00 meanZ=31.52 SoC=1.0000
ep=0661 frame=028 slot=09 J_F=   506.00 meanZ=32.20 SoC=1.0000
ep=0661 frame=029 slot=09 J_F=  -252.00 meanZ=30.32 SoC=1.0000
hppo_rsu 662/750 QoE=0.38638 stall=0.1161 145.93s
ep=0662 frame=000 slot=09 J_F= -3287.00 meanZ=88.42 SoC=1.0000
ep=0662 frame=001 slot=09 J_F= -1632.20 meanZ=82.50 SoC=1.0000
ep=0662 frame=002 slot=09 J_F= -1526.50 meanZ=75.80 SoC=1.0000
ep=0662 frame=003 slot=09 J_F= -1131.10 meanZ=68.66 SoC=1.0000
ep=0662 frame=004 slot=09 J_F=  -963.00 meanZ=62.38 SoC=1.0000
ep=0662 frame=005 slot=09 J_F=   177.00 meanZ=57.58 SoC=1.0000
ep=0662 frame=006 slot=09 J_F=   113.40 meanZ=53.42 SoC=1.0000
ep=0662 frame=007 slot=09 J_F=   228.00 meanZ=50.68 SoC=1.0000
ep=0662 frame=008 slot=09 J_F=   400.00 meanZ=47.96 SoC=1.0000
ep=0662 frame=009 slot=09 J_F=  -153.00 meanZ=46.20 SoC=1.0000
ep=0662 frame=010 slot=09 J_F=   260.00 meanZ=45.90 SoC=1.0000
ep=0662 frame=011 slot=09 J_F=  -566.00 meanZ=42.42 SoC=1.0000
ep=0662 frame=012 slot=09 J_F=   394.50 meanZ=40.42 SoC=1.0000
ep=0662 frame=013 slot=09 J_F=   402.40 meanZ=39.82 SoC=1.0000
ep=0662 frame=014 slot=09 J_F=  -284.10 meanZ=38.12 SoC=1.0000
ep=0662 frame=015 slot=09 J_F=   775.90 meanZ=37.66 SoC=1.0000
ep=0662 frame=016 slot=09 J_F=   386.90 meanZ=38.16 SoC=1.0000
ep=0662 frame=017 slot=09 J_F=   313.50 meanZ=37.44 SoC=1.0000
ep=0662 frame=018 slot=09 J_F=    71.40 meanZ=35.02 SoC=1.0000
ep=0662 frame=019 slot=09 J_F=   421.00 meanZ=33.48 SoC=1.0000
ep=0662 frame=020 slot=09 J_F=   403.40 meanZ=32.16 SoC=1.0000
ep=0662 frame=021 slot=09 J_F=  -185.20 meanZ=31.58 SoC=1.0000
ep=0662 frame=022 slot=09 J_F=   193.00 meanZ=32.40 SoC=1.0000
ep=0662 frame=023 slot=09 J_F=   421.50 meanZ=30.62 SoC=1.0000
ep=0662 frame=024 slot=09 J_F=  -111.60 meanZ=29.82 SoC=1.0000
ep=0662 frame=025 slot=09 J_F=   550.30 meanZ=29.20 SoC=1.0000
ep=0662 frame=026 slot=09 J_F=   627.00 meanZ=31.26 SoC=1.0000
ep=0662 frame=027 slot=09 J_F=   650.00 meanZ=30.46 SoC=1.0000
ep=0662 frame=028 slot=09 J_F=   110.60 meanZ=30.42 SoC=1.0000
ep=0662 frame=029 slot=09 J_F=   235.90 meanZ=29.70 SoC=1.0000
hppo_rsu 663/750 QoE=0.42548 stall=0.1017 144.19s
ep=0663 frame=000 slot=09 J_F= -3133.20 meanZ=88.84 SoC=1.0000
ep=0663 frame=001 slot=09 J_F= -1506.60 meanZ=81.54 SoC=1.0000
ep=0663 frame=002 slot=09 J_F=  -701.00 meanZ=75.54 SoC=1.0000
ep=0663 frame=003 slot=09 J_F= -1353.70 meanZ=67.68 SoC=1.0000
ep=0663 frame=004 slot=09 J_F=  -276.00 meanZ=61.92 SoC=1.0000
ep=0663 frame=005 slot=09 J_F=  -280.00 meanZ=56.44 SoC=1.0000
ep=0663 frame=006 slot=09 J_F=  -269.00 meanZ=51.18 SoC=1.0000
ep=0663 frame=007 slot=09 J_F=  -452.10 meanZ=46.64 SoC=1.0000
ep=0663 frame=008 slot=09 J_F=    21.40 meanZ=43.82 SoC=1.0000
ep=0663 frame=009 slot=09 J_F=    23.30 meanZ=41.58 SoC=1.0000
ep=0663 frame=010 slot=09 J_F=   210.80 meanZ=39.32 SoC=1.0000
ep=0663 frame=011 slot=09 J_F=   528.90 meanZ=38.72 SoC=1.0000
ep=0663 frame=012 slot=09 J_F=  -103.00 meanZ=36.40 SoC=1.0000
ep=0663 frame=013 slot=09 J_F=   -31.60 meanZ=34.70 SoC=1.0000
ep=0663 frame=014 slot=09 J_F=   620.50 meanZ=34.62 SoC=1.0000
ep=0663 frame=015 slot=09 J_F=   121.80 meanZ=33.58 SoC=1.0000
ep=0663 frame=016 slot=09 J_F=     0.60 meanZ=32.28 SoC=1.0000
ep=0663 frame=017 slot=09 J_F=   318.50 meanZ=31.86 SoC=1.0000
ep=0663 frame=018 slot=09 J_F=   443.00 meanZ=31.06 SoC=1.0000
ep=0663 frame=019 slot=09 J_F=   575.00 meanZ=30.50 SoC=1.0000
ep=0663 frame=020 slot=09 J_F=   425.50 meanZ=30.40 SoC=1.0000
ep=0663 frame=021 slot=09 J_F=   373.50 meanZ=30.94 SoC=1.0000
ep=0663 frame=022 slot=09 J_F=   873.50 meanZ=32.00 SoC=1.0000
ep=0663 frame=023 slot=09 J_F=   762.50 meanZ=31.32 SoC=1.0000
ep=0663 frame=024 slot=09 J_F=   418.00 meanZ=31.92 SoC=1.0000
ep=0663 frame=025 slot=09 J_F=   -85.20 meanZ=30.08 SoC=1.0000
ep=0663 frame=026 slot=09 J_F=   412.00 meanZ=29.56 SoC=1.0000
ep=0663 frame=027 slot=09 J_F=   126.00 meanZ=29.26 SoC=1.0000
ep=0663 frame=028 slot=09 J_F=   784.10 meanZ=29.00 SoC=1.0000
ep=0663 frame=029 slot=09 J_F=   520.50 meanZ=30.40 SoC=1.0000
hppo_rsu 664/750 QoE=0.43787 stall=0.0962 145.55s
ep=0664 frame=000 slot=09 J_F= -2646.20 meanZ=88.98 SoC=1.0000
ep=0664 frame=001 slot=09 J_F= -2011.00 meanZ=80.18 SoC=1.0000
ep=0664 frame=002 slot=09 J_F= -1690.00 meanZ=73.12 SoC=1.0000
ep=0664 frame=003 slot=09 J_F=    32.50 meanZ=68.22 SoC=1.0000
ep=0664 frame=004 slot=09 J_F=  -752.70 meanZ=61.96 SoC=1.0000
ep=0664 frame=005 slot=09 J_F=    31.00 meanZ=56.58 SoC=1.0000
ep=0664 frame=006 slot=09 J_F=   186.40 meanZ=52.98 SoC=1.0000
ep=0664 frame=007 slot=09 J_F=  -263.60 meanZ=48.32 SoC=1.0000
ep=0664 frame=008 slot=09 J_F=   135.90 meanZ=45.44 SoC=1.0000
ep=0664 frame=009 slot=09 J_F=   -81.60 meanZ=42.64 SoC=1.0000
ep=0664 frame=010 slot=09 J_F=  -169.10 meanZ=39.52 SoC=1.0000
ep=0664 frame=011 slot=09 J_F=  -225.00 meanZ=36.98 SoC=1.0000
ep=0664 frame=012 slot=09 J_F=   217.40 meanZ=36.18 SoC=1.0000
ep=0664 frame=013 slot=09 J_F=   562.00 meanZ=36.82 SoC=1.0000
ep=0664 frame=014 slot=09 J_F=   389.80 meanZ=36.52 SoC=1.0000
ep=0664 frame=015 slot=09 J_F=  1059.30 meanZ=37.26 SoC=1.0000
ep=0664 frame=016 slot=09 J_F=   228.40 meanZ=36.54 SoC=1.0000
ep=0664 frame=017 slot=09 J_F=   429.50 meanZ=38.56 SoC=1.0000
ep=0664 frame=018 slot=09 J_F=   176.40 meanZ=38.90 SoC=1.0000
ep=0664 frame=019 slot=09 J_F=   344.50 meanZ=39.38 SoC=1.0000
ep=0664 frame=020 slot=09 J_F=   143.50 meanZ=38.54 SoC=1.0000
ep=0664 frame=021 slot=09 J_F=   678.00 meanZ=39.24 SoC=1.0000
ep=0664 frame=022 slot=09 J_F=   310.50 meanZ=39.08 SoC=1.0000
ep=0664 frame=023 slot=09 J_F=   866.40 meanZ=39.82 SoC=1.0000
ep=0664 frame=024 slot=09 J_F=   415.50 meanZ=40.22 SoC=1.0000
ep=0664 frame=025 slot=09 J_F=   405.50 meanZ=39.16 SoC=1.0000
ep=0664 frame=026 slot=09 J_F=   270.40 meanZ=38.88 SoC=1.0000
ep=0664 frame=027 slot=09 J_F=   549.00 meanZ=38.32 SoC=1.0000
ep=0664 frame=028 slot=09 J_F=   746.00 meanZ=38.38 SoC=1.0000
ep=0664 frame=029 slot=09 J_F=   493.80 meanZ=37.52 SoC=1.0000
hppo_rsu 665/750 QoE=0.36703 stall=0.1179 144.38s
ep=0665 frame=000 slot=09 J_F= -4032.50 meanZ=88.38 SoC=1.0000
ep=0665 frame=001 slot=09 J_F= -2138.10 meanZ=79.60 SoC=1.0000
ep=0665 frame=002 slot=09 J_F= -1081.60 meanZ=73.60 SoC=1.0000
ep=0665 frame=003 slot=09 J_F=  -648.70 meanZ=66.96 SoC=1.0000
ep=0665 frame=004 slot=09 J_F=  -271.10 meanZ=61.96 SoC=1.0000
ep=0665 frame=005 slot=09 J_F=  -246.20 meanZ=57.60 SoC=1.0000
ep=0665 frame=006 slot=09 J_F=  -205.00 meanZ=51.80 SoC=1.0000
ep=0665 frame=007 slot=09 J_F=  -615.00 meanZ=47.14 SoC=1.0000
ep=0665 frame=008 slot=09 J_F=   -44.50 meanZ=44.92 SoC=1.0000
ep=0665 frame=009 slot=09 J_F=   -94.00 meanZ=42.16 SoC=1.0000
ep=0665 frame=010 slot=09 J_F=  -252.10 meanZ=40.40 SoC=1.0000
ep=0665 frame=011 slot=09 J_F=  -334.50 meanZ=38.16 SoC=1.0000
ep=0665 frame=012 slot=09 J_F=   324.90 meanZ=38.12 SoC=1.0000
ep=0665 frame=013 slot=09 J_F=    95.00 meanZ=36.06 SoC=1.0000
ep=0665 frame=014 slot=09 J_F=   253.30 meanZ=34.48 SoC=1.0000
ep=0665 frame=015 slot=09 J_F=  -313.60 meanZ=31.60 SoC=1.0000
ep=0665 frame=016 slot=09 J_F=   497.00 meanZ=30.90 SoC=1.0000
ep=0665 frame=017 slot=09 J_F=   672.50 meanZ=31.38 SoC=1.0000
ep=0665 frame=018 slot=09 J_F=   199.50 meanZ=31.26 SoC=1.0000
ep=0665 frame=019 slot=09 J_F=   204.80 meanZ=30.06 SoC=1.0000
ep=0665 frame=020 slot=09 J_F=   327.10 meanZ=29.82 SoC=1.0000
ep=0665 frame=021 slot=09 J_F=   366.10 meanZ=30.66 SoC=1.0000
ep=0665 frame=022 slot=09 J_F=   692.90 meanZ=31.48 SoC=1.0000
ep=0665 frame=023 slot=09 J_F=   586.80 meanZ=32.10 SoC=1.0000
ep=0665 frame=024 slot=09 J_F=   581.10 meanZ=31.16 SoC=1.0000
ep=0665 frame=025 slot=09 J_F=   303.30 meanZ=29.92 SoC=1.0000
ep=0665 frame=026 slot=09 J_F=   257.70 meanZ=28.90 SoC=1.0000
ep=0665 frame=027 slot=09 J_F=   995.50 meanZ=29.58 SoC=1.0000
ep=0665 frame=028 slot=09 J_F=   885.50 meanZ=31.86 SoC=1.0000
ep=0665 frame=029 slot=09 J_F=   493.10 meanZ=33.44 SoC=1.0000
hppo_rsu 666/750 QoE=0.42703 stall=0.0977 145.97s
ep=0666 frame=000 slot=09 J_F= -3043.10 meanZ=88.98 SoC=1.0000
ep=0666 frame=001 slot=09 J_F= -2473.20 meanZ=81.04 SoC=1.0000
ep=0666 frame=002 slot=09 J_F= -1607.00 meanZ=73.46 SoC=1.0000
ep=0666 frame=003 slot=09 J_F=  -436.10 meanZ=67.38 SoC=1.0000
ep=0666 frame=004 slot=09 J_F=  -500.50 meanZ=60.86 SoC=1.0000
ep=0666 frame=005 slot=09 J_F=   320.50 meanZ=56.94 SoC=1.0000
ep=0666 frame=006 slot=09 J_F=  -218.50 meanZ=54.18 SoC=1.0000
ep=0666 frame=007 slot=09 J_F=   429.50 meanZ=51.32 SoC=1.0000
ep=0666 frame=008 slot=09 J_F=   -90.60 meanZ=47.42 SoC=1.0000
ep=0666 frame=009 slot=09 J_F=  -189.00 meanZ=46.24 SoC=1.0000
ep=0666 frame=010 slot=09 J_F=   256.90 meanZ=43.30 SoC=1.0000
ep=0666 frame=011 slot=09 J_F=  -120.50 meanZ=41.56 SoC=1.0000
ep=0666 frame=012 slot=09 J_F=   216.00 meanZ=40.46 SoC=1.0000
ep=0666 frame=013 slot=09 J_F=   328.90 meanZ=39.58 SoC=1.0000
ep=0666 frame=014 slot=09 J_F=   258.00 meanZ=37.42 SoC=1.0000
ep=0666 frame=015 slot=09 J_F=   500.80 meanZ=37.22 SoC=1.0000
ep=0666 frame=016 slot=09 J_F=   631.30 meanZ=36.26 SoC=1.0000
ep=0666 frame=017 slot=09 J_F=   601.50 meanZ=36.96 SoC=1.0000
ep=0666 frame=018 slot=09 J_F=   654.00 meanZ=36.38 SoC=1.0000
ep=0666 frame=019 slot=09 J_F=   270.10 meanZ=35.72 SoC=1.0000
ep=0666 frame=020 slot=09 J_F=   352.90 meanZ=34.90 SoC=1.0000
ep=0666 frame=021 slot=09 J_F=   721.00 meanZ=36.14 SoC=1.0000
ep=0666 frame=022 slot=09 J_F=   165.90 meanZ=36.02 SoC=1.0000
ep=0666 frame=023 slot=09 J_F=  -339.50 meanZ=35.30 SoC=1.0000
ep=0666 frame=024 slot=09 J_F=   -83.20 meanZ=34.54 SoC=1.0000
ep=0666 frame=025 slot=09 J_F=    71.00 meanZ=35.70 SoC=1.0000
ep=0666 frame=026 slot=09 J_F=   293.50 meanZ=34.86 SoC=1.0000
ep=0666 frame=027 slot=09 J_F=   462.90 meanZ=35.68 SoC=1.0000
ep=0666 frame=028 slot=09 J_F=  -212.10 meanZ=34.26 SoC=1.0000
ep=0666 frame=029 slot=09 J_F=   679.50 meanZ=33.78 SoC=1.0000
hppo_rsu 667/750 QoE=0.39960 stall=0.1088 144.53s
ep=0667 frame=000 slot=09 J_F= -2820.60 meanZ=87.88 SoC=1.0000
ep=0667 frame=001 slot=09 J_F= -1285.70 meanZ=80.58 SoC=1.0000
ep=0667 frame=002 slot=09 J_F= -2011.10 meanZ=72.78 SoC=1.0000
ep=0667 frame=003 slot=09 J_F=  -577.60 meanZ=67.04 SoC=1.0000
ep=0667 frame=004 slot=09 J_F=  -730.60 meanZ=61.10 SoC=1.0000
ep=0667 frame=005 slot=09 J_F=  -385.60 meanZ=55.94 SoC=1.0000
ep=0667 frame=006 slot=09 J_F=   158.30 meanZ=53.26 SoC=1.0000
ep=0667 frame=007 slot=09 J_F=  1241.00 meanZ=51.24 SoC=1.0000
ep=0667 frame=008 slot=09 J_F=  -120.70 meanZ=48.60 SoC=1.0000
ep=0667 frame=009 slot=09 J_F=  -122.20 meanZ=46.88 SoC=1.0000
ep=0667 frame=010 slot=09 J_F=   -72.50 meanZ=43.84 SoC=1.0000
ep=0667 frame=011 slot=09 J_F=  -107.60 meanZ=42.98 SoC=1.0000
ep=0667 frame=012 slot=09 J_F=   666.50 meanZ=42.90 SoC=1.0000
ep=0667 frame=013 slot=09 J_F=    46.00 meanZ=40.24 SoC=1.0000
ep=0667 frame=014 slot=09 J_F=   578.40 meanZ=39.32 SoC=1.0000
ep=0667 frame=015 slot=09 J_F=  -137.70 meanZ=38.86 SoC=1.0000
ep=0667 frame=016 slot=09 J_F=   229.00 meanZ=37.56 SoC=1.0000
ep=0667 frame=017 slot=09 J_F=   239.90 meanZ=38.02 SoC=1.0000
ep=0667 frame=018 slot=09 J_F=  -280.50 meanZ=36.84 SoC=1.0000
ep=0667 frame=019 slot=09 J_F=   174.50 meanZ=34.90 SoC=1.0000
ep=0667 frame=020 slot=09 J_F=    10.80 meanZ=33.22 SoC=1.0000
ep=0667 frame=021 slot=09 J_F=   247.50 meanZ=32.26 SoC=1.0000
ep=0667 frame=022 slot=09 J_F=   121.20 meanZ=31.98 SoC=1.0000
ep=0667 frame=023 slot=09 J_F=   756.50 meanZ=32.74 SoC=1.0000
ep=0667 frame=024 slot=09 J_F=   673.00 meanZ=32.94 SoC=1.0000
ep=0667 frame=025 slot=09 J_F=   461.00 meanZ=33.06 SoC=1.0000
ep=0667 frame=026 slot=09 J_F=   196.00 meanZ=32.06 SoC=1.0000
ep=0667 frame=027 slot=09 J_F=   139.90 meanZ=30.64 SoC=1.0000
ep=0667 frame=028 slot=09 J_F=   883.40 meanZ=30.08 SoC=1.0000
ep=0667 frame=029 slot=09 J_F=   304.00 meanZ=29.40 SoC=1.0000
hppo_rsu 668/750 QoE=0.46674 stall=0.0858 146.16s
ep=0668 frame=000 slot=09 J_F= -3047.20 meanZ=88.16 SoC=1.0000
ep=0668 frame=001 slot=09 J_F= -1384.10 meanZ=81.24 SoC=1.0000
ep=0668 frame=002 slot=09 J_F= -1709.60 meanZ=74.40 SoC=1.0000
ep=0668 frame=003 slot=09 J_F= -1011.00 meanZ=67.18 SoC=1.0000
ep=0668 frame=004 slot=09 J_F=  -947.20 meanZ=61.70 SoC=1.0000
ep=0668 frame=005 slot=09 J_F=  -643.70 meanZ=56.14 SoC=1.0000
ep=0668 frame=006 slot=09 J_F=    40.30 meanZ=51.74 SoC=1.0000
ep=0668 frame=007 slot=09 J_F=    79.00 meanZ=47.06 SoC=1.0000
ep=0668 frame=008 slot=09 J_F=  -119.00 meanZ=44.80 SoC=1.0000
ep=0668 frame=009 slot=09 J_F=    19.40 meanZ=41.66 SoC=1.0000
ep=0668 frame=010 slot=09 J_F=   214.70 meanZ=40.24 SoC=1.0000
ep=0668 frame=011 slot=09 J_F=  -280.50 meanZ=36.84 SoC=1.0000
ep=0668 frame=012 slot=09 J_F=   558.50 meanZ=35.70 SoC=1.0000
ep=0668 frame=013 slot=09 J_F=   -87.50 meanZ=32.12 SoC=1.0000
ep=0668 frame=014 slot=09 J_F=   359.50 meanZ=31.42 SoC=1.0000
ep=0668 frame=015 slot=09 J_F=   353.50 meanZ=30.58 SoC=1.0000
ep=0668 frame=016 slot=09 J_F=   363.50 meanZ=30.76 SoC=1.0000
ep=0668 frame=017 slot=09 J_F=  -210.50 meanZ=28.94 SoC=1.0000
ep=0668 frame=018 slot=09 J_F=   364.50 meanZ=28.92 SoC=1.0000
ep=0668 frame=019 slot=09 J_F=   736.90 meanZ=29.96 SoC=1.0000
ep=0668 frame=020 slot=09 J_F=   369.00 meanZ=31.02 SoC=1.0000
ep=0668 frame=021 slot=09 J_F=   -82.10 meanZ=31.50 SoC=1.0000
ep=0668 frame=022 slot=09 J_F=  1166.30 meanZ=31.44 SoC=1.0000
ep=0668 frame=023 slot=09 J_F=   506.50 meanZ=32.92 SoC=1.0000
ep=0668 frame=024 slot=09 J_F=   789.40 meanZ=33.90 SoC=1.0000
ep=0668 frame=025 slot=09 J_F=   739.00 meanZ=35.44 SoC=1.0000
ep=0668 frame=026 slot=09 J_F=   626.30 meanZ=35.82 SoC=1.0000
ep=0668 frame=027 slot=09 J_F=   829.00 meanZ=36.10 SoC=1.0000
ep=0668 frame=028 slot=09 J_F=   713.00 meanZ=37.82 SoC=1.0000
ep=0668 frame=029 slot=09 J_F=   148.80 meanZ=37.16 SoC=1.0000
hppo_rsu 669/750 QoE=0.44175 stall=0.0901 144.18s
ep=0669 frame=000 slot=09 J_F= -3367.20 meanZ=89.10 SoC=1.0000
ep=0669 frame=001 slot=09 J_F= -2356.10 meanZ=81.00 SoC=1.0000
ep=0669 frame=002 slot=09 J_F= -1799.60 meanZ=73.44 SoC=1.0000
ep=0669 frame=003 slot=09 J_F= -1562.60 meanZ=65.46 SoC=1.0000
ep=0669 frame=004 slot=09 J_F=  -506.50 meanZ=61.26 SoC=1.0000
ep=0669 frame=005 slot=09 J_F=  -613.10 meanZ=55.64 SoC=1.0000
ep=0669 frame=006 slot=09 J_F=  -184.10 meanZ=50.02 SoC=1.0000
ep=0669 frame=007 slot=09 J_F=   381.00 meanZ=46.32 SoC=1.0000
ep=0669 frame=008 slot=09 J_F=    46.90 meanZ=42.42 SoC=1.0000
ep=0669 frame=009 slot=09 J_F=  -287.10 meanZ=39.22 SoC=1.0000
ep=0669 frame=010 slot=09 J_F=   -35.10 meanZ=36.42 SoC=1.0000
ep=0669 frame=011 slot=09 J_F=    -6.00 meanZ=34.86 SoC=1.0000
ep=0669 frame=012 slot=09 J_F=   198.50 meanZ=34.54 SoC=1.0000
ep=0669 frame=013 slot=09 J_F=   436.90 meanZ=33.10 SoC=1.0000
ep=0669 frame=014 slot=09 J_F=   113.60 meanZ=33.50 SoC=1.0000
ep=0669 frame=015 slot=09 J_F=    94.40 meanZ=32.56 SoC=1.0000
ep=0669 frame=016 slot=09 J_F=    21.50 meanZ=31.46 SoC=1.0000
ep=0669 frame=017 slot=09 J_F=   854.60 meanZ=32.54 SoC=1.0000
ep=0669 frame=018 slot=09 J_F=   572.10 meanZ=33.60 SoC=1.0000
ep=0669 frame=019 slot=09 J_F=   378.40 meanZ=32.50 SoC=1.0000
ep=0669 frame=020 slot=09 J_F=   522.80 meanZ=31.84 SoC=1.0000
ep=0669 frame=021 slot=09 J_F=   377.40 meanZ=31.54 SoC=1.0000
ep=0669 frame=022 slot=09 J_F=   538.30 meanZ=31.82 SoC=1.0000
ep=0669 frame=023 slot=09 J_F=   195.40 meanZ=32.04 SoC=1.0000
ep=0669 frame=024 slot=09 J_F=   329.00 meanZ=32.28 SoC=1.0000
ep=0669 frame=025 slot=09 J_F=   333.10 meanZ=32.68 SoC=1.0000
ep=0669 frame=026 slot=09 J_F=   671.30 meanZ=33.96 SoC=1.0000
ep=0669 frame=027 slot=09 J_F=   645.20 meanZ=36.46 SoC=1.0000
ep=0669 frame=028 slot=09 J_F=   314.60 meanZ=35.52 SoC=1.0000
ep=0669 frame=029 slot=09 J_F=   602.40 meanZ=35.52 SoC=1.0000
hppo_rsu 670/750 QoE=0.39266 stall=0.1111 146.00s
ep=0670 frame=000 slot=09 J_F= -2651.10 meanZ=89.02 SoC=1.0000
ep=0670 frame=001 slot=09 J_F= -1556.60 meanZ=81.48 SoC=1.0000
ep=0670 frame=002 slot=09 J_F= -1433.80 meanZ=74.30 SoC=1.0000
ep=0670 frame=003 slot=09 J_F=  -951.10 meanZ=67.56 SoC=1.0000
ep=0670 frame=004 slot=09 J_F=  -856.00 meanZ=60.02 SoC=1.0000
ep=0670 frame=005 slot=09 J_F=   -86.10 meanZ=55.36 SoC=1.0000
ep=0670 frame=006 slot=09 J_F=   407.80 meanZ=54.62 SoC=1.0000
ep=0670 frame=007 slot=09 J_F=   -70.60 meanZ=52.04 SoC=1.0000
ep=0670 frame=008 slot=09 J_F=   358.40 meanZ=49.50 SoC=1.0000
ep=0670 frame=009 slot=09 J_F=   163.80 meanZ=47.20 SoC=1.0000
ep=0670 frame=010 slot=09 J_F=   488.90 meanZ=46.02 SoC=1.0000
ep=0670 frame=011 slot=09 J_F=   276.00 meanZ=44.98 SoC=1.0000
ep=0670 frame=012 slot=09 J_F=   679.50 meanZ=43.66 SoC=1.0000
ep=0670 frame=013 slot=09 J_F=  -310.60 meanZ=40.70 SoC=1.0000
ep=0670 frame=014 slot=09 J_F=   400.90 meanZ=41.40 SoC=1.0000
ep=0670 frame=015 slot=09 J_F=    92.40 meanZ=39.86 SoC=1.0000
ep=0670 frame=016 slot=09 J_F=    34.20 meanZ=38.66 SoC=1.0000
ep=0670 frame=017 slot=09 J_F=   263.00 meanZ=38.20 SoC=1.0000
ep=0670 frame=018 slot=09 J_F=  -196.10 meanZ=37.56 SoC=1.0000
ep=0670 frame=019 slot=09 J_F=   652.20 meanZ=38.28 SoC=1.0000
ep=0670 frame=020 slot=09 J_F=   295.50 meanZ=37.76 SoC=1.0000
ep=0670 frame=021 slot=09 J_F=   -92.50 meanZ=35.54 SoC=1.0000
ep=0670 frame=022 slot=09 J_F=   368.00 meanZ=34.22 SoC=1.0000
ep=0670 frame=023 slot=09 J_F=    51.60 meanZ=33.98 SoC=1.0000
ep=0670 frame=024 slot=09 J_F=  -150.50 meanZ=32.40 SoC=1.0000
ep=0670 frame=025 slot=09 J_F=   166.90 meanZ=32.30 SoC=1.0000
ep=0670 frame=026 slot=09 J_F=   671.50 meanZ=32.24 SoC=1.0000
ep=0670 frame=027 slot=09 J_F=   408.50 meanZ=32.06 SoC=1.0000
ep=0670 frame=028 slot=09 J_F=   166.50 meanZ=31.80 SoC=1.0000
ep=0670 frame=029 slot=09 J_F=   611.50 meanZ=31.50 SoC=1.0000
hppo_rsu 671/750 QoE=0.33455 stall=0.1357 144.33s
ep=0671 frame=000 slot=09 J_F= -2344.50 meanZ=89.14 SoC=1.0000
ep=0671 frame=001 slot=09 J_F= -1574.10 meanZ=81.46 SoC=1.0000
ep=0671 frame=002 slot=09 J_F= -1509.50 meanZ=73.56 SoC=1.0000
ep=0671 frame=003 slot=09 J_F=  -563.60 meanZ=67.00 SoC=1.0000
ep=0671 frame=004 slot=09 J_F=  -825.10 meanZ=61.40 SoC=1.0000
ep=0671 frame=005 slot=09 J_F=     8.50 meanZ=56.50 SoC=1.0000
ep=0671 frame=006 slot=09 J_F=   441.50 meanZ=54.30 SoC=1.0000
ep=0671 frame=007 slot=09 J_F=   462.40 meanZ=50.96 SoC=1.0000
ep=0671 frame=008 slot=09 J_F=   223.50 meanZ=49.14 SoC=1.0000
ep=0671 frame=009 slot=09 J_F=   -34.10 meanZ=46.28 SoC=1.0000
ep=0671 frame=010 slot=09 J_F=   274.40 meanZ=44.42 SoC=1.0000
ep=0671 frame=011 slot=09 J_F=   472.00 meanZ=43.78 SoC=1.0000
ep=0671 frame=012 slot=09 J_F=    77.00 meanZ=42.86 SoC=1.0000
ep=0671 frame=013 slot=09 J_F=   385.40 meanZ=43.08 SoC=1.0000
ep=0671 frame=014 slot=09 J_F=   456.90 meanZ=42.64 SoC=1.0000
ep=0671 frame=015 slot=09 J_F=    66.40 meanZ=41.32 SoC=1.0000
ep=0671 frame=016 slot=09 J_F=   393.90 meanZ=39.30 SoC=1.0000
ep=0671 frame=017 slot=09 J_F=   154.90 meanZ=38.40 SoC=1.0000
ep=0671 frame=018 slot=09 J_F=  -270.50 meanZ=36.60 SoC=1.0000
ep=0671 frame=019 slot=09 J_F=   408.90 meanZ=37.26 SoC=1.0000
ep=0671 frame=020 slot=09 J_F=   144.00 meanZ=36.26 SoC=1.0000
ep=0671 frame=021 slot=09 J_F=    84.50 meanZ=36.30 SoC=1.0000
ep=0671 frame=022 slot=09 J_F=   873.40 meanZ=35.48 SoC=1.0000
ep=0671 frame=023 slot=09 J_F=   648.50 meanZ=35.04 SoC=1.0000
ep=0671 frame=024 slot=09 J_F=   164.50 meanZ=34.08 SoC=1.0000
ep=0671 frame=025 slot=09 J_F=   613.50 meanZ=34.84 SoC=1.0000
ep=0671 frame=026 slot=09 J_F=   517.90 meanZ=32.54 SoC=1.0000
ep=0671 frame=027 slot=09 J_F=    20.30 meanZ=30.24 SoC=1.0000
ep=0671 frame=028 slot=09 J_F=   543.90 meanZ=29.20 SoC=1.0000
ep=0671 frame=029 slot=09 J_F=   478.40 meanZ=29.74 SoC=1.0000
hppo_rsu 672/750 QoE=0.41302 stall=0.1067 146.39s
ep=0672 frame=000 slot=09 J_F= -2851.50 meanZ=88.72 SoC=1.0000
ep=0672 frame=001 slot=09 J_F=  -888.90 meanZ=82.00 SoC=1.0000
ep=0672 frame=002 slot=09 J_F= -1983.70 meanZ=74.06 SoC=1.0000
ep=0672 frame=003 slot=09 J_F=  -360.60 meanZ=68.74 SoC=1.0000
ep=0672 frame=004 slot=09 J_F= -1437.20 meanZ=61.18 SoC=1.0000
ep=0672 frame=005 slot=09 J_F=   -80.50 meanZ=56.10 SoC=1.0000
ep=0672 frame=006 slot=09 J_F=  -257.20 meanZ=50.56 SoC=1.0000
ep=0672 frame=007 slot=09 J_F=  -209.00 meanZ=46.76 SoC=1.0000
ep=0672 frame=008 slot=09 J_F=   280.50 meanZ=44.32 SoC=1.0000
ep=0672 frame=009 slot=09 J_F=  -173.00 meanZ=41.78 SoC=1.0000
ep=0672 frame=010 slot=09 J_F=   778.00 meanZ=40.62 SoC=1.0000
ep=0672 frame=011 slot=09 J_F=    88.50 meanZ=37.68 SoC=1.0000
ep=0672 frame=012 slot=09 J_F=    79.70 meanZ=36.64 SoC=1.0000
ep=0672 frame=013 slot=09 J_F=  -210.10 meanZ=35.24 SoC=1.0000
ep=0672 frame=014 slot=09 J_F=   167.50 meanZ=34.02 SoC=1.0000
ep=0672 frame=015 slot=09 J_F=   187.50 meanZ=33.92 SoC=1.0000
ep=0672 frame=016 slot=09 J_F=  -127.50 meanZ=32.40 SoC=1.0000
ep=0672 frame=017 slot=09 J_F=   306.00 meanZ=32.14 SoC=1.0000
ep=0672 frame=018 slot=09 J_F=   608.00 meanZ=32.34 SoC=1.0000
ep=0672 frame=019 slot=09 J_F=   586.60 meanZ=32.56 SoC=1.0000
ep=0672 frame=020 slot=09 J_F=   113.10 meanZ=32.36 SoC=1.0000
ep=0672 frame=021 slot=09 J_F=   621.50 meanZ=33.00 SoC=1.0000
ep=0672 frame=022 slot=09 J_F=   -33.10 meanZ=32.02 SoC=1.0000
ep=0672 frame=023 slot=09 J_F=   423.50 meanZ=31.80 SoC=1.0000
ep=0672 frame=024 slot=09 J_F=   234.90 meanZ=30.54 SoC=1.0000
ep=0672 frame=025 slot=09 J_F=    -7.10 meanZ=29.10 SoC=1.0000
ep=0672 frame=026 slot=09 J_F=   259.50 meanZ=28.02 SoC=1.0000
ep=0672 frame=027 slot=09 J_F=   651.50 meanZ=27.96 SoC=1.0000
ep=0672 frame=028 slot=09 J_F=   472.00 meanZ=28.12 SoC=1.0000
ep=0672 frame=029 slot=09 J_F=   533.60 meanZ=27.36 SoC=1.0000
hppo_rsu 673/750 QoE=0.41175 stall=0.1082 144.12s
ep=0673 frame=000 slot=09 J_F= -3263.50 meanZ=88.34 SoC=1.0000
ep=0673 frame=001 slot=09 J_F= -1310.00 meanZ=81.08 SoC=1.0000
ep=0673 frame=002 slot=09 J_F= -1013.50 meanZ=75.48 SoC=1.0000
ep=0673 frame=003 slot=09 J_F=  -986.50 meanZ=67.46 SoC=1.0000
ep=0673 frame=004 slot=09 J_F=  -692.10 meanZ=61.20 SoC=1.0000
ep=0673 frame=005 slot=09 J_F=  -588.00 meanZ=54.38 SoC=1.0000
ep=0673 frame=006 slot=09 J_F=  -447.50 meanZ=49.36 SoC=1.0000
ep=0673 frame=007 slot=09 J_F=  -354.00 meanZ=45.08 SoC=1.0000
ep=0673 frame=008 slot=09 J_F=    86.90 meanZ=41.82 SoC=1.0000
ep=0673 frame=009 slot=09 J_F=   311.80 meanZ=40.18 SoC=1.0000
ep=0673 frame=010 slot=09 J_F=   105.00 meanZ=37.90 SoC=1.0000
ep=0673 frame=011 slot=09 J_F=   284.80 meanZ=36.76 SoC=1.0000
ep=0673 frame=012 slot=09 J_F=     3.10 meanZ=37.16 SoC=1.0000
ep=0673 frame=013 slot=09 J_F=   304.90 meanZ=37.24 SoC=1.0000
ep=0673 frame=014 slot=09 J_F=  -159.00 meanZ=36.02 SoC=1.0000
ep=0673 frame=015 slot=09 J_F=   623.60 meanZ=35.92 SoC=1.0000
ep=0673 frame=016 slot=09 J_F=   325.50 meanZ=36.40 SoC=1.0000
ep=0673 frame=017 slot=09 J_F=  -117.10 meanZ=34.84 SoC=1.0000
ep=0673 frame=018 slot=09 J_F=   358.50 meanZ=34.64 SoC=1.0000
ep=0673 frame=019 slot=09 J_F=   300.20 meanZ=33.40 SoC=1.0000
ep=0673 frame=020 slot=09 J_F=   442.00 meanZ=34.64 SoC=1.0000
ep=0673 frame=021 slot=09 J_F=   -92.10 meanZ=34.14 SoC=1.0000
ep=0673 frame=022 slot=09 J_F=   398.50 meanZ=33.70 SoC=1.0000
ep=0673 frame=023 slot=09 J_F=   586.90 meanZ=34.58 SoC=1.0000
ep=0673 frame=024 slot=09 J_F=   317.20 meanZ=35.14 SoC=1.0000
ep=0673 frame=025 slot=09 J_F=   401.50 meanZ=36.44 SoC=1.0000
ep=0673 frame=026 slot=09 J_F=  -147.50 meanZ=34.62 SoC=1.0000
ep=0673 frame=027 slot=09 J_F=   417.00 meanZ=32.74 SoC=1.0000
ep=0673 frame=028 slot=09 J_F=   679.60 meanZ=33.50 SoC=1.0000
ep=0673 frame=029 slot=09 J_F=   458.00 meanZ=34.32 SoC=1.0000
hppo_rsu 674/750 QoE=0.31556 stall=0.1416 146.19s
ep=0674 frame=000 slot=09 J_F= -3349.50 meanZ=88.48 SoC=1.0000
ep=0674 frame=001 slot=09 J_F= -2067.10 meanZ=80.30 SoC=1.0000
ep=0674 frame=002 slot=09 J_F= -1304.50 meanZ=72.68 SoC=1.0000
ep=0674 frame=003 slot=09 J_F=  -540.00 meanZ=66.40 SoC=1.0000
ep=0674 frame=004 slot=09 J_F=  -215.00 meanZ=61.14 SoC=1.0000
ep=0674 frame=005 slot=09 J_F=  -445.50 meanZ=55.18 SoC=1.0000
ep=0674 frame=006 slot=09 J_F=  -163.80 meanZ=50.66 SoC=1.0000
ep=0674 frame=007 slot=09 J_F=   -29.60 meanZ=47.78 SoC=1.0000
ep=0674 frame=008 slot=09 J_F=  -356.00 meanZ=45.82 SoC=1.0000
ep=0674 frame=009 slot=09 J_F=   107.40 meanZ=43.20 SoC=1.0000
ep=0674 frame=010 slot=09 J_F=   -10.00 meanZ=40.72 SoC=1.0000
ep=0674 frame=011 slot=09 J_F=   331.80 meanZ=38.96 SoC=1.0000
ep=0674 frame=012 slot=09 J_F=   111.00 meanZ=37.92 SoC=1.0000
ep=0674 frame=013 slot=09 J_F=   242.00 meanZ=36.28 SoC=1.0000
ep=0674 frame=014 slot=09 J_F=   222.00 meanZ=35.12 SoC=1.0000
ep=0674 frame=015 slot=09 J_F=  -314.60 meanZ=34.56 SoC=1.0000
ep=0674 frame=016 slot=09 J_F=   -22.10 meanZ=32.20 SoC=1.0000
ep=0674 frame=017 slot=09 J_F=   310.90 meanZ=30.80 SoC=1.0000
ep=0674 frame=018 slot=09 J_F=   152.00 meanZ=30.58 SoC=1.0000
ep=0674 frame=019 slot=09 J_F=   480.00 meanZ=30.28 SoC=1.0000
ep=0674 frame=020 slot=09 J_F=   667.50 meanZ=29.98 SoC=1.0000
ep=0674 frame=021 slot=09 J_F=   204.00 meanZ=29.46 SoC=1.0000
ep=0674 frame=022 slot=09 J_F=   870.00 meanZ=31.26 SoC=1.0000
ep=0674 frame=023 slot=09 J_F=   122.50 meanZ=30.76 SoC=1.0000
ep=0674 frame=024 slot=09 J_F=   192.80 meanZ=31.00 SoC=1.0000
ep=0674 frame=025 slot=09 J_F=   658.00 meanZ=31.02 SoC=1.0000
ep=0674 frame=026 slot=09 J_F=   436.00 meanZ=30.76 SoC=1.0000
ep=0674 frame=027 slot=09 J_F=   680.90 meanZ=30.92 SoC=1.0000
ep=0674 frame=028 slot=09 J_F=   489.90 meanZ=31.20 SoC=1.0000
ep=0674 frame=029 slot=09 J_F=   310.90 meanZ=31.62 SoC=1.0000
ep=1000000 frame=000 slot=09 J_F= -2520.00 meanZ=89.02 SoC=1.0000
ep=1000000 frame=001 slot=09 J_F= -1494.10 meanZ=81.26 SoC=1.0000
ep=1000000 frame=002 slot=09 J_F= -1785.60 meanZ=73.54 SoC=1.0000
ep=1000000 frame=003 slot=09 J_F= -1039.10 meanZ=66.24 SoC=1.0000
ep=1000000 frame=004 slot=09 J_F=  -612.50 meanZ=60.76 SoC=1.0000
ep=1000000 frame=005 slot=09 J_F=  -144.60 meanZ=54.28 SoC=1.0000
ep=1000000 frame=006 slot=09 J_F=  -217.50 meanZ=49.38 SoC=1.0000
ep=1000000 frame=007 slot=09 J_F=   271.90 meanZ=46.92 SoC=1.0000
ep=1000000 frame=008 slot=09 J_F=   151.40 meanZ=43.50 SoC=1.0000
ep=1000000 frame=009 slot=09 J_F=   500.90 meanZ=41.66 SoC=1.0000
ep=1000000 frame=010 slot=09 J_F=   481.60 meanZ=39.96 SoC=1.0000
ep=1000000 frame=011 slot=09 J_F=   -74.50 meanZ=38.04 SoC=1.0000
ep=1000000 frame=012 slot=09 J_F=  -294.00 meanZ=37.14 SoC=1.0000
ep=1000000 frame=013 slot=09 J_F=   279.90 meanZ=35.86 SoC=1.0000
ep=1000000 frame=014 slot=09 J_F=   667.50 meanZ=35.54 SoC=1.0000
ep=1000000 frame=015 slot=09 J_F=   807.00 meanZ=35.70 SoC=1.0000
ep=1000000 frame=016 slot=09 J_F=   185.00 meanZ=34.98 SoC=1.0000
ep=1000000 frame=017 slot=09 J_F=   189.70 meanZ=35.54 SoC=1.0000
ep=1000000 frame=018 slot=09 J_F=  -158.20 meanZ=34.88 SoC=1.0000
ep=1000000 frame=019 slot=09 J_F=   110.50 meanZ=34.32 SoC=1.0000
ep=1000000 frame=020 slot=09 J_F=   998.30 meanZ=35.54 SoC=1.0000
ep=1000000 frame=021 slot=09 J_F=   792.80 meanZ=36.44 SoC=1.0000
ep=1000000 frame=022 slot=09 J_F=   706.90 meanZ=35.76 SoC=1.0000
ep=1000000 frame=023 slot=09 J_F=   449.70 meanZ=35.16 SoC=1.0000
ep=1000000 frame=024 slot=09 J_F=   265.50 meanZ=35.28 SoC=1.0000
ep=1000000 frame=025 slot=09 J_F=   707.20 meanZ=34.60 SoC=1.0000
ep=1000000 frame=026 slot=09 J_F=   469.50 meanZ=35.16 SoC=1.0000
ep=1000000 frame=027 slot=09 J_F=  -153.50 meanZ=34.30 SoC=1.0000
ep=1000000 frame=028 slot=09 J_F=   492.20 meanZ=35.18 SoC=1.0000
ep=1000000 frame=029 slot=09 J_F=   640.50 meanZ=34.74 SoC=1.0000
ep=1000001 frame=000 slot=09 J_F= -2436.50 meanZ=88.92 SoC=1.0000
ep=1000001 frame=001 slot=09 J_F=  -938.00 meanZ=82.92 SoC=1.0000
ep=1000001 frame=002 slot=09 J_F= -1364.00 meanZ=76.00 SoC=1.0000
ep=1000001 frame=003 slot=09 J_F=  -789.00 meanZ=69.40 SoC=1.0000
ep=1000001 frame=004 slot=09 J_F= -1304.50 meanZ=60.70 SoC=1.0000
ep=1000001 frame=005 slot=09 J_F=  -140.50 meanZ=53.52 SoC=1.0000
ep=1000001 frame=006 slot=09 J_F=  -697.50 meanZ=46.56 SoC=1.0000
ep=1000001 frame=007 slot=09 J_F=  -298.00 meanZ=41.86 SoC=1.0000
ep=1000001 frame=008 slot=09 J_F=   -39.00 meanZ=39.62 SoC=1.0000
ep=1000001 frame=009 slot=09 J_F=  -662.50 meanZ=36.34 SoC=1.0000
ep=1000001 frame=010 slot=09 J_F=    52.30 meanZ=35.24 SoC=1.0000
ep=1000001 frame=011 slot=09 J_F=  -133.60 meanZ=34.68 SoC=1.0000
ep=1000001 frame=012 slot=09 J_F=   395.50 meanZ=33.30 SoC=1.0000
ep=1000001 frame=013 slot=09 J_F=   397.90 meanZ=32.82 SoC=1.0000
ep=1000001 frame=014 slot=09 J_F=   966.00 meanZ=35.02 SoC=1.0000
ep=1000001 frame=015 slot=09 J_F=   550.90 meanZ=35.52 SoC=1.0000
ep=1000001 frame=016 slot=09 J_F=   238.40 meanZ=34.28 SoC=1.0000
ep=1000001 frame=017 slot=09 J_F=   365.50 meanZ=34.88 SoC=1.0000
ep=1000001 frame=018 slot=09 J_F=   803.90 meanZ=35.84 SoC=1.0000
ep=1000001 frame=019 slot=09 J_F=   723.90 meanZ=36.94 SoC=1.0000
ep=1000001 frame=020 slot=09 J_F=   440.50 meanZ=37.16 SoC=1.0000
ep=1000001 frame=021 slot=09 J_F=   459.90 meanZ=36.92 SoC=1.0000
ep=1000001 frame=022 slot=09 J_F=   654.00 meanZ=37.58 SoC=1.0000
ep=1000001 frame=023 slot=09 J_F=   629.50 meanZ=38.62 SoC=1.0000
ep=1000001 frame=024 slot=09 J_F=   440.40 meanZ=39.02 SoC=1.0000
ep=1000001 frame=025 slot=09 J_F=    25.50 meanZ=38.12 SoC=1.0000
ep=1000001 frame=026 slot=09 J_F=   337.60 meanZ=37.64 SoC=1.0000
ep=1000001 frame=027 slot=09 J_F=   743.40 meanZ=38.18 SoC=1.0000
ep=1000001 frame=028 slot=09 J_F=   210.50 meanZ=38.10 SoC=1.0000
ep=1000001 frame=029 slot=09 J_F=   -39.00 meanZ=37.14 SoC=1.0000
ep=1000002 frame=000 slot=09 J_F= -2029.50 meanZ=89.32 SoC=1.0000
ep=1000002 frame=001 slot=09 J_F= -2051.10 meanZ=82.54 SoC=1.0000
ep=1000002 frame=002 slot=09 J_F= -1567.50 meanZ=74.50 SoC=1.0000
ep=1000002 frame=003 slot=09 J_F= -1308.60 meanZ=67.60 SoC=1.0000
ep=1000002 frame=004 slot=09 J_F=  -527.60 meanZ=60.96 SoC=1.0000
ep=1000002 frame=005 slot=09 J_F=   -59.50 meanZ=55.56 SoC=1.0000
ep=1000002 frame=006 slot=09 J_F=   192.40 meanZ=50.72 SoC=1.0000
ep=1000002 frame=007 slot=09 J_F=   -75.00 meanZ=46.78 SoC=1.0000
ep=1000002 frame=008 slot=09 J_F=  -226.60 meanZ=43.42 SoC=1.0000
ep=1000002 frame=009 slot=09 J_F=  -235.00 meanZ=40.48 SoC=1.0000
ep=1000002 frame=010 slot=09 J_F=    67.00 meanZ=38.82 SoC=1.0000
ep=1000002 frame=011 slot=09 J_F=   327.40 meanZ=36.92 SoC=1.0000
ep=1000002 frame=012 slot=09 J_F=    56.00 meanZ=34.64 SoC=1.0000
ep=1000002 frame=013 slot=09 J_F=  -370.10 meanZ=34.58 SoC=1.0000
ep=1000002 frame=014 slot=09 J_F=   218.50 meanZ=33.68 SoC=1.0000
ep=1000002 frame=015 slot=09 J_F=   515.50 meanZ=33.68 SoC=1.0000
ep=1000002 frame=016 slot=09 J_F=   -57.00 meanZ=34.46 SoC=1.0000
ep=1000002 frame=017 slot=09 J_F=   370.00 meanZ=34.28 SoC=1.0000
ep=1000002 frame=018 slot=09 J_F=   799.90 meanZ=33.72 SoC=1.0000
ep=1000002 frame=019 slot=09 J_F=   261.40 meanZ=35.74 SoC=1.0000
ep=1000002 frame=020 slot=09 J_F=   530.30 meanZ=35.50 SoC=1.0000
ep=1000002 frame=021 slot=09 J_F=   449.40 meanZ=36.00 SoC=1.0000
ep=1000002 frame=022 slot=09 J_F=   350.50 meanZ=36.04 SoC=1.0000
ep=1000002 frame=023 slot=09 J_F=   312.00 meanZ=35.88 SoC=1.0000
ep=1000002 frame=024 slot=09 J_F=   603.50 meanZ=35.80 SoC=1.0000
ep=1000002 frame=025 slot=09 J_F=   280.90 meanZ=36.36 SoC=1.0000
ep=1000002 frame=026 slot=09 J_F=   305.50 meanZ=35.30 SoC=1.0000
ep=1000002 frame=027 slot=09 J_F=   258.50 meanZ=34.72 SoC=1.0000
ep=1000002 frame=028 slot=09 J_F=   299.50 meanZ=35.06 SoC=1.0000
ep=1000002 frame=029 slot=09 J_F=   536.50 meanZ=35.46 SoC=1.0000
ep=1000003 frame=000 slot=09 J_F= -3272.50 meanZ=88.76 SoC=1.0000
ep=1000003 frame=001 slot=09 J_F= -1486.50 meanZ=81.04 SoC=1.0000
ep=1000003 frame=002 slot=09 J_F= -1957.10 meanZ=74.10 SoC=1.0000
ep=1000003 frame=003 slot=09 J_F= -1074.10 meanZ=67.24 SoC=1.0000
ep=1000003 frame=004 slot=09 J_F=  -205.50 meanZ=62.08 SoC=1.0000
ep=1000003 frame=005 slot=09 J_F= -1129.50 meanZ=55.72 SoC=1.0000
ep=1000003 frame=006 slot=09 J_F=  -137.10 meanZ=50.78 SoC=1.0000
ep=1000003 frame=007 slot=09 J_F=   707.40 meanZ=49.18 SoC=1.0000
ep=1000003 frame=008 slot=09 J_F=   145.40 meanZ=46.78 SoC=1.0000
ep=1000003 frame=009 slot=09 J_F=    66.50 meanZ=45.72 SoC=1.0000
ep=1000003 frame=010 slot=09 J_F=   154.90 meanZ=43.44 SoC=1.0000
ep=1000003 frame=011 slot=09 J_F=   101.40 meanZ=40.74 SoC=1.0000
ep=1000003 frame=012 slot=09 J_F=   216.80 meanZ=40.36 SoC=1.0000
ep=1000003 frame=013 slot=09 J_F=    55.00 meanZ=38.86 SoC=1.0000
ep=1000003 frame=014 slot=09 J_F=   -89.00 meanZ=38.22 SoC=1.0000
ep=1000003 frame=015 slot=09 J_F=   240.50 meanZ=38.02 SoC=1.0000
ep=1000003 frame=016 slot=09 J_F=    91.80 meanZ=36.54 SoC=1.0000
ep=1000003 frame=017 slot=09 J_F=   246.00 meanZ=36.30 SoC=1.0000
ep=1000003 frame=018 slot=09 J_F=     7.50 meanZ=34.84 SoC=1.0000
ep=1000003 frame=019 slot=09 J_F=   546.00 meanZ=35.40 SoC=1.0000
ep=1000003 frame=020 slot=09 J_F=   609.00 meanZ=34.86 SoC=1.0000
ep=1000003 frame=021 slot=09 J_F=   250.90 meanZ=34.72 SoC=1.0000
ep=1000003 frame=022 slot=09 J_F=   263.00 meanZ=33.56 SoC=1.0000
ep=1000003 frame=023 slot=09 J_F=   101.00 meanZ=33.62 SoC=1.0000
ep=1000003 frame=024 slot=09 J_F=    85.90 meanZ=33.36 SoC=1.0000
ep=1000003 frame=025 slot=09 J_F=   701.50 meanZ=34.78 SoC=1.0000
ep=1000003 frame=026 slot=09 J_F=   687.00 meanZ=34.78 SoC=1.0000
ep=1000003 frame=027 slot=09 J_F=   -34.50 meanZ=34.90 SoC=1.0000
ep=1000003 frame=028 slot=09 J_F=   462.90 meanZ=35.22 SoC=1.0000
ep=1000003 frame=029 slot=09 J_F=   660.50 meanZ=35.14 SoC=1.0000
ep=1000004 frame=000 slot=09 J_F= -2805.50 meanZ=88.20 SoC=1.0000
ep=1000004 frame=001 slot=09 J_F= -1512.50 meanZ=81.60 SoC=1.0000
ep=1000004 frame=002 slot=09 J_F= -1394.00 meanZ=74.96 SoC=1.0000
ep=1000004 frame=003 slot=09 J_F= -1408.10 meanZ=67.92 SoC=1.0000
ep=1000004 frame=004 slot=09 J_F=  -718.00 meanZ=59.86 SoC=1.0000
ep=1000004 frame=005 slot=09 J_F=   -31.50 meanZ=54.52 SoC=1.0000
ep=1000004 frame=006 slot=09 J_F=  -342.60 meanZ=49.94 SoC=1.0000
ep=1000004 frame=007 slot=09 J_F=  -237.10 meanZ=46.38 SoC=1.0000
ep=1000004 frame=008 slot=09 J_F=  -381.60 meanZ=44.28 SoC=1.0000
ep=1000004 frame=009 slot=09 J_F=   324.00 meanZ=42.14 SoC=1.0000
ep=1000004 frame=010 slot=09 J_F=    60.90 meanZ=40.86 SoC=1.0000
ep=1000004 frame=011 slot=09 J_F=  -314.50 meanZ=38.60 SoC=1.0000
ep=1000004 frame=012 slot=09 J_F=   166.00 meanZ=38.00 SoC=1.0000
ep=1000004 frame=013 slot=09 J_F=   626.50 meanZ=38.02 SoC=1.0000
ep=1000004 frame=014 slot=09 J_F=   -46.00 meanZ=37.48 SoC=1.0000
ep=1000004 frame=015 slot=09 J_F=   498.50 meanZ=36.96 SoC=1.0000
ep=1000004 frame=016 slot=09 J_F=   121.40 meanZ=35.82 SoC=1.0000
ep=1000004 frame=017 slot=09 J_F=   360.00 meanZ=36.80 SoC=1.0000
ep=1000004 frame=018 slot=09 J_F=   400.00 meanZ=35.04 SoC=1.0000
ep=1000004 frame=019 slot=09 J_F=   218.40 meanZ=34.12 SoC=1.0000
ep=1000004 frame=020 slot=09 J_F=    -1.10 meanZ=33.68 SoC=1.0000
ep=1000004 frame=021 slot=09 J_F=   343.00 meanZ=33.20 SoC=1.0000
ep=1000004 frame=022 slot=09 J_F=   814.00 meanZ=33.72 SoC=1.0000
ep=1000004 frame=023 slot=09 J_F=    67.90 meanZ=34.34 SoC=1.0000
ep=1000004 frame=024 slot=09 J_F=   524.90 meanZ=34.62 SoC=1.0000
ep=1000004 frame=025 slot=09 J_F=   268.40 meanZ=34.72 SoC=1.0000
ep=1000004 frame=026 slot=09 J_F=   493.50 meanZ=34.56 SoC=1.0000
ep=1000004 frame=027 slot=09 J_F=   650.50 meanZ=35.02 SoC=1.0000
ep=1000004 frame=028 slot=09 J_F=   -52.10 meanZ=35.56 SoC=1.0000
ep=1000004 frame=029 slot=09 J_F=   978.00 meanZ=35.12 SoC=1.0000
ep=1000005 frame=000 slot=09 J_F= -3298.50 meanZ=88.54 SoC=1.0000
ep=1000005 frame=001 slot=09 J_F= -2003.10 meanZ=81.64 SoC=1.0000
ep=1000005 frame=002 slot=09 J_F= -1454.00 meanZ=74.86 SoC=1.0000
ep=1000005 frame=003 slot=09 J_F=  -952.50 meanZ=67.96 SoC=1.0000
ep=1000005 frame=004 slot=09 J_F=  -981.60 meanZ=61.08 SoC=1.0000
ep=1000005 frame=005 slot=09 J_F=  -112.50 meanZ=56.26 SoC=1.0000
ep=1000005 frame=006 slot=09 J_F=     2.90 meanZ=50.74 SoC=1.0000
ep=1000005 frame=007 slot=09 J_F=    60.50 meanZ=49.12 SoC=1.0000
ep=1000005 frame=008 slot=09 J_F=  -268.20 meanZ=44.74 SoC=1.0000
ep=1000005 frame=009 slot=09 J_F=   500.90 meanZ=42.82 SoC=1.0000
ep=1000005 frame=010 slot=09 J_F=   169.40 meanZ=39.10 SoC=1.0000
ep=1000005 frame=011 slot=09 J_F=   112.50 meanZ=38.00 SoC=1.0000
ep=1000005 frame=012 slot=09 J_F=   -32.60 meanZ=37.56 SoC=1.0000
ep=1000005 frame=013 slot=09 J_F=   -72.60 meanZ=35.60 SoC=1.0000
ep=1000005 frame=014 slot=09 J_F=   691.50 meanZ=36.38 SoC=1.0000
ep=1000005 frame=015 slot=09 J_F=   275.50 meanZ=35.04 SoC=1.0000
ep=1000005 frame=016 slot=09 J_F=   578.00 meanZ=34.90 SoC=1.0000
ep=1000005 frame=017 slot=09 J_F=   431.50 meanZ=35.06 SoC=1.0000
ep=1000005 frame=018 slot=09 J_F=   478.00 meanZ=35.02 SoC=1.0000
ep=1000005 frame=019 slot=09 J_F=   343.90 meanZ=34.98 SoC=1.0000
ep=1000005 frame=020 slot=09 J_F=   311.50 meanZ=33.52 SoC=1.0000
ep=1000005 frame=021 slot=09 J_F=   -26.60 meanZ=33.34 SoC=1.0000
ep=1000005 frame=022 slot=09 J_F=   155.00 meanZ=32.42 SoC=1.0000
ep=1000005 frame=023 slot=09 J_F=   470.50 meanZ=31.98 SoC=1.0000
ep=1000005 frame=024 slot=09 J_F=   261.90 meanZ=32.48 SoC=1.0000
ep=1000005 frame=025 slot=09 J_F=   449.00 meanZ=32.64 SoC=1.0000
ep=1000005 frame=026 slot=09 J_F=   911.80 meanZ=33.06 SoC=1.0000
ep=1000005 frame=027 slot=09 J_F=   552.10 meanZ=33.42 SoC=1.0000
ep=1000005 frame=028 slot=09 J_F=   614.40 meanZ=34.20 SoC=1.0000
ep=1000005 frame=029 slot=09 J_F=   679.00 meanZ=34.24 SoC=1.0000
ep=1000006 frame=000 slot=09 J_F= -1557.50 meanZ=89.40 SoC=1.0000
ep=1000006 frame=001 slot=09 J_F= -1376.50 meanZ=82.62 SoC=1.0000
ep=1000006 frame=002 slot=09 J_F= -1467.50 meanZ=75.42 SoC=1.0000
ep=1000006 frame=003 slot=09 J_F= -1307.60 meanZ=68.46 SoC=1.0000
ep=1000006 frame=004 slot=09 J_F=  -625.50 meanZ=60.76 SoC=1.0000
ep=1000006 frame=005 slot=09 J_F=  -222.50 meanZ=55.98 SoC=1.0000
ep=1000006 frame=006 slot=09 J_F=  -790.60 meanZ=51.24 SoC=1.0000
ep=1000006 frame=007 slot=09 J_F=   435.40 meanZ=48.54 SoC=1.0000
ep=1000006 frame=008 slot=09 J_F=   -25.00 meanZ=45.72 SoC=1.0000
ep=1000006 frame=009 slot=09 J_F=  -249.90 meanZ=43.10 SoC=1.0000
ep=1000006 frame=010 slot=09 J_F=    58.90 meanZ=42.56 SoC=1.0000
ep=1000006 frame=011 slot=09 J_F=   256.50 meanZ=40.90 SoC=1.0000
ep=1000006 frame=012 slot=09 J_F=   292.50 meanZ=39.56 SoC=1.0000
ep=1000006 frame=013 slot=09 J_F=   480.00 meanZ=40.92 SoC=1.0000
ep=1000006 frame=014 slot=09 J_F=   278.50 meanZ=39.86 SoC=1.0000
ep=1000006 frame=015 slot=09 J_F=  -152.10 meanZ=38.58 SoC=1.0000
ep=1000006 frame=016 slot=09 J_F=   722.90 meanZ=37.74 SoC=1.0000
ep=1000006 frame=017 slot=09 J_F=   503.00 meanZ=37.32 SoC=1.0000
ep=1000006 frame=018 slot=09 J_F=   142.90 meanZ=37.42 SoC=1.0000
ep=1000006 frame=019 slot=09 J_F=   349.40 meanZ=37.54 SoC=1.0000
ep=1000006 frame=020 slot=09 J_F=   380.00 meanZ=36.90 SoC=1.0000
ep=1000006 frame=021 slot=09 J_F=   432.00 meanZ=37.32 SoC=1.0000
ep=1000006 frame=022 slot=09 J_F=    77.80 meanZ=36.60 SoC=1.0000
ep=1000006 frame=023 slot=09 J_F=   835.50 meanZ=37.34 SoC=1.0000
ep=1000006 frame=024 slot=09 J_F=   511.00 meanZ=37.28 SoC=1.0000
ep=1000006 frame=025 slot=09 J_F=   -12.10 meanZ=36.98 SoC=1.0000
ep=1000006 frame=026 slot=09 J_F=   129.90 meanZ=36.52 SoC=1.0000
ep=1000006 frame=027 slot=09 J_F=   546.40 meanZ=35.94 SoC=1.0000
ep=1000006 frame=028 slot=09 J_F=   528.40 meanZ=36.24 SoC=1.0000
ep=1000006 frame=029 slot=09 J_F=   653.50 meanZ=36.22 SoC=1.0000
ep=1000007 frame=000 slot=09 J_F= -3727.50 meanZ=87.82 SoC=1.0000
ep=1000007 frame=001 slot=09 J_F= -1719.10 meanZ=79.88 SoC=1.0000
ep=1000007 frame=002 slot=09 J_F= -1477.10 meanZ=72.32 SoC=1.0000
ep=1000007 frame=003 slot=09 J_F=  -364.10 meanZ=65.92 SoC=1.0000
ep=1000007 frame=004 slot=09 J_F=  -971.50 meanZ=58.70 SoC=1.0000
ep=1000007 frame=005 slot=09 J_F=  -199.60 meanZ=53.18 SoC=1.0000
ep=1000007 frame=006 slot=09 J_F=  -491.10 meanZ=47.56 SoC=1.0000
ep=1000007 frame=007 slot=09 J_F=  -157.00 meanZ=44.06 SoC=1.0000
ep=1000007 frame=008 slot=09 J_F=   581.90 meanZ=43.12 SoC=1.0000
ep=1000007 frame=009 slot=09 J_F=   450.90 meanZ=42.84 SoC=1.0000
ep=1000007 frame=010 slot=09 J_F=  -408.60 meanZ=40.72 SoC=1.0000
ep=1000007 frame=011 slot=09 J_F=   491.00 meanZ=39.32 SoC=1.0000
ep=1000007 frame=012 slot=09 J_F=   374.90 meanZ=39.18 SoC=1.0000
ep=1000007 frame=013 slot=09 J_F=   216.30 meanZ=38.40 SoC=1.0000
ep=1000007 frame=014 slot=09 J_F=   339.50 meanZ=38.80 SoC=1.0000
ep=1000007 frame=015 slot=09 J_F=   171.00 meanZ=39.04 SoC=1.0000
ep=1000007 frame=016 slot=09 J_F=   333.00 meanZ=38.64 SoC=1.0000
ep=1000007 frame=017 slot=09 J_F=   -45.50 meanZ=38.32 SoC=1.0000
ep=1000007 frame=018 slot=09 J_F=    22.00 meanZ=37.38 SoC=1.0000
ep=1000007 frame=019 slot=09 J_F=  -387.50 meanZ=35.30 SoC=1.0000
ep=1000007 frame=020 slot=09 J_F=   216.50 meanZ=34.74 SoC=1.0000
ep=1000007 frame=021 slot=09 J_F=   481.90 meanZ=35.00 SoC=1.0000
ep=1000007 frame=022 slot=09 J_F=   111.40 meanZ=33.58 SoC=1.0000
ep=1000007 frame=023 slot=09 J_F=   345.00 meanZ=34.28 SoC=1.0000
ep=1000007 frame=024 slot=09 J_F=   142.50 meanZ=33.60 SoC=1.0000
ep=1000007 frame=025 slot=09 J_F=   593.00 meanZ=33.80 SoC=1.0000
ep=1000007 frame=026 slot=09 J_F=   451.40 meanZ=34.30 SoC=1.0000
ep=1000007 frame=027 slot=09 J_F=   179.40 meanZ=34.06 SoC=1.0000
ep=1000007 frame=028 slot=09 J_F=    71.90 meanZ=34.16 SoC=1.0000
ep=1000007 frame=029 slot=09 J_F=   -12.00 meanZ=32.92 SoC=1.0000
ep=1000008 frame=000 slot=09 J_F= -3445.00 meanZ=87.50 SoC=1.0000
ep=1000008 frame=001 slot=09 J_F= -2286.00 meanZ=79.06 SoC=1.0000
ep=1000008 frame=002 slot=09 J_F= -1592.50 meanZ=71.68 SoC=1.0000
ep=1000008 frame=003 slot=09 J_F=  -393.00 meanZ=65.02 SoC=1.0000
ep=1000008 frame=004 slot=09 J_F=  -556.00 meanZ=59.66 SoC=1.0000
ep=1000008 frame=005 slot=09 J_F=   374.00 meanZ=54.16 SoC=1.0000
ep=1000008 frame=006 slot=09 J_F=  -307.50 meanZ=50.04 SoC=1.0000
ep=1000008 frame=007 slot=09 J_F=    86.50 meanZ=45.92 SoC=1.0000
ep=1000008 frame=008 slot=09 J_F=   430.40 meanZ=44.16 SoC=1.0000
ep=1000008 frame=009 slot=09 J_F=  -237.60 meanZ=41.22 SoC=1.0000
ep=1000008 frame=010 slot=09 J_F=   342.00 meanZ=39.62 SoC=1.0000
ep=1000008 frame=011 slot=09 J_F=   143.90 meanZ=39.14 SoC=1.0000
ep=1000008 frame=012 slot=09 J_F=   537.50 meanZ=38.88 SoC=1.0000
ep=1000008 frame=013 slot=09 J_F=   236.00 meanZ=37.74 SoC=1.0000
ep=1000008 frame=014 slot=09 J_F=    86.00 meanZ=36.30 SoC=1.0000
ep=1000008 frame=015 slot=09 J_F=   417.00 meanZ=36.02 SoC=1.0000
ep=1000008 frame=016 slot=09 J_F=  -108.00 meanZ=34.54 SoC=1.0000
ep=1000008 frame=017 slot=09 J_F=    27.40 meanZ=33.88 SoC=1.0000
ep=1000008 frame=018 slot=09 J_F=    95.90 meanZ=33.92 SoC=1.0000
ep=1000008 frame=019 slot=09 J_F=   567.90 meanZ=32.92 SoC=1.0000
ep=1000008 frame=020 slot=09 J_F=    -9.10 meanZ=32.64 SoC=1.0000
ep=1000008 frame=021 slot=09 J_F=   324.50 meanZ=33.06 SoC=1.0000
ep=1000008 frame=022 slot=09 J_F=   484.00 meanZ=33.18 SoC=1.0000
ep=1000008 frame=023 slot=09 J_F=   860.00 meanZ=34.36 SoC=1.0000
ep=1000008 frame=024 slot=09 J_F=   155.80 meanZ=33.90 SoC=1.0000
ep=1000008 frame=025 slot=09 J_F=   764.40 meanZ=33.32 SoC=1.0000
ep=1000008 frame=026 slot=09 J_F=   384.90 meanZ=32.98 SoC=1.0000
ep=1000008 frame=027 slot=09 J_F=   530.90 meanZ=32.84 SoC=1.0000
ep=1000008 frame=028 slot=09 J_F=   294.00 meanZ=32.24 SoC=1.0000
ep=1000008 frame=029 slot=09 J_F=   399.00 meanZ=31.76 SoC=1.0000
ep=1000009 frame=000 slot=09 J_F= -3437.50 meanZ=87.62 SoC=1.0000
ep=1000009 frame=001 slot=09 J_F= -1444.60 meanZ=80.66 SoC=1.0000
ep=1000009 frame=002 slot=09 J_F= -1340.00 meanZ=73.86 SoC=1.0000
ep=1000009 frame=003 slot=09 J_F= -1313.10 meanZ=66.10 SoC=1.0000
ep=1000009 frame=004 slot=09 J_F=  -962.00 meanZ=59.06 SoC=1.0000
ep=1000009 frame=005 slot=09 J_F=    64.90 meanZ=52.66 SoC=1.0000
ep=1000009 frame=006 slot=09 J_F=   133.00 meanZ=49.52 SoC=1.0000
ep=1000009 frame=007 slot=09 J_F=   473.30 meanZ=47.32 SoC=1.0000
ep=1000009 frame=008 slot=09 J_F=  -205.10 meanZ=44.34 SoC=1.0000
ep=1000009 frame=009 slot=09 J_F=   142.90 meanZ=42.14 SoC=1.0000
ep=1000009 frame=010 slot=09 J_F=   143.40 meanZ=41.34 SoC=1.0000
ep=1000009 frame=011 slot=09 J_F=   176.60 meanZ=39.92 SoC=1.0000
ep=1000009 frame=012 slot=09 J_F=   -12.10 meanZ=39.86 SoC=1.0000
ep=1000009 frame=013 slot=09 J_F=   185.40 meanZ=38.52 SoC=1.0000
ep=1000009 frame=014 slot=09 J_F=   724.90 meanZ=38.04 SoC=1.0000
ep=1000009 frame=015 slot=09 J_F=   383.90 meanZ=37.76 SoC=1.0000
ep=1000009 frame=016 slot=09 J_F=   121.80 meanZ=37.50 SoC=1.0000
ep=1000009 frame=017 slot=09 J_F=   841.10 meanZ=37.32 SoC=1.0000
ep=1000009 frame=018 slot=09 J_F=   184.10 meanZ=38.24 SoC=1.0000
ep=1000009 frame=019 slot=09 J_F=   388.40 meanZ=39.54 SoC=1.0000
ep=1000009 frame=020 slot=09 J_F=  -306.90 meanZ=37.70 SoC=1.0000
ep=1000009 frame=021 slot=09 J_F=   225.50 meanZ=36.30 SoC=1.0000
ep=1000009 frame=022 slot=09 J_F=   -88.90 meanZ=35.48 SoC=1.0000
ep=1000009 frame=023 slot=09 J_F=   337.90 meanZ=34.32 SoC=1.0000
ep=1000009 frame=024 slot=09 J_F=   -29.00 meanZ=32.08 SoC=1.0000
ep=1000009 frame=025 slot=09 J_F=   674.40 meanZ=31.96 SoC=1.0000
ep=1000009 frame=026 slot=09 J_F=   351.50 meanZ=33.32 SoC=1.0000
ep=1000009 frame=027 slot=09 J_F=   632.90 meanZ=33.16 SoC=1.0000
ep=1000009 frame=028 slot=09 J_F=   196.10 meanZ=32.54 SoC=1.0000
ep=1000009 frame=029 slot=09 J_F=   431.40 meanZ=32.00 SoC=1.0000
hppo_rsu 675/750 QoE=0.41825 stall=0.1024 146.84s
ep=0675 frame=000 slot=09 J_F= -3729.60 meanZ=87.94 SoC=1.0000
ep=0675 frame=001 slot=09 J_F= -2015.50 meanZ=80.70 SoC=1.0000
ep=0675 frame=002 slot=09 J_F= -1435.00 meanZ=74.36 SoC=1.0000
ep=0675 frame=003 slot=09 J_F=  -761.20 meanZ=67.82 SoC=1.0000
ep=0675 frame=004 slot=09 J_F=  -654.00 meanZ=61.08 SoC=1.0000
ep=0675 frame=005 slot=09 J_F=   275.50 meanZ=56.42 SoC=1.0000
ep=0675 frame=006 slot=09 J_F=  -188.00 meanZ=52.68 SoC=1.0000
ep=0675 frame=007 slot=09 J_F=  -166.60 meanZ=47.28 SoC=1.0000
ep=0675 frame=008 slot=09 J_F=  -188.60 meanZ=44.36 SoC=1.0000
ep=0675 frame=009 slot=09 J_F=  -645.90 meanZ=40.06 SoC=1.0000
ep=0675 frame=010 slot=09 J_F=   -20.60 meanZ=38.76 SoC=1.0000
ep=0675 frame=011 slot=09 J_F=   475.50 meanZ=37.86 SoC=1.0000
ep=0675 frame=012 slot=09 J_F=   151.50 meanZ=38.24 SoC=1.0000
ep=0675 frame=013 slot=09 J_F=   479.40 meanZ=35.86 SoC=1.0000
ep=0675 frame=014 slot=09 J_F=    96.30 meanZ=34.64 SoC=1.0000
ep=0675 frame=015 slot=09 J_F=    79.90 meanZ=33.92 SoC=1.0000
ep=0675 frame=016 slot=09 J_F=   310.10 meanZ=34.48 SoC=1.0000
ep=0675 frame=017 slot=09 J_F=  -251.00 meanZ=33.34 SoC=1.0000
ep=0675 frame=018 slot=09 J_F=   438.70 meanZ=31.06 SoC=1.0000
ep=0675 frame=019 slot=09 J_F=   106.50 meanZ=30.76 SoC=1.0000
ep=0675 frame=020 slot=09 J_F=   912.00 meanZ=31.28 SoC=1.0000
ep=0675 frame=021 slot=09 J_F=  -161.60 meanZ=30.32 SoC=1.0000
ep=0675 frame=022 slot=09 J_F=   263.00 meanZ=28.96 SoC=1.0000
ep=0675 frame=023 slot=09 J_F=   809.50 meanZ=29.92 SoC=1.0000
ep=0675 frame=024 slot=09 J_F=   384.50 meanZ=29.26 SoC=1.0000
ep=0675 frame=025 slot=09 J_F=   516.90 meanZ=29.46 SoC=1.0000
ep=0675 frame=026 slot=09 J_F=   431.50 meanZ=29.72 SoC=1.0000
ep=0675 frame=027 slot=09 J_F=   115.60 meanZ=29.14 SoC=1.0000
ep=0675 frame=028 slot=09 J_F=   228.40 meanZ=29.32 SoC=1.0000
ep=0675 frame=029 slot=09 J_F=   350.90 meanZ=30.46 SoC=1.0000
hppo_rsu 676/750 QoE=0.41756 stall=0.1032 146.57s
ep=0676 frame=000 slot=09 J_F= -3489.10 meanZ=87.68 SoC=1.0000
ep=0676 frame=001 slot=09 J_F= -1109.10 meanZ=81.46 SoC=1.0000
ep=0676 frame=002 slot=09 J_F= -1239.60 meanZ=76.06 SoC=1.0000
ep=0676 frame=003 slot=09 J_F=  -954.60 meanZ=69.64 SoC=1.0000
ep=0676 frame=004 slot=09 J_F=  -814.60 meanZ=63.14 SoC=1.0000
ep=0676 frame=005 slot=09 J_F=   262.90 meanZ=59.70 SoC=1.0000
ep=0676 frame=006 slot=09 J_F=  -492.00 meanZ=55.12 SoC=1.0000
ep=0676 frame=007 slot=09 J_F=  -422.70 meanZ=51.34 SoC=1.0000
ep=0676 frame=008 slot=09 J_F=    80.70 meanZ=47.58 SoC=1.0000
ep=0676 frame=009 slot=09 J_F=    36.30 meanZ=45.28 SoC=1.0000
ep=0676 frame=010 slot=09 J_F=   479.00 meanZ=44.16 SoC=1.0000
ep=0676 frame=011 slot=09 J_F=   264.10 meanZ=41.98 SoC=1.0000
ep=0676 frame=012 slot=09 J_F=   180.10 meanZ=40.70 SoC=1.0000
ep=0676 frame=013 slot=09 J_F=   -16.90 meanZ=38.08 SoC=1.0000
ep=0676 frame=014 slot=09 J_F=   445.00 meanZ=36.90 SoC=1.0000
ep=0676 frame=015 slot=09 J_F=  -378.00 meanZ=36.00 SoC=1.0000
ep=0676 frame=016 slot=09 J_F=   328.50 meanZ=36.02 SoC=1.0000
ep=0676 frame=017 slot=09 J_F=   721.20 meanZ=34.52 SoC=1.0000
ep=0676 frame=018 slot=09 J_F=    43.10 meanZ=34.00 SoC=1.0000
ep=0676 frame=019 slot=09 J_F=   381.50 meanZ=33.26 SoC=1.0000
ep=0676 frame=020 slot=09 J_F=   231.40 meanZ=33.38 SoC=1.0000
ep=0676 frame=021 slot=09 J_F=   561.30 meanZ=32.98 SoC=1.0000
ep=0676 frame=022 slot=09 J_F=   423.80 meanZ=31.94 SoC=1.0000
ep=0676 frame=023 slot=09 J_F=   373.40 meanZ=32.78 SoC=1.0000
ep=0676 frame=024 slot=09 J_F=   198.90 meanZ=33.56 SoC=1.0000
ep=0676 frame=025 slot=09 J_F=   621.80 meanZ=33.24 SoC=1.0000
ep=0676 frame=026 slot=09 J_F=   572.60 meanZ=33.46 SoC=1.0000
ep=0676 frame=027 slot=09 J_F=   100.50 meanZ=33.62 SoC=1.0000
ep=0676 frame=028 slot=09 J_F=   418.80 meanZ=33.44 SoC=1.0000
ep=0676 frame=029 slot=09 J_F=   500.00 meanZ=32.76 SoC=1.0000
hppo_rsu 677/750 QoE=0.42442 stall=0.0994 144.51s
ep=0677 frame=000 slot=09 J_F= -3552.10 meanZ=88.58 SoC=1.0000
ep=0677 frame=001 slot=09 J_F= -2303.10 meanZ=81.16 SoC=1.0000
ep=0677 frame=002 slot=09 J_F= -1772.70 meanZ=73.36 SoC=1.0000
ep=0677 frame=003 slot=09 J_F=  -817.00 meanZ=66.98 SoC=1.0000
ep=0677 frame=004 slot=09 J_F=  -701.10 meanZ=59.94 SoC=1.0000
ep=0677 frame=005 slot=09 J_F=  -160.00 meanZ=54.74 SoC=1.0000
ep=0677 frame=006 slot=09 J_F=  -425.50 meanZ=49.92 SoC=1.0000
ep=0677 frame=007 slot=09 J_F=   -32.00 meanZ=45.66 SoC=1.0000
ep=0677 frame=008 slot=09 J_F=   172.40 meanZ=41.14 SoC=1.0000
ep=0677 frame=009 slot=09 J_F=   211.90 meanZ=38.50 SoC=1.0000
ep=0677 frame=010 slot=09 J_F=  -241.20 meanZ=36.08 SoC=1.0000
ep=0677 frame=011 slot=09 J_F=  -151.00 meanZ=33.08 SoC=1.0000
ep=0677 frame=012 slot=09 J_F=   283.90 meanZ=31.72 SoC=1.0000
ep=0677 frame=013 slot=09 J_F=   878.50 meanZ=32.90 SoC=1.0000
ep=0677 frame=014 slot=09 J_F=   -73.50 meanZ=31.56 SoC=1.0000
ep=0677 frame=015 slot=09 J_F=   809.00 meanZ=32.24 SoC=1.0000
ep=0677 frame=016 slot=09 J_F=   620.00 meanZ=32.24 SoC=1.0000
ep=0677 frame=017 slot=09 J_F=   460.50 meanZ=31.52 SoC=1.0000
ep=0677 frame=018 slot=09 J_F=   327.90 meanZ=31.76 SoC=1.0000
ep=0677 frame=019 slot=09 J_F=   268.40 meanZ=33.66 SoC=1.0000
ep=0677 frame=020 slot=09 J_F=   293.90 meanZ=33.10 SoC=1.0000
ep=0677 frame=021 slot=09 J_F=   625.00 meanZ=33.64 SoC=1.0000
ep=0677 frame=022 slot=09 J_F=   367.50 meanZ=33.18 SoC=1.0000
ep=0677 frame=023 slot=09 J_F=  -304.10 meanZ=31.70 SoC=1.0000
ep=0677 frame=024 slot=09 J_F=   677.40 meanZ=31.12 SoC=1.0000
ep=0677 frame=025 slot=09 J_F=   155.00 meanZ=31.16 SoC=1.0000
ep=0677 frame=026 slot=09 J_F=    60.40 meanZ=30.60 SoC=1.0000
ep=0677 frame=027 slot=09 J_F=   546.40 meanZ=32.00 SoC=1.0000
ep=0677 frame=028 slot=09 J_F=    -7.60 meanZ=30.84 SoC=1.0000
ep=0677 frame=029 slot=09 J_F=   -55.00 meanZ=30.24 SoC=1.0000
hppo_rsu 678/750 QoE=0.45130 stall=0.0909 146.23s
ep=0678 frame=000 slot=09 J_F= -3238.10 meanZ=89.10 SoC=1.0000
ep=0678 frame=001 slot=09 J_F= -2060.10 meanZ=81.52 SoC=1.0000
ep=0678 frame=002 slot=09 J_F=  -769.60 meanZ=75.20 SoC=1.0000
ep=0678 frame=003 slot=09 J_F= -1015.20 meanZ=68.38 SoC=1.0000
ep=0678 frame=004 slot=09 J_F=  -552.10 meanZ=61.04 SoC=1.0000
ep=0678 frame=005 slot=09 J_F=  -331.00 meanZ=55.58 SoC=1.0000
ep=0678 frame=006 slot=09 J_F=  -423.50 meanZ=51.36 SoC=1.0000
ep=0678 frame=007 slot=09 J_F=   147.80 meanZ=49.68 SoC=1.0000
ep=0678 frame=008 slot=09 J_F=   172.90 meanZ=46.36 SoC=1.0000
ep=0678 frame=009 slot=09 J_F=  -281.00 meanZ=43.00 SoC=1.0000
ep=0678 frame=010 slot=09 J_F=   492.40 meanZ=41.36 SoC=1.0000
ep=0678 frame=011 slot=09 J_F=   381.10 meanZ=41.06 SoC=1.0000
ep=0678 frame=012 slot=09 J_F=  -134.00 meanZ=39.78 SoC=1.0000
ep=0678 frame=013 slot=09 J_F=   203.50 meanZ=39.42 SoC=1.0000
ep=0678 frame=014 slot=09 J_F=   155.50 meanZ=38.22 SoC=1.0000
ep=0678 frame=015 slot=09 J_F=    45.90 meanZ=35.72 SoC=1.0000
ep=0678 frame=016 slot=09 J_F=   803.80 meanZ=37.14 SoC=1.0000
ep=0678 frame=017 slot=09 J_F=   134.40 meanZ=35.78 SoC=1.0000
ep=0678 frame=018 slot=09 J_F=   586.90 meanZ=34.82 SoC=1.0000
ep=0678 frame=019 slot=09 J_F=   -11.60 meanZ=35.34 SoC=1.0000
ep=0678 frame=020 slot=09 J_F=   614.50 meanZ=34.44 SoC=1.0000
ep=0678 frame=021 slot=09 J_F=   746.90 meanZ=34.80 SoC=1.0000
ep=0678 frame=022 slot=09 J_F=   460.00 meanZ=34.32 SoC=1.0000
ep=0678 frame=023 slot=09 J_F=     6.20 meanZ=33.54 SoC=1.0000
ep=0678 frame=024 slot=09 J_F=   841.00 meanZ=34.04 SoC=1.0000
ep=0678 frame=025 slot=09 J_F=   -20.00 meanZ=31.42 SoC=1.0000
ep=0678 frame=026 slot=09 J_F=   440.50 meanZ=31.12 SoC=1.0000
ep=0678 frame=027 slot=09 J_F=   316.50 meanZ=29.80 SoC=1.0000
ep=0678 frame=028 slot=09 J_F=   340.00 meanZ=31.16 SoC=1.0000
ep=0678 frame=029 slot=09 J_F=    76.00 meanZ=29.96 SoC=1.0000
hppo_rsu 679/750 QoE=0.41864 stall=0.1041 144.68s
ep=0679 frame=000 slot=09 J_F= -2617.30 meanZ=89.12 SoC=1.0000
ep=0679 frame=001 slot=09 J_F= -1167.00 meanZ=82.66 SoC=1.0000
ep=0679 frame=002 slot=09 J_F= -2076.00 meanZ=75.16 SoC=1.0000
ep=0679 frame=003 slot=09 J_F=  -683.10 meanZ=69.22 SoC=1.0000
ep=0679 frame=004 slot=09 J_F=  -916.50 meanZ=62.80 SoC=1.0000
ep=0679 frame=005 slot=09 J_F=   -97.00 meanZ=58.34 SoC=1.0000
ep=0679 frame=006 slot=09 J_F=   -27.00 meanZ=54.54 SoC=1.0000
ep=0679 frame=007 slot=09 J_F=   136.50 meanZ=51.40 SoC=1.0000
ep=0679 frame=008 slot=09 J_F=  -108.50 meanZ=47.38 SoC=1.0000
ep=0679 frame=009 slot=09 J_F=   824.80 meanZ=45.52 SoC=1.0000
ep=0679 frame=010 slot=09 J_F=   205.50 meanZ=45.40 SoC=1.0000
ep=0679 frame=011 slot=09 J_F=   411.50 meanZ=43.54 SoC=1.0000
ep=0679 frame=012 slot=09 J_F=   -15.00 meanZ=41.72 SoC=1.0000
ep=0679 frame=013 slot=09 J_F=    21.40 meanZ=40.66 SoC=1.0000
ep=0679 frame=014 slot=09 J_F=   314.00 meanZ=39.84 SoC=1.0000
ep=0679 frame=015 slot=09 J_F=   803.80 meanZ=40.00 SoC=1.0000
ep=0679 frame=016 slot=09 J_F=   690.00 meanZ=37.88 SoC=1.0000
ep=0679 frame=017 slot=09 J_F=   598.40 meanZ=37.64 SoC=1.0000
ep=0679 frame=018 slot=09 J_F=   581.00 meanZ=37.30 SoC=1.0000
ep=0679 frame=019 slot=09 J_F=   -13.00 meanZ=36.80 SoC=1.0000
ep=0679 frame=020 slot=09 J_F=   100.90 meanZ=35.64 SoC=1.0000
ep=0679 frame=021 slot=09 J_F=   -93.70 meanZ=34.86 SoC=1.0000
ep=0679 frame=022 slot=09 J_F=    86.80 meanZ=34.56 SoC=1.0000
ep=0679 frame=023 slot=09 J_F=   626.00 meanZ=34.08 SoC=1.0000
ep=0679 frame=024 slot=09 J_F=    75.90 meanZ=33.48 SoC=1.0000
ep=0679 frame=025 slot=09 J_F=   340.20 meanZ=32.26 SoC=1.0000
ep=0679 frame=026 slot=09 J_F=   255.00 meanZ=31.52 SoC=1.0000
ep=0679 frame=027 slot=09 J_F=   520.90 meanZ=31.10 SoC=1.0000
ep=0679 frame=028 slot=09 J_F=   300.50 meanZ=29.44 SoC=1.0000
ep=0679 frame=029 slot=09 J_F=   341.90 meanZ=29.24 SoC=1.0000
hppo_rsu 680/750 QoE=0.41149 stall=0.1063 146.44s
ep=0680 frame=000 slot=09 J_F= -2849.60 meanZ=88.20 SoC=1.0000
ep=0680 frame=001 slot=09 J_F= -1509.50 meanZ=80.76 SoC=1.0000
ep=0680 frame=002 slot=09 J_F= -1268.60 meanZ=74.10 SoC=1.0000
ep=0680 frame=003 slot=09 J_F=  -929.10 meanZ=67.00 SoC=1.0000
ep=0680 frame=004 slot=09 J_F=  -477.20 meanZ=59.94 SoC=1.0000
ep=0680 frame=005 slot=09 J_F=  -154.50 meanZ=53.68 SoC=1.0000
ep=0680 frame=006 slot=09 J_F=  -590.60 meanZ=49.18 SoC=1.0000
ep=0680 frame=007 slot=09 J_F=  -776.50 meanZ=44.60 SoC=1.0000
ep=0680 frame=008 slot=09 J_F=   342.50 meanZ=42.18 SoC=1.0000
ep=0680 frame=009 slot=09 J_F=   421.50 meanZ=41.40 SoC=1.0000
ep=0680 frame=010 slot=09 J_F=   511.50 meanZ=38.78 SoC=1.0000
ep=0680 frame=011 slot=09 J_F=   308.90 meanZ=38.80 SoC=1.0000
ep=0680 frame=012 slot=09 J_F=   499.40 meanZ=37.40 SoC=1.0000
ep=0680 frame=013 slot=09 J_F=  -259.00 meanZ=34.26 SoC=1.0000
ep=0680 frame=014 slot=09 J_F=   249.00 meanZ=32.38 SoC=1.0000
ep=0680 frame=015 slot=09 J_F=   355.00 meanZ=30.90 SoC=1.0000
ep=0680 frame=016 slot=09 J_F=     2.90 meanZ=29.74 SoC=1.0000
ep=0680 frame=017 slot=09 J_F=   560.50 meanZ=30.34 SoC=1.0000
ep=0680 frame=018 slot=09 J_F=   763.50 meanZ=32.22 SoC=1.0000
ep=0680 frame=019 slot=09 J_F=   -65.00 meanZ=31.92 SoC=1.0000
ep=0680 frame=020 slot=09 J_F=   115.00 meanZ=30.46 SoC=1.0000
ep=0680 frame=021 slot=09 J_F=   441.50 meanZ=29.76 SoC=1.0000
ep=0680 frame=022 slot=09 J_F=   801.00 meanZ=31.32 SoC=1.0000
ep=0680 frame=023 slot=09 J_F=   695.00 meanZ=31.60 SoC=1.0000
ep=0680 frame=024 slot=09 J_F=   -85.00 meanZ=30.76 SoC=1.0000
ep=0680 frame=025 slot=09 J_F=   942.20 meanZ=31.88 SoC=1.0000
ep=0680 frame=026 slot=09 J_F=    31.50 meanZ=29.50 SoC=1.0000
ep=0680 frame=027 slot=09 J_F=   877.50 meanZ=30.26 SoC=1.0000
ep=0680 frame=028 slot=09 J_F=   563.50 meanZ=30.64 SoC=1.0000
ep=0680 frame=029 slot=09 J_F=   402.00 meanZ=31.84 SoC=1.0000
hppo_rsu 681/750 QoE=0.42601 stall=0.0984 144.74s
ep=0681 frame=000 slot=09 J_F= -3416.60 meanZ=87.96 SoC=1.0000
ep=0681 frame=001 slot=09 J_F= -2012.80 meanZ=79.94 SoC=1.0000
ep=0681 frame=002 slot=09 J_F= -1542.30 meanZ=72.70 SoC=1.0000
ep=0681 frame=003 slot=09 J_F= -1149.00 meanZ=65.44 SoC=1.0000
ep=0681 frame=004 slot=09 J_F=  -503.00 meanZ=58.50 SoC=1.0000
ep=0681 frame=005 slot=09 J_F=  -371.00 meanZ=53.52 SoC=1.0000
ep=0681 frame=006 slot=09 J_F=   199.50 meanZ=49.54 SoC=1.0000
ep=0681 frame=007 slot=09 J_F=   -49.50 meanZ=46.96 SoC=1.0000
ep=0681 frame=008 slot=09 J_F=     2.50 meanZ=44.54 SoC=1.0000
ep=0681 frame=009 slot=09 J_F=   161.50 meanZ=44.36 SoC=1.0000
ep=0681 frame=010 slot=09 J_F=   597.00 meanZ=44.54 SoC=1.0000
ep=0681 frame=011 slot=09 J_F=   274.00 meanZ=42.78 SoC=1.0000
ep=0681 frame=012 slot=09 J_F=   229.50 meanZ=42.64 SoC=1.0000
ep=0681 frame=013 slot=09 J_F=   513.50 meanZ=42.50 SoC=1.0000
ep=0681 frame=014 slot=09 J_F=   279.50 meanZ=42.80 SoC=1.0000
ep=0681 frame=015 slot=09 J_F=  -220.00 meanZ=42.44 SoC=1.0000
ep=0681 frame=016 slot=09 J_F=  -359.20 meanZ=40.08 SoC=1.0000
ep=0681 frame=017 slot=09 J_F=   560.00 meanZ=39.44 SoC=1.0000
ep=0681 frame=018 slot=09 J_F=   361.50 meanZ=38.60 SoC=1.0000
ep=0681 frame=019 slot=09 J_F=    41.50 meanZ=37.24 SoC=1.0000
ep=0681 frame=020 slot=09 J_F=   -16.60 meanZ=36.36 SoC=1.0000
ep=0681 frame=021 slot=09 J_F=   -96.10 meanZ=34.94 SoC=1.0000
ep=0681 frame=022 slot=09 J_F=   254.40 meanZ=32.94 SoC=1.0000
ep=0681 frame=023 slot=09 J_F=   391.50 meanZ=31.92 SoC=1.0000
ep=0681 frame=024 slot=09 J_F=   134.80 meanZ=31.52 SoC=1.0000
ep=0681 frame=025 slot=09 J_F=   316.40 meanZ=30.22 SoC=1.0000
ep=0681 frame=026 slot=09 J_F=   532.00 meanZ=30.96 SoC=1.0000
ep=0681 frame=027 slot=09 J_F=   127.40 meanZ=30.10 SoC=1.0000
ep=0681 frame=028 slot=09 J_F=   356.90 meanZ=30.48 SoC=1.0000
ep=0681 frame=029 slot=09 J_F=   612.90 meanZ=31.62 SoC=1.0000
hppo_rsu 682/750 QoE=0.43413 stall=0.0959 145.93s
ep=0682 frame=000 slot=09 J_F= -2374.50 meanZ=88.36 SoC=1.0000
ep=0682 frame=001 slot=09 J_F= -1625.60 meanZ=81.84 SoC=1.0000
ep=0682 frame=002 slot=09 J_F= -1691.00 meanZ=73.68 SoC=1.0000
ep=0682 frame=003 slot=09 J_F=  -972.00 meanZ=67.84 SoC=1.0000
ep=0682 frame=004 slot=09 J_F=  -740.10 meanZ=60.10 SoC=1.0000
ep=0682 frame=005 slot=09 J_F=    13.40 meanZ=55.62 SoC=1.0000
ep=0682 frame=006 slot=09 J_F=   477.70 meanZ=51.78 SoC=1.0000
ep=0682 frame=007 slot=09 J_F=    61.90 meanZ=48.84 SoC=1.0000
ep=0682 frame=008 slot=09 J_F=   215.50 meanZ=45.36 SoC=1.0000
ep=0682 frame=009 slot=09 J_F=  -415.50 meanZ=43.12 SoC=1.0000
ep=0682 frame=010 slot=09 J_F=   527.00 meanZ=42.98 SoC=1.0000
ep=0682 frame=011 slot=09 J_F=   607.90 meanZ=41.70 SoC=1.0000
ep=0682 frame=012 slot=09 J_F=   445.00 meanZ=40.30 SoC=1.0000
ep=0682 frame=013 slot=09 J_F=   303.00 meanZ=39.20 SoC=1.0000
ep=0682 frame=014 slot=09 J_F=   762.50 meanZ=37.70 SoC=1.0000
ep=0682 frame=015 slot=09 J_F=   894.40 meanZ=38.92 SoC=1.0000
ep=0682 frame=016 slot=09 J_F=   -37.50 meanZ=38.64 SoC=1.0000
ep=0682 frame=017 slot=09 J_F=   214.00 meanZ=38.88 SoC=1.0000
ep=0682 frame=018 slot=09 J_F=   231.50 meanZ=37.86 SoC=1.0000
ep=0682 frame=019 slot=09 J_F=   -53.50 meanZ=37.48 SoC=1.0000
ep=0682 frame=020 slot=09 J_F=   850.90 meanZ=38.82 SoC=1.0000
ep=0682 frame=021 slot=09 J_F=   -70.10 meanZ=37.20 SoC=1.0000
ep=0682 frame=022 slot=09 J_F=   370.40 meanZ=35.82 SoC=1.0000
ep=0682 frame=023 slot=09 J_F=   456.90 meanZ=34.42 SoC=1.0000
ep=0682 frame=024 slot=09 J_F=   254.50 meanZ=33.44 SoC=1.0000
ep=0682 frame=025 slot=09 J_F=   191.50 meanZ=33.22 SoC=1.0000
ep=0682 frame=026 slot=09 J_F=   -12.60 meanZ=31.96 SoC=1.0000
ep=0682 frame=027 slot=09 J_F=   -54.50 meanZ=31.48 SoC=1.0000
ep=0682 frame=028 slot=09 J_F=  1065.40 meanZ=31.74 SoC=1.0000
ep=0682 frame=029 slot=09 J_F=   581.80 meanZ=31.36 SoC=1.0000
hppo_rsu 683/750 QoE=0.42595 stall=0.0986 144.30s
ep=0683 frame=000 slot=09 J_F= -3756.50 meanZ=87.84 SoC=1.0000
ep=0683 frame=001 slot=09 J_F= -1876.60 meanZ=81.08 SoC=1.0000
ep=0683 frame=002 slot=09 J_F=  -895.50 meanZ=74.86 SoC=1.0000
ep=0683 frame=003 slot=09 J_F=  -365.50 meanZ=68.48 SoC=1.0000
ep=0683 frame=004 slot=09 J_F=  -470.90 meanZ=62.28 SoC=1.0000
ep=0683 frame=005 slot=09 J_F=   -65.00 meanZ=55.56 SoC=1.0000
ep=0683 frame=006 slot=09 J_F=  -321.60 meanZ=48.94 SoC=1.0000
ep=0683 frame=007 slot=09 J_F=   270.40 meanZ=45.72 SoC=1.0000
ep=0683 frame=008 slot=09 J_F=   345.40 meanZ=45.72 SoC=1.0000
ep=0683 frame=009 slot=09 J_F=  -438.00 meanZ=42.88 SoC=1.0000
ep=0683 frame=010 slot=09 J_F=   786.90 meanZ=42.86 SoC=1.0000
ep=0683 frame=011 slot=09 J_F=   199.00 meanZ=41.14 SoC=1.0000
ep=0683 frame=012 slot=09 J_F=     1.10 meanZ=40.24 SoC=1.0000
ep=0683 frame=013 slot=09 J_F=   525.00 meanZ=39.88 SoC=1.0000
ep=0683 frame=014 slot=09 J_F=   304.50 meanZ=40.86 SoC=1.0000
ep=0683 frame=015 slot=09 J_F=   209.60 meanZ=40.66 SoC=1.0000
ep=0683 frame=016 slot=09 J_F=   556.60 meanZ=40.42 SoC=1.0000
ep=0683 frame=017 slot=09 J_F=   343.50 meanZ=42.04 SoC=1.0000
ep=0683 frame=018 slot=09 J_F=   502.50 meanZ=40.76 SoC=1.0000
ep=0683 frame=019 slot=09 J_F=   885.00 meanZ=41.36 SoC=1.0000
ep=0683 frame=020 slot=09 J_F=   448.00 meanZ=41.72 SoC=1.0000
ep=0683 frame=021 slot=09 J_F=   759.50 meanZ=40.86 SoC=1.0000
ep=0683 frame=022 slot=09 J_F=    37.80 meanZ=41.26 SoC=1.0000
ep=0683 frame=023 slot=09 J_F=    95.40 meanZ=40.66 SoC=1.0000
ep=0683 frame=024 slot=09 J_F=   134.40 meanZ=39.78 SoC=1.0000
ep=0683 frame=025 slot=09 J_F=   -93.50 meanZ=38.84 SoC=1.0000
ep=0683 frame=026 slot=09 J_F=   626.10 meanZ=37.82 SoC=1.0000
ep=0683 frame=027 slot=09 J_F=   761.50 meanZ=38.52 SoC=1.0000
ep=0683 frame=028 slot=09 J_F=   301.70 meanZ=37.86 SoC=1.0000
ep=0683 frame=029 slot=09 J_F=  -335.10 meanZ=35.24 SoC=1.0000
hppo_rsu 684/750 QoE=0.36124 stall=0.1211 145.89s
ep=0684 frame=000 slot=09 J_F= -3445.00 meanZ=87.80 SoC=1.0000
ep=0684 frame=001 slot=09 J_F= -2022.10 meanZ=80.30 SoC=1.0000
ep=0684 frame=002 slot=09 J_F= -1016.00 meanZ=72.54 SoC=1.0000
ep=0684 frame=003 slot=09 J_F= -1139.50 meanZ=65.96 SoC=1.0000
ep=0684 frame=004 slot=09 J_F=    28.50 meanZ=61.96 SoC=1.0000
ep=0684 frame=005 slot=09 J_F=  -272.00 meanZ=57.44 SoC=1.0000
ep=0684 frame=006 slot=09 J_F=  -214.00 meanZ=52.34 SoC=1.0000
ep=0684 frame=007 slot=09 J_F=    91.90 meanZ=49.52 SoC=1.0000
ep=0684 frame=008 slot=09 J_F=  -844.50 meanZ=46.46 SoC=1.0000
ep=0684 frame=009 slot=09 J_F=   394.90 meanZ=45.14 SoC=1.0000
ep=0684 frame=010 slot=09 J_F=   251.50 meanZ=44.16 SoC=1.0000
ep=0684 frame=011 slot=09 J_F=   601.50 meanZ=41.60 SoC=1.0000
ep=0684 frame=012 slot=09 J_F=   857.00 meanZ=40.14 SoC=1.0000
ep=0684 frame=013 slot=09 J_F=  -143.00 meanZ=39.76 SoC=1.0000
ep=0684 frame=014 slot=09 J_F=   488.30 meanZ=40.68 SoC=1.0000
ep=0684 frame=015 slot=09 J_F=   126.40 meanZ=39.54 SoC=1.0000
ep=0684 frame=016 slot=09 J_F=   545.00 meanZ=38.18 SoC=1.0000
ep=0684 frame=017 slot=09 J_F=   548.00 meanZ=38.44 SoC=1.0000
ep=0684 frame=018 slot=09 J_F=   623.00 meanZ=38.14 SoC=1.0000
ep=0684 frame=019 slot=09 J_F=   -27.00 meanZ=37.04 SoC=1.0000
ep=0684 frame=020 slot=09 J_F=   231.50 meanZ=37.40 SoC=1.0000
ep=0684 frame=021 slot=09 J_F=   465.40 meanZ=37.72 SoC=1.0000
ep=0684 frame=022 slot=09 J_F=   651.00 meanZ=37.74 SoC=1.0000
ep=0684 frame=023 slot=09 J_F=   220.50 meanZ=37.40 SoC=1.0000
ep=0684 frame=024 slot=09 J_F=   282.50 meanZ=37.50 SoC=1.0000
ep=0684 frame=025 slot=09 J_F=   687.50 meanZ=37.34 SoC=1.0000
ep=0684 frame=026 slot=09 J_F=     2.50 meanZ=38.76 SoC=1.0000
ep=0684 frame=027 slot=09 J_F=   226.90 meanZ=38.38 SoC=1.0000
ep=0684 frame=028 slot=09 J_F=   569.90 meanZ=38.68 SoC=1.0000
ep=0684 frame=029 slot=09 J_F=   780.00 meanZ=38.96 SoC=1.0000
hppo_rsu 685/750 QoE=0.38052 stall=0.1109 144.83s
ep=0685 frame=000 slot=09 J_F= -2963.00 meanZ=88.20 SoC=1.0000
ep=0685 frame=001 slot=09 J_F= -1129.50 meanZ=80.98 SoC=1.0000
ep=0685 frame=002 slot=09 J_F= -1012.20 meanZ=74.56 SoC=1.0000
ep=0685 frame=003 slot=09 J_F=  -310.10 meanZ=67.74 SoC=1.0000
ep=0685 frame=004 slot=09 J_F=  -394.00 meanZ=61.82 SoC=1.0000
ep=0685 frame=005 slot=09 J_F=     1.90 meanZ=56.34 SoC=1.0000
ep=0685 frame=006 slot=09 J_F=    78.40 meanZ=52.74 SoC=1.0000
ep=0685 frame=007 slot=09 J_F=   201.90 meanZ=51.22 SoC=1.0000
ep=0685 frame=008 slot=09 J_F=  -258.00 meanZ=47.68 SoC=1.0000
ep=0685 frame=009 slot=09 J_F=  -430.10 meanZ=42.78 SoC=1.0000
ep=0685 frame=010 slot=09 J_F=   578.00 meanZ=41.58 SoC=1.0000
ep=0685 frame=011 slot=09 J_F=    24.60 meanZ=40.18 SoC=1.0000
ep=0685 frame=012 slot=09 J_F=   -28.90 meanZ=39.12 SoC=1.0000
ep=0685 frame=013 slot=09 J_F=   160.00 meanZ=36.90 SoC=1.0000
ep=0685 frame=014 slot=09 J_F=   377.00 meanZ=37.16 SoC=1.0000
ep=0685 frame=015 slot=09 J_F=    22.30 meanZ=34.44 SoC=1.0000
ep=0685 frame=016 slot=09 J_F=   498.60 meanZ=33.44 SoC=1.0000
ep=0685 frame=017 slot=09 J_F=   452.80 meanZ=33.10 SoC=1.0000
ep=0685 frame=018 slot=09 J_F=     5.50 meanZ=32.60 SoC=1.0000
ep=0685 frame=019 slot=09 J_F=   726.00 meanZ=32.38 SoC=1.0000
ep=0685 frame=020 slot=09 J_F=   508.00 meanZ=32.58 SoC=1.0000
ep=0685 frame=021 slot=09 J_F=   646.10 meanZ=32.96 SoC=1.0000
ep=0685 frame=022 slot=09 J_F=   604.00 meanZ=32.30 SoC=1.0000
ep=0685 frame=023 slot=09 J_F=  -369.40 meanZ=31.02 SoC=1.0000
ep=0685 frame=024 slot=09 J_F=   971.00 meanZ=32.38 SoC=1.0000
ep=0685 frame=025 slot=09 J_F=   207.60 meanZ=32.82 SoC=1.0000
ep=0685 frame=026 slot=09 J_F=   446.50 meanZ=32.72 SoC=1.0000
ep=0685 frame=027 slot=09 J_F=   344.50 meanZ=32.46 SoC=1.0000
ep=0685 frame=028 slot=09 J_F=   467.60 meanZ=31.40 SoC=1.0000
ep=0685 frame=029 slot=09 J_F=   430.50 meanZ=31.80 SoC=1.0000
hppo_rsu 686/750 QoE=0.44282 stall=0.0922 145.69s
ep=0686 frame=000 slot=09 J_F= -2487.00 meanZ=88.42 SoC=1.0000
ep=0686 frame=001 slot=09 J_F= -1877.50 meanZ=80.42 SoC=1.0000
ep=0686 frame=002 slot=09 J_F= -1937.00 meanZ=72.00 SoC=1.0000
ep=0686 frame=003 slot=09 J_F=  -680.50 meanZ=66.92 SoC=1.0000
ep=0686 frame=004 slot=09 J_F= -1007.50 meanZ=61.04 SoC=1.0000
ep=0686 frame=005 slot=09 J_F=  -209.50 meanZ=55.62 SoC=1.0000
ep=0686 frame=006 slot=09 J_F=  -405.00 meanZ=49.34 SoC=1.0000
ep=0686 frame=007 slot=09 J_F=   252.00 meanZ=45.98 SoC=1.0000
ep=0686 frame=008 slot=09 J_F=    84.90 meanZ=43.58 SoC=1.0000
ep=0686 frame=009 slot=09 J_F=  -469.10 meanZ=40.94 SoC=1.0000
ep=0686 frame=010 slot=09 J_F=  -470.10 meanZ=37.80 SoC=1.0000
ep=0686 frame=011 slot=09 J_F=  -199.10 meanZ=36.94 SoC=1.0000
ep=0686 frame=012 slot=09 J_F=    97.50 meanZ=35.32 SoC=1.0000
ep=0686 frame=013 slot=09 J_F=  -335.00 meanZ=34.46 SoC=1.0000
ep=0686 frame=014 slot=09 J_F=   755.00 meanZ=33.12 SoC=1.0000
ep=0686 frame=015 slot=09 J_F=    71.90 meanZ=32.26 SoC=1.0000
ep=0686 frame=016 slot=09 J_F=   179.90 meanZ=31.24 SoC=1.0000
ep=0686 frame=017 slot=09 J_F=   486.50 meanZ=30.10 SoC=1.0000
ep=0686 frame=018 slot=09 J_F=   781.60 meanZ=30.12 SoC=1.0000
ep=0686 frame=019 slot=09 J_F=   380.50 meanZ=28.88 SoC=1.0000
ep=0686 frame=020 slot=09 J_F=   388.50 meanZ=28.60 SoC=1.0000
ep=0686 frame=021 slot=09 J_F=   489.50 meanZ=28.60 SoC=1.0000
ep=0686 frame=022 slot=09 J_F=   145.50 meanZ=28.00 SoC=1.0000
ep=0686 frame=023 slot=09 J_F=   507.00 meanZ=27.88 SoC=1.0000
ep=0686 frame=024 slot=09 J_F=   424.60 meanZ=28.70 SoC=1.0000
ep=0686 frame=025 slot=09 J_F=    28.40 meanZ=27.22 SoC=1.0000
ep=0686 frame=026 slot=09 J_F=   745.50 meanZ=28.36 SoC=1.0000
ep=0686 frame=027 slot=09 J_F=   413.50 meanZ=28.92 SoC=1.0000
ep=0686 frame=028 slot=09 J_F=   290.90 meanZ=28.54 SoC=1.0000
ep=0686 frame=029 slot=09 J_F=   224.00 meanZ=27.66 SoC=1.0000
hppo_rsu 687/750 QoE=0.45675 stall=0.0897 144.30s
ep=0687 frame=000 slot=09 J_F= -2043.50 meanZ=89.88 SoC=1.0000
ep=0687 frame=001 slot=09 J_F= -1981.00 meanZ=82.16 SoC=1.0000
ep=0687 frame=002 slot=09 J_F= -1530.10 meanZ=74.78 SoC=1.0000
ep=0687 frame=003 slot=09 J_F=    39.50 meanZ=69.56 SoC=1.0000
ep=0687 frame=004 slot=09 J_F= -1171.50 meanZ=62.14 SoC=1.0000
ep=0687 frame=005 slot=09 J_F=  -108.10 meanZ=57.00 SoC=1.0000
ep=0687 frame=006 slot=09 J_F=  -122.60 meanZ=51.50 SoC=1.0000
ep=0687 frame=007 slot=09 J_F=  -114.00 meanZ=48.42 SoC=1.0000
ep=0687 frame=008 slot=09 J_F=  -265.50 meanZ=44.42 SoC=1.0000
ep=0687 frame=009 slot=09 J_F=  -722.50 meanZ=40.80 SoC=1.0000
ep=0687 frame=010 slot=09 J_F=   428.50 meanZ=38.92 SoC=1.0000
ep=0687 frame=011 slot=09 J_F=   -82.50 meanZ=35.56 SoC=1.0000
ep=0687 frame=012 slot=09 J_F=   -98.00 meanZ=33.54 SoC=1.0000
ep=0687 frame=013 slot=09 J_F=   213.50 meanZ=33.02 SoC=1.0000
ep=0687 frame=014 slot=09 J_F=  -132.00 meanZ=32.88 SoC=1.0000
ep=0687 frame=015 slot=09 J_F=   697.00 meanZ=34.66 SoC=1.0000
ep=0687 frame=016 slot=09 J_F=   243.50 meanZ=33.22 SoC=1.0000
ep=0687 frame=017 slot=09 J_F=   512.50 meanZ=32.74 SoC=1.0000
ep=0687 frame=018 slot=09 J_F=   440.00 meanZ=32.28 SoC=1.0000
ep=0687 frame=019 slot=09 J_F=   333.90 meanZ=32.08 SoC=1.0000
ep=0687 frame=020 slot=09 J_F=   293.50 meanZ=32.32 SoC=1.0000
ep=0687 frame=021 slot=09 J_F=   291.40 meanZ=32.32 SoC=1.0000
ep=0687 frame=022 slot=09 J_F=   567.50 meanZ=32.54 SoC=1.0000
ep=0687 frame=023 slot=09 J_F=   665.60 meanZ=34.02 SoC=1.0000
ep=0687 frame=024 slot=09 J_F=   211.60 meanZ=31.80 SoC=1.0000
ep=0687 frame=025 slot=09 J_F=    16.00 meanZ=32.02 SoC=1.0000
ep=0687 frame=026 slot=09 J_F=   710.80 meanZ=33.38 SoC=1.0000
ep=0687 frame=027 slot=09 J_F=   338.90 meanZ=32.68 SoC=1.0000
ep=0687 frame=028 slot=09 J_F=    53.70 meanZ=32.82 SoC=1.0000
ep=0687 frame=029 slot=09 J_F=   375.00 meanZ=31.66 SoC=1.0000
hppo_rsu 688/750 QoE=0.38654 stall=0.1147 145.97s
ep=0688 frame=000 slot=09 J_F= -3303.50 meanZ=89.34 SoC=1.0000
ep=0688 frame=001 slot=09 J_F= -2180.60 meanZ=81.48 SoC=1.0000
ep=0688 frame=002 slot=09 J_F= -1132.50 meanZ=74.76 SoC=1.0000
ep=0688 frame=003 slot=09 J_F=  -531.00 meanZ=68.32 SoC=1.0000
ep=0688 frame=004 slot=09 J_F=  -397.50 meanZ=61.00 SoC=1.0000
ep=0688 frame=005 slot=09 J_F=  -902.50 meanZ=54.42 SoC=1.0000
ep=0688 frame=006 slot=09 J_F=  -163.00 meanZ=49.78 SoC=1.0000
ep=0688 frame=007 slot=09 J_F=  -385.10 meanZ=45.84 SoC=1.0000
ep=0688 frame=008 slot=09 J_F=   515.40 meanZ=44.70 SoC=1.0000
ep=0688 frame=009 slot=09 J_F=   821.00 meanZ=44.34 SoC=1.0000
ep=0688 frame=010 slot=09 J_F=   403.50 meanZ=42.82 SoC=1.0000
ep=0688 frame=011 slot=09 J_F=  -365.00 meanZ=41.96 SoC=1.0000
ep=0688 frame=012 slot=09 J_F=   162.50 meanZ=41.14 SoC=1.0000
ep=0688 frame=013 slot=09 J_F=  -101.50 meanZ=40.30 SoC=1.0000
ep=0688 frame=014 slot=09 J_F=   355.30 meanZ=40.68 SoC=1.0000
ep=0688 frame=015 slot=09 J_F=   400.50 meanZ=41.00 SoC=1.0000
ep=0688 frame=016 slot=09 J_F=   270.90 meanZ=39.96 SoC=1.0000
ep=0688 frame=017 slot=09 J_F=   410.40 meanZ=38.86 SoC=1.0000
ep=0688 frame=018 slot=09 J_F=   -10.50 meanZ=38.20 SoC=1.0000
ep=0688 frame=019 slot=09 J_F=   473.60 meanZ=37.06 SoC=1.0000
ep=0688 frame=020 slot=09 J_F=   -53.10 meanZ=36.30 SoC=1.0000
ep=0688 frame=021 slot=09 J_F=   163.00 meanZ=35.44 SoC=1.0000
ep=0688 frame=022 slot=09 J_F=  -127.60 meanZ=35.42 SoC=1.0000
ep=0688 frame=023 slot=09 J_F=  -131.00 meanZ=32.84 SoC=1.0000
ep=0688 frame=024 slot=09 J_F=   489.40 meanZ=32.56 SoC=1.0000
ep=0688 frame=025 slot=09 J_F=   189.00 meanZ=32.02 SoC=1.0000
ep=0688 frame=026 slot=09 J_F=   191.40 meanZ=30.68 SoC=1.0000
ep=0688 frame=027 slot=09 J_F=   655.40 meanZ=30.60 SoC=1.0000
ep=0688 frame=028 slot=09 J_F=  -149.60 meanZ=28.96 SoC=1.0000
ep=0688 frame=029 slot=09 J_F=   138.90 meanZ=27.82 SoC=1.0000
hppo_rsu 689/750 QoE=0.41540 stall=0.1051 144.16s
ep=0689 frame=000 slot=09 J_F= -2619.00 meanZ=88.66 SoC=1.0000
ep=0689 frame=001 slot=09 J_F= -1367.60 meanZ=80.82 SoC=1.0000
ep=0689 frame=002 slot=09 J_F= -1442.00 meanZ=72.18 SoC=1.0000
ep=0689 frame=003 slot=09 J_F= -1136.00 meanZ=64.92 SoC=1.0000
ep=0689 frame=004 slot=09 J_F=  -577.00 meanZ=58.64 SoC=1.0000
ep=0689 frame=005 slot=09 J_F=  -547.00 meanZ=52.76 SoC=1.0000
ep=0689 frame=006 slot=09 J_F=  -237.60 meanZ=49.36 SoC=1.0000
ep=0689 frame=007 slot=09 J_F=   393.90 meanZ=46.72 SoC=1.0000
ep=0689 frame=008 slot=09 J_F=   548.40 meanZ=44.56 SoC=1.0000
ep=0689 frame=009 slot=09 J_F=   734.40 meanZ=42.88 SoC=1.0000
ep=0689 frame=010 slot=09 J_F=   935.00 meanZ=42.72 SoC=1.0000
ep=0689 frame=011 slot=09 J_F=   354.30 meanZ=42.72 SoC=1.0000
ep=0689 frame=012 slot=09 J_F=   575.00 meanZ=43.44 SoC=1.0000
ep=0689 frame=013 slot=09 J_F=   101.80 meanZ=41.60 SoC=1.0000
ep=0689 frame=014 slot=09 J_F=   623.40 meanZ=41.76 SoC=1.0000
ep=0689 frame=015 slot=09 J_F=  -237.00 meanZ=39.44 SoC=1.0000
ep=0689 frame=016 slot=09 J_F=   426.40 meanZ=39.24 SoC=1.0000
ep=0689 frame=017 slot=09 J_F=   191.00 meanZ=38.04 SoC=1.0000
ep=0689 frame=018 slot=09 J_F=   370.00 meanZ=37.38 SoC=1.0000
ep=0689 frame=019 slot=09 J_F=  -226.10 meanZ=35.40 SoC=1.0000
ep=0689 frame=020 slot=09 J_F=   692.00 meanZ=35.40 SoC=1.0000
ep=0689 frame=021 slot=09 J_F=   463.00 meanZ=35.20 SoC=1.0000
ep=0689 frame=022 slot=09 J_F=   119.00 meanZ=35.04 SoC=1.0000
ep=0689 frame=023 slot=09 J_F=   367.00 meanZ=33.78 SoC=1.0000
ep=0689 frame=024 slot=09 J_F=   739.90 meanZ=35.00 SoC=1.0000
ep=0689 frame=025 slot=09 J_F=   237.80 meanZ=34.74 SoC=1.0000
ep=0689 frame=026 slot=09 J_F=   758.20 meanZ=35.32 SoC=1.0000
ep=0689 frame=027 slot=09 J_F=   345.00 meanZ=34.92 SoC=1.0000
ep=0689 frame=028 slot=09 J_F=   968.60 meanZ=36.26 SoC=1.0000
ep=0689 frame=029 slot=09 J_F=   680.90 meanZ=38.34 SoC=1.0000
hppo_rsu 690/750 QoE=0.39761 stall=0.1053 146.15s
ep=0690 frame=000 slot=09 J_F= -2808.50 meanZ=88.80 SoC=1.0000
ep=0690 frame=001 slot=09 J_F= -2678.10 meanZ=80.20 SoC=1.0000
ep=0690 frame=002 slot=09 J_F=  -865.10 meanZ=73.92 SoC=1.0000
ep=0690 frame=003 slot=09 J_F=    70.50 meanZ=67.48 SoC=1.0000
ep=0690 frame=004 slot=09 J_F=  -794.10 meanZ=62.44 SoC=1.0000
ep=0690 frame=005 slot=09 J_F=  -378.60 meanZ=56.90 SoC=1.0000
ep=0690 frame=006 slot=09 J_F=  -235.00 meanZ=51.88 SoC=1.0000
ep=0690 frame=007 slot=09 J_F=  -296.50 meanZ=47.20 SoC=1.0000
ep=0690 frame=008 slot=09 J_F=  -243.00 meanZ=44.64 SoC=1.0000
ep=0690 frame=009 slot=09 J_F=   498.00 meanZ=42.40 SoC=1.0000
ep=0690 frame=010 slot=09 J_F=    34.50 meanZ=39.96 SoC=1.0000
ep=0690 frame=011 slot=09 J_F=   348.00 meanZ=38.26 SoC=1.0000
ep=0690 frame=012 slot=09 J_F=  -136.40 meanZ=35.74 SoC=1.0000
ep=0690 frame=013 slot=09 J_F=    -3.00 meanZ=34.94 SoC=1.0000
ep=0690 frame=014 slot=09 J_F=   498.40 meanZ=33.10 SoC=1.0000
ep=0690 frame=015 slot=09 J_F=   190.50 meanZ=31.56 SoC=1.0000
ep=0690 frame=016 slot=09 J_F=     3.00 meanZ=30.46 SoC=1.0000
ep=0690 frame=017 slot=09 J_F=   233.00 meanZ=30.90 SoC=1.0000
ep=0690 frame=018 slot=09 J_F=   671.00 meanZ=30.64 SoC=1.0000
ep=0690 frame=019 slot=09 J_F=   391.90 meanZ=29.76 SoC=1.0000
ep=0690 frame=020 slot=09 J_F=   155.30 meanZ=30.02 SoC=1.0000
ep=0690 frame=021 slot=09 J_F=   173.20 meanZ=29.90 SoC=1.0000
ep=0690 frame=022 slot=09 J_F=  -116.00 meanZ=27.62 SoC=1.0000
ep=0690 frame=023 slot=09 J_F=   384.00 meanZ=27.44 SoC=1.0000
ep=0690 frame=024 slot=09 J_F=   308.90 meanZ=27.38 SoC=1.0000
ep=0690 frame=025 slot=09 J_F=   260.00 meanZ=26.32 SoC=1.0000
ep=0690 frame=026 slot=09 J_F=   585.80 meanZ=26.88 SoC=1.0000
ep=0690 frame=027 slot=09 J_F=   413.00 meanZ=26.58 SoC=1.0000
ep=0690 frame=028 slot=09 J_F=   392.50 meanZ=26.46 SoC=1.0000
ep=0690 frame=029 slot=09 J_F=   528.80 meanZ=26.20 SoC=1.0000
hppo_rsu 691/750 QoE=0.45230 stall=0.0930 144.57s
ep=0691 frame=000 slot=09 J_F= -3281.60 meanZ=88.26 SoC=1.0000
ep=0691 frame=001 slot=09 J_F= -1537.00 meanZ=80.66 SoC=1.0000
ep=0691 frame=002 slot=09 J_F= -1394.70 meanZ=73.72 SoC=1.0000
ep=0691 frame=003 slot=09 J_F=  -995.00 meanZ=67.20 SoC=1.0000
ep=0691 frame=004 slot=09 J_F=  -436.50 meanZ=61.12 SoC=1.0000
ep=0691 frame=005 slot=09 J_F=  -829.10 meanZ=55.86 SoC=1.0000
ep=0691 frame=006 slot=09 J_F=   -64.00 meanZ=51.10 SoC=1.0000
ep=0691 frame=007 slot=09 J_F=    90.50 meanZ=48.24 SoC=1.0000
ep=0691 frame=008 slot=09 J_F=   286.40 meanZ=45.94 SoC=1.0000
ep=0691 frame=009 slot=09 J_F=   -51.00 meanZ=44.00 SoC=1.0000
ep=0691 frame=010 slot=09 J_F=   815.40 meanZ=43.04 SoC=1.0000
ep=0691 frame=011 slot=09 J_F=   464.50 meanZ=42.44 SoC=1.0000
ep=0691 frame=012 slot=09 J_F=  -138.70 meanZ=40.94 SoC=1.0000
ep=0691 frame=013 slot=09 J_F=    77.90 meanZ=38.64 SoC=1.0000
ep=0691 frame=014 slot=09 J_F=  -701.60 meanZ=36.26 SoC=1.0000
ep=0691 frame=015 slot=09 J_F=    11.00 meanZ=35.70 SoC=1.0000
ep=0691 frame=016 slot=09 J_F=   649.80 meanZ=35.04 SoC=1.0000
ep=0691 frame=017 slot=09 J_F=   401.40 meanZ=34.00 SoC=1.0000
ep=0691 frame=018 slot=09 J_F=   251.50 meanZ=32.98 SoC=1.0000
ep=0691 frame=019 slot=09 J_F=   323.90 meanZ=33.24 SoC=1.0000
ep=0691 frame=020 slot=09 J_F=   154.90 meanZ=31.46 SoC=1.0000
ep=0691 frame=021 slot=09 J_F=   154.90 meanZ=31.06 SoC=1.0000
ep=0691 frame=022 slot=09 J_F=  -181.60 meanZ=30.40 SoC=1.0000
ep=0691 frame=023 slot=09 J_F=   193.00 meanZ=29.82 SoC=1.0000
ep=0691 frame=024 slot=09 J_F=   161.90 meanZ=28.76 SoC=1.0000
ep=0691 frame=025 slot=09 J_F=   637.90 meanZ=28.88 SoC=1.0000
ep=0691 frame=026 slot=09 J_F=   383.90 meanZ=28.26 SoC=1.0000
ep=0691 frame=027 slot=09 J_F=   522.00 meanZ=29.06 SoC=1.0000
ep=0691 frame=028 slot=09 J_F=   283.80 meanZ=28.76 SoC=1.0000
ep=0691 frame=029 slot=09 J_F=    82.50 meanZ=27.06 SoC=1.0000
hppo_rsu 692/750 QoE=0.44622 stall=0.0951 146.23s
ep=0692 frame=000 slot=09 J_F= -2547.00 meanZ=88.18 SoC=1.0000
ep=0692 frame=001 slot=09 J_F= -2674.00 meanZ=79.64 SoC=1.0000
ep=0692 frame=002 slot=09 J_F=  -986.00 meanZ=72.78 SoC=1.0000
ep=0692 frame=003 slot=09 J_F= -1087.00 meanZ=67.46 SoC=1.0000
ep=0692 frame=004 slot=09 J_F=  -336.00 meanZ=60.40 SoC=1.0000
ep=0692 frame=005 slot=09 J_F=  -465.50 meanZ=55.26 SoC=1.0000
ep=0692 frame=006 slot=09 J_F=  -390.50 meanZ=49.82 SoC=1.0000
ep=0692 frame=007 slot=09 J_F=  -166.50 meanZ=47.96 SoC=1.0000
ep=0692 frame=008 slot=09 J_F=   281.50 meanZ=46.22 SoC=1.0000
ep=0692 frame=009 slot=09 J_F=    11.90 meanZ=43.28 SoC=1.0000
ep=0692 frame=010 slot=09 J_F=   215.00 meanZ=40.44 SoC=1.0000
ep=0692 frame=011 slot=09 J_F=  -399.00 meanZ=38.90 SoC=1.0000
ep=0692 frame=012 slot=09 J_F=   173.10 meanZ=38.12 SoC=1.0000
ep=0692 frame=013 slot=09 J_F=   351.50 meanZ=38.06 SoC=1.0000
ep=0692 frame=014 slot=09 J_F=  -336.30 meanZ=35.92 SoC=1.0000
ep=0692 frame=015 slot=09 J_F=    60.50 meanZ=34.24 SoC=1.0000
ep=0692 frame=016 slot=09 J_F=   -41.50 meanZ=31.68 SoC=1.0000
ep=0692 frame=017 slot=09 J_F=   -36.00 meanZ=31.78 SoC=1.0000
ep=0692 frame=018 slot=09 J_F=   582.50 meanZ=32.14 SoC=1.0000
ep=0692 frame=019 slot=09 J_F=  -185.50 meanZ=30.64 SoC=1.0000
ep=0692 frame=020 slot=09 J_F=   425.30 meanZ=30.18 SoC=1.0000
ep=0692 frame=021 slot=09 J_F=   113.00 meanZ=31.20 SoC=1.0000
ep=0692 frame=022 slot=09 J_F=   771.00 meanZ=30.96 SoC=1.0000
ep=0692 frame=023 slot=09 J_F=    -4.00 meanZ=29.70 SoC=1.0000
ep=0692 frame=024 slot=09 J_F=   412.50 meanZ=29.08 SoC=1.0000
ep=0692 frame=025 slot=09 J_F=   377.00 meanZ=28.84 SoC=1.0000
ep=0692 frame=026 slot=09 J_F=   -21.20 meanZ=27.70 SoC=1.0000
ep=0692 frame=027 slot=09 J_F=   587.90 meanZ=28.38 SoC=1.0000
ep=0692 frame=028 slot=09 J_F=   400.00 meanZ=28.40 SoC=1.0000
ep=0692 frame=029 slot=09 J_F=   328.10 meanZ=28.16 SoC=1.0000
hppo_rsu 693/750 QoE=0.42163 stall=0.1033 144.14s
ep=0693 frame=000 slot=09 J_F= -3091.00 meanZ=88.88 SoC=1.0000
ep=0693 frame=001 slot=09 J_F= -1503.60 meanZ=82.48 SoC=1.0000
ep=0693 frame=002 slot=09 J_F= -1485.50 meanZ=74.94 SoC=1.0000
ep=0693 frame=003 slot=09 J_F=  -925.60 meanZ=68.84 SoC=1.0000
ep=0693 frame=004 slot=09 J_F= -1265.00 meanZ=62.10 SoC=1.0000
ep=0693 frame=005 slot=09 J_F=    16.80 meanZ=57.20 SoC=1.0000
ep=0693 frame=006 slot=09 J_F=   177.40 meanZ=51.94 SoC=1.0000
ep=0693 frame=007 slot=09 J_F=   -82.60 meanZ=47.34 SoC=1.0000
ep=0693 frame=008 slot=09 J_F=   200.00 meanZ=44.10 SoC=1.0000
ep=0693 frame=009 slot=09 J_F=   426.50 meanZ=40.62 SoC=1.0000
ep=0693 frame=010 slot=09 J_F=  -206.60 meanZ=38.52 SoC=1.0000
ep=0693 frame=011 slot=09 J_F=   610.50 meanZ=38.00 SoC=1.0000
ep=0693 frame=012 slot=09 J_F=   317.00 meanZ=36.66 SoC=1.0000
ep=0693 frame=013 slot=09 J_F=   359.00 meanZ=34.70 SoC=1.0000
ep=0693 frame=014 slot=09 J_F=   215.90 meanZ=33.84 SoC=1.0000
ep=0693 frame=015 slot=09 J_F=   210.00 meanZ=32.82 SoC=1.0000
ep=0693 frame=016 slot=09 J_F=   399.10 meanZ=31.90 SoC=1.0000
ep=0693 frame=017 slot=09 J_F=   612.90 meanZ=32.56 SoC=1.0000
ep=0693 frame=018 slot=09 J_F=   262.00 meanZ=32.46 SoC=1.0000
ep=0693 frame=019 slot=09 J_F=   281.40 meanZ=33.12 SoC=1.0000
ep=0693 frame=020 slot=09 J_F=   565.90 meanZ=32.78 SoC=1.0000
ep=0693 frame=021 slot=09 J_F=   335.50 meanZ=31.70 SoC=1.0000
ep=0693 frame=022 slot=09 J_F=   458.50 meanZ=31.96 SoC=1.0000
ep=0693 frame=023 slot=09 J_F=   -94.50 meanZ=31.78 SoC=1.0000
ep=0693 frame=024 slot=09 J_F=   344.50 meanZ=32.20 SoC=1.0000
ep=0693 frame=025 slot=09 J_F=   814.50 meanZ=31.98 SoC=1.0000
ep=0693 frame=026 slot=09 J_F=   592.90 meanZ=31.52 SoC=1.0000
ep=0693 frame=027 slot=09 J_F=   527.50 meanZ=31.16 SoC=1.0000
ep=0693 frame=028 slot=09 J_F=   337.50 meanZ=30.88 SoC=1.0000
ep=0693 frame=029 slot=09 J_F=   660.50 meanZ=32.28 SoC=1.0000
hppo_rsu 694/750 QoE=0.42994 stall=0.0971 145.71s
ep=0694 frame=000 slot=09 J_F= -3174.10 meanZ=88.64 SoC=1.0000
ep=0694 frame=001 slot=09 J_F= -1483.10 meanZ=81.12 SoC=1.0000
ep=0694 frame=002 slot=09 J_F= -1358.50 meanZ=73.34 SoC=1.0000
ep=0694 frame=003 slot=09 J_F=  -797.00 meanZ=67.38 SoC=1.0000
ep=0694 frame=004 slot=09 J_F=  -528.20 meanZ=60.78 SoC=1.0000
ep=0694 frame=005 slot=09 J_F=   354.40 meanZ=56.04 SoC=1.0000
ep=0694 frame=006 slot=09 J_F= -1053.80 meanZ=50.40 SoC=1.0000
ep=0694 frame=007 slot=09 J_F=    -4.00 meanZ=46.02 SoC=1.0000
ep=0694 frame=008 slot=09 J_F=   257.00 meanZ=44.14 SoC=1.0000
ep=0694 frame=009 slot=09 J_F=   320.00 meanZ=42.00 SoC=1.0000
ep=0694 frame=010 slot=09 J_F=    85.00 meanZ=40.30 SoC=1.0000
ep=0694 frame=011 slot=09 J_F=   510.10 meanZ=40.90 SoC=1.0000
ep=0694 frame=012 slot=09 J_F=   166.20 meanZ=40.98 SoC=1.0000
ep=0694 frame=013 slot=09 J_F=   149.10 meanZ=39.40 SoC=1.0000
ep=0694 frame=014 slot=09 J_F=   145.50 meanZ=37.56 SoC=1.0000
ep=0694 frame=015 slot=09 J_F=   322.00 meanZ=36.78 SoC=1.0000
ep=0694 frame=016 slot=09 J_F=   108.90 meanZ=36.40 SoC=1.0000
ep=0694 frame=017 slot=09 J_F=   707.90 meanZ=34.50 SoC=1.0000
ep=0694 frame=018 slot=09 J_F=   235.00 meanZ=32.88 SoC=1.0000
ep=0694 frame=019 slot=09 J_F=   810.00 meanZ=33.62 SoC=1.0000
ep=0694 frame=020 slot=09 J_F=   804.90 meanZ=34.90 SoC=1.0000
ep=0694 frame=021 slot=09 J_F=   169.00 meanZ=33.56 SoC=1.0000
ep=0694 frame=022 slot=09 J_F=   273.50 meanZ=32.78 SoC=1.0000
ep=0694 frame=023 slot=09 J_F=  -143.70 meanZ=31.90 SoC=1.0000
ep=0694 frame=024 slot=09 J_F=   371.50 meanZ=31.36 SoC=1.0000
ep=0694 frame=025 slot=09 J_F=   440.50 meanZ=30.90 SoC=1.0000
ep=0694 frame=026 slot=09 J_F=   209.50 meanZ=30.72 SoC=1.0000
ep=0694 frame=027 slot=09 J_F=   923.00 meanZ=33.20 SoC=1.0000
ep=0694 frame=028 slot=09 J_F=   385.30 meanZ=33.38 SoC=1.0000
ep=0694 frame=029 slot=09 J_F=   674.90 meanZ=34.04 SoC=1.0000
hppo_rsu 695/750 QoE=0.42872 stall=0.0972 144.56s
ep=0695 frame=000 slot=09 J_F= -2066.50 meanZ=89.60 SoC=1.0000
ep=0695 frame=001 slot=09 J_F= -1807.10 meanZ=81.30 SoC=1.0000
ep=0695 frame=002 slot=09 J_F= -1450.60 meanZ=73.64 SoC=1.0000
ep=0695 frame=003 slot=09 J_F=  -654.50 meanZ=66.36 SoC=1.0000
ep=0695 frame=004 slot=09 J_F=  -383.00 meanZ=60.90 SoC=1.0000
ep=0695 frame=005 slot=09 J_F=  -411.20 meanZ=56.16 SoC=1.0000
ep=0695 frame=006 slot=09 J_F=  -221.20 meanZ=51.70 SoC=1.0000
ep=0695 frame=007 slot=09 J_F=    75.60 meanZ=48.86 SoC=1.0000
ep=0695 frame=008 slot=09 J_F=  -725.80 meanZ=45.20 SoC=1.0000
ep=0695 frame=009 slot=09 J_F=   -55.50 meanZ=41.50 SoC=1.0000
ep=0695 frame=010 slot=09 J_F=   -72.10 meanZ=39.48 SoC=1.0000
ep=0695 frame=011 slot=09 J_F=   -26.20 meanZ=37.34 SoC=1.0000
ep=0695 frame=012 slot=09 J_F=   282.50 meanZ=35.98 SoC=1.0000
ep=0695 frame=013 slot=09 J_F=   637.50 meanZ=35.22 SoC=1.0000
ep=0695 frame=014 slot=09 J_F=   380.00 meanZ=34.44 SoC=1.0000
ep=0695 frame=015 slot=09 J_F=   310.00 meanZ=34.72 SoC=1.0000
ep=0695 frame=016 slot=09 J_F=    48.80 meanZ=34.50 SoC=1.0000
ep=0695 frame=017 slot=09 J_F=   176.30 meanZ=34.16 SoC=1.0000
ep=0695 frame=018 slot=09 J_F=   585.00 meanZ=35.24 SoC=1.0000
ep=0695 frame=019 slot=09 J_F=   459.40 meanZ=35.24 SoC=1.0000
ep=0695 frame=020 slot=09 J_F=   641.00 meanZ=34.56 SoC=1.0000
ep=0695 frame=021 slot=09 J_F=   496.20 meanZ=34.32 SoC=1.0000
ep=0695 frame=022 slot=09 J_F=   673.90 meanZ=33.06 SoC=1.0000
ep=0695 frame=023 slot=09 J_F=   676.70 meanZ=32.70 SoC=1.0000
ep=0695 frame=024 slot=09 J_F=   197.80 meanZ=30.76 SoC=1.0000
ep=0695 frame=025 slot=09 J_F=  -310.20 meanZ=30.04 SoC=1.0000
ep=0695 frame=026 slot=09 J_F=   750.00 meanZ=31.18 SoC=1.0000
ep=0695 frame=027 slot=09 J_F=   811.50 meanZ=31.32 SoC=1.0000
ep=0695 frame=028 slot=09 J_F=   459.90 meanZ=30.78 SoC=1.0000
ep=0695 frame=029 slot=09 J_F=    66.80 meanZ=29.62 SoC=1.0000
hppo_rsu 696/750 QoE=0.43058 stall=0.0991 145.95s
ep=0696 frame=000 slot=09 J_F= -2548.20 meanZ=88.84 SoC=1.0000
ep=0696 frame=001 slot=09 J_F= -1806.50 meanZ=80.76 SoC=1.0000
ep=0696 frame=002 slot=09 J_F=  -783.70 meanZ=74.48 SoC=1.0000
ep=0696 frame=003 slot=09 J_F=  -435.00 meanZ=68.56 SoC=1.0000
ep=0696 frame=004 slot=09 J_F=  -264.60 meanZ=62.32 SoC=1.0000
ep=0696 frame=005 slot=09 J_F=  -783.10 meanZ=55.04 SoC=1.0000
ep=0696 frame=006 slot=09 J_F=  -634.60 meanZ=49.98 SoC=1.0000
ep=0696 frame=007 slot=09 J_F=   -97.00 meanZ=46.18 SoC=1.0000
ep=0696 frame=008 slot=09 J_F=  -130.10 meanZ=43.02 SoC=1.0000
ep=0696 frame=009 slot=09 J_F=    98.40 meanZ=41.82 SoC=1.0000
ep=0696 frame=010 slot=09 J_F=   139.00 meanZ=39.78 SoC=1.0000
ep=0696 frame=011 slot=09 J_F=   485.00 meanZ=39.34 SoC=1.0000
ep=0696 frame=012 slot=09 J_F=  -197.60 meanZ=37.88 SoC=1.0000
ep=0696 frame=013 slot=09 J_F=   760.30 meanZ=37.42 SoC=1.0000
ep=0696 frame=014 slot=09 J_F=    94.80 meanZ=36.18 SoC=1.0000
ep=0696 frame=015 slot=09 J_F=   175.00 meanZ=35.36 SoC=1.0000
ep=0696 frame=016 slot=09 J_F=   382.50 meanZ=35.50 SoC=1.0000
ep=0696 frame=017 slot=09 J_F=   452.40 meanZ=35.02 SoC=1.0000
ep=0696 frame=018 slot=09 J_F=   320.50 meanZ=34.34 SoC=1.0000
ep=0696 frame=019 slot=09 J_F=   448.00 meanZ=34.18 SoC=1.0000
ep=0696 frame=020 slot=09 J_F=   290.80 meanZ=32.58 SoC=1.0000
ep=0696 frame=021 slot=09 J_F=   234.50 meanZ=31.18 SoC=1.0000
ep=0696 frame=022 slot=09 J_F=   -17.00 meanZ=30.04 SoC=1.0000
ep=0696 frame=023 slot=09 J_F=   429.00 meanZ=29.00 SoC=1.0000
ep=0696 frame=024 slot=09 J_F=   474.00 meanZ=30.02 SoC=1.0000
ep=0696 frame=025 slot=09 J_F=   775.10 meanZ=30.38 SoC=1.0000
ep=0696 frame=026 slot=09 J_F=   519.50 meanZ=29.80 SoC=1.0000
ep=0696 frame=027 slot=09 J_F=   175.40 meanZ=28.98 SoC=1.0000
ep=0696 frame=028 slot=09 J_F=   600.90 meanZ=29.16 SoC=1.0000
ep=0696 frame=029 slot=09 J_F=   368.50 meanZ=28.98 SoC=1.0000
hppo_rsu 697/750 QoE=0.39866 stall=0.1119 144.12s
ep=0697 frame=000 slot=09 J_F= -2884.60 meanZ=88.94 SoC=1.0000
ep=0697 frame=001 slot=09 J_F= -1345.40 meanZ=82.50 SoC=1.0000
ep=0697 frame=002 slot=09 J_F= -1130.50 meanZ=75.44 SoC=1.0000
ep=0697 frame=003 slot=09 J_F=  -668.10 meanZ=69.16 SoC=1.0000
ep=0697 frame=004 slot=09 J_F=  -334.20 meanZ=65.32 SoC=1.0000
ep=0697 frame=005 slot=09 J_F=  -406.60 meanZ=60.12 SoC=1.0000
ep=0697 frame=006 slot=09 J_F= -1030.10 meanZ=55.32 SoC=1.0000
ep=0697 frame=007 slot=09 J_F=  -337.10 meanZ=50.76 SoC=1.0000
ep=0697 frame=008 slot=09 J_F=     4.40 meanZ=47.54 SoC=1.0000
ep=0697 frame=009 slot=09 J_F=  -935.00 meanZ=43.24 SoC=1.0000
ep=0697 frame=010 slot=09 J_F=   251.90 meanZ=41.16 SoC=1.0000
ep=0697 frame=011 slot=09 J_F=   215.50 meanZ=39.32 SoC=1.0000
ep=0697 frame=012 slot=09 J_F=   635.50 meanZ=37.88 SoC=1.0000
ep=0697 frame=013 slot=09 J_F=   429.50 meanZ=37.20 SoC=1.0000
ep=0697 frame=014 slot=09 J_F=   595.00 meanZ=37.18 SoC=1.0000
ep=0697 frame=015 slot=09 J_F=   571.90 meanZ=36.52 SoC=1.0000
ep=0697 frame=016 slot=09 J_F=    94.90 meanZ=35.46 SoC=1.0000
ep=0697 frame=017 slot=09 J_F=   311.90 meanZ=34.72 SoC=1.0000
ep=0697 frame=018 slot=09 J_F=   205.80 meanZ=33.74 SoC=1.0000
ep=0697 frame=019 slot=09 J_F=   430.00 meanZ=33.42 SoC=1.0000
ep=0697 frame=020 slot=09 J_F=   386.50 meanZ=31.60 SoC=1.0000
ep=0697 frame=021 slot=09 J_F=   149.80 meanZ=31.44 SoC=1.0000
ep=0697 frame=022 slot=09 J_F=   401.50 meanZ=30.56 SoC=1.0000
ep=0697 frame=023 slot=09 J_F=  1053.00 meanZ=32.60 SoC=1.0000
ep=0697 frame=024 slot=09 J_F=    82.00 meanZ=33.30 SoC=1.0000
ep=0697 frame=025 slot=09 J_F=   584.40 meanZ=33.20 SoC=1.0000
ep=0697 frame=026 slot=09 J_F=    -9.60 meanZ=32.08 SoC=1.0000
ep=0697 frame=027 slot=09 J_F=   846.40 meanZ=32.78 SoC=1.0000
ep=0697 frame=028 slot=09 J_F=  -207.20 meanZ=32.20 SoC=1.0000
ep=0697 frame=029 slot=09 J_F=   721.00 meanZ=31.18 SoC=1.0000
hppo_rsu 698/750 QoE=0.44867 stall=0.0909 145.78s
ep=0698 frame=000 slot=09 J_F= -3126.00 meanZ=88.66 SoC=1.0000
ep=0698 frame=001 slot=09 J_F= -1189.00 meanZ=82.22 SoC=1.0000
ep=0698 frame=002 slot=09 J_F= -2051.50 meanZ=74.12 SoC=1.0000
ep=0698 frame=003 slot=09 J_F=  -433.50 meanZ=68.44 SoC=1.0000
ep=0698 frame=004 slot=09 J_F=  -754.00 meanZ=61.46 SoC=1.0000
ep=0698 frame=005 slot=09 J_F=  -254.50 meanZ=57.00 SoC=1.0000
ep=0698 frame=006 slot=09 J_F=    45.00 meanZ=52.78 SoC=1.0000
ep=0698 frame=007 slot=09 J_F=  -340.00 meanZ=48.50 SoC=1.0000
ep=0698 frame=008 slot=09 J_F=  -296.80 meanZ=46.20 SoC=1.0000
ep=0698 frame=009 slot=09 J_F=   103.50 meanZ=44.00 SoC=1.0000
ep=0698 frame=010 slot=09 J_F=   481.00 meanZ=42.20 SoC=1.0000
ep=0698 frame=011 slot=09 J_F=    89.40 meanZ=40.94 SoC=1.0000
ep=0698 frame=012 slot=09 J_F=  -298.10 meanZ=39.04 SoC=1.0000
ep=0698 frame=013 slot=09 J_F=   518.70 meanZ=39.34 SoC=1.0000
ep=0698 frame=014 slot=09 J_F=   -31.00 meanZ=39.02 SoC=1.0000
ep=0698 frame=015 slot=09 J_F=   431.50 meanZ=40.22 SoC=1.0000
ep=0698 frame=016 slot=09 J_F=   714.50 meanZ=41.80 SoC=1.0000
ep=0698 frame=017 slot=09 J_F=   937.00 meanZ=42.06 SoC=1.0000
ep=0698 frame=018 slot=09 J_F=   249.00 meanZ=41.78 SoC=1.0000
ep=0698 frame=019 slot=09 J_F=   114.00 meanZ=39.62 SoC=1.0000
ep=0698 frame=020 slot=09 J_F=    41.20 meanZ=37.86 SoC=1.0000
ep=0698 frame=021 slot=09 J_F=   874.90 meanZ=37.34 SoC=1.0000
ep=0698 frame=022 slot=09 J_F=  1028.50 meanZ=39.08 SoC=1.0000
ep=0698 frame=023 slot=09 J_F=   620.00 meanZ=39.10 SoC=1.0000
ep=0698 frame=024 slot=09 J_F=   529.00 meanZ=40.52 SoC=1.0000
ep=0698 frame=025 slot=09 J_F=   537.50 meanZ=41.44 SoC=1.0000
ep=0698 frame=026 slot=09 J_F=   710.30 meanZ=41.10 SoC=1.0000
ep=0698 frame=027 slot=09 J_F=   122.90 meanZ=40.06 SoC=1.0000
ep=0698 frame=028 slot=09 J_F=   988.30 meanZ=40.26 SoC=1.0000
ep=0698 frame=029 slot=09 J_F=   146.90 meanZ=40.18 SoC=1.0000
hppo_rsu 699/750 QoE=0.38823 stall=0.1087 144.20s
ep=0699 frame=000 slot=09 J_F= -2594.20 meanZ=89.12 SoC=1.0000
ep=0699 frame=001 slot=09 J_F= -2047.60 meanZ=81.62 SoC=1.0000
ep=0699 frame=002 slot=09 J_F= -1509.50 meanZ=75.60 SoC=1.0000
ep=0699 frame=003 slot=09 J_F=  -364.00 meanZ=69.80 SoC=1.0000
ep=0699 frame=004 slot=09 J_F=  -399.50 meanZ=64.44 SoC=1.0000
ep=0699 frame=005 slot=09 J_F=  -436.70 meanZ=59.78 SoC=1.0000
ep=0699 frame=006 slot=09 J_F=  -274.10 meanZ=54.64 SoC=1.0000
ep=0699 frame=007 slot=09 J_F=   142.50 meanZ=50.42 SoC=1.0000
ep=0699 frame=008 slot=09 J_F=   -13.50 meanZ=48.44 SoC=1.0000
ep=0699 frame=009 slot=09 J_F=    12.90 meanZ=45.58 SoC=1.0000
ep=0699 frame=010 slot=09 J_F=   456.00 meanZ=43.62 SoC=1.0000
ep=0699 frame=011 slot=09 J_F=   409.90 meanZ=42.16 SoC=1.0000
ep=0699 frame=012 slot=09 J_F=  -119.20 meanZ=40.42 SoC=1.0000
ep=0699 frame=013 slot=09 J_F=   -17.90 meanZ=40.22 SoC=1.0000
ep=0699 frame=014 slot=09 J_F=   351.90 meanZ=39.88 SoC=1.0000
ep=0699 frame=015 slot=09 J_F=   448.50 meanZ=40.26 SoC=1.0000
ep=0699 frame=016 slot=09 J_F=   215.40 meanZ=40.00 SoC=1.0000
ep=0699 frame=017 slot=09 J_F=   118.80 meanZ=38.62 SoC=1.0000
ep=0699 frame=018 slot=09 J_F=   248.50 meanZ=38.96 SoC=1.0000
ep=0699 frame=019 slot=09 J_F=   414.50 meanZ=39.68 SoC=1.0000
ep=0699 frame=020 slot=09 J_F=   310.30 meanZ=39.80 SoC=1.0000
ep=0699 frame=021 slot=09 J_F=   340.90 meanZ=40.12 SoC=1.0000
ep=0699 frame=022 slot=09 J_F=   854.00 meanZ=39.94 SoC=1.0000
ep=0699 frame=023 slot=09 J_F=   480.50 meanZ=39.70 SoC=1.0000
ep=0699 frame=024 slot=09 J_F=   812.50 meanZ=39.54 SoC=1.0000
ep=0699 frame=025 slot=09 J_F=   447.90 meanZ=39.74 SoC=1.0000
ep=0699 frame=026 slot=09 J_F=   -20.30 meanZ=38.88 SoC=1.0000
ep=0699 frame=027 slot=09 J_F=   -37.00 meanZ=38.22 SoC=1.0000
ep=0699 frame=028 slot=09 J_F=   367.50 meanZ=36.58 SoC=1.0000
ep=0699 frame=029 slot=09 J_F=    15.80 meanZ=36.08 SoC=1.0000
ep=1000000 frame=000 slot=09 J_F= -2510.00 meanZ=88.92 SoC=1.0000
ep=1000000 frame=001 slot=09 J_F= -1536.50 meanZ=81.12 SoC=1.0000
ep=1000000 frame=002 slot=09 J_F= -1591.00 meanZ=74.12 SoC=1.0000
ep=1000000 frame=003 slot=09 J_F=  -951.20 meanZ=66.72 SoC=1.0000
ep=1000000 frame=004 slot=09 J_F=  -722.10 meanZ=61.54 SoC=1.0000
ep=1000000 frame=005 slot=09 J_F=  -489.10 meanZ=54.98 SoC=1.0000
ep=1000000 frame=006 slot=09 J_F=  -299.50 meanZ=49.52 SoC=1.0000
ep=1000000 frame=007 slot=09 J_F=    93.40 meanZ=46.22 SoC=1.0000
ep=1000000 frame=008 slot=09 J_F=  -470.50 meanZ=41.36 SoC=1.0000
ep=1000000 frame=009 slot=09 J_F=   241.40 meanZ=37.62 SoC=1.0000
ep=1000000 frame=010 slot=09 J_F=   601.50 meanZ=36.48 SoC=1.0000
ep=1000000 frame=011 slot=09 J_F=   409.50 meanZ=35.84 SoC=1.0000
ep=1000000 frame=012 slot=09 J_F=    32.40 meanZ=35.46 SoC=1.0000
ep=1000000 frame=013 slot=09 J_F=   307.30 meanZ=34.94 SoC=1.0000
ep=1000000 frame=014 slot=09 J_F=   523.50 meanZ=34.34 SoC=1.0000
ep=1000000 frame=015 slot=09 J_F=   232.40 meanZ=33.72 SoC=1.0000
ep=1000000 frame=016 slot=09 J_F=   315.40 meanZ=34.60 SoC=1.0000
ep=1000000 frame=017 slot=09 J_F=   271.00 meanZ=35.76 SoC=1.0000
ep=1000000 frame=018 slot=09 J_F=  -149.00 meanZ=33.92 SoC=1.0000
ep=1000000 frame=019 slot=09 J_F=   214.40 meanZ=32.86 SoC=1.0000
ep=1000000 frame=020 slot=09 J_F=   830.00 meanZ=33.68 SoC=1.0000
ep=1000000 frame=021 slot=09 J_F=   212.00 meanZ=34.22 SoC=1.0000
ep=1000000 frame=022 slot=09 J_F=   561.50 meanZ=34.90 SoC=1.0000
ep=1000000 frame=023 slot=09 J_F=   548.90 meanZ=35.34 SoC=1.0000
ep=1000000 frame=024 slot=09 J_F=   339.00 meanZ=34.82 SoC=1.0000
ep=1000000 frame=025 slot=09 J_F=   329.80 meanZ=34.58 SoC=1.0000
ep=1000000 frame=026 slot=09 J_F=   432.90 meanZ=36.08 SoC=1.0000
ep=1000000 frame=027 slot=09 J_F=   412.10 meanZ=36.84 SoC=1.0000
ep=1000000 frame=028 slot=09 J_F=   599.10 meanZ=36.52 SoC=1.0000
ep=1000000 frame=029 slot=09 J_F=   232.50 meanZ=35.18 SoC=1.0000
ep=1000001 frame=000 slot=09 J_F= -2401.50 meanZ=88.84 SoC=1.0000
ep=1000001 frame=001 slot=09 J_F=  -834.00 meanZ=82.54 SoC=1.0000
ep=1000001 frame=002 slot=09 J_F= -1156.00 meanZ=75.44 SoC=1.0000
ep=1000001 frame=003 slot=09 J_F=  -714.00 meanZ=68.92 SoC=1.0000
ep=1000001 frame=004 slot=09 J_F= -1244.10 meanZ=59.86 SoC=1.0000
ep=1000001 frame=005 slot=09 J_F=  -157.50 meanZ=53.02 SoC=1.0000
ep=1000001 frame=006 slot=09 J_F=  -829.10 meanZ=46.06 SoC=1.0000
ep=1000001 frame=007 slot=09 J_F=  -142.00 meanZ=41.48 SoC=1.0000
ep=1000001 frame=008 slot=09 J_F=   273.40 meanZ=39.44 SoC=1.0000
ep=1000001 frame=009 slot=09 J_F=  -535.00 meanZ=36.84 SoC=1.0000
ep=1000001 frame=010 slot=09 J_F=   280.80 meanZ=36.78 SoC=1.0000
ep=1000001 frame=011 slot=09 J_F=    45.50 meanZ=37.10 SoC=1.0000
ep=1000001 frame=012 slot=09 J_F=   232.00 meanZ=36.98 SoC=1.0000
ep=1000001 frame=013 slot=09 J_F=   556.50 meanZ=37.42 SoC=1.0000
ep=1000001 frame=014 slot=09 J_F=   914.90 meanZ=38.64 SoC=1.0000
ep=1000001 frame=015 slot=09 J_F=   415.50 meanZ=38.48 SoC=1.0000
ep=1000001 frame=016 slot=09 J_F=   487.00 meanZ=37.54 SoC=1.0000
ep=1000001 frame=017 slot=09 J_F=   389.00 meanZ=36.74 SoC=1.0000
ep=1000001 frame=018 slot=09 J_F=   552.40 meanZ=37.00 SoC=1.0000
ep=1000001 frame=019 slot=09 J_F=   826.50 meanZ=37.88 SoC=1.0000
ep=1000001 frame=020 slot=09 J_F=   164.50 meanZ=37.44 SoC=1.0000
ep=1000001 frame=021 slot=09 J_F=   389.90 meanZ=36.54 SoC=1.0000
ep=1000001 frame=022 slot=09 J_F=   771.50 meanZ=37.10 SoC=1.0000
ep=1000001 frame=023 slot=09 J_F=   474.50 meanZ=37.40 SoC=1.0000
ep=1000001 frame=024 slot=09 J_F=   322.00 meanZ=36.88 SoC=1.0000
ep=1000001 frame=025 slot=09 J_F=   220.90 meanZ=36.68 SoC=1.0000
ep=1000001 frame=026 slot=09 J_F=   283.50 meanZ=36.28 SoC=1.0000
ep=1000001 frame=027 slot=09 J_F=  1032.00 meanZ=36.60 SoC=1.0000
ep=1000001 frame=028 slot=09 J_F=   305.50 meanZ=35.88 SoC=1.0000
ep=1000001 frame=029 slot=09 J_F=   233.90 meanZ=35.76 SoC=1.0000
ep=1000002 frame=000 slot=09 J_F= -1884.00 meanZ=89.56 SoC=1.0000
ep=1000002 frame=001 slot=09 J_F= -1919.60 meanZ=82.86 SoC=1.0000
ep=1000002 frame=002 slot=09 J_F= -1559.60 meanZ=74.94 SoC=1.0000
ep=1000002 frame=003 slot=09 J_F= -1334.80 meanZ=67.76 SoC=1.0000
ep=1000002 frame=004 slot=09 J_F=  -328.20 meanZ=61.60 SoC=1.0000
ep=1000002 frame=005 slot=09 J_F=   432.00 meanZ=56.04 SoC=1.0000
ep=1000002 frame=006 slot=09 J_F=   264.90 meanZ=51.60 SoC=1.0000
ep=1000002 frame=007 slot=09 J_F=  -296.80 meanZ=49.66 SoC=1.0000
ep=1000002 frame=008 slot=09 J_F=  -203.60 meanZ=45.78 SoC=1.0000
ep=1000002 frame=009 slot=09 J_F=  -305.00 meanZ=44.14 SoC=1.0000
ep=1000002 frame=010 slot=09 J_F=   208.30 meanZ=42.58 SoC=1.0000
ep=1000002 frame=011 slot=09 J_F=   384.00 meanZ=41.44 SoC=1.0000
ep=1000002 frame=012 slot=09 J_F=   -99.00 meanZ=40.38 SoC=1.0000
ep=1000002 frame=013 slot=09 J_F=   172.80 meanZ=40.04 SoC=1.0000
ep=1000002 frame=014 slot=09 J_F=   193.00 meanZ=39.36 SoC=1.0000
ep=1000002 frame=015 slot=09 J_F=   390.30 meanZ=37.70 SoC=1.0000
ep=1000002 frame=016 slot=09 J_F=    -9.00 meanZ=37.74 SoC=1.0000
ep=1000002 frame=017 slot=09 J_F=   -77.00 meanZ=36.84 SoC=1.0000
ep=1000002 frame=018 slot=09 J_F=   310.40 meanZ=34.56 SoC=1.0000
ep=1000002 frame=019 slot=09 J_F=   236.00 meanZ=34.66 SoC=1.0000
ep=1000002 frame=020 slot=09 J_F=   309.40 meanZ=33.58 SoC=1.0000
ep=1000002 frame=021 slot=09 J_F=   557.00 meanZ=32.98 SoC=1.0000
ep=1000002 frame=022 slot=09 J_F=   729.50 meanZ=32.96 SoC=1.0000
ep=1000002 frame=023 slot=09 J_F=   512.00 meanZ=32.98 SoC=1.0000
ep=1000002 frame=024 slot=09 J_F=   177.40 meanZ=32.46 SoC=1.0000
ep=1000002 frame=025 slot=09 J_F=   367.90 meanZ=31.74 SoC=1.0000
ep=1000002 frame=026 slot=09 J_F=   158.90 meanZ=30.72 SoC=1.0000
ep=1000002 frame=027 slot=09 J_F=   195.00 meanZ=30.46 SoC=1.0000
ep=1000002 frame=028 slot=09 J_F=   170.00 meanZ=30.16 SoC=1.0000
ep=1000002 frame=029 slot=09 J_F=   603.00 meanZ=31.22 SoC=1.0000
ep=1000003 frame=000 slot=09 J_F= -3290.60 meanZ=88.80 SoC=1.0000
ep=1000003 frame=001 slot=09 J_F= -1376.50 meanZ=81.32 SoC=1.0000
ep=1000003 frame=002 slot=09 J_F= -2043.00 meanZ=74.38 SoC=1.0000
ep=1000003 frame=003 slot=09 J_F= -1272.60 meanZ=67.18 SoC=1.0000
ep=1000003 frame=004 slot=09 J_F=  -325.00 meanZ=61.46 SoC=1.0000
ep=1000003 frame=005 slot=09 J_F=  -834.10 meanZ=54.86 SoC=1.0000
ep=1000003 frame=006 slot=09 J_F=  -190.00 meanZ=50.30 SoC=1.0000
ep=1000003 frame=007 slot=09 J_F=   389.80 meanZ=49.76 SoC=1.0000
ep=1000003 frame=008 slot=09 J_F=   -46.10 meanZ=46.58 SoC=1.0000
ep=1000003 frame=009 slot=09 J_F=  -282.00 meanZ=43.98 SoC=1.0000
ep=1000003 frame=010 slot=09 J_F=   199.50 meanZ=41.50 SoC=1.0000
ep=1000003 frame=011 slot=09 J_F=   161.90 meanZ=38.58 SoC=1.0000
ep=1000003 frame=012 slot=09 J_F=   752.00 meanZ=38.68 SoC=1.0000
ep=1000003 frame=013 slot=09 J_F=   543.50 meanZ=37.28 SoC=1.0000
ep=1000003 frame=014 slot=09 J_F=   216.00 meanZ=36.62 SoC=1.0000
ep=1000003 frame=015 slot=09 J_F=   414.50 meanZ=37.70 SoC=1.0000
ep=1000003 frame=016 slot=09 J_F=   612.40 meanZ=37.00 SoC=1.0000
ep=1000003 frame=017 slot=09 J_F=   137.90 meanZ=37.70 SoC=1.0000
ep=1000003 frame=018 slot=09 J_F=   119.50 meanZ=35.68 SoC=1.0000
ep=1000003 frame=019 slot=09 J_F=   339.90 meanZ=35.58 SoC=1.0000
ep=1000003 frame=020 slot=09 J_F=   435.00 meanZ=35.20 SoC=1.0000
ep=1000003 frame=021 slot=09 J_F=   302.50 meanZ=35.54 SoC=1.0000
ep=1000003 frame=022 slot=09 J_F=   471.00 meanZ=34.08 SoC=1.0000
ep=1000003 frame=023 slot=09 J_F=   402.80 meanZ=34.34 SoC=1.0000
ep=1000003 frame=024 slot=09 J_F=  -124.60 meanZ=33.40 SoC=1.0000
ep=1000003 frame=025 slot=09 J_F=   640.50 meanZ=33.84 SoC=1.0000
ep=1000003 frame=026 slot=09 J_F=   343.50 meanZ=33.48 SoC=1.0000
ep=1000003 frame=027 slot=09 J_F=   669.00 meanZ=34.96 SoC=1.0000
ep=1000003 frame=028 slot=09 J_F=   377.20 meanZ=35.48 SoC=1.0000
ep=1000003 frame=029 slot=09 J_F=   245.70 meanZ=34.18 SoC=1.0000
ep=1000004 frame=000 slot=09 J_F= -2798.60 meanZ=88.08 SoC=1.0000
ep=1000004 frame=001 slot=09 J_F= -1302.00 meanZ=81.46 SoC=1.0000
ep=1000004 frame=002 slot=09 J_F= -1517.50 meanZ=74.78 SoC=1.0000
ep=1000004 frame=003 slot=09 J_F= -1152.50 meanZ=67.86 SoC=1.0000
ep=1000004 frame=004 slot=09 J_F=  -659.60 meanZ=60.06 SoC=1.0000
ep=1000004 frame=005 slot=09 J_F=    34.00 meanZ=54.34 SoC=1.0000
ep=1000004 frame=006 slot=09 J_F=  -169.50 meanZ=50.04 SoC=1.0000
ep=1000004 frame=007 slot=09 J_F=  -288.60 meanZ=46.04 SoC=1.0000
ep=1000004 frame=008 slot=09 J_F=   -68.60 meanZ=44.66 SoC=1.0000
ep=1000004 frame=009 slot=09 J_F=   376.00 meanZ=42.72 SoC=1.0000
ep=1000004 frame=010 slot=09 J_F=  -337.00 meanZ=41.96 SoC=1.0000
ep=1000004 frame=011 slot=09 J_F=   159.50 meanZ=40.20 SoC=1.0000
ep=1000004 frame=012 slot=09 J_F=   124.50 meanZ=39.74 SoC=1.0000
ep=1000004 frame=013 slot=09 J_F=  -134.00 meanZ=38.54 SoC=1.0000
ep=1000004 frame=014 slot=09 J_F=  -295.10 meanZ=37.50 SoC=1.0000
ep=1000004 frame=015 slot=09 J_F=   808.50 meanZ=36.90 SoC=1.0000
ep=1000004 frame=016 slot=09 J_F=   557.90 meanZ=35.92 SoC=1.0000
ep=1000004 frame=017 slot=09 J_F=   227.40 meanZ=36.24 SoC=1.0000
ep=1000004 frame=018 slot=09 J_F=   393.50 meanZ=35.72 SoC=1.0000
ep=1000004 frame=019 slot=09 J_F=  -126.10 meanZ=34.84 SoC=1.0000
ep=1000004 frame=020 slot=09 J_F=     0.00 meanZ=34.32 SoC=1.0000
ep=1000004 frame=021 slot=09 J_F=    58.00 meanZ=31.84 SoC=1.0000
ep=1000004 frame=022 slot=09 J_F=   826.00 meanZ=31.20 SoC=1.0000
ep=1000004 frame=023 slot=09 J_F=    19.80 meanZ=31.04 SoC=1.0000
ep=1000004 frame=024 slot=09 J_F=   730.50 meanZ=31.42 SoC=1.0000
ep=1000004 frame=025 slot=09 J_F=   464.80 meanZ=31.72 SoC=1.0000
ep=1000004 frame=026 slot=09 J_F=   439.70 meanZ=31.92 SoC=1.0000
ep=1000004 frame=027 slot=09 J_F=   608.80 meanZ=32.22 SoC=1.0000
ep=1000004 frame=028 slot=09 J_F=   232.50 meanZ=32.88 SoC=1.0000
ep=1000004 frame=029 slot=09 J_F=   771.00 meanZ=33.10 SoC=1.0000
ep=1000005 frame=000 slot=09 J_F= -3293.60 meanZ=88.44 SoC=1.0000
ep=1000005 frame=001 slot=09 J_F= -1838.60 meanZ=81.66 SoC=1.0000
ep=1000005 frame=002 slot=09 J_F= -1512.60 meanZ=74.74 SoC=1.0000
ep=1000005 frame=003 slot=09 J_F=  -926.10 meanZ=68.20 SoC=1.0000
ep=1000005 frame=004 slot=09 J_F= -1176.70 meanZ=60.74 SoC=1.0000
ep=1000005 frame=005 slot=09 J_F=  -256.00 meanZ=55.94 SoC=1.0000
ep=1000005 frame=006 slot=09 J_F=   114.40 meanZ=50.30 SoC=1.0000
ep=1000005 frame=007 slot=09 J_F=    18.30 meanZ=48.42 SoC=1.0000
ep=1000005 frame=008 slot=09 J_F=  -483.60 meanZ=44.32 SoC=1.0000
ep=1000005 frame=009 slot=09 J_F=   296.90 meanZ=42.42 SoC=1.0000
ep=1000005 frame=010 slot=09 J_F=   110.40 meanZ=38.44 SoC=1.0000
ep=1000005 frame=011 slot=09 J_F=   115.00 meanZ=37.70 SoC=1.0000
ep=1000005 frame=012 slot=09 J_F=   624.90 meanZ=37.92 SoC=1.0000
ep=1000005 frame=013 slot=09 J_F=   314.00 meanZ=36.54 SoC=1.0000
ep=1000005 frame=014 slot=09 J_F=   624.50 meanZ=37.52 SoC=1.0000
ep=1000005 frame=015 slot=09 J_F=   675.50 meanZ=35.68 SoC=1.0000
ep=1000005 frame=016 slot=09 J_F=   -19.60 meanZ=34.94 SoC=1.0000
ep=1000005 frame=017 slot=09 J_F=   322.50 meanZ=34.68 SoC=1.0000
ep=1000005 frame=018 slot=09 J_F=   406.90 meanZ=33.94 SoC=1.0000
ep=1000005 frame=019 slot=09 J_F=   269.40 meanZ=34.16 SoC=1.0000
ep=1000005 frame=020 slot=09 J_F=   326.50 meanZ=33.82 SoC=1.0000
ep=1000005 frame=021 slot=09 J_F=    47.40 meanZ=33.22 SoC=1.0000
ep=1000005 frame=022 slot=09 J_F=   125.50 meanZ=31.92 SoC=1.0000
ep=1000005 frame=023 slot=09 J_F=   216.00 meanZ=30.86 SoC=1.0000
ep=1000005 frame=024 slot=09 J_F=   304.00 meanZ=32.20 SoC=1.0000
ep=1000005 frame=025 slot=09 J_F=   383.00 meanZ=32.82 SoC=1.0000
ep=1000005 frame=026 slot=09 J_F=   394.40 meanZ=31.76 SoC=1.0000
ep=1000005 frame=027 slot=09 J_F=   540.50 meanZ=32.12 SoC=1.0000
ep=1000005 frame=028 slot=09 J_F=   429.00 meanZ=32.52 SoC=1.0000
ep=1000005 frame=029 slot=09 J_F=   546.00 meanZ=31.78 SoC=1.0000
ep=1000006 frame=000 slot=09 J_F= -1630.10 meanZ=89.22 SoC=1.0000
ep=1000006 frame=001 slot=09 J_F= -1419.00 meanZ=82.36 SoC=1.0000
ep=1000006 frame=002 slot=09 J_F= -1391.00 meanZ=75.12 SoC=1.0000
ep=1000006 frame=003 slot=09 J_F= -1303.00 meanZ=67.88 SoC=1.0000
ep=1000006 frame=004 slot=09 J_F=  -554.00 meanZ=60.48 SoC=1.0000
ep=1000006 frame=005 slot=09 J_F=  -108.00 meanZ=56.12 SoC=1.0000
ep=1000006 frame=006 slot=09 J_F=  -210.10 meanZ=52.40 SoC=1.0000
ep=1000006 frame=007 slot=09 J_F=   234.40 meanZ=50.38 SoC=1.0000
ep=1000006 frame=008 slot=09 J_F=  -350.50 meanZ=47.48 SoC=1.0000
ep=1000006 frame=009 slot=09 J_F=  -441.20 meanZ=44.66 SoC=1.0000
ep=1000006 frame=010 slot=09 J_F=    88.90 meanZ=43.42 SoC=1.0000
ep=1000006 frame=011 slot=09 J_F=     7.50 meanZ=41.16 SoC=1.0000
ep=1000006 frame=012 slot=09 J_F=   -20.00 meanZ=39.58 SoC=1.0000
ep=1000006 frame=013 slot=09 J_F=   530.40 meanZ=40.06 SoC=1.0000
ep=1000006 frame=014 slot=09 J_F=   143.40 meanZ=38.32 SoC=1.0000
ep=1000006 frame=015 slot=09 J_F=   534.00 meanZ=37.92 SoC=1.0000
ep=1000006 frame=016 slot=09 J_F=    98.40 meanZ=36.64 SoC=1.0000
ep=1000006 frame=017 slot=09 J_F=     4.90 meanZ=36.28 SoC=1.0000
ep=1000006 frame=018 slot=09 J_F=   351.40 meanZ=35.38 SoC=1.0000
ep=1000006 frame=019 slot=09 J_F=   348.40 meanZ=35.02 SoC=1.0000
ep=1000006 frame=020 slot=09 J_F=   -66.00 meanZ=34.88 SoC=1.0000
ep=1000006 frame=021 slot=09 J_F=   387.90 meanZ=35.72 SoC=1.0000
ep=1000006 frame=022 slot=09 J_F=   218.60 meanZ=35.34 SoC=1.0000
ep=1000006 frame=023 slot=09 J_F=   419.00 meanZ=35.34 SoC=1.0000
ep=1000006 frame=024 slot=09 J_F=   291.90 meanZ=35.04 SoC=1.0000
ep=1000006 frame=025 slot=09 J_F=   171.40 meanZ=34.98 SoC=1.0000
ep=1000006 frame=026 slot=09 J_F=   325.80 meanZ=34.64 SoC=1.0000
ep=1000006 frame=027 slot=09 J_F=   344.30 meanZ=34.64 SoC=1.0000
ep=1000006 frame=028 slot=09 J_F=   190.40 meanZ=34.22 SoC=1.0000
ep=1000006 frame=029 slot=09 J_F=   123.90 meanZ=34.32 SoC=1.0000
ep=1000007 frame=000 slot=09 J_F= -3498.00 meanZ=87.82 SoC=1.0000
ep=1000007 frame=001 slot=09 J_F= -1753.10 meanZ=79.68 SoC=1.0000
ep=1000007 frame=002 slot=09 J_F= -1844.20 meanZ=71.78 SoC=1.0000
ep=1000007 frame=003 slot=09 J_F=  -478.10 meanZ=65.64 SoC=1.0000
ep=1000007 frame=004 slot=09 J_F=  -971.10 meanZ=58.90 SoC=1.0000
ep=1000007 frame=005 slot=09 J_F=   138.40 meanZ=53.66 SoC=1.0000
ep=1000007 frame=006 slot=09 J_F=  -370.60 meanZ=48.88 SoC=1.0000
ep=1000007 frame=007 slot=09 J_F=  -150.20 meanZ=45.08 SoC=1.0000
ep=1000007 frame=008 slot=09 J_F=   738.00 meanZ=44.32 SoC=1.0000
ep=1000007 frame=009 slot=09 J_F=   253.40 meanZ=43.30 SoC=1.0000
ep=1000007 frame=010 slot=09 J_F=  -277.50 meanZ=40.56 SoC=1.0000
ep=1000007 frame=011 slot=09 J_F=    84.60 meanZ=38.64 SoC=1.0000
ep=1000007 frame=012 slot=09 J_F=   336.90 meanZ=38.06 SoC=1.0000
ep=1000007 frame=013 slot=09 J_F=    29.00 meanZ=36.82 SoC=1.0000
ep=1000007 frame=014 slot=09 J_F=   226.10 meanZ=36.60 SoC=1.0000
ep=1000007 frame=015 slot=09 J_F=    54.40 meanZ=37.00 SoC=1.0000
ep=1000007 frame=016 slot=09 J_F=   212.50 meanZ=37.12 SoC=1.0000
ep=1000007 frame=017 slot=09 J_F=   722.50 meanZ=39.08 SoC=1.0000
ep=1000007 frame=018 slot=09 J_F=   442.00 meanZ=38.76 SoC=1.0000
ep=1000007 frame=019 slot=09 J_F=   -26.00 meanZ=38.50 SoC=1.0000
ep=1000007 frame=020 slot=09 J_F=   291.50 meanZ=39.14 SoC=1.0000
ep=1000007 frame=021 slot=09 J_F=  -163.60 meanZ=38.34 SoC=1.0000
ep=1000007 frame=022 slot=09 J_F=   316.40 meanZ=37.12 SoC=1.0000
ep=1000007 frame=023 slot=09 J_F=   556.40 meanZ=38.28 SoC=1.0000
ep=1000007 frame=024 slot=09 J_F=    83.50 meanZ=37.66 SoC=1.0000
ep=1000007 frame=025 slot=09 J_F=   856.00 meanZ=37.68 SoC=1.0000
ep=1000007 frame=026 slot=09 J_F=   197.90 meanZ=37.56 SoC=1.0000
ep=1000007 frame=027 slot=09 J_F=   122.90 meanZ=36.74 SoC=1.0000
ep=1000007 frame=028 slot=09 J_F=  -118.00 meanZ=36.10 SoC=1.0000
ep=1000007 frame=029 slot=09 J_F=  -579.50 meanZ=33.30 SoC=1.0000
ep=1000008 frame=000 slot=09 J_F= -3491.00 meanZ=87.60 SoC=1.0000
ep=1000008 frame=001 slot=09 J_F= -2298.00 meanZ=79.24 SoC=1.0000
ep=1000008 frame=002 slot=09 J_F= -1788.10 meanZ=72.02 SoC=1.0000
ep=1000008 frame=003 slot=09 J_F=  -295.00 meanZ=65.84 SoC=1.0000
ep=1000008 frame=004 slot=09 J_F=  -669.60 meanZ=60.22 SoC=1.0000
ep=1000008 frame=005 slot=09 J_F=   342.50 meanZ=54.68 SoC=1.0000
ep=1000008 frame=006 slot=09 J_F=   -38.60 meanZ=51.12 SoC=1.0000
ep=1000008 frame=007 slot=09 J_F=   300.50 meanZ=46.64 SoC=1.0000
ep=1000008 frame=008 slot=09 J_F=  -177.60 meanZ=43.42 SoC=1.0000
ep=1000008 frame=009 slot=09 J_F=  -198.60 meanZ=40.78 SoC=1.0000
ep=1000008 frame=010 slot=09 J_F=   -63.50 meanZ=38.90 SoC=1.0000
ep=1000008 frame=011 slot=09 J_F=   238.00 meanZ=38.76 SoC=1.0000
ep=1000008 frame=012 slot=09 J_F=   684.50 meanZ=38.42 SoC=1.0000
ep=1000008 frame=013 slot=09 J_F=   130.00 meanZ=37.52 SoC=1.0000
ep=1000008 frame=014 slot=09 J_F=   178.50 meanZ=36.60 SoC=1.0000
ep=1000008 frame=015 slot=09 J_F=    27.00 meanZ=35.10 SoC=1.0000
ep=1000008 frame=016 slot=09 J_F=   211.50 meanZ=33.74 SoC=1.0000
ep=1000008 frame=017 slot=09 J_F=   247.50 meanZ=34.84 SoC=1.0000
ep=1000008 frame=018 slot=09 J_F=   311.50 meanZ=34.86 SoC=1.0000
ep=1000008 frame=019 slot=09 J_F=    95.00 meanZ=33.84 SoC=1.0000
ep=1000008 frame=020 slot=09 J_F=    79.00 meanZ=32.54 SoC=1.0000
ep=1000008 frame=021 slot=09 J_F=   196.90 meanZ=31.82 SoC=1.0000
ep=1000008 frame=022 slot=09 J_F=   267.80 meanZ=31.50 SoC=1.0000
ep=1000008 frame=023 slot=09 J_F=   752.80 meanZ=32.76 SoC=1.0000
ep=1000008 frame=024 slot=09 J_F=  -108.00 meanZ=31.48 SoC=1.0000
ep=1000008 frame=025 slot=09 J_F=   757.40 meanZ=30.54 SoC=1.0000
ep=1000008 frame=026 slot=09 J_F=   161.00 meanZ=30.36 SoC=1.0000
ep=1000008 frame=027 slot=09 J_F=   457.40 meanZ=30.84 SoC=1.0000
ep=1000008 frame=028 slot=09 J_F=   298.00 meanZ=31.22 SoC=1.0000
ep=1000008 frame=029 slot=09 J_F=   293.90 meanZ=31.10 SoC=1.0000
ep=1000009 frame=000 slot=09 J_F= -3526.10 meanZ=87.60 SoC=1.0000
ep=1000009 frame=001 slot=09 J_F= -1566.10 meanZ=80.36 SoC=1.0000
ep=1000009 frame=002 slot=09 J_F= -1600.00 meanZ=72.98 SoC=1.0000
ep=1000009 frame=003 slot=09 J_F= -1196.20 meanZ=65.36 SoC=1.0000
ep=1000009 frame=004 slot=09 J_F=  -884.50 meanZ=58.46 SoC=1.0000
ep=1000009 frame=005 slot=09 J_F=  -178.60 meanZ=52.10 SoC=1.0000
ep=1000009 frame=006 slot=09 J_F=   349.50 meanZ=48.62 SoC=1.0000
ep=1000009 frame=007 slot=09 J_F=  -313.20 meanZ=45.26 SoC=1.0000
ep=1000009 frame=008 slot=09 J_F=  -155.00 meanZ=42.52 SoC=1.0000
ep=1000009 frame=009 slot=09 J_F=   383.50 meanZ=40.52 SoC=1.0000
ep=1000009 frame=010 slot=09 J_F=  -157.00 meanZ=39.90 SoC=1.0000
ep=1000009 frame=011 slot=09 J_F=    11.50 meanZ=38.18 SoC=1.0000
ep=1000009 frame=012 slot=09 J_F=   284.50 meanZ=38.64 SoC=1.0000
ep=1000009 frame=013 slot=09 J_F=   282.40 meanZ=38.08 SoC=1.0000
ep=1000009 frame=014 slot=09 J_F=   541.50 meanZ=37.02 SoC=1.0000
ep=1000009 frame=015 slot=09 J_F=   590.80 meanZ=36.96 SoC=1.0000
ep=1000009 frame=016 slot=09 J_F=    42.40 meanZ=36.12 SoC=1.0000
ep=1000009 frame=017 slot=09 J_F=   896.40 meanZ=36.20 SoC=1.0000
ep=1000009 frame=018 slot=09 J_F=   485.40 meanZ=37.54 SoC=1.0000
ep=1000009 frame=019 slot=09 J_F=   257.30 meanZ=38.64 SoC=1.0000
ep=1000009 frame=020 slot=09 J_F=    61.40 meanZ=37.62 SoC=1.0000
ep=1000009 frame=021 slot=09 J_F=   252.00 meanZ=37.30 SoC=1.0000
ep=1000009 frame=022 slot=09 J_F=   152.50 meanZ=37.38 SoC=1.0000
ep=1000009 frame=023 slot=09 J_F=   -10.20 meanZ=36.32 SoC=1.0000
ep=1000009 frame=024 slot=09 J_F=   107.00 meanZ=34.20 SoC=1.0000
ep=1000009 frame=025 slot=09 J_F=   460.50 meanZ=33.26 SoC=1.0000
ep=1000009 frame=026 slot=09 J_F=   -81.20 meanZ=33.54 SoC=1.0000
ep=1000009 frame=027 slot=09 J_F=   277.00 meanZ=32.10 SoC=1.0000
ep=1000009 frame=028 slot=09 J_F=   209.60 meanZ=30.62 SoC=1.0000
ep=1000009 frame=029 slot=09 J_F=   122.80 meanZ=28.22 SoC=1.0000
hppo_rsu 700/750 QoE=0.38160 stall=0.1141 147.86s
ep=0700 frame=000 slot=09 J_F= -3052.00 meanZ=88.40 SoC=1.0000
ep=0700 frame=001 slot=09 J_F= -1677.50 meanZ=82.02 SoC=1.0000
ep=0700 frame=002 slot=09 J_F= -1464.00 meanZ=75.22 SoC=1.0000
ep=0700 frame=003 slot=09 J_F=  -632.50 meanZ=68.60 SoC=1.0000
ep=0700 frame=004 slot=09 J_F=    32.50 meanZ=63.12 SoC=1.0000
ep=0700 frame=005 slot=09 J_F=  -498.20 meanZ=57.16 SoC=1.0000
ep=0700 frame=006 slot=09 J_F=    28.90 meanZ=53.68 SoC=1.0000
ep=0700 frame=007 slot=09 J_F=  -470.60 meanZ=49.48 SoC=1.0000
ep=0700 frame=008 slot=09 J_F=   299.70 meanZ=46.38 SoC=1.0000
ep=0700 frame=009 slot=09 J_F=   249.50 meanZ=43.82 SoC=1.0000
ep=0700 frame=010 slot=09 J_F=  -125.10 meanZ=43.16 SoC=1.0000
ep=0700 frame=011 slot=09 J_F=   148.30 meanZ=41.70 SoC=1.0000
ep=0700 frame=012 slot=09 J_F=   -44.00 meanZ=40.68 SoC=1.0000
ep=0700 frame=013 slot=09 J_F=   243.30 meanZ=39.16 SoC=1.0000
ep=0700 frame=014 slot=09 J_F=   839.00 meanZ=39.72 SoC=1.0000
ep=0700 frame=015 slot=09 J_F=   -53.00 meanZ=36.46 SoC=1.0000
ep=0700 frame=016 slot=09 J_F=   434.00 meanZ=35.06 SoC=1.0000
ep=0700 frame=017 slot=09 J_F=   284.40 meanZ=35.94 SoC=1.0000
ep=0700 frame=018 slot=09 J_F=   278.50 meanZ=35.12 SoC=1.0000
ep=0700 frame=019 slot=09 J_F=    -3.80 meanZ=33.84 SoC=1.0000
ep=0700 frame=020 slot=09 J_F=   391.00 meanZ=34.04 SoC=1.0000
ep=0700 frame=021 slot=09 J_F=  1074.50 meanZ=34.82 SoC=1.0000
ep=0700 frame=022 slot=09 J_F=   441.50 meanZ=33.72 SoC=1.0000
ep=0700 frame=023 slot=09 J_F=   503.00 meanZ=33.62 SoC=1.0000
ep=0700 frame=024 slot=09 J_F=   840.90 meanZ=35.44 SoC=1.0000
ep=0700 frame=025 slot=09 J_F=   280.90 meanZ=35.40 SoC=1.0000
ep=0700 frame=026 slot=09 J_F=   499.80 meanZ=34.86 SoC=1.0000
ep=0700 frame=027 slot=09 J_F=   915.10 meanZ=35.38 SoC=1.0000
ep=0700 frame=028 slot=09 J_F=   -51.10 meanZ=34.72 SoC=1.0000
ep=0700 frame=029 slot=09 J_F=   291.30 meanZ=35.14 SoC=1.0000
hppo_rsu 701/750 QoE=0.41342 stall=0.1018 144.57s
ep=0701 frame=000 slot=09 J_F= -3302.70 meanZ=88.24 SoC=1.0000
ep=0701 frame=001 slot=09 J_F= -1624.10 meanZ=80.52 SoC=1.0000
ep=0701 frame=002 slot=09 J_F= -1555.10 meanZ=72.54 SoC=1.0000
ep=0701 frame=003 slot=09 J_F=  -753.50 meanZ=65.52 SoC=1.0000
ep=0701 frame=004 slot=09 J_F=  -486.60 meanZ=59.74 SoC=1.0000
ep=0701 frame=005 slot=09 J_F=   -71.00 meanZ=54.64 SoC=1.0000
ep=0701 frame=006 slot=09 J_F=   247.00 meanZ=49.76 SoC=1.0000
ep=0701 frame=007 slot=09 J_F=  -127.60 meanZ=46.54 SoC=1.0000
ep=0701 frame=008 slot=09 J_F=  -170.60 meanZ=44.04 SoC=1.0000
ep=0701 frame=009 slot=09 J_F=    23.90 meanZ=40.02 SoC=1.0000
ep=0701 frame=010 slot=09 J_F=  -124.50 meanZ=38.42 SoC=1.0000
ep=0701 frame=011 slot=09 J_F=   223.30 meanZ=36.88 SoC=1.0000
ep=0701 frame=012 slot=09 J_F=   -23.50 meanZ=34.76 SoC=1.0000
ep=0701 frame=013 slot=09 J_F=   484.30 meanZ=33.78 SoC=1.0000
ep=0701 frame=014 slot=09 J_F=   142.00 meanZ=33.40 SoC=1.0000
ep=0701 frame=015 slot=09 J_F=   728.00 meanZ=32.80 SoC=1.0000
ep=0701 frame=016 slot=09 J_F=   327.50 meanZ=31.78 SoC=1.0000
ep=0701 frame=017 slot=09 J_F=   -89.50 meanZ=31.66 SoC=1.0000
ep=0701 frame=018 slot=09 J_F=   294.90 meanZ=32.70 SoC=1.0000
ep=0701 frame=019 slot=09 J_F=   258.50 meanZ=32.78 SoC=1.0000
ep=0701 frame=020 slot=09 J_F=   513.50 meanZ=32.80 SoC=1.0000
ep=0701 frame=021 slot=09 J_F=   557.90 meanZ=33.60 SoC=1.0000
ep=0701 frame=022 slot=09 J_F=   567.40 meanZ=32.66 SoC=1.0000
ep=0701 frame=023 slot=09 J_F=   738.30 meanZ=31.92 SoC=1.0000
ep=0701 frame=024 slot=09 J_F=   474.40 meanZ=32.28 SoC=1.0000
ep=0701 frame=025 slot=09 J_F=   241.00 meanZ=31.30 SoC=1.0000
ep=0701 frame=026 slot=09 J_F=   293.50 meanZ=31.30 SoC=1.0000
ep=0701 frame=027 slot=09 J_F=   760.50 meanZ=31.68 SoC=1.0000
ep=0701 frame=028 slot=09 J_F=    18.40 meanZ=31.06 SoC=1.0000
ep=0701 frame=029 slot=09 J_F=   535.90 meanZ=32.16 SoC=1.0000
hppo_rsu 702/750 QoE=0.45041 stall=0.0895 146.42s
ep=0702 frame=000 slot=09 J_F= -1402.50 meanZ=89.26 SoC=1.0000
ep=0702 frame=001 slot=09 J_F= -1800.50 meanZ=80.94 SoC=1.0000
ep=0702 frame=002 slot=09 J_F=  -768.60 meanZ=74.38 SoC=1.0000
ep=0702 frame=003 slot=09 J_F=  -740.40 meanZ=67.48 SoC=1.0000
ep=0702 frame=004 slot=09 J_F=    -4.60 meanZ=63.26 SoC=1.0000
ep=0702 frame=005 slot=09 J_F=  -110.60 meanZ=58.36 SoC=1.0000
ep=0702 frame=006 slot=09 J_F=   168.50 meanZ=54.80 SoC=1.0000
ep=0702 frame=007 slot=09 J_F=  -346.00 meanZ=50.76 SoC=1.0000
ep=0702 frame=008 slot=09 J_F=  -237.60 meanZ=46.56 SoC=1.0000
ep=0702 frame=009 slot=09 J_F=   288.90 meanZ=44.60 SoC=1.0000
ep=0702 frame=010 slot=09 J_F=   373.30 meanZ=45.88 SoC=1.0000
ep=0702 frame=011 slot=09 J_F=  -223.00 meanZ=43.72 SoC=1.0000
ep=0702 frame=012 slot=09 J_F=   529.20 meanZ=42.40 SoC=1.0000
ep=0702 frame=013 slot=09 J_F=   283.90 meanZ=42.10 SoC=1.0000
ep=0702 frame=014 slot=09 J_F=   693.50 meanZ=41.10 SoC=1.0000
ep=0702 frame=015 slot=09 J_F=   318.00 meanZ=39.62 SoC=1.0000
ep=0702 frame=016 slot=09 J_F=   435.00 meanZ=38.36 SoC=1.0000
ep=0702 frame=017 slot=09 J_F=  -145.50 meanZ=37.72 SoC=1.0000
ep=0702 frame=018 slot=09 J_F=   121.00 meanZ=36.02 SoC=1.0000
ep=0702 frame=019 slot=09 J_F=   605.00 meanZ=36.18 SoC=1.0000
ep=0702 frame=020 slot=09 J_F=   522.00 meanZ=36.52 SoC=1.0000
ep=0702 frame=021 slot=09 J_F=   119.80 meanZ=35.56 SoC=1.0000
ep=0702 frame=022 slot=09 J_F=   368.50 meanZ=35.70 SoC=1.0000
ep=0702 frame=023 slot=09 J_F=   230.50 meanZ=35.56 SoC=1.0000
ep=0702 frame=024 slot=09 J_F=   577.50 meanZ=36.10 SoC=1.0000
ep=0702 frame=025 slot=09 J_F=   648.60 meanZ=37.34 SoC=1.0000
ep=0702 frame=026 slot=09 J_F=   526.50 meanZ=39.26 SoC=1.0000
ep=0702 frame=027 slot=09 J_F=   325.40 meanZ=38.34 SoC=1.0000
ep=0702 frame=028 slot=09 J_F=   316.00 meanZ=38.52 SoC=1.0000
ep=0702 frame=029 slot=09 J_F=   276.40 meanZ=37.92 SoC=1.0000
hppo_rsu 703/750 QoE=0.37622 stall=0.1148 144.67s
ep=0703 frame=000 slot=09 J_F= -3520.00 meanZ=87.98 SoC=1.0000
ep=0703 frame=001 slot=09 J_F= -1087.00 meanZ=81.68 SoC=1.0000
ep=0703 frame=002 slot=09 J_F= -2129.00 meanZ=74.46 SoC=1.0000
ep=0703 frame=003 slot=09 J_F=  -978.10 meanZ=67.40 SoC=1.0000
ep=0703 frame=004 slot=09 J_F=  -953.10 meanZ=60.70 SoC=1.0000
ep=0703 frame=005 slot=09 J_F=  -865.50 meanZ=54.50 SoC=1.0000
ep=0703 frame=006 slot=09 J_F=  -617.90 meanZ=50.94 SoC=1.0000
ep=0703 frame=007 slot=09 J_F=   -93.50 meanZ=47.10 SoC=1.0000
ep=0703 frame=008 slot=09 J_F=  -500.00 meanZ=43.50 SoC=1.0000
ep=0703 frame=009 slot=09 J_F=  -284.00 meanZ=40.22 SoC=1.0000
ep=0703 frame=010 slot=09 J_F=   340.00 meanZ=37.42 SoC=1.0000
ep=0703 frame=011 slot=09 J_F=   249.90 meanZ=35.12 SoC=1.0000
ep=0703 frame=012 slot=09 J_F=   505.50 meanZ=33.56 SoC=1.0000
ep=0703 frame=013 slot=09 J_F=   449.60 meanZ=32.52 SoC=1.0000
ep=0703 frame=014 slot=09 J_F=  -144.50 meanZ=31.96 SoC=1.0000
ep=0703 frame=015 slot=09 J_F=   165.00 meanZ=31.14 SoC=1.0000
ep=0703 frame=016 slot=09 J_F=   296.40 meanZ=29.36 SoC=1.0000
ep=0703 frame=017 slot=09 J_F=    67.20 meanZ=28.66 SoC=1.0000
ep=0703 frame=018 slot=09 J_F=   318.40 meanZ=28.70 SoC=1.0000
ep=0703 frame=019 slot=09 J_F=   600.50 meanZ=28.86 SoC=1.0000
ep=0703 frame=020 slot=09 J_F=    37.00 meanZ=28.72 SoC=1.0000
ep=0703 frame=021 slot=09 J_F=    12.90 meanZ=28.04 SoC=1.0000
ep=0703 frame=022 slot=09 J_F=   698.90 meanZ=28.66 SoC=1.0000
ep=0703 frame=023 slot=09 J_F=    79.50 meanZ=27.64 SoC=1.0000
ep=0703 frame=024 slot=09 J_F=   499.00 meanZ=28.62 SoC=1.0000
ep=0703 frame=025 slot=09 J_F=   -48.00 meanZ=27.22 SoC=1.0000
ep=0703 frame=026 slot=09 J_F=   640.00 meanZ=26.74 SoC=1.0000
ep=0703 frame=027 slot=09 J_F=   518.50 meanZ=26.92 SoC=1.0000
ep=0703 frame=028 slot=09 J_F=   729.50 meanZ=27.70 SoC=1.0000
ep=0703 frame=029 slot=09 J_F=   489.00 meanZ=28.10 SoC=1.0000
hppo_rsu 704/750 QoE=0.46684 stall=0.0856 146.22s
ep=0704 frame=000 slot=09 J_F= -2315.50 meanZ=89.36 SoC=1.0000
ep=0704 frame=001 slot=09 J_F= -1651.60 meanZ=82.94 SoC=1.0000
ep=0704 frame=002 slot=09 J_F=  -982.00 meanZ=76.40 SoC=1.0000
ep=0704 frame=003 slot=09 J_F= -1186.00 meanZ=70.04 SoC=1.0000
ep=0704 frame=004 slot=09 J_F=  -396.00 meanZ=63.94 SoC=1.0000
ep=0704 frame=005 slot=09 J_F=   -92.50 meanZ=58.68 SoC=1.0000
ep=0704 frame=006 slot=09 J_F=  -124.10 meanZ=54.54 SoC=1.0000
ep=0704 frame=007 slot=09 J_F=  -141.00 meanZ=51.22 SoC=1.0000
ep=0704 frame=008 slot=09 J_F=  -222.60 meanZ=47.92 SoC=1.0000
ep=0704 frame=009 slot=09 J_F=   183.00 meanZ=46.12 SoC=1.0000
ep=0704 frame=010 slot=09 J_F=   648.00 meanZ=43.54 SoC=1.0000
ep=0704 frame=011 slot=09 J_F=    31.40 meanZ=42.02 SoC=1.0000
ep=0704 frame=012 slot=09 J_F=   360.00 meanZ=39.92 SoC=1.0000
ep=0704 frame=013 slot=09 J_F=   179.00 meanZ=37.88 SoC=1.0000
ep=0704 frame=014 slot=09 J_F=   746.00 meanZ=38.28 SoC=1.0000
ep=0704 frame=015 slot=09 J_F=   624.90 meanZ=38.84 SoC=1.0000
ep=0704 frame=016 slot=09 J_F=   597.90 meanZ=37.44 SoC=1.0000
ep=0704 frame=017 slot=09 J_F=   600.50 meanZ=38.24 SoC=1.0000
ep=0704 frame=018 slot=09 J_F=   340.50 meanZ=37.38 SoC=1.0000
ep=0704 frame=019 slot=09 J_F=   462.00 meanZ=37.20 SoC=1.0000
ep=0704 frame=020 slot=09 J_F=    56.50 meanZ=36.72 SoC=1.0000
ep=0704 frame=021 slot=09 J_F=   256.00 meanZ=36.68 SoC=1.0000
ep=0704 frame=022 slot=09 J_F=   281.00 meanZ=37.54 SoC=1.0000
ep=0704 frame=023 slot=09 J_F=   410.50 meanZ=37.20 SoC=1.0000
ep=0704 frame=024 slot=09 J_F=   862.10 meanZ=36.00 SoC=1.0000
ep=0704 frame=025 slot=09 J_F=   489.00 meanZ=35.30 SoC=1.0000
ep=0704 frame=026 slot=09 J_F=   476.50 meanZ=34.56 SoC=1.0000
ep=0704 frame=027 slot=09 J_F=   550.50 meanZ=35.02 SoC=1.0000
ep=0704 frame=028 slot=09 J_F=    -2.10 meanZ=34.18 SoC=1.0000
ep=0704 frame=029 slot=09 J_F=   982.00 meanZ=35.68 SoC=1.0000
hppo_rsu 705/750 QoE=0.45042 stall=0.0863 144.20s
ep=0705 frame=000 slot=09 J_F= -3053.00 meanZ=88.62 SoC=1.0000
ep=0705 frame=001 slot=09 J_F= -1443.50 meanZ=82.14 SoC=1.0000
ep=0705 frame=002 slot=09 J_F= -1251.70 meanZ=75.50 SoC=1.0000
ep=0705 frame=003 slot=09 J_F= -1223.50 meanZ=68.54 SoC=1.0000
ep=0705 frame=004 slot=09 J_F=  -733.00 meanZ=61.36 SoC=1.0000
ep=0705 frame=005 slot=09 J_F=  -908.00 meanZ=55.50 SoC=1.0000
ep=0705 frame=006 slot=09 J_F=  -233.50 meanZ=50.84 SoC=1.0000
ep=0705 frame=007 slot=09 J_F=   312.00 meanZ=47.78 SoC=1.0000
ep=0705 frame=008 slot=09 J_F=   194.50 meanZ=45.58 SoC=1.0000
ep=0705 frame=009 slot=09 J_F=   492.00 meanZ=44.46 SoC=1.0000
ep=0705 frame=010 slot=09 J_F=   142.00 meanZ=43.70 SoC=1.0000
ep=0705 frame=011 slot=09 J_F=   307.50 meanZ=41.92 SoC=1.0000
ep=0705 frame=012 slot=09 J_F=   442.90 meanZ=41.00 SoC=1.0000
ep=0705 frame=013 slot=09 J_F=   300.50 meanZ=39.54 SoC=1.0000
ep=0705 frame=014 slot=09 J_F=   725.00 meanZ=38.50 SoC=1.0000
ep=0705 frame=015 slot=09 J_F=   457.00 meanZ=38.90 SoC=1.0000
ep=0705 frame=016 slot=09 J_F=   593.00 meanZ=39.08 SoC=1.0000
ep=0705 frame=017 slot=09 J_F=  -421.00 meanZ=37.28 SoC=1.0000
ep=0705 frame=018 slot=09 J_F=  -108.60 meanZ=36.66 SoC=1.0000
ep=0705 frame=019 slot=09 J_F=   532.00 meanZ=37.58 SoC=1.0000
ep=0705 frame=020 slot=09 J_F=   160.00 meanZ=36.16 SoC=1.0000
ep=0705 frame=021 slot=09 J_F=   436.50 meanZ=36.16 SoC=1.0000
ep=0705 frame=022 slot=09 J_F=    32.40 meanZ=35.28 SoC=1.0000
ep=0705 frame=023 slot=09 J_F=   265.00 meanZ=35.02 SoC=1.0000
ep=0705 frame=024 slot=09 J_F=  -250.00 meanZ=33.66 SoC=1.0000
ep=0705 frame=025 slot=09 J_F=   307.50 meanZ=31.44 SoC=1.0000
ep=0705 frame=026 slot=09 J_F=    92.50 meanZ=32.12 SoC=1.0000
ep=0705 frame=027 slot=09 J_F=   558.20 meanZ=31.04 SoC=1.0000
ep=0705 frame=028 slot=09 J_F=   142.00 meanZ=31.56 SoC=1.0000
ep=0705 frame=029 slot=09 J_F=    63.00 meanZ=32.80 SoC=1.0000
hppo_rsu 706/750 QoE=0.38472 stall=0.1137 146.05s
ep=0706 frame=000 slot=09 J_F= -2967.60 meanZ=89.56 SoC=1.0000
ep=0706 frame=001 slot=09 J_F= -1735.60 meanZ=82.22 SoC=1.0000
ep=0706 frame=002 slot=09 J_F=  -413.70 meanZ=76.24 SoC=1.0000
ep=0706 frame=003 slot=09 J_F=  -411.90 meanZ=70.06 SoC=1.0000
ep=0706 frame=004 slot=09 J_F=  -894.00 meanZ=63.10 SoC=1.0000
ep=0706 frame=005 slot=09 J_F=    -3.30 meanZ=58.66 SoC=1.0000
ep=0706 frame=006 slot=09 J_F=  -483.10 meanZ=55.16 SoC=1.0000
ep=0706 frame=007 slot=09 J_F=  -143.60 meanZ=50.76 SoC=1.0000
ep=0706 frame=008 slot=09 J_F=   -42.10 meanZ=47.94 SoC=1.0000
ep=0706 frame=009 slot=09 J_F=   185.00 meanZ=46.68 SoC=1.0000
ep=0706 frame=010 slot=09 J_F=  -275.10 meanZ=43.60 SoC=1.0000
ep=0706 frame=011 slot=09 J_F=   279.00 meanZ=40.56 SoC=1.0000
ep=0706 frame=012 slot=09 J_F=    72.40 meanZ=38.96 SoC=1.0000
ep=0706 frame=013 slot=09 J_F=   227.50 meanZ=38.46 SoC=1.0000
ep=0706 frame=014 slot=09 J_F=  -223.10 meanZ=37.74 SoC=1.0000
ep=0706 frame=015 slot=09 J_F=   807.00 meanZ=38.50 SoC=1.0000
ep=0706 frame=016 slot=09 J_F=    69.00 meanZ=37.22 SoC=1.0000
ep=0706 frame=017 slot=09 J_F=   334.00 meanZ=36.74 SoC=1.0000
ep=0706 frame=018 slot=09 J_F=   -33.10 meanZ=34.28 SoC=1.0000
ep=0706 frame=019 slot=09 J_F=   367.50 meanZ=33.74 SoC=1.0000
ep=0706 frame=020 slot=09 J_F=   571.90 meanZ=33.76 SoC=1.0000
ep=0706 frame=021 slot=09 J_F=   251.00 meanZ=33.76 SoC=1.0000
ep=0706 frame=022 slot=09 J_F=   214.00 meanZ=33.42 SoC=1.0000
ep=0706 frame=023 slot=09 J_F=   432.30 meanZ=33.68 SoC=1.0000
ep=0706 frame=024 slot=09 J_F=   364.00 meanZ=33.32 SoC=1.0000
ep=0706 frame=025 slot=09 J_F=   230.40 meanZ=31.52 SoC=1.0000
ep=0706 frame=026 slot=09 J_F=   489.30 meanZ=31.40 SoC=1.0000
ep=0706 frame=027 slot=09 J_F=   343.00 meanZ=31.06 SoC=1.0000
ep=0706 frame=028 slot=09 J_F=   432.50 meanZ=32.16 SoC=1.0000
ep=0706 frame=029 slot=09 J_F=  -309.70 meanZ=30.72 SoC=1.0000
hppo_rsu 707/750 QoE=0.38149 stall=0.1177 144.73s
ep=0707 frame=000 slot=09 J_F= -2384.60 meanZ=89.46 SoC=1.0000
ep=0707 frame=001 slot=09 J_F= -2074.00 meanZ=81.08 SoC=1.0000
ep=0707 frame=002 slot=09 J_F= -1625.00 meanZ=73.68 SoC=1.0000
ep=0707 frame=003 slot=09 J_F=  -786.60 meanZ=67.30 SoC=1.0000
ep=0707 frame=004 slot=09 J_F=  -748.50 meanZ=61.30 SoC=1.0000
ep=0707 frame=005 slot=09 J_F=   401.40 meanZ=57.64 SoC=1.0000
ep=0707 frame=006 slot=09 J_F=  -673.60 meanZ=51.18 SoC=1.0000
ep=0707 frame=007 slot=09 J_F=   391.00 meanZ=49.26 SoC=1.0000
ep=0707 frame=008 slot=09 J_F=  -710.10 meanZ=44.54 SoC=1.0000
ep=0707 frame=009 slot=09 J_F=   760.30 meanZ=41.76 SoC=1.0000
ep=0707 frame=010 slot=09 J_F=   283.50 meanZ=40.72 SoC=1.0000
ep=0707 frame=011 slot=09 J_F=   240.90 meanZ=39.12 SoC=1.0000
ep=0707 frame=012 slot=09 J_F=   272.00 meanZ=37.60 SoC=1.0000
ep=0707 frame=013 slot=09 J_F=   115.50 meanZ=36.74 SoC=1.0000
ep=0707 frame=014 slot=09 J_F=   511.80 meanZ=37.74 SoC=1.0000
ep=0707 frame=015 slot=09 J_F=   321.30 meanZ=36.40 SoC=1.0000
ep=0707 frame=016 slot=09 J_F=    76.00 meanZ=36.00 SoC=1.0000
ep=0707 frame=017 slot=09 J_F=   -51.10 meanZ=34.26 SoC=1.0000
ep=0707 frame=018 slot=09 J_F=   659.00 meanZ=33.32 SoC=1.0000
ep=0707 frame=019 slot=09 J_F=   787.00 meanZ=33.00 SoC=1.0000
ep=0707 frame=020 slot=09 J_F=   666.00 meanZ=32.32 SoC=1.0000
ep=0707 frame=021 slot=09 J_F=   592.00 meanZ=33.36 SoC=1.0000
ep=0707 frame=022 slot=09 J_F=  -215.70 meanZ=30.74 SoC=1.0000
ep=0707 frame=023 slot=09 J_F=  1102.50 meanZ=31.02 SoC=1.0000
ep=0707 frame=024 slot=09 J_F=   316.10 meanZ=31.26 SoC=1.0000
ep=0707 frame=025 slot=09 J_F=   458.00 meanZ=33.88 SoC=1.0000
ep=0707 frame=026 slot=09 J_F=    48.90 meanZ=32.80 SoC=1.0000
ep=0707 frame=027 slot=09 J_F=   246.20 meanZ=32.84 SoC=1.0000
ep=0707 frame=028 slot=09 J_F=   -39.60 meanZ=32.46 SoC=1.0000
ep=0707 frame=029 slot=09 J_F=   597.00 meanZ=34.04 SoC=1.0000
hppo_rsu 708/750 QoE=0.47007 stall=0.0809 145.01s
ep=0708 frame=000 slot=09 J_F= -3095.00 meanZ=87.90 SoC=1.0000
ep=0708 frame=001 slot=09 J_F=  -904.00 meanZ=81.20 SoC=1.0000
ep=0708 frame=002 slot=09 J_F= -1503.70 meanZ=74.54 SoC=1.0000
ep=0708 frame=003 slot=09 J_F= -1087.00 meanZ=68.12 SoC=1.0000
ep=0708 frame=004 slot=09 J_F=  -251.00 meanZ=63.42 SoC=1.0000
ep=0708 frame=005 slot=09 J_F=  -583.60 meanZ=58.88 SoC=1.0000
ep=0708 frame=006 slot=09 J_F=   -10.10 meanZ=54.48 SoC=1.0000
ep=0708 frame=007 slot=09 J_F=  -130.60 meanZ=51.26 SoC=1.0000
ep=0708 frame=008 slot=09 J_F=  -565.40 meanZ=47.64 SoC=1.0000
ep=0708 frame=009 slot=09 J_F=   -68.50 meanZ=45.54 SoC=1.0000
ep=0708 frame=010 slot=09 J_F=   263.40 meanZ=43.12 SoC=1.0000
ep=0708 frame=011 slot=09 J_F=   320.00 meanZ=42.62 SoC=1.0000
ep=0708 frame=012 slot=09 J_F=  -339.00 meanZ=39.38 SoC=1.0000
ep=0708 frame=013 slot=09 J_F=     2.40 meanZ=38.14 SoC=1.0000
ep=0708 frame=014 slot=09 J_F=   452.40 meanZ=37.24 SoC=1.0000
ep=0708 frame=015 slot=09 J_F=  -167.20 meanZ=36.84 SoC=1.0000
ep=0708 frame=016 slot=09 J_F=   511.00 meanZ=35.14 SoC=1.0000
ep=0708 frame=017 slot=09 J_F=  -335.20 meanZ=34.44 SoC=1.0000
ep=0708 frame=018 slot=09 J_F=   250.90 meanZ=32.54 SoC=1.0000
ep=0708 frame=019 slot=09 J_F=   -83.50 meanZ=29.68 SoC=1.0000
ep=0708 frame=020 slot=09 J_F=   356.40 meanZ=29.86 SoC=1.0000
ep=0708 frame=021 slot=09 J_F=   244.50 meanZ=29.48 SoC=1.0000
ep=0708 frame=022 slot=09 J_F=   456.50 meanZ=29.80 SoC=1.0000
ep=0708 frame=023 slot=09 J_F=   422.50 meanZ=30.72 SoC=1.0000
ep=0708 frame=024 slot=09 J_F=   678.70 meanZ=31.08 SoC=1.0000
ep=0708 frame=025 slot=09 J_F=   719.30 meanZ=32.16 SoC=1.0000
ep=0708 frame=026 slot=09 J_F=   411.30 meanZ=32.60 SoC=1.0000
ep=0708 frame=027 slot=09 J_F=    25.10 meanZ=32.70 SoC=1.0000
ep=0708 frame=028 slot=09 J_F=   169.90 meanZ=31.30 SoC=1.0000
ep=0708 frame=029 slot=09 J_F=   489.90 meanZ=32.08 SoC=1.0000
hppo_rsu 709/750 QoE=0.46748 stall=0.0835 144.33s
ep=0709 frame=000 slot=09 J_F= -3019.00 meanZ=87.98 SoC=1.0000
ep=0709 frame=001 slot=09 J_F= -1253.00 meanZ=80.44 SoC=1.0000
ep=0709 frame=002 slot=09 J_F= -1163.10 meanZ=74.08 SoC=1.0000
ep=0709 frame=003 slot=09 J_F= -1589.70 meanZ=66.40 SoC=1.0000
ep=0709 frame=004 slot=09 J_F=   -82.50 meanZ=61.48 SoC=1.0000
ep=0709 frame=005 slot=09 J_F=   102.50 meanZ=57.98 SoC=1.0000
ep=0709 frame=006 slot=09 J_F= -1005.60 meanZ=53.18 SoC=1.0000
ep=0709 frame=007 slot=09 J_F=   181.80 meanZ=49.16 SoC=1.0000
ep=0709 frame=008 slot=09 J_F=   -60.50 meanZ=46.62 SoC=1.0000
ep=0709 frame=009 slot=09 J_F=    35.90 meanZ=43.56 SoC=1.0000
ep=0709 frame=010 slot=09 J_F=   -53.60 meanZ=41.50 SoC=1.0000
ep=0709 frame=011 slot=09 J_F=   126.00 meanZ=39.68 SoC=1.0000
ep=0709 frame=012 slot=09 J_F=    35.40 meanZ=38.38 SoC=1.0000
ep=0709 frame=013 slot=09 J_F=   430.50 meanZ=37.92 SoC=1.0000
ep=0709 frame=014 slot=09 J_F=   481.00 meanZ=37.24 SoC=1.0000
ep=0709 frame=015 slot=09 J_F=  1165.50 meanZ=37.70 SoC=1.0000
ep=0709 frame=016 slot=09 J_F=    73.00 meanZ=38.38 SoC=1.0000
ep=0709 frame=017 slot=09 J_F=   298.30 meanZ=39.36 SoC=1.0000
ep=0709 frame=018 slot=09 J_F=   315.30 meanZ=39.24 SoC=1.0000
ep=0709 frame=019 slot=09 J_F=    28.50 meanZ=39.36 SoC=1.0000
ep=0709 frame=020 slot=09 J_F=   460.00 meanZ=39.06 SoC=1.0000
ep=0709 frame=021 slot=09 J_F=   -49.60 meanZ=37.98 SoC=1.0000
ep=0709 frame=022 slot=09 J_F=     9.00 meanZ=36.94 SoC=1.0000
ep=0709 frame=023 slot=09 J_F=   160.90 meanZ=37.80 SoC=1.0000
ep=0709 frame=024 slot=09 J_F=   339.50 meanZ=37.04 SoC=1.0000
ep=0709 frame=025 slot=09 J_F=   -99.50 meanZ=35.16 SoC=1.0000
ep=0709 frame=026 slot=09 J_F=   623.30 meanZ=34.80 SoC=1.0000
ep=0709 frame=027 slot=09 J_F=   457.90 meanZ=34.28 SoC=1.0000
ep=0709 frame=028 slot=09 J_F=   611.40 meanZ=34.86 SoC=1.0000
ep=0709 frame=029 slot=09 J_F=   687.80 meanZ=35.20 SoC=1.0000
hppo_rsu 710/750 QoE=0.39944 stall=0.1078 145.74s
ep=0710 frame=000 slot=09 J_F= -2636.10 meanZ=88.24 SoC=1.0000
ep=0710 frame=001 slot=09 J_F= -1272.10 meanZ=81.14 SoC=1.0000
ep=0710 frame=002 slot=09 J_F= -1892.50 meanZ=72.50 SoC=1.0000
ep=0710 frame=003 slot=09 J_F=  -845.60 meanZ=66.18 SoC=1.0000
ep=0710 frame=004 slot=09 J_F=  -621.10 meanZ=60.14 SoC=1.0000
ep=0710 frame=005 slot=09 J_F=  -118.10 meanZ=55.20 SoC=1.0000
ep=0710 frame=006 slot=09 J_F=   533.90 meanZ=53.24 SoC=1.0000
ep=0710 frame=007 slot=09 J_F=  -205.60 meanZ=49.52 SoC=1.0000
ep=0710 frame=008 slot=09 J_F=   -24.90 meanZ=47.44 SoC=1.0000
ep=0710 frame=009 slot=09 J_F=  -118.10 meanZ=44.34 SoC=1.0000
ep=0710 frame=010 slot=09 J_F=     4.00 meanZ=41.66 SoC=1.0000
ep=0710 frame=011 slot=09 J_F=  -278.00 meanZ=40.08 SoC=1.0000
ep=0710 frame=012 slot=09 J_F=   395.30 meanZ=38.28 SoC=1.0000
ep=0710 frame=013 slot=09 J_F=   -27.20 meanZ=36.94 SoC=1.0000
ep=0710 frame=014 slot=09 J_F=   646.90 meanZ=36.50 SoC=1.0000
ep=0710 frame=015 slot=09 J_F=   603.00 meanZ=36.24 SoC=1.0000
ep=0710 frame=016 slot=09 J_F=   399.00 meanZ=37.06 SoC=1.0000
ep=0710 frame=017 slot=09 J_F=   -87.90 meanZ=35.20 SoC=1.0000
ep=0710 frame=018 slot=09 J_F=   214.50 meanZ=34.76 SoC=1.0000
ep=0710 frame=019 slot=09 J_F=   476.00 meanZ=35.38 SoC=1.0000
ep=0710 frame=020 slot=09 J_F=    50.50 meanZ=34.38 SoC=1.0000
ep=0710 frame=021 slot=09 J_F=   558.00 meanZ=32.28 SoC=1.0000
ep=0710 frame=022 slot=09 J_F=  -304.50 meanZ=32.20 SoC=1.0000
ep=0710 frame=023 slot=09 J_F=   -70.60 meanZ=29.98 SoC=1.0000
ep=0710 frame=024 slot=09 J_F=   373.90 meanZ=28.32 SoC=1.0000
ep=0710 frame=025 slot=09 J_F=   324.00 meanZ=27.92 SoC=1.0000
ep=0710 frame=026 slot=09 J_F=   510.40 meanZ=27.82 SoC=1.0000
ep=0710 frame=027 slot=09 J_F=   535.40 meanZ=28.54 SoC=1.0000
ep=0710 frame=028 slot=09 J_F=    81.20 meanZ=26.72 SoC=1.0000
ep=0710 frame=029 slot=09 J_F=   533.00 meanZ=27.34 SoC=1.0000
hppo_rsu 711/750 QoE=0.44651 stall=0.0947 144.40s
ep=0711 frame=000 slot=09 J_F= -3205.00 meanZ=89.18 SoC=1.0000
ep=0711 frame=001 slot=09 J_F= -2042.60 meanZ=81.24 SoC=1.0000
ep=0711 frame=002 slot=09 J_F= -1559.70 meanZ=74.50 SoC=1.0000
ep=0711 frame=003 slot=09 J_F=   -65.10 meanZ=69.28 SoC=1.0000
ep=0711 frame=004 slot=09 J_F=  -600.00 meanZ=63.70 SoC=1.0000
ep=0711 frame=005 slot=09 J_F=  -764.50 meanZ=56.96 SoC=1.0000
ep=0711 frame=006 slot=09 J_F=   370.50 meanZ=53.20 SoC=1.0000
ep=0711 frame=007 slot=09 J_F=  -446.00 meanZ=49.96 SoC=1.0000
ep=0711 frame=008 slot=09 J_F=   128.00 meanZ=47.70 SoC=1.0000
ep=0711 frame=009 slot=09 J_F=  -558.60 meanZ=42.52 SoC=1.0000
ep=0711 frame=010 slot=09 J_F=   257.00 meanZ=39.92 SoC=1.0000
ep=0711 frame=011 slot=09 J_F=   751.50 meanZ=39.22 SoC=1.0000
ep=0711 frame=012 slot=09 J_F=   360.50 meanZ=37.64 SoC=1.0000
ep=0711 frame=013 slot=09 J_F=   138.40 meanZ=35.48 SoC=1.0000
ep=0711 frame=014 slot=09 J_F=   508.50 meanZ=34.58 SoC=1.0000
ep=0711 frame=015 slot=09 J_F=   394.00 meanZ=35.48 SoC=1.0000
ep=0711 frame=016 slot=09 J_F=   375.70 meanZ=36.72 SoC=1.0000
ep=0711 frame=017 slot=09 J_F=   622.30 meanZ=36.26 SoC=1.0000
ep=0711 frame=018 slot=09 J_F=   558.50 meanZ=36.26 SoC=1.0000
ep=0711 frame=019 slot=09 J_F=   311.80 meanZ=37.20 SoC=1.0000
ep=0711 frame=020 slot=09 J_F=   314.30 meanZ=37.32 SoC=1.0000
ep=0711 frame=021 slot=09 J_F=   -38.70 meanZ=36.32 SoC=1.0000
ep=0711 frame=022 slot=09 J_F=   501.00 meanZ=36.70 SoC=1.0000
ep=0711 frame=023 slot=09 J_F=   781.70 meanZ=37.02 SoC=1.0000
ep=0711 frame=024 slot=09 J_F=   292.30 meanZ=36.80 SoC=1.0000
ep=0711 frame=025 slot=09 J_F=   450.00 meanZ=37.36 SoC=1.0000
ep=0711 frame=026 slot=09 J_F=   265.90 meanZ=39.10 SoC=1.0000
ep=0711 frame=027 slot=09 J_F=    16.90 meanZ=37.22 SoC=1.0000
ep=0711 frame=028 slot=09 J_F=   441.00 meanZ=36.10 SoC=1.0000
ep=0711 frame=029 slot=09 J_F=    68.50 meanZ=35.64 SoC=1.0000
hppo_rsu 712/750 QoE=0.36266 stall=0.1208 146.17s
ep=0712 frame=000 slot=09 J_F= -3016.00 meanZ=88.04 SoC=1.0000
ep=0712 frame=001 slot=09 J_F= -2280.10 meanZ=79.88 SoC=1.0000
ep=0712 frame=002 slot=09 J_F= -1337.10 meanZ=72.72 SoC=1.0000
ep=0712 frame=003 slot=09 J_F=  -626.60 meanZ=67.20 SoC=1.0000
ep=0712 frame=004 slot=09 J_F=    15.90 meanZ=60.94 SoC=1.0000
ep=0712 frame=005 slot=09 J_F=  -668.10 meanZ=55.06 SoC=1.0000
ep=0712 frame=006 slot=09 J_F=  -404.10 meanZ=49.78 SoC=1.0000
ep=0712 frame=007 slot=09 J_F=   -64.00 meanZ=46.02 SoC=1.0000
ep=0712 frame=008 slot=09 J_F=  -221.60 meanZ=44.00 SoC=1.0000
ep=0712 frame=009 slot=09 J_F=  -136.60 meanZ=41.32 SoC=1.0000
ep=0712 frame=010 slot=09 J_F=   899.60 meanZ=40.16 SoC=1.0000
ep=0712 frame=011 slot=09 J_F=   221.40 meanZ=38.00 SoC=1.0000
ep=0712 frame=012 slot=09 J_F=   351.00 meanZ=36.76 SoC=1.0000
ep=0712 frame=013 slot=09 J_F=   535.80 meanZ=35.28 SoC=1.0000
ep=0712 frame=014 slot=09 J_F=   151.50 meanZ=35.68 SoC=1.0000
ep=0712 frame=015 slot=09 J_F=   130.50 meanZ=35.30 SoC=1.0000
ep=0712 frame=016 slot=09 J_F=    91.50 meanZ=35.60 SoC=1.0000
ep=0712 frame=017 slot=09 J_F=   368.90 meanZ=35.02 SoC=1.0000
ep=0712 frame=018 slot=09 J_F=  -378.60 meanZ=33.74 SoC=1.0000
ep=0712 frame=019 slot=09 J_F=   520.20 meanZ=33.30 SoC=1.0000
ep=0712 frame=020 slot=09 J_F=   913.50 meanZ=34.48 SoC=1.0000
ep=0712 frame=021 slot=09 J_F=   313.30 meanZ=34.54 SoC=1.0000
ep=0712 frame=022 slot=09 J_F=   274.90 meanZ=35.22 SoC=1.0000
ep=0712 frame=023 slot=09 J_F=   781.90 meanZ=36.12 SoC=1.0000
ep=0712 frame=024 slot=09 J_F=   302.70 meanZ=36.70 SoC=1.0000
ep=0712 frame=025 slot=09 J_F=   283.80 meanZ=36.88 SoC=1.0000
ep=0712 frame=026 slot=09 J_F=  -253.00 meanZ=35.80 SoC=1.0000
ep=0712 frame=027 slot=09 J_F=   666.70 meanZ=34.86 SoC=1.0000
ep=0712 frame=028 slot=09 J_F=   223.00 meanZ=34.40 SoC=1.0000
ep=0712 frame=029 slot=09 J_F=   140.90 meanZ=33.04 SoC=1.0000
hppo_rsu 713/750 QoE=0.40974 stall=0.1058 144.50s
ep=0713 frame=000 slot=09 J_F= -3749.50 meanZ=87.68 SoC=1.0000
ep=0713 frame=001 slot=09 J_F= -1932.00 meanZ=80.20 SoC=1.0000
ep=0713 frame=002 slot=09 J_F= -1193.20 meanZ=73.10 SoC=1.0000
ep=0713 frame=003 slot=09 J_F=  -982.60 meanZ=66.98 SoC=1.0000
ep=0713 frame=004 slot=09 J_F=   254.90 meanZ=60.56 SoC=1.0000
ep=0713 frame=005 slot=09 J_F= -1112.50 meanZ=54.38 SoC=1.0000
ep=0713 frame=006 slot=09 J_F=   -74.10 meanZ=51.40 SoC=1.0000
ep=0713 frame=007 slot=09 J_F=  -493.50 meanZ=48.64 SoC=1.0000
ep=0713 frame=008 slot=09 J_F=   -13.00 meanZ=45.16 SoC=1.0000
ep=0713 frame=009 slot=09 J_F=   358.50 meanZ=42.86 SoC=1.0000
ep=0713 frame=010 slot=09 J_F=    51.00 meanZ=39.98 SoC=1.0000
ep=0713 frame=011 slot=09 J_F=   446.50 meanZ=38.56 SoC=1.0000
ep=0713 frame=012 slot=09 J_F=   540.90 meanZ=39.34 SoC=1.0000
ep=0713 frame=013 slot=09 J_F=   896.80 meanZ=38.26 SoC=1.0000
ep=0713 frame=014 slot=09 J_F=  -528.20 meanZ=36.92 SoC=1.0000
ep=0713 frame=015 slot=09 J_F=   431.40 meanZ=36.70 SoC=1.0000
ep=0713 frame=016 slot=09 J_F=   236.40 meanZ=36.06 SoC=1.0000
ep=0713 frame=017 slot=09 J_F=   404.50 meanZ=34.78 SoC=1.0000
ep=0713 frame=018 slot=09 J_F=   225.90 meanZ=34.02 SoC=1.0000
ep=0713 frame=019 slot=09 J_F=   227.50 meanZ=32.36 SoC=1.0000
ep=0713 frame=020 slot=09 J_F=   729.50 meanZ=33.56 SoC=1.0000
ep=0713 frame=021 slot=09 J_F=  1010.00 meanZ=35.84 SoC=1.0000
ep=0713 frame=022 slot=09 J_F=  -103.60 meanZ=34.78 SoC=1.0000
ep=0713 frame=023 slot=09 J_F=   155.00 meanZ=34.02 SoC=1.0000
ep=0713 frame=024 slot=09 J_F=   333.90 meanZ=33.30 SoC=1.0000
ep=0713 frame=025 slot=09 J_F=    69.90 meanZ=31.64 SoC=1.0000
ep=0713 frame=026 slot=09 J_F=   759.50 meanZ=32.00 SoC=1.0000
ep=0713 frame=027 slot=09 J_F=   694.90 meanZ=32.74 SoC=1.0000
ep=0713 frame=028 slot=09 J_F=   192.90 meanZ=31.10 SoC=1.0000
ep=0713 frame=029 slot=09 J_F=   760.50 meanZ=32.10 SoC=1.0000
hppo_rsu 714/750 QoE=0.46238 stall=0.0853 146.54s
ep=0714 frame=000 slot=09 J_F= -2538.10 meanZ=89.42 SoC=1.0000
ep=0714 frame=001 slot=09 J_F= -1702.10 meanZ=81.00 SoC=1.0000
ep=0714 frame=002 slot=09 J_F= -2166.20 meanZ=73.50 SoC=1.0000
ep=0714 frame=003 slot=09 J_F= -1397.50 meanZ=66.08 SoC=1.0000
ep=0714 frame=004 slot=09 J_F=  -519.50 meanZ=58.50 SoC=1.0000
ep=0714 frame=005 slot=09 J_F=  -191.10 meanZ=52.28 SoC=1.0000
ep=0714 frame=006 slot=09 J_F=   160.30 meanZ=47.92 SoC=1.0000
ep=0714 frame=007 slot=09 J_F=  -439.00 meanZ=45.32 SoC=1.0000
ep=0714 frame=008 slot=09 J_F=   -22.60 meanZ=43.38 SoC=1.0000
ep=0714 frame=009 slot=09 J_F=   142.90 meanZ=41.50 SoC=1.0000
ep=0714 frame=010 slot=09 J_F=    17.90 meanZ=40.62 SoC=1.0000
ep=0714 frame=011 slot=09 J_F=   113.00 meanZ=40.44 SoC=1.0000
ep=0714 frame=012 slot=09 J_F=   590.50 meanZ=40.34 SoC=1.0000
ep=0714 frame=013 slot=09 J_F=   557.40 meanZ=40.64 SoC=1.0000
ep=0714 frame=014 slot=09 J_F=   612.40 meanZ=41.04 SoC=1.0000
ep=0714 frame=015 slot=09 J_F=   644.50 meanZ=42.16 SoC=1.0000
ep=0714 frame=016 slot=09 J_F=   233.40 meanZ=42.98 SoC=1.0000
ep=0714 frame=017 slot=09 J_F=  -109.50 meanZ=41.44 SoC=1.0000
ep=0714 frame=018 slot=09 J_F=   275.00 meanZ=41.40 SoC=1.0000
ep=0714 frame=019 slot=09 J_F=   459.00 meanZ=40.86 SoC=1.0000
ep=0714 frame=020 slot=09 J_F=   730.90 meanZ=40.16 SoC=1.0000
ep=0714 frame=021 slot=09 J_F=   187.80 meanZ=37.92 SoC=1.0000
ep=0714 frame=022 slot=09 J_F=   128.10 meanZ=37.46 SoC=1.0000
ep=0714 frame=023 slot=09 J_F=   273.50 meanZ=38.20 SoC=1.0000
ep=0714 frame=024 slot=09 J_F=   706.60 meanZ=38.30 SoC=1.0000
ep=0714 frame=025 slot=09 J_F=     8.60 meanZ=38.18 SoC=1.0000
ep=0714 frame=026 slot=09 J_F=   664.50 meanZ=37.00 SoC=1.0000
ep=0714 frame=027 slot=09 J_F=    57.50 meanZ=36.46 SoC=1.0000
ep=0714 frame=028 slot=09 J_F=  -116.10 meanZ=34.06 SoC=1.0000
ep=0714 frame=029 slot=09 J_F=   600.30 meanZ=34.56 SoC=1.0000
hppo_rsu 715/750 QoE=0.38654 stall=0.1140 144.40s
ep=0715 frame=000 slot=09 J_F= -2172.00 meanZ=89.44 SoC=1.0000
ep=0715 frame=001 slot=09 J_F= -1696.00 meanZ=82.40 SoC=1.0000
ep=0715 frame=002 slot=09 J_F= -1516.20 meanZ=76.18 SoC=1.0000
ep=0715 frame=003 slot=09 J_F= -1295.00 meanZ=68.88 SoC=1.0000
ep=0715 frame=004 slot=09 J_F=  -688.00 meanZ=62.30 SoC=1.0000
ep=0715 frame=005 slot=09 J_F=  -490.20 meanZ=55.90 SoC=1.0000
ep=0715 frame=006 slot=09 J_F=   198.50 meanZ=50.18 SoC=1.0000
ep=0715 frame=007 slot=09 J_F=   305.90 meanZ=48.28 SoC=1.0000
ep=0715 frame=008 slot=09 J_F=   -42.10 meanZ=47.20 SoC=1.0000
ep=0715 frame=009 slot=09 J_F=   563.40 meanZ=45.38 SoC=1.0000
ep=0715 frame=010 slot=09 J_F=   297.80 meanZ=42.40 SoC=1.0000
ep=0715 frame=011 slot=09 J_F=   731.20 meanZ=42.28 SoC=1.0000
ep=0715 frame=012 slot=09 J_F=   209.40 meanZ=40.34 SoC=1.0000
ep=0715 frame=013 slot=09 J_F=   477.90 meanZ=39.78 SoC=1.0000
ep=0715 frame=014 slot=09 J_F=   155.30 meanZ=38.56 SoC=1.0000
ep=0715 frame=015 slot=09 J_F=   509.90 meanZ=38.84 SoC=1.0000
ep=0715 frame=016 slot=09 J_F=    64.40 meanZ=37.44 SoC=1.0000
ep=0715 frame=017 slot=09 J_F=   -85.70 meanZ=35.14 SoC=1.0000
ep=0715 frame=018 slot=09 J_F=    21.50 meanZ=34.04 SoC=1.0000
ep=0715 frame=019 slot=09 J_F=   226.00 meanZ=34.78 SoC=1.0000
ep=0715 frame=020 slot=09 J_F=   361.40 meanZ=33.92 SoC=1.0000
ep=0715 frame=021 slot=09 J_F=   309.90 meanZ=33.24 SoC=1.0000
ep=0715 frame=022 slot=09 J_F=   215.10 meanZ=33.54 SoC=1.0000
ep=0715 frame=023 slot=09 J_F=   426.00 meanZ=32.10 SoC=1.0000
ep=0715 frame=024 slot=09 J_F=   641.60 meanZ=31.62 SoC=1.0000
ep=0715 frame=025 slot=09 J_F=   451.90 meanZ=32.32 SoC=1.0000
ep=0715 frame=026 slot=09 J_F=   554.00 meanZ=31.92 SoC=1.0000
ep=0715 frame=027 slot=09 J_F=   435.90 meanZ=32.38 SoC=1.0000
ep=0715 frame=028 slot=09 J_F=  -316.50 meanZ=30.60 SoC=1.0000
ep=0715 frame=029 slot=09 J_F=   493.90 meanZ=30.38 SoC=1.0000
hppo_rsu 716/750 QoE=0.43965 stall=0.0957 146.12s
ep=0716 frame=000 slot=09 J_F= -1868.60 meanZ=89.70 SoC=1.0000
ep=0716 frame=001 slot=09 J_F= -1942.50 meanZ=83.44 SoC=1.0000
ep=0716 frame=002 slot=09 J_F= -1242.60 meanZ=76.66 SoC=1.0000
ep=0716 frame=003 slot=09 J_F=  -808.10 meanZ=69.84 SoC=1.0000
ep=0716 frame=004 slot=09 J_F= -1129.20 meanZ=63.82 SoC=1.0000
ep=0716 frame=005 slot=09 J_F=  1052.00 meanZ=61.24 SoC=1.0000
ep=0716 frame=006 slot=09 J_F=  -431.20 meanZ=55.74 SoC=1.0000
ep=0716 frame=007 slot=09 J_F=   413.90 meanZ=52.98 SoC=1.0000
ep=0716 frame=008 slot=09 J_F=   641.00 meanZ=51.96 SoC=1.0000
ep=0716 frame=009 slot=09 J_F=  -181.20 meanZ=49.08 SoC=1.0000
ep=0716 frame=010 slot=09 J_F=  -246.50 meanZ=47.62 SoC=1.0000
ep=0716 frame=011 slot=09 J_F=   253.50 meanZ=46.10 SoC=1.0000
ep=0716 frame=012 slot=09 J_F=   174.30 meanZ=44.14 SoC=1.0000
ep=0716 frame=013 slot=09 J_F=    82.90 meanZ=43.04 SoC=1.0000
ep=0716 frame=014 slot=09 J_F=   952.20 meanZ=43.96 SoC=1.0000
ep=0716 frame=015 slot=09 J_F=   107.00 meanZ=42.12 SoC=1.0000
ep=0716 frame=016 slot=09 J_F=   383.50 meanZ=42.04 SoC=1.0000
ep=0716 frame=017 slot=09 J_F=  -187.60 meanZ=40.28 SoC=1.0000
ep=0716 frame=018 slot=09 J_F=  1020.00 meanZ=40.82 SoC=1.0000
ep=0716 frame=019 slot=09 J_F=   164.90 meanZ=39.76 SoC=1.0000
ep=0716 frame=020 slot=09 J_F=   586.40 meanZ=39.24 SoC=1.0000
ep=0716 frame=021 slot=09 J_F=   -82.60 meanZ=38.04 SoC=1.0000
ep=0716 frame=022 slot=09 J_F=    51.10 meanZ=37.34 SoC=1.0000
ep=0716 frame=023 slot=09 J_F=   244.60 meanZ=37.62 SoC=1.0000
ep=0716 frame=024 slot=09 J_F=   468.00 meanZ=38.24 SoC=1.0000
ep=0716 frame=025 slot=09 J_F=   132.50 meanZ=36.52 SoC=1.0000
ep=0716 frame=026 slot=09 J_F=   510.50 meanZ=36.12 SoC=1.0000
ep=0716 frame=027 slot=09 J_F=   488.50 meanZ=34.76 SoC=1.0000
ep=0716 frame=028 slot=09 J_F=   526.50 meanZ=34.88 SoC=1.0000
ep=0716 frame=029 slot=09 J_F=   566.00 meanZ=34.84 SoC=1.0000
hppo_rsu 717/750 QoE=0.37986 stall=0.1158 144.72s
ep=0717 frame=000 slot=09 J_F= -4136.10 meanZ=88.18 SoC=1.0000
ep=0717 frame=001 slot=09 J_F= -1859.10 meanZ=80.20 SoC=1.0000
ep=0717 frame=002 slot=09 J_F= -1817.10 meanZ=73.24 SoC=1.0000
ep=0717 frame=003 slot=09 J_F= -1025.10 meanZ=67.36 SoC=1.0000
ep=0717 frame=004 slot=09 J_F=  -485.80 meanZ=62.88 SoC=1.0000
ep=0717 frame=005 slot=09 J_F=  -361.00 meanZ=58.58 SoC=1.0000
ep=0717 frame=006 slot=09 J_F=  -246.60 meanZ=53.86 SoC=1.0000
ep=0717 frame=007 slot=09 J_F=  -142.20 meanZ=49.06 SoC=1.0000
ep=0717 frame=008 slot=09 J_F=   158.60 meanZ=47.74 SoC=1.0000
ep=0717 frame=009 slot=09 J_F=   298.40 meanZ=44.44 SoC=1.0000
ep=0717 frame=010 slot=09 J_F=  -614.10 meanZ=41.06 SoC=1.0000
ep=0717 frame=011 slot=09 J_F=   793.00 meanZ=40.78 SoC=1.0000
ep=0717 frame=012 slot=09 J_F=  -262.30 meanZ=37.80 SoC=1.0000
ep=0717 frame=013 slot=09 J_F=   254.80 meanZ=37.08 SoC=1.0000
ep=0717 frame=014 slot=09 J_F=  -146.10 meanZ=34.96 SoC=1.0000
ep=0717 frame=015 slot=09 J_F=   440.50 meanZ=34.92 SoC=1.0000
ep=0717 frame=016 slot=09 J_F=   463.40 meanZ=33.20 SoC=1.0000
ep=0717 frame=017 slot=09 J_F=   144.90 meanZ=31.28 SoC=1.0000
ep=0717 frame=018 slot=09 J_F=   400.10 meanZ=30.50 SoC=1.0000
ep=0717 frame=019 slot=09 J_F=   479.00 meanZ=29.46 SoC=1.0000
ep=0717 frame=020 slot=09 J_F=    -0.20 meanZ=27.12 SoC=1.0000
ep=0717 frame=021 slot=09 J_F=   -87.00 meanZ=25.50 SoC=1.0000
ep=0717 frame=022 slot=09 J_F=   693.40 meanZ=25.84 SoC=1.0000
ep=0717 frame=023 slot=09 J_F=   -29.70 meanZ=24.60 SoC=1.0000
ep=0717 frame=024 slot=09 J_F=   567.90 meanZ=25.66 SoC=1.0000
ep=0717 frame=025 slot=09 J_F=   445.80 meanZ=23.98 SoC=1.0000
ep=0717 frame=026 slot=09 J_F=   400.50 meanZ=24.26 SoC=1.0000
ep=0717 frame=027 slot=09 J_F=   431.40 meanZ=24.50 SoC=1.0000
ep=0717 frame=028 slot=09 J_F=   523.90 meanZ=26.02 SoC=1.0000
ep=0717 frame=029 slot=09 J_F=   320.00 meanZ=24.26 SoC=1.0000
hppo_rsu 718/750 QoE=0.51607 stall=0.0709 146.09s
ep=0718 frame=000 slot=09 J_F= -3310.60 meanZ=88.64 SoC=1.0000
ep=0718 frame=001 slot=09 J_F= -1332.00 meanZ=83.44 SoC=1.0000
ep=0718 frame=002 slot=09 J_F= -1286.00 meanZ=75.72 SoC=1.0000
ep=0718 frame=003 slot=09 J_F=  -916.60 meanZ=69.26 SoC=1.0000
ep=0718 frame=004 slot=09 J_F=    40.30 meanZ=63.96 SoC=1.0000
ep=0718 frame=005 slot=09 J_F=  -540.10 meanZ=58.02 SoC=1.0000
ep=0718 frame=006 slot=09 J_F=  -652.20 meanZ=52.96 SoC=1.0000
ep=0718 frame=007 slot=09 J_F=   521.00 meanZ=50.88 SoC=1.0000
ep=0718 frame=008 slot=09 J_F=   187.50 meanZ=49.04 SoC=1.0000
ep=0718 frame=009 slot=09 J_F=   128.80 meanZ=47.60 SoC=1.0000
ep=0718 frame=010 slot=09 J_F=  -219.50 meanZ=45.10 SoC=1.0000
ep=0718 frame=011 slot=09 J_F=    28.50 meanZ=42.88 SoC=1.0000
ep=0718 frame=012 slot=09 J_F=  -152.00 meanZ=42.26 SoC=1.0000
ep=0718 frame=013 slot=09 J_F=  -259.00 meanZ=40.98 SoC=1.0000
ep=0718 frame=014 slot=09 J_F=    14.00 meanZ=39.72 SoC=1.0000
ep=0718 frame=015 slot=09 J_F=   437.00 meanZ=37.40 SoC=1.0000
ep=0718 frame=016 slot=09 J_F=   428.70 meanZ=36.60 SoC=1.0000
ep=0718 frame=017 slot=09 J_F=   201.00 meanZ=34.62 SoC=1.0000
ep=0718 frame=018 slot=09 J_F=   400.50 meanZ=33.56 SoC=1.0000
ep=0718 frame=019 slot=09 J_F=   -87.90 meanZ=31.96 SoC=1.0000
ep=0718 frame=020 slot=09 J_F=   281.40 meanZ=31.40 SoC=1.0000
ep=0718 frame=021 slot=09 J_F=   831.80 meanZ=31.20 SoC=1.0000
ep=0718 frame=022 slot=09 J_F=   629.40 meanZ=31.90 SoC=1.0000
ep=0718 frame=023 slot=09 J_F=   815.50 meanZ=31.70 SoC=1.0000
ep=0718 frame=024 slot=09 J_F=  -157.10 meanZ=30.70 SoC=1.0000
ep=0718 frame=025 slot=09 J_F=   433.00 meanZ=31.06 SoC=1.0000
ep=0718 frame=026 slot=09 J_F=   192.90 meanZ=30.50 SoC=1.0000
ep=0718 frame=027 slot=09 J_F=   469.30 meanZ=29.68 SoC=1.0000
ep=0718 frame=028 slot=09 J_F=   362.50 meanZ=29.26 SoC=1.0000
ep=0718 frame=029 slot=09 J_F=   270.00 meanZ=28.18 SoC=1.0000
hppo_rsu 719/750 QoE=0.41688 stall=0.1056 144.25s
ep=0719 frame=000 slot=09 J_F= -2672.50 meanZ=89.30 SoC=1.0000
ep=0719 frame=001 slot=09 J_F= -2078.60 meanZ=81.36 SoC=1.0000
ep=0719 frame=002 slot=09 J_F=  -930.00 meanZ=75.22 SoC=1.0000
ep=0719 frame=003 slot=09 J_F= -1795.10 meanZ=67.26 SoC=1.0000
ep=0719 frame=004 slot=09 J_F=  -325.60 meanZ=61.34 SoC=1.0000
ep=0719 frame=005 slot=09 J_F=   512.40 meanZ=58.22 SoC=1.0000
ep=0719 frame=006 slot=09 J_F=  -563.50 meanZ=54.98 SoC=1.0000
ep=0719 frame=007 slot=09 J_F=  -218.60 meanZ=51.90 SoC=1.0000
ep=0719 frame=008 slot=09 J_F=   103.00 meanZ=50.24 SoC=1.0000
ep=0719 frame=009 slot=09 J_F=    51.40 meanZ=48.58 SoC=1.0000
ep=0719 frame=010 slot=09 J_F=   267.30 meanZ=47.08 SoC=1.0000
ep=0719 frame=011 slot=09 J_F=   304.90 meanZ=44.50 SoC=1.0000
ep=0719 frame=012 slot=09 J_F=   349.40 meanZ=42.54 SoC=1.0000
ep=0719 frame=013 slot=09 J_F=   334.00 meanZ=41.32 SoC=1.0000
ep=0719 frame=014 slot=09 J_F=  -263.00 meanZ=39.40 SoC=1.0000
ep=0719 frame=015 slot=09 J_F=   471.90 meanZ=39.04 SoC=1.0000
ep=0719 frame=016 slot=09 J_F=  -159.40 meanZ=37.54 SoC=1.0000
ep=0719 frame=017 slot=09 J_F=   464.50 meanZ=37.64 SoC=1.0000
ep=0719 frame=018 slot=09 J_F=   542.50 meanZ=37.32 SoC=1.0000
ep=0719 frame=019 slot=09 J_F=   747.50 meanZ=37.76 SoC=1.0000
ep=0719 frame=020 slot=09 J_F=   459.50 meanZ=38.90 SoC=1.0000
ep=0719 frame=021 slot=09 J_F=    42.50 meanZ=38.16 SoC=1.0000
ep=0719 frame=022 slot=09 J_F=   151.40 meanZ=37.40 SoC=1.0000
ep=0719 frame=023 slot=09 J_F=   462.00 meanZ=37.08 SoC=1.0000
ep=0719 frame=024 slot=09 J_F=   234.00 meanZ=37.10 SoC=1.0000
ep=0719 frame=025 slot=09 J_F=   619.30 meanZ=35.60 SoC=1.0000
ep=0719 frame=026 slot=09 J_F=   123.50 meanZ=34.96 SoC=1.0000
ep=0719 frame=027 slot=09 J_F=   131.40 meanZ=34.24 SoC=1.0000
ep=0719 frame=028 slot=09 J_F=  -209.00 meanZ=31.84 SoC=1.0000
ep=0719 frame=029 slot=09 J_F=   296.30 meanZ=32.30 SoC=1.0000
hppo_rsu 720/750 QoE=0.38803 stall=0.1143 145.48s
ep=0720 frame=000 slot=09 J_F= -3475.70 meanZ=89.58 SoC=1.0000
ep=0720 frame=001 slot=09 J_F= -1479.70 meanZ=82.52 SoC=1.0000
ep=0720 frame=002 slot=09 J_F= -1260.00 meanZ=75.22 SoC=1.0000
ep=0720 frame=003 slot=09 J_F=  -842.50 meanZ=69.20 SoC=1.0000
ep=0720 frame=004 slot=09 J_F=  -902.50 meanZ=62.78 SoC=1.0000
ep=0720 frame=005 slot=09 J_F=  -249.50 meanZ=57.00 SoC=1.0000
ep=0720 frame=006 slot=09 J_F=   121.00 meanZ=53.76 SoC=1.0000
ep=0720 frame=007 slot=09 J_F=   248.50 meanZ=51.12 SoC=1.0000
ep=0720 frame=008 slot=09 J_F=   -76.80 meanZ=49.12 SoC=1.0000
ep=0720 frame=009 slot=09 J_F=   238.00 meanZ=47.54 SoC=1.0000
ep=0720 frame=010 slot=09 J_F=   -79.10 meanZ=45.32 SoC=1.0000
ep=0720 frame=011 slot=09 J_F=    90.50 meanZ=44.38 SoC=1.0000
ep=0720 frame=012 slot=09 J_F=  -277.60 meanZ=41.28 SoC=1.0000
ep=0720 frame=013 slot=09 J_F=   496.40 meanZ=40.86 SoC=1.0000
ep=0720 frame=014 slot=09 J_F=   154.50 meanZ=38.48 SoC=1.0000
ep=0720 frame=015 slot=09 J_F=   565.40 meanZ=38.20 SoC=1.0000
ep=0720 frame=016 slot=09 J_F=   161.90 meanZ=37.70 SoC=1.0000
ep=0720 frame=017 slot=09 J_F=   259.00 meanZ=37.12 SoC=1.0000
ep=0720 frame=018 slot=09 J_F=   332.40 meanZ=36.94 SoC=1.0000
ep=0720 frame=019 slot=09 J_F=   423.40 meanZ=36.78 SoC=1.0000
ep=0720 frame=020 slot=09 J_F=    38.90 meanZ=35.10 SoC=1.0000
ep=0720 frame=021 slot=09 J_F=   313.50 meanZ=34.90 SoC=1.0000
ep=0720 frame=022 slot=09 J_F=     2.00 meanZ=34.18 SoC=1.0000
ep=0720 frame=023 slot=09 J_F=   260.80 meanZ=33.80 SoC=1.0000
ep=0720 frame=024 slot=09 J_F=   501.70 meanZ=33.90 SoC=1.0000
ep=0720 frame=025 slot=09 J_F=   458.00 meanZ=34.02 SoC=1.0000
ep=0720 frame=026 slot=09 J_F=   257.90 meanZ=34.42 SoC=1.0000
ep=0720 frame=027 slot=09 J_F=   482.00 meanZ=34.78 SoC=1.0000
ep=0720 frame=028 slot=09 J_F=   486.50 meanZ=34.62 SoC=1.0000
ep=0720 frame=029 slot=09 J_F=   643.00 meanZ=34.60 SoC=1.0000
hppo_rsu 721/750 QoE=0.31279 stall=0.1415 144.25s
ep=0721 frame=000 slot=09 J_F= -3286.50 meanZ=88.00 SoC=1.0000
ep=0721 frame=001 slot=09 J_F= -1907.60 meanZ=79.86 SoC=1.0000
ep=0721 frame=002 slot=09 J_F= -1801.00 meanZ=72.68 SoC=1.0000
ep=0721 frame=003 slot=09 J_F=  -900.50 meanZ=66.12 SoC=1.0000
ep=0721 frame=004 slot=09 J_F=    18.50 meanZ=60.02 SoC=1.0000
ep=0721 frame=005 slot=09 J_F=  -186.00 meanZ=54.36 SoC=1.0000
ep=0721 frame=006 slot=09 J_F=  -546.10 meanZ=51.20 SoC=1.0000
ep=0721 frame=007 slot=09 J_F=  -574.10 meanZ=47.70 SoC=1.0000
ep=0721 frame=008 slot=09 J_F=   -47.20 meanZ=44.22 SoC=1.0000
ep=0721 frame=009 slot=09 J_F=   275.00 meanZ=42.92 SoC=1.0000
ep=0721 frame=010 slot=09 J_F=   360.40 meanZ=41.04 SoC=1.0000
ep=0721 frame=011 slot=09 J_F=   485.40 meanZ=40.18 SoC=1.0000
ep=0721 frame=012 slot=09 J_F=  -149.20 meanZ=36.32 SoC=1.0000
ep=0721 frame=013 slot=09 J_F=   555.40 meanZ=36.68 SoC=1.0000
ep=0721 frame=014 slot=09 J_F=   467.00 meanZ=37.20 SoC=1.0000
ep=0721 frame=015 slot=09 J_F=   740.70 meanZ=38.40 SoC=1.0000
ep=0721 frame=016 slot=09 J_F=   699.50 meanZ=38.32 SoC=1.0000
ep=0721 frame=017 slot=09 J_F=   514.30 meanZ=38.22 SoC=1.0000
ep=0721 frame=018 slot=09 J_F=   181.00 meanZ=36.90 SoC=1.0000
ep=0721 frame=019 slot=09 J_F=    38.00 meanZ=36.48 SoC=1.0000
ep=0721 frame=020 slot=09 J_F=  -214.00 meanZ=36.40 SoC=1.0000
ep=0721 frame=021 slot=09 J_F=    88.40 meanZ=34.28 SoC=1.0000
ep=0721 frame=022 slot=09 J_F=   394.40 meanZ=33.70 SoC=1.0000
ep=0721 frame=023 slot=09 J_F=  -100.00 meanZ=33.12 SoC=1.0000
ep=0721 frame=024 slot=09 J_F=    82.40 meanZ=33.00 SoC=1.0000
ep=0721 frame=025 slot=09 J_F=   242.00 meanZ=32.96 SoC=1.0000
ep=0721 frame=026 slot=09 J_F=  -137.60 meanZ=32.38 SoC=1.0000
ep=0721 frame=027 slot=09 J_F=   363.00 meanZ=31.76 SoC=1.0000
ep=0721 frame=028 slot=09 J_F=    17.50 meanZ=30.96 SoC=1.0000
ep=0721 frame=029 slot=09 J_F=   494.50 meanZ=31.16 SoC=1.0000
hppo_rsu 722/750 QoE=0.43136 stall=0.0984 146.00s
ep=0722 frame=000 slot=09 J_F= -3504.00 meanZ=87.88 SoC=1.0000
ep=0722 frame=001 slot=09 J_F= -1610.20 meanZ=80.24 SoC=1.0000
ep=0722 frame=002 slot=09 J_F= -1266.60 meanZ=73.90 SoC=1.0000
ep=0722 frame=003 slot=09 J_F= -1223.50 meanZ=67.70 SoC=1.0000
ep=0722 frame=004 slot=09 J_F=  -460.00 meanZ=62.72 SoC=1.0000
ep=0722 frame=005 slot=09 J_F=   -36.10 meanZ=56.66 SoC=1.0000
ep=0722 frame=006 slot=09 J_F=  -105.50 meanZ=53.04 SoC=1.0000
ep=0722 frame=007 slot=09 J_F=  -360.00 meanZ=47.94 SoC=1.0000
ep=0722 frame=008 slot=09 J_F=  -116.70 meanZ=43.60 SoC=1.0000
ep=0722 frame=009 slot=09 J_F=   147.00 meanZ=42.56 SoC=1.0000
ep=0722 frame=010 slot=09 J_F=   320.10 meanZ=40.14 SoC=1.0000
ep=0722 frame=011 slot=09 J_F=   790.00 meanZ=39.18 SoC=1.0000
ep=0722 frame=012 slot=09 J_F=  -149.50 meanZ=36.88 SoC=1.0000
ep=0722 frame=013 slot=09 J_F=   529.90 meanZ=36.50 SoC=1.0000
ep=0722 frame=014 slot=09 J_F=   431.90 meanZ=37.32 SoC=1.0000
ep=0722 frame=015 slot=09 J_F=   469.50 meanZ=36.88 SoC=1.0000
ep=0722 frame=016 slot=09 J_F=   732.00 meanZ=38.38 SoC=1.0000
ep=0722 frame=017 slot=09 J_F=   453.70 meanZ=38.38 SoC=1.0000
ep=0722 frame=018 slot=09 J_F=   436.80 meanZ=37.96 SoC=1.0000
ep=0722 frame=019 slot=09 J_F=   503.50 meanZ=36.86 SoC=1.0000
ep=0722 frame=020 slot=09 J_F=   685.80 meanZ=36.46 SoC=1.0000
ep=0722 frame=021 slot=09 J_F=    58.50 meanZ=36.58 SoC=1.0000
ep=0722 frame=022 slot=09 J_F=   657.50 meanZ=37.02 SoC=1.0000
ep=0722 frame=023 slot=09 J_F=   631.80 meanZ=36.64 SoC=1.0000
ep=0722 frame=024 slot=09 J_F=    91.00 meanZ=36.60 SoC=1.0000
ep=0722 frame=025 slot=09 J_F=   176.00 meanZ=35.64 SoC=1.0000
ep=0722 frame=026 slot=09 J_F=   544.00 meanZ=34.98 SoC=1.0000
ep=0722 frame=027 slot=09 J_F=   521.20 meanZ=35.56 SoC=1.0000
ep=0722 frame=028 slot=09 J_F=   207.50 meanZ=35.80 SoC=1.0000
ep=0722 frame=029 slot=09 J_F=   422.40 meanZ=35.60 SoC=1.0000
hppo_rsu 723/750 QoE=0.38628 stall=0.1125 144.75s
ep=0723 frame=000 slot=09 J_F= -2081.10 meanZ=89.14 SoC=1.0000
ep=0723 frame=001 slot=09 J_F= -1748.50 meanZ=81.80 SoC=1.0000
ep=0723 frame=002 slot=09 J_F= -1496.60 meanZ=75.24 SoC=1.0000
ep=0723 frame=003 slot=09 J_F=  -781.50 meanZ=68.08 SoC=1.0000
ep=0723 frame=004 slot=09 J_F= -1078.60 meanZ=62.30 SoC=1.0000
ep=0723 frame=005 slot=09 J_F=   708.00 meanZ=59.00 SoC=1.0000
ep=0723 frame=006 slot=09 J_F=  -994.10 meanZ=53.26 SoC=1.0000
ep=0723 frame=007 slot=09 J_F=  -496.00 meanZ=48.10 SoC=1.0000
ep=0723 frame=008 slot=09 J_F=  -867.50 meanZ=43.90 SoC=1.0000
ep=0723 frame=009 slot=09 J_F=   186.30 meanZ=40.34 SoC=1.0000
ep=0723 frame=010 slot=09 J_F=   874.40 meanZ=38.40 SoC=1.0000
ep=0723 frame=011 slot=09 J_F=   321.40 meanZ=37.08 SoC=1.0000
ep=0723 frame=012 slot=09 J_F=   490.00 meanZ=36.50 SoC=1.0000
ep=0723 frame=013 slot=09 J_F=   364.90 meanZ=36.50 SoC=1.0000
ep=0723 frame=014 slot=09 J_F=   -97.30 meanZ=35.16 SoC=1.0000
ep=0723 frame=015 slot=09 J_F=  -105.50 meanZ=32.46 SoC=1.0000
ep=0723 frame=016 slot=09 J_F=   779.90 meanZ=31.06 SoC=1.0000
ep=0723 frame=017 slot=09 J_F=   344.40 meanZ=31.32 SoC=1.0000
ep=0723 frame=018 slot=09 J_F=   587.90 meanZ=30.60 SoC=1.0000
ep=0723 frame=019 slot=09 J_F=   453.40 meanZ=31.00 SoC=1.0000
ep=0723 frame=020 slot=09 J_F=   165.50 meanZ=29.66 SoC=1.0000
ep=0723 frame=021 slot=09 J_F=   458.40 meanZ=30.18 SoC=1.0000
ep=0723 frame=022 slot=09 J_F=   663.00 meanZ=31.12 SoC=1.0000
ep=0723 frame=023 slot=09 J_F=   472.40 meanZ=31.52 SoC=1.0000
ep=0723 frame=024 slot=09 J_F=   103.20 meanZ=31.62 SoC=1.0000
ep=0723 frame=025 slot=09 J_F=   262.90 meanZ=32.64 SoC=1.0000
ep=0723 frame=026 slot=09 J_F=   648.90 meanZ=31.62 SoC=1.0000
ep=0723 frame=027 slot=09 J_F=    64.00 meanZ=32.10 SoC=1.0000
ep=0723 frame=028 slot=09 J_F=   244.50 meanZ=32.64 SoC=1.0000
ep=0723 frame=029 slot=09 J_F=   538.30 meanZ=32.82 SoC=1.0000
hppo_rsu 724/750 QoE=0.42409 stall=0.1005 145.70s
ep=0724 frame=000 slot=09 J_F= -3678.00 meanZ=89.32 SoC=1.0000
ep=0724 frame=001 slot=09 J_F= -2635.60 meanZ=81.44 SoC=1.0000
ep=0724 frame=002 slot=09 J_F= -1363.50 meanZ=74.44 SoC=1.0000
ep=0724 frame=003 slot=09 J_F= -1290.10 meanZ=67.28 SoC=1.0000
ep=0724 frame=004 slot=09 J_F=   -46.00 meanZ=61.10 SoC=1.0000
ep=0724 frame=005 slot=09 J_F= -1370.20 meanZ=55.76 SoC=1.0000
ep=0724 frame=006 slot=09 J_F=   131.50 meanZ=50.86 SoC=1.0000
ep=0724 frame=007 slot=09 J_F=   195.10 meanZ=47.16 SoC=1.0000
ep=0724 frame=008 slot=09 J_F=   278.20 meanZ=45.68 SoC=1.0000
ep=0724 frame=009 slot=09 J_F=    21.00 meanZ=41.84 SoC=1.0000
ep=0724 frame=010 slot=09 J_F=   -93.60 meanZ=39.28 SoC=1.0000
ep=0724 frame=011 slot=09 J_F=   353.00 meanZ=39.64 SoC=1.0000
ep=0724 frame=012 slot=09 J_F=  -600.70 meanZ=36.38 SoC=1.0000
ep=0724 frame=013 slot=09 J_F=   357.00 meanZ=34.76 SoC=1.0000
ep=0724 frame=014 slot=09 J_F=   294.80 meanZ=35.86 SoC=1.0000
ep=0724 frame=015 slot=09 J_F=   816.40 meanZ=35.34 SoC=1.0000
ep=0724 frame=016 slot=09 J_F=   322.40 meanZ=34.40 SoC=1.0000
ep=0724 frame=017 slot=09 J_F=   540.60 meanZ=34.94 SoC=1.0000
ep=0724 frame=018 slot=09 J_F=   704.30 meanZ=36.22 SoC=1.0000
ep=0724 frame=019 slot=09 J_F=   457.90 meanZ=36.16 SoC=1.0000
ep=0724 frame=020 slot=09 J_F=   308.00 meanZ=35.56 SoC=1.0000
ep=0724 frame=021 slot=09 J_F=  1035.00 meanZ=37.58 SoC=1.0000
ep=0724 frame=022 slot=09 J_F=    18.10 meanZ=37.82 SoC=1.0000
ep=0724 frame=023 slot=09 J_F=   423.50 meanZ=39.42 SoC=1.0000
ep=0724 frame=024 slot=09 J_F=   624.50 meanZ=39.88 SoC=1.0000
ep=0724 frame=025 slot=09 J_F=   434.50 meanZ=38.76 SoC=1.0000
ep=0724 frame=026 slot=09 J_F=   297.10 meanZ=38.76 SoC=1.0000
ep=0724 frame=027 slot=09 J_F=   449.00 meanZ=39.00 SoC=1.0000
ep=0724 frame=028 slot=09 J_F=   459.90 meanZ=39.96 SoC=1.0000
ep=0724 frame=029 slot=09 J_F=    89.70 meanZ=39.82 SoC=1.0000
ep=1000000 frame=000 slot=09 J_F= -2592.00 meanZ=89.08 SoC=1.0000
ep=1000000 frame=001 slot=09 J_F= -1388.60 meanZ=81.60 SoC=1.0000
ep=1000000 frame=002 slot=09 J_F= -1842.50 meanZ=74.04 SoC=1.0000
ep=1000000 frame=003 slot=09 J_F= -1085.10 meanZ=66.52 SoC=1.0000
ep=1000000 frame=004 slot=09 J_F=  -733.50 meanZ=61.24 SoC=1.0000
ep=1000000 frame=005 slot=09 J_F=  -314.10 meanZ=54.80 SoC=1.0000
ep=1000000 frame=006 slot=09 J_F=    94.50 meanZ=49.52 SoC=1.0000
ep=1000000 frame=007 slot=09 J_F=    68.40 meanZ=46.02 SoC=1.0000
ep=1000000 frame=008 slot=09 J_F=  -323.00 meanZ=43.02 SoC=1.0000
ep=1000000 frame=009 slot=09 J_F=   471.60 meanZ=40.78 SoC=1.0000
ep=1000000 frame=010 slot=09 J_F=   760.00 meanZ=39.64 SoC=1.0000
ep=1000000 frame=011 slot=09 J_F=   -40.90 meanZ=37.70 SoC=1.0000
ep=1000000 frame=012 slot=09 J_F=    74.80 meanZ=37.18 SoC=1.0000
ep=1000000 frame=013 slot=09 J_F=   434.10 meanZ=36.50 SoC=1.0000
ep=1000000 frame=014 slot=09 J_F=   388.00 meanZ=35.66 SoC=1.0000
ep=1000000 frame=015 slot=09 J_F=   539.00 meanZ=34.98 SoC=1.0000
ep=1000000 frame=016 slot=09 J_F=  -163.60 meanZ=34.34 SoC=1.0000
ep=1000000 frame=017 slot=09 J_F=   378.90 meanZ=34.50 SoC=1.0000
ep=1000000 frame=018 slot=09 J_F=   209.50 meanZ=33.28 SoC=1.0000
ep=1000000 frame=019 slot=09 J_F=   364.10 meanZ=33.62 SoC=1.0000
ep=1000000 frame=020 slot=09 J_F=   951.40 meanZ=35.18 SoC=1.0000
ep=1000000 frame=021 slot=09 J_F=    75.50 meanZ=35.62 SoC=1.0000
ep=1000000 frame=022 slot=09 J_F=   674.00 meanZ=35.06 SoC=1.0000
ep=1000000 frame=023 slot=09 J_F=   164.00 meanZ=34.90 SoC=1.0000
ep=1000000 frame=024 slot=09 J_F=   766.50 meanZ=36.06 SoC=1.0000
ep=1000000 frame=025 slot=09 J_F=   666.90 meanZ=35.96 SoC=1.0000
ep=1000000 frame=026 slot=09 J_F=   151.40 meanZ=35.76 SoC=1.0000
ep=1000000 frame=027 slot=09 J_F=   312.30 meanZ=35.44 SoC=1.0000
ep=1000000 frame=028 slot=09 J_F=   457.70 meanZ=35.52 SoC=1.0000
ep=1000000 frame=029 slot=09 J_F=   456.30 meanZ=34.72 SoC=1.0000
ep=1000001 frame=000 slot=09 J_F= -2407.50 meanZ=88.72 SoC=1.0000
ep=1000001 frame=001 slot=09 J_F= -1203.00 meanZ=82.36 SoC=1.0000
ep=1000001 frame=002 slot=09 J_F= -1107.10 meanZ=75.50 SoC=1.0000
ep=1000001 frame=003 slot=09 J_F=  -667.00 meanZ=69.26 SoC=1.0000
ep=1000001 frame=004 slot=09 J_F= -1160.60 meanZ=60.66 SoC=1.0000
ep=1000001 frame=005 slot=09 J_F=  -173.00 meanZ=53.76 SoC=1.0000
ep=1000001 frame=006 slot=09 J_F= -1012.60 meanZ=46.88 SoC=1.0000
ep=1000001 frame=007 slot=09 J_F=    17.00 meanZ=41.66 SoC=1.0000
ep=1000001 frame=008 slot=09 J_F=   188.00 meanZ=40.14 SoC=1.0000
ep=1000001 frame=009 slot=09 J_F=  -634.10 meanZ=36.14 SoC=1.0000
ep=1000001 frame=010 slot=09 J_F=   466.80 meanZ=35.52 SoC=1.0000
ep=1000001 frame=011 slot=09 J_F=    56.90 meanZ=34.48 SoC=1.0000
ep=1000001 frame=012 slot=09 J_F=   241.50 meanZ=33.56 SoC=1.0000
ep=1000001 frame=013 slot=09 J_F=   678.10 meanZ=32.92 SoC=1.0000
ep=1000001 frame=014 slot=09 J_F=   566.00 meanZ=35.44 SoC=1.0000
ep=1000001 frame=015 slot=09 J_F=   254.00 meanZ=34.96 SoC=1.0000
ep=1000001 frame=016 slot=09 J_F=   114.10 meanZ=34.14 SoC=1.0000
ep=1000001 frame=017 slot=09 J_F=   205.00 meanZ=33.44 SoC=1.0000
ep=1000001 frame=018 slot=09 J_F=   523.40 meanZ=33.54 SoC=1.0000
ep=1000001 frame=019 slot=09 J_F=   459.50 meanZ=34.08 SoC=1.0000
ep=1000001 frame=020 slot=09 J_F=   382.60 meanZ=33.38 SoC=1.0000
ep=1000001 frame=021 slot=09 J_F=   199.40 meanZ=32.84 SoC=1.0000
ep=1000001 frame=022 slot=09 J_F=   718.50 meanZ=34.22 SoC=1.0000
ep=1000001 frame=023 slot=09 J_F=   521.00 meanZ=35.12 SoC=1.0000
ep=1000001 frame=024 slot=09 J_F=   619.50 meanZ=35.34 SoC=1.0000
ep=1000001 frame=025 slot=09 J_F=   -38.00 meanZ=34.12 SoC=1.0000
ep=1000001 frame=026 slot=09 J_F=   708.00 meanZ=34.94 SoC=1.0000
ep=1000001 frame=027 slot=09 J_F=   432.00 meanZ=35.72 SoC=1.0000
ep=1000001 frame=028 slot=09 J_F=   206.80 meanZ=35.68 SoC=1.0000
ep=1000001 frame=029 slot=09 J_F=   124.50 meanZ=35.80 SoC=1.0000
ep=1000002 frame=000 slot=09 J_F= -1789.00 meanZ=89.42 SoC=1.0000
ep=1000002 frame=001 slot=09 J_F= -1813.60 meanZ=82.76 SoC=1.0000
ep=1000002 frame=002 slot=09 J_F= -1630.60 meanZ=74.48 SoC=1.0000
ep=1000002 frame=003 slot=09 J_F= -1300.60 meanZ=67.70 SoC=1.0000
ep=1000002 frame=004 slot=09 J_F=  -408.00 meanZ=61.24 SoC=1.0000
ep=1000002 frame=005 slot=09 J_F=   120.50 meanZ=55.56 SoC=1.0000
ep=1000002 frame=006 slot=09 J_F=     6.00 meanZ=50.68 SoC=1.0000
ep=1000002 frame=007 slot=09 J_F=   -47.10 meanZ=48.14 SoC=1.0000
ep=1000002 frame=008 slot=09 J_F=  -250.60 meanZ=45.32 SoC=1.0000
ep=1000002 frame=009 slot=09 J_F=  -303.00 meanZ=42.96 SoC=1.0000
ep=1000002 frame=010 slot=09 J_F=   552.00 meanZ=41.92 SoC=1.0000
ep=1000002 frame=011 slot=09 J_F=   858.90 meanZ=42.32 SoC=1.0000
ep=1000002 frame=012 slot=09 J_F=   337.30 meanZ=41.68 SoC=1.0000
ep=1000002 frame=013 slot=09 J_F=   -39.10 meanZ=41.56 SoC=1.0000
ep=1000002 frame=014 slot=09 J_F=   404.50 meanZ=40.22 SoC=1.0000
ep=1000002 frame=015 slot=09 J_F=    92.80 meanZ=38.54 SoC=1.0000
ep=1000002 frame=016 slot=09 J_F=   614.00 meanZ=38.78 SoC=1.0000
ep=1000002 frame=017 slot=09 J_F=  -600.00 meanZ=37.00 SoC=1.0000
ep=1000002 frame=018 slot=09 J_F=  -123.10 meanZ=35.86 SoC=1.0000
ep=1000002 frame=019 slot=09 J_F=  -199.00 meanZ=35.62 SoC=1.0000
ep=1000002 frame=020 slot=09 J_F=   105.90 meanZ=33.96 SoC=1.0000
ep=1000002 frame=021 slot=09 J_F=   393.40 meanZ=33.02 SoC=1.0000
ep=1000002 frame=022 slot=09 J_F=   121.90 meanZ=31.84 SoC=1.0000
ep=1000002 frame=023 slot=09 J_F=   539.50 meanZ=30.82 SoC=1.0000
ep=1000002 frame=024 slot=09 J_F=   218.00 meanZ=30.10 SoC=1.0000
ep=1000002 frame=025 slot=09 J_F=    82.00 meanZ=30.32 SoC=1.0000
ep=1000002 frame=026 slot=09 J_F=    77.50 meanZ=29.40 SoC=1.0000
ep=1000002 frame=027 slot=09 J_F=   449.90 meanZ=29.32 SoC=1.0000
ep=1000002 frame=028 slot=09 J_F=   528.30 meanZ=29.64 SoC=1.0000
ep=1000002 frame=029 slot=09 J_F=   853.00 meanZ=30.68 SoC=1.0000
ep=1000003 frame=000 slot=09 J_F= -3256.60 meanZ=88.46 SoC=1.0000
ep=1000003 frame=001 slot=09 J_F= -1122.00 meanZ=81.04 SoC=1.0000
ep=1000003 frame=002 slot=09 J_F= -1869.00 meanZ=74.38 SoC=1.0000
ep=1000003 frame=003 slot=09 J_F= -1095.60 meanZ=67.72 SoC=1.0000
ep=1000003 frame=004 slot=09 J_F=  -199.00 meanZ=62.36 SoC=1.0000
ep=1000003 frame=005 slot=09 J_F= -1087.60 meanZ=55.82 SoC=1.0000
ep=1000003 frame=006 slot=09 J_F=  -418.60 meanZ=51.14 SoC=1.0000
ep=1000003 frame=007 slot=09 J_F=   145.80 meanZ=49.84 SoC=1.0000
ep=1000003 frame=008 slot=09 J_F=    43.00 meanZ=46.44 SoC=1.0000
ep=1000003 frame=009 slot=09 J_F=   -29.10 meanZ=45.12 SoC=1.0000
ep=1000003 frame=010 slot=09 J_F=   362.50 meanZ=43.06 SoC=1.0000
ep=1000003 frame=011 slot=09 J_F=  -268.50 meanZ=39.88 SoC=1.0000
ep=1000003 frame=012 slot=09 J_F=   429.80 meanZ=40.16 SoC=1.0000
ep=1000003 frame=013 slot=09 J_F=    52.50 meanZ=37.66 SoC=1.0000
ep=1000003 frame=014 slot=09 J_F=  -192.10 meanZ=36.16 SoC=1.0000
ep=1000003 frame=015 slot=09 J_F=   510.00 meanZ=37.00 SoC=1.0000
ep=1000003 frame=016 slot=09 J_F=  -152.60 meanZ=35.10 SoC=1.0000
ep=1000003 frame=017 slot=09 J_F=   210.90 meanZ=35.02 SoC=1.0000
ep=1000003 frame=018 slot=09 J_F=   172.50 meanZ=34.78 SoC=1.0000
ep=1000003 frame=019 slot=09 J_F=   371.40 meanZ=34.08 SoC=1.0000
ep=1000003 frame=020 slot=09 J_F=   486.70 meanZ=32.86 SoC=1.0000
ep=1000003 frame=021 slot=09 J_F=   370.00 meanZ=32.98 SoC=1.0000
ep=1000003 frame=022 slot=09 J_F=   640.70 meanZ=32.48 SoC=1.0000
ep=1000003 frame=023 slot=09 J_F=  -279.60 meanZ=32.88 SoC=1.0000
ep=1000003 frame=024 slot=09 J_F=   194.00 meanZ=33.06 SoC=1.0000
ep=1000003 frame=025 slot=09 J_F=   416.60 meanZ=34.00 SoC=1.0000
ep=1000003 frame=026 slot=09 J_F=  -190.50 meanZ=33.70 SoC=1.0000
ep=1000003 frame=027 slot=09 J_F=  -244.70 meanZ=34.40 SoC=1.0000
ep=1000003 frame=028 slot=09 J_F=    45.90 meanZ=34.58 SoC=1.0000
ep=1000003 frame=029 slot=09 J_F=   567.40 meanZ=33.36 SoC=1.0000
ep=1000004 frame=000 slot=09 J_F= -2788.60 meanZ=87.98 SoC=1.0000
ep=1000004 frame=001 slot=09 J_F= -1389.00 meanZ=81.40 SoC=1.0000
ep=1000004 frame=002 slot=09 J_F= -1435.50 meanZ=74.62 SoC=1.0000
ep=1000004 frame=003 slot=09 J_F= -1195.50 meanZ=67.78 SoC=1.0000
ep=1000004 frame=004 slot=09 J_F=  -643.60 meanZ=59.54 SoC=1.0000
ep=1000004 frame=005 slot=09 J_F=  -129.50 meanZ=54.04 SoC=1.0000
ep=1000004 frame=006 slot=09 J_F=  -361.50 meanZ=49.88 SoC=1.0000
ep=1000004 frame=007 slot=09 J_F=  -584.10 meanZ=46.22 SoC=1.0000
ep=1000004 frame=008 slot=09 J_F=  -248.60 meanZ=44.44 SoC=1.0000
ep=1000004 frame=009 slot=09 J_F=     3.00 meanZ=41.82 SoC=1.0000
ep=1000004 frame=010 slot=09 J_F=   135.30 meanZ=40.34 SoC=1.0000
ep=1000004 frame=011 slot=09 J_F=  -242.50 meanZ=37.74 SoC=1.0000
ep=1000004 frame=012 slot=09 J_F=   210.00 meanZ=37.24 SoC=1.0000
ep=1000004 frame=013 slot=09 J_F=   243.00 meanZ=37.14 SoC=1.0000
ep=1000004 frame=014 slot=09 J_F=  -465.00 meanZ=35.64 SoC=1.0000
ep=1000004 frame=015 slot=09 J_F=   268.90 meanZ=34.68 SoC=1.0000
ep=1000004 frame=016 slot=09 J_F=   647.50 meanZ=33.04 SoC=1.0000
ep=1000004 frame=017 slot=09 J_F=   691.90 meanZ=34.86 SoC=1.0000
ep=1000004 frame=018 slot=09 J_F=   329.40 meanZ=33.64 SoC=1.0000
ep=1000004 frame=019 slot=09 J_F=   335.40 meanZ=33.08 SoC=1.0000
ep=1000004 frame=020 slot=09 J_F=    79.00 meanZ=32.86 SoC=1.0000
ep=1000004 frame=021 slot=09 J_F=   263.50 meanZ=31.46 SoC=1.0000
ep=1000004 frame=022 slot=09 J_F=   331.90 meanZ=31.38 SoC=1.0000
ep=1000004 frame=023 slot=09 J_F=   139.50 meanZ=31.40 SoC=1.0000
ep=1000004 frame=024 slot=09 J_F=   558.50 meanZ=32.34 SoC=1.0000
ep=1000004 frame=025 slot=09 J_F=    91.50 meanZ=31.78 SoC=1.0000
ep=1000004 frame=026 slot=09 J_F=   749.50 meanZ=32.98 SoC=1.0000
ep=1000004 frame=027 slot=09 J_F=   204.50 meanZ=32.70 SoC=1.0000
ep=1000004 frame=028 slot=09 J_F=   507.90 meanZ=32.82 SoC=1.0000
ep=1000004 frame=029 slot=09 J_F=   628.50 meanZ=32.58 SoC=1.0000
ep=1000005 frame=000 slot=09 J_F= -3293.60 meanZ=88.50 SoC=1.0000
ep=1000005 frame=001 slot=09 J_F= -1887.60 meanZ=81.70 SoC=1.0000
ep=1000005 frame=002 slot=09 J_F= -1662.60 meanZ=74.62 SoC=1.0000
ep=1000005 frame=003 slot=09 J_F=  -676.50 meanZ=68.02 SoC=1.0000
ep=1000005 frame=004 slot=09 J_F= -1136.10 meanZ=60.52 SoC=1.0000
ep=1000005 frame=005 slot=09 J_F=  -462.10 meanZ=55.94 SoC=1.0000
ep=1000005 frame=006 slot=09 J_F=  -147.70 meanZ=49.44 SoC=1.0000
ep=1000005 frame=007 slot=09 J_F=    83.90 meanZ=48.10 SoC=1.0000
ep=1000005 frame=008 slot=09 J_F=  -315.00 meanZ=43.82 SoC=1.0000
ep=1000005 frame=009 slot=09 J_F=   531.90 meanZ=41.68 SoC=1.0000
ep=1000005 frame=010 slot=09 J_F=   737.90 meanZ=40.44 SoC=1.0000
ep=1000005 frame=011 slot=09 J_F=   132.00 meanZ=40.02 SoC=1.0000
ep=1000005 frame=012 slot=09 J_F=   177.80 meanZ=39.12 SoC=1.0000
ep=1000005 frame=013 slot=09 J_F=   -46.50 meanZ=36.96 SoC=1.0000
ep=1000005 frame=014 slot=09 J_F=   440.50 meanZ=37.24 SoC=1.0000
ep=1000005 frame=015 slot=09 J_F=   472.10 meanZ=35.54 SoC=1.0000
ep=1000005 frame=016 slot=09 J_F=   291.10 meanZ=35.40 SoC=1.0000
ep=1000005 frame=017 slot=09 J_F=   690.50 meanZ=35.16 SoC=1.0000
ep=1000005 frame=018 slot=09 J_F=   291.00 meanZ=34.28 SoC=1.0000
ep=1000005 frame=019 slot=09 J_F=  -208.80 meanZ=33.04 SoC=1.0000
ep=1000005 frame=020 slot=09 J_F=   226.50 meanZ=31.44 SoC=1.0000
ep=1000005 frame=021 slot=09 J_F=   319.00 meanZ=30.82 SoC=1.0000
ep=1000005 frame=022 slot=09 J_F=   365.50 meanZ=29.98 SoC=1.0000
ep=1000005 frame=023 slot=09 J_F=    51.00 meanZ=28.86 SoC=1.0000
ep=1000005 frame=024 slot=09 J_F=   449.40 meanZ=30.12 SoC=1.0000
ep=1000005 frame=025 slot=09 J_F=   611.00 meanZ=30.96 SoC=1.0000
ep=1000005 frame=026 slot=09 J_F=   237.80 meanZ=29.86 SoC=1.0000
ep=1000005 frame=027 slot=09 J_F=   310.00 meanZ=29.50 SoC=1.0000
ep=1000005 frame=028 slot=09 J_F=   380.40 meanZ=29.74 SoC=1.0000
ep=1000005 frame=029 slot=09 J_F=    10.00 meanZ=28.94 SoC=1.0000
ep=1000006 frame=000 slot=09 J_F= -1642.10 meanZ=89.46 SoC=1.0000
ep=1000006 frame=001 slot=09 J_F= -1404.00 meanZ=82.36 SoC=1.0000
ep=1000006 frame=002 slot=09 J_F= -1542.00 meanZ=74.86 SoC=1.0000
ep=1000006 frame=003 slot=09 J_F= -1277.00 meanZ=67.62 SoC=1.0000
ep=1000006 frame=004 slot=09 J_F=  -592.00 meanZ=60.08 SoC=1.0000
ep=1000006 frame=005 slot=09 J_F=   -11.60 meanZ=55.86 SoC=1.0000
ep=1000006 frame=006 slot=09 J_F=  -607.00 meanZ=51.44 SoC=1.0000
ep=1000006 frame=007 slot=09 J_F=   377.50 meanZ=48.68 SoC=1.0000
ep=1000006 frame=008 slot=09 J_F=   259.90 meanZ=45.80 SoC=1.0000
ep=1000006 frame=009 slot=09 J_F=  -471.60 meanZ=43.74 SoC=1.0000
ep=1000006 frame=010 slot=09 J_F=    87.00 meanZ=42.26 SoC=1.0000
ep=1000006 frame=011 slot=09 J_F=  -168.60 meanZ=40.50 SoC=1.0000
ep=1000006 frame=012 slot=09 J_F=   553.00 meanZ=38.24 SoC=1.0000
ep=1000006 frame=013 slot=09 J_F=   330.20 meanZ=38.58 SoC=1.0000
ep=1000006 frame=014 slot=09 J_F=   547.60 meanZ=37.94 SoC=1.0000
ep=1000006 frame=015 slot=09 J_F=    -4.50 meanZ=36.74 SoC=1.0000
ep=1000006 frame=016 slot=09 J_F=   264.50 meanZ=35.54 SoC=1.0000
ep=1000006 frame=017 slot=09 J_F=   179.00 meanZ=35.16 SoC=1.0000
ep=1000006 frame=018 slot=09 J_F=   316.60 meanZ=35.12 SoC=1.0000
ep=1000006 frame=019 slot=09 J_F=   385.00 meanZ=35.52 SoC=1.0000
ep=1000006 frame=020 slot=09 J_F=   629.00 meanZ=35.38 SoC=1.0000
ep=1000006 frame=021 slot=09 J_F=   906.50 meanZ=36.18 SoC=1.0000
ep=1000006 frame=022 slot=09 J_F=   217.50 meanZ=35.80 SoC=1.0000
ep=1000006 frame=023 slot=09 J_F=   222.50 meanZ=35.84 SoC=1.0000
ep=1000006 frame=024 slot=09 J_F=   631.60 meanZ=35.64 SoC=1.0000
ep=1000006 frame=025 slot=09 J_F=   438.00 meanZ=35.36 SoC=1.0000
ep=1000006 frame=026 slot=09 J_F=  -100.50 meanZ=34.92 SoC=1.0000
ep=1000006 frame=027 slot=09 J_F=   436.00 meanZ=33.26 SoC=1.0000
ep=1000006 frame=028 slot=09 J_F=   119.00 meanZ=32.90 SoC=1.0000
ep=1000006 frame=029 slot=09 J_F=   637.00 meanZ=33.36 SoC=1.0000
ep=1000007 frame=000 slot=09 J_F= -3244.50 meanZ=87.94 SoC=1.0000
ep=1000007 frame=001 slot=09 J_F= -1721.10 meanZ=79.84 SoC=1.0000
ep=1000007 frame=002 slot=09 J_F= -1713.10 meanZ=72.08 SoC=1.0000
ep=1000007 frame=003 slot=09 J_F=  -326.00 meanZ=66.00 SoC=1.0000
ep=1000007 frame=004 slot=09 J_F= -1029.60 meanZ=59.02 SoC=1.0000
ep=1000007 frame=005 slot=09 J_F=     2.50 meanZ=53.44 SoC=1.0000
ep=1000007 frame=006 slot=09 J_F=  -327.10 meanZ=48.32 SoC=1.0000
ep=1000007 frame=007 slot=09 J_F=  -206.60 meanZ=44.98 SoC=1.0000
ep=1000007 frame=008 slot=09 J_F=   456.40 meanZ=43.98 SoC=1.0000
ep=1000007 frame=009 slot=09 J_F=   256.40 meanZ=44.08 SoC=1.0000
ep=1000007 frame=010 slot=09 J_F=  -336.30 meanZ=40.82 SoC=1.0000
ep=1000007 frame=011 slot=09 J_F=   184.90 meanZ=39.44 SoC=1.0000
ep=1000007 frame=012 slot=09 J_F=   195.50 meanZ=38.20 SoC=1.0000
ep=1000007 frame=013 slot=09 J_F=   116.90 meanZ=36.64 SoC=1.0000
ep=1000007 frame=014 slot=09 J_F=   239.10 meanZ=36.14 SoC=1.0000
ep=1000007 frame=015 slot=09 J_F=   376.00 meanZ=36.30 SoC=1.0000
ep=1000007 frame=016 slot=09 J_F=   139.00 meanZ=34.90 SoC=1.0000
ep=1000007 frame=017 slot=09 J_F=   230.50 meanZ=36.12 SoC=1.0000
ep=1000007 frame=018 slot=09 J_F=   224.60 meanZ=34.44 SoC=1.0000
ep=1000007 frame=019 slot=09 J_F=   424.00 meanZ=34.34 SoC=1.0000
ep=1000007 frame=020 slot=09 J_F=   119.00 meanZ=35.12 SoC=1.0000
ep=1000007 frame=021 slot=09 J_F=   232.50 meanZ=35.42 SoC=1.0000
ep=1000007 frame=022 slot=09 J_F=   -27.00 meanZ=33.92 SoC=1.0000
ep=1000007 frame=023 slot=09 J_F=   421.00 meanZ=34.44 SoC=1.0000
ep=1000007 frame=024 slot=09 J_F=   195.30 meanZ=33.30 SoC=1.0000
ep=1000007 frame=025 slot=09 J_F=   864.00 meanZ=33.98 SoC=1.0000
ep=1000007 frame=026 slot=09 J_F=   628.50 meanZ=35.06 SoC=1.0000
ep=1000007 frame=027 slot=09 J_F=   361.40 meanZ=34.82 SoC=1.0000
ep=1000007 frame=028 slot=09 J_F=   265.00 meanZ=34.84 SoC=1.0000
ep=1000007 frame=029 slot=09 J_F=   -32.00 meanZ=34.90 SoC=1.0000
ep=1000008 frame=000 slot=09 J_F= -3216.60 meanZ=87.52 SoC=1.0000
ep=1000008 frame=001 slot=09 J_F= -2374.00 meanZ=78.62 SoC=1.0000
ep=1000008 frame=002 slot=09 J_F= -1863.10 meanZ=70.76 SoC=1.0000
ep=1000008 frame=003 slot=09 J_F=  -548.00 meanZ=64.08 SoC=1.0000
ep=1000008 frame=004 slot=09 J_F=  -871.60 meanZ=57.98 SoC=1.0000
ep=1000008 frame=005 slot=09 J_F=   309.00 meanZ=51.98 SoC=1.0000
ep=1000008 frame=006 slot=09 J_F=  -275.60 meanZ=49.20 SoC=1.0000
ep=1000008 frame=007 slot=09 J_F=  -328.00 meanZ=45.72 SoC=1.0000
ep=1000008 frame=008 slot=09 J_F=   210.90 meanZ=43.46 SoC=1.0000
ep=1000008 frame=009 slot=09 J_F=    -5.10 meanZ=39.52 SoC=1.0000
ep=1000008 frame=010 slot=09 J_F=   457.90 meanZ=37.66 SoC=1.0000
ep=1000008 frame=011 slot=09 J_F=   169.40 meanZ=37.54 SoC=1.0000
ep=1000008 frame=012 slot=09 J_F=  -249.40 meanZ=35.48 SoC=1.0000
ep=1000008 frame=013 slot=09 J_F=   724.30 meanZ=36.06 SoC=1.0000
ep=1000008 frame=014 slot=09 J_F=   101.00 meanZ=34.70 SoC=1.0000
ep=1000008 frame=015 slot=09 J_F=   301.80 meanZ=34.46 SoC=1.0000
ep=1000008 frame=016 slot=09 J_F=   449.20 meanZ=33.04 SoC=1.0000
ep=1000008 frame=017 slot=09 J_F=   252.50 meanZ=32.88 SoC=1.0000
ep=1000008 frame=018 slot=09 J_F=  -160.00 meanZ=31.62 SoC=1.0000
ep=1000008 frame=019 slot=09 J_F=   187.50 meanZ=29.88 SoC=1.0000
ep=1000008 frame=020 slot=09 J_F=   139.60 meanZ=28.46 SoC=1.0000
ep=1000008 frame=021 slot=09 J_F=   474.10 meanZ=28.60 SoC=1.0000
ep=1000008 frame=022 slot=09 J_F=   123.50 meanZ=28.24 SoC=1.0000
ep=1000008 frame=023 slot=09 J_F=   837.10 meanZ=28.66 SoC=1.0000
ep=1000008 frame=024 slot=09 J_F=   342.40 meanZ=29.68 SoC=1.0000
ep=1000008 frame=025 slot=09 J_F=   820.10 meanZ=29.44 SoC=1.0000
ep=1000008 frame=026 slot=09 J_F=   172.00 meanZ=28.36 SoC=1.0000
ep=1000008 frame=027 slot=09 J_F=   452.60 meanZ=28.50 SoC=1.0000
ep=1000008 frame=028 slot=09 J_F=   304.00 meanZ=28.18 SoC=1.0000
ep=1000008 frame=029 slot=09 J_F=   221.00 meanZ=27.42 SoC=1.0000
ep=1000009 frame=000 slot=09 J_F= -3508.10 meanZ=87.42 SoC=1.0000
ep=1000009 frame=001 slot=09 J_F= -1371.60 meanZ=80.68 SoC=1.0000
ep=1000009 frame=002 slot=09 J_F= -1424.00 meanZ=73.86 SoC=1.0000
ep=1000009 frame=003 slot=09 J_F= -1180.20 meanZ=66.46 SoC=1.0000
ep=1000009 frame=004 slot=09 J_F= -1080.10 meanZ=59.72 SoC=1.0000
ep=1000009 frame=005 slot=09 J_F=  -296.00 meanZ=53.22 SoC=1.0000
ep=1000009 frame=006 slot=09 J_F=   183.00 meanZ=49.30 SoC=1.0000
ep=1000009 frame=007 slot=09 J_F=  -396.70 meanZ=46.94 SoC=1.0000
ep=1000009 frame=008 slot=09 J_F=   -95.60 meanZ=44.98 SoC=1.0000
ep=1000009 frame=009 slot=09 J_F=    39.90 meanZ=42.46 SoC=1.0000
ep=1000009 frame=010 slot=09 J_F=  -209.60 meanZ=40.90 SoC=1.0000
ep=1000009 frame=011 slot=09 J_F=    -0.50 meanZ=38.96 SoC=1.0000
ep=1000009 frame=012 slot=09 J_F=   636.30 meanZ=39.90 SoC=1.0000
ep=1000009 frame=013 slot=09 J_F=     7.30 meanZ=38.64 SoC=1.0000
ep=1000009 frame=014 slot=09 J_F=   406.50 meanZ=37.24 SoC=1.0000
ep=1000009 frame=015 slot=09 J_F=   241.30 meanZ=37.38 SoC=1.0000
ep=1000009 frame=016 slot=09 J_F=   456.40 meanZ=36.68 SoC=1.0000
ep=1000009 frame=017 slot=09 J_F=   307.80 meanZ=36.22 SoC=1.0000
ep=1000009 frame=018 slot=09 J_F=   637.40 meanZ=36.72 SoC=1.0000
ep=1000009 frame=019 slot=09 J_F=   455.70 meanZ=38.36 SoC=1.0000
ep=1000009 frame=020 slot=09 J_F=  -398.00 meanZ=37.24 SoC=1.0000
ep=1000009 frame=021 slot=09 J_F=   512.40 meanZ=37.48 SoC=1.0000
ep=1000009 frame=022 slot=09 J_F=    -9.50 meanZ=37.60 SoC=1.0000
ep=1000009 frame=023 slot=09 J_F=   -19.00 meanZ=36.64 SoC=1.0000
ep=1000009 frame=024 slot=09 J_F=   402.50 meanZ=34.74 SoC=1.0000
ep=1000009 frame=025 slot=09 J_F=  -253.50 meanZ=33.70 SoC=1.0000
ep=1000009 frame=026 slot=09 J_F=   377.50 meanZ=34.28 SoC=1.0000
ep=1000009 frame=027 slot=09 J_F=   551.50 meanZ=33.98 SoC=1.0000
ep=1000009 frame=028 slot=09 J_F=    28.00 meanZ=33.30 SoC=1.0000
ep=1000009 frame=029 slot=09 J_F=   483.20 meanZ=32.24 SoC=1.0000
hppo_rsu 725/750 QoE=0.42941 stall=0.0925 147.35s
ep=0725 frame=000 slot=09 J_F= -3292.60 meanZ=87.92 SoC=1.0000
ep=0725 frame=001 slot=09 J_F=  -628.50 meanZ=81.88 SoC=1.0000
ep=0725 frame=002 slot=09 J_F= -2094.50 meanZ=73.02 SoC=1.0000
ep=0725 frame=003 slot=09 J_F= -1163.50 meanZ=65.82 SoC=1.0000
ep=0725 frame=004 slot=09 J_F=  -351.00 meanZ=60.40 SoC=1.0000
ep=0725 frame=005 slot=09 J_F=   332.00 meanZ=55.68 SoC=1.0000
ep=0725 frame=006 slot=09 J_F=  -369.10 meanZ=52.30 SoC=1.0000
ep=0725 frame=007 slot=09 J_F=  -414.70 meanZ=49.44 SoC=1.0000
ep=0725 frame=008 slot=09 J_F=   231.50 meanZ=47.54 SoC=1.0000
ep=0725 frame=009 slot=09 J_F=   435.80 meanZ=45.68 SoC=1.0000
ep=0725 frame=010 slot=09 J_F=  -674.00 meanZ=42.78 SoC=1.0000
ep=0725 frame=011 slot=09 J_F=   262.00 meanZ=41.46 SoC=1.0000
ep=0725 frame=012 slot=09 J_F=   123.30 meanZ=40.68 SoC=1.0000
ep=0725 frame=013 slot=09 J_F=   311.80 meanZ=39.42 SoC=1.0000
ep=0725 frame=014 slot=09 J_F=   241.00 meanZ=38.42 SoC=1.0000
ep=0725 frame=015 slot=09 J_F=  -312.10 meanZ=35.76 SoC=1.0000
ep=0725 frame=016 slot=09 J_F=   288.00 meanZ=35.96 SoC=1.0000
ep=0725 frame=017 slot=09 J_F=   714.00 meanZ=37.28 SoC=1.0000
ep=0725 frame=018 slot=09 J_F=   165.50 meanZ=35.38 SoC=1.0000
ep=0725 frame=019 slot=09 J_F=   459.00 meanZ=34.98 SoC=1.0000
ep=0725 frame=020 slot=09 J_F=   -29.50 meanZ=34.48 SoC=1.0000
ep=0725 frame=021 slot=09 J_F=   336.30 meanZ=34.60 SoC=1.0000
ep=0725 frame=022 slot=09 J_F=   143.50 meanZ=33.92 SoC=1.0000
ep=0725 frame=023 slot=09 J_F=   483.50 meanZ=34.34 SoC=1.0000
ep=0725 frame=024 slot=09 J_F=   129.10 meanZ=33.52 SoC=1.0000
ep=0725 frame=025 slot=09 J_F=   576.00 meanZ=35.98 SoC=1.0000
ep=0725 frame=026 slot=09 J_F=   327.50 meanZ=36.76 SoC=1.0000
ep=0725 frame=027 slot=09 J_F=   -99.00 meanZ=35.12 SoC=1.0000
ep=0725 frame=028 slot=09 J_F=   190.50 meanZ=34.38 SoC=1.0000
ep=0725 frame=029 slot=09 J_F=   429.00 meanZ=34.36 SoC=1.0000
hppo_rsu 726/750 QoE=0.39082 stall=0.1117 145.64s
ep=0726 frame=000 slot=09 J_F= -2941.60 meanZ=89.24 SoC=1.0000
ep=0726 frame=001 slot=09 J_F= -1694.60 meanZ=81.60 SoC=1.0000
ep=0726 frame=002 slot=09 J_F= -1269.00 meanZ=75.46 SoC=1.0000
ep=0726 frame=003 slot=09 J_F= -1290.70 meanZ=68.66 SoC=1.0000
ep=0726 frame=004 slot=09 J_F=  -411.00 meanZ=62.38 SoC=1.0000
ep=0726 frame=005 slot=09 J_F=   285.40 meanZ=58.16 SoC=1.0000
ep=0726 frame=006 slot=09 J_F=  -145.10 meanZ=55.36 SoC=1.0000
ep=0726 frame=007 slot=09 J_F=   -52.20 meanZ=51.04 SoC=1.0000
ep=0726 frame=008 slot=09 J_F=  -443.00 meanZ=48.34 SoC=1.0000
ep=0726 frame=009 slot=09 J_F=  -201.70 meanZ=46.54 SoC=1.0000
ep=0726 frame=010 slot=09 J_F=   -28.00 meanZ=44.84 SoC=1.0000
ep=0726 frame=011 slot=09 J_F=   342.00 meanZ=42.24 SoC=1.0000
ep=0726 frame=012 slot=09 J_F=   346.00 meanZ=40.46 SoC=1.0000
ep=0726 frame=013 slot=09 J_F=   956.50 meanZ=40.24 SoC=1.0000
ep=0726 frame=014 slot=09 J_F=   219.00 meanZ=38.14 SoC=1.0000
ep=0726 frame=015 slot=09 J_F=   690.00 meanZ=37.60 SoC=1.0000
ep=0726 frame=016 slot=09 J_F=  -323.50 meanZ=36.12 SoC=1.0000
ep=0726 frame=017 slot=09 J_F=   328.50 meanZ=34.18 SoC=1.0000
ep=0726 frame=018 slot=09 J_F=   129.30 meanZ=33.14 SoC=1.0000
ep=0726 frame=019 slot=09 J_F=    29.80 meanZ=32.94 SoC=1.0000
ep=0726 frame=020 slot=09 J_F=   676.90 meanZ=33.10 SoC=1.0000
ep=0726 frame=021 slot=09 J_F=    85.30 meanZ=31.96 SoC=1.0000
ep=0726 frame=022 slot=09 J_F=   591.00 meanZ=32.52 SoC=1.0000
ep=0726 frame=023 slot=09 J_F=   456.00 meanZ=32.06 SoC=1.0000
ep=0726 frame=024 slot=09 J_F=   475.00 meanZ=31.68 SoC=1.0000
ep=0726 frame=025 slot=09 J_F=    45.70 meanZ=31.74 SoC=1.0000
ep=0726 frame=026 slot=09 J_F=    11.00 meanZ=31.54 SoC=1.0000
ep=0726 frame=027 slot=09 J_F=   382.00 meanZ=31.08 SoC=1.0000
ep=0726 frame=028 slot=09 J_F=  -106.60 meanZ=29.34 SoC=1.0000
ep=0726 frame=029 slot=09 J_F=   456.40 meanZ=28.66 SoC=1.0000
hppo_rsu 727/750 QoE=0.39463 stall=0.1139 143.97s
ep=0727 frame=000 slot=09 J_F= -3018.00 meanZ=88.06 SoC=1.0000
ep=0727 frame=001 slot=09 J_F= -1938.10 meanZ=80.72 SoC=1.0000
ep=0727 frame=002 slot=09 J_F= -1952.00 meanZ=72.72 SoC=1.0000
ep=0727 frame=003 slot=09 J_F= -1137.30 meanZ=65.68 SoC=1.0000
ep=0727 frame=004 slot=09 J_F=  -748.00 meanZ=58.88 SoC=1.0000
ep=0727 frame=005 slot=09 J_F=  -401.60 meanZ=53.08 SoC=1.0000
ep=0727 frame=006 slot=09 J_F=   227.50 meanZ=49.76 SoC=1.0000
ep=0727 frame=007 slot=09 J_F=   -69.00 meanZ=47.00 SoC=1.0000
ep=0727 frame=008 slot=09 J_F=  -267.70 meanZ=43.00 SoC=1.0000
ep=0727 frame=009 slot=09 J_F=   100.00 meanZ=41.08 SoC=1.0000
ep=0727 frame=010 slot=09 J_F=   183.90 meanZ=38.82 SoC=1.0000
ep=0727 frame=011 slot=09 J_F=   374.60 meanZ=37.16 SoC=1.0000
ep=0727 frame=012 slot=09 J_F=   287.50 meanZ=36.10 SoC=1.0000
ep=0727 frame=013 slot=09 J_F=    20.20 meanZ=34.00 SoC=1.0000
ep=0727 frame=014 slot=09 J_F=   480.50 meanZ=33.24 SoC=1.0000
ep=0727 frame=015 slot=09 J_F=   363.70 meanZ=33.34 SoC=1.0000
ep=0727 frame=016 slot=09 J_F=  -159.60 meanZ=29.66 SoC=1.0000
ep=0727 frame=017 slot=09 J_F=   382.70 meanZ=30.02 SoC=1.0000
ep=0727 frame=018 slot=09 J_F=   271.10 meanZ=29.40 SoC=1.0000
ep=0727 frame=019 slot=09 J_F=   306.00 meanZ=30.56 SoC=1.0000
ep=0727 frame=020 slot=09 J_F=   710.00 meanZ=31.16 SoC=1.0000
ep=0727 frame=021 slot=09 J_F=  1113.40 meanZ=32.90 SoC=1.0000
ep=0727 frame=022 slot=09 J_F=   450.70 meanZ=32.56 SoC=1.0000
ep=0727 frame=023 slot=09 J_F=   202.50 meanZ=32.02 SoC=1.0000
ep=0727 frame=024 slot=09 J_F=   363.50 meanZ=31.84 SoC=1.0000
ep=0727 frame=025 slot=09 J_F=  -118.00 meanZ=31.06 SoC=1.0000
ep=0727 frame=026 slot=09 J_F=   792.00 meanZ=32.76 SoC=1.0000
ep=0727 frame=027 slot=09 J_F=   588.50 meanZ=31.64 SoC=1.0000
ep=0727 frame=028 slot=09 J_F=    18.00 meanZ=29.64 SoC=1.0000
ep=0727 frame=029 slot=09 J_F=   319.40 meanZ=28.92 SoC=1.0000
hppo_rsu 728/750 QoE=0.43976 stall=0.0962 145.76s
ep=0728 frame=000 slot=09 J_F= -3022.10 meanZ=88.32 SoC=1.0000
ep=0728 frame=001 slot=09 J_F= -2545.00 meanZ=80.78 SoC=1.0000
ep=0728 frame=002 slot=09 J_F= -1349.50 meanZ=74.24 SoC=1.0000
ep=0728 frame=003 slot=09 J_F=  -926.10 meanZ=66.82 SoC=1.0000
ep=0728 frame=004 slot=09 J_F= -1108.50 meanZ=61.84 SoC=1.0000
ep=0728 frame=005 slot=09 J_F=   -91.10 meanZ=56.94 SoC=1.0000
ep=0728 frame=006 slot=09 J_F=  -779.10 meanZ=52.00 SoC=1.0000
ep=0728 frame=007 slot=09 J_F=   578.50 meanZ=49.74 SoC=1.0000
ep=0728 frame=008 slot=09 J_F=  -204.50 meanZ=45.88 SoC=1.0000
ep=0728 frame=009 slot=09 J_F=  -264.00 meanZ=43.70 SoC=1.0000
ep=0728 frame=010 slot=09 J_F=   169.90 meanZ=42.28 SoC=1.0000
ep=0728 frame=011 slot=09 J_F=   174.30 meanZ=39.96 SoC=1.0000
ep=0728 frame=012 slot=09 J_F=  -130.50 meanZ=37.96 SoC=1.0000
ep=0728 frame=013 slot=09 J_F=   526.60 meanZ=36.78 SoC=1.0000
ep=0728 frame=014 slot=09 J_F=  -178.50 meanZ=33.68 SoC=1.0000
ep=0728 frame=015 slot=09 J_F=   277.50 meanZ=31.08 SoC=1.0000
ep=0728 frame=016 slot=09 J_F=    -3.60 meanZ=29.04 SoC=1.0000
ep=0728 frame=017 slot=09 J_F=   103.00 meanZ=28.22 SoC=1.0000
ep=0728 frame=018 slot=09 J_F=   121.80 meanZ=28.58 SoC=1.0000
ep=0728 frame=019 slot=09 J_F=   577.50 meanZ=27.70 SoC=1.0000
ep=0728 frame=020 slot=09 J_F=   661.00 meanZ=30.14 SoC=1.0000
ep=0728 frame=021 slot=09 J_F=  -172.50 meanZ=30.22 SoC=1.0000
ep=0728 frame=022 slot=09 J_F=   324.00 meanZ=29.76 SoC=1.0000
ep=0728 frame=023 slot=09 J_F=   572.50 meanZ=31.36 SoC=1.0000
ep=0728 frame=024 slot=09 J_F=   600.00 meanZ=32.08 SoC=1.0000
ep=0728 frame=025 slot=09 J_F=   616.00 meanZ=32.98 SoC=1.0000
ep=0728 frame=026 slot=09 J_F=   842.90 meanZ=34.10 SoC=1.0000
ep=0728 frame=027 slot=09 J_F=   225.00 meanZ=32.22 SoC=1.0000
ep=0728 frame=028 slot=09 J_F=   403.00 meanZ=32.32 SoC=1.0000
ep=0728 frame=029 slot=09 J_F=   498.50 meanZ=34.20 SoC=1.0000
hppo_rsu 729/750 QoE=0.47751 stall=0.0779 144.86s
ep=0729 frame=000 slot=09 J_F= -3056.00 meanZ=88.26 SoC=1.0000
ep=0729 frame=001 slot=09 J_F= -1499.10 meanZ=81.40 SoC=1.0000
ep=0729 frame=002 slot=09 J_F= -1203.60 meanZ=74.32 SoC=1.0000
ep=0729 frame=003 slot=09 J_F= -1614.60 meanZ=67.72 SoC=1.0000
ep=0729 frame=004 slot=09 J_F=  -525.50 meanZ=61.50 SoC=1.0000
ep=0729 frame=005 slot=09 J_F=  -437.60 meanZ=56.06 SoC=1.0000
ep=0729 frame=006 slot=09 J_F=  -980.30 meanZ=50.04 SoC=1.0000
ep=0729 frame=007 slot=09 J_F=   -65.60 meanZ=46.22 SoC=1.0000
ep=0729 frame=008 slot=09 J_F=  -458.60 meanZ=43.48 SoC=1.0000
ep=0729 frame=009 slot=09 J_F=   324.00 meanZ=41.58 SoC=1.0000
ep=0729 frame=010 slot=09 J_F=   342.30 meanZ=39.08 SoC=1.0000
ep=0729 frame=011 slot=09 J_F=  -393.00 meanZ=37.42 SoC=1.0000
ep=0729 frame=012 slot=09 J_F=    90.60 meanZ=36.36 SoC=1.0000
ep=0729 frame=013 slot=09 J_F=    -8.00 meanZ=35.80 SoC=1.0000
ep=0729 frame=014 slot=09 J_F=   363.50 meanZ=34.12 SoC=1.0000
ep=0729 frame=015 slot=09 J_F=   514.50 meanZ=33.62 SoC=1.0000
ep=0729 frame=016 slot=09 J_F=   -29.00 meanZ=30.64 SoC=1.0000
ep=0729 frame=017 slot=09 J_F=   466.50 meanZ=30.48 SoC=1.0000
ep=0729 frame=018 slot=09 J_F=   600.00 meanZ=30.50 SoC=1.0000
ep=0729 frame=019 slot=09 J_F=   284.00 meanZ=30.54 SoC=1.0000
ep=0729 frame=020 slot=09 J_F=   349.80 meanZ=30.70 SoC=1.0000
ep=0729 frame=021 slot=09 J_F=   432.00 meanZ=30.24 SoC=1.0000
ep=0729 frame=022 slot=09 J_F=   540.10 meanZ=30.52 SoC=1.0000
ep=0729 frame=023 slot=09 J_F=   300.00 meanZ=29.54 SoC=1.0000
ep=0729 frame=024 slot=09 J_F=   404.90 meanZ=28.62 SoC=1.0000
ep=0729 frame=025 slot=09 J_F=   358.10 meanZ=27.60 SoC=1.0000
ep=0729 frame=026 slot=09 J_F=   547.70 meanZ=28.34 SoC=1.0000
ep=0729 frame=027 slot=09 J_F=   170.50 meanZ=28.26 SoC=1.0000
ep=0729 frame=028 slot=09 J_F=   289.40 meanZ=27.28 SoC=1.0000
ep=0729 frame=029 slot=09 J_F=   293.90 meanZ=27.28 SoC=1.0000
hppo_rsu 730/750 QoE=0.38821 stall=0.1180 147.49s
ep=0730 frame=000 slot=09 J_F= -3101.00 meanZ=88.98 SoC=1.0000
ep=0730 frame=001 slot=09 J_F= -2219.50 meanZ=82.16 SoC=1.0000
ep=0730 frame=002 slot=09 J_F= -1263.00 meanZ=75.76 SoC=1.0000
ep=0730 frame=003 slot=09 J_F=  -432.10 meanZ=70.52 SoC=1.0000
ep=0730 frame=004 slot=09 J_F= -1382.60 meanZ=63.24 SoC=1.0000
ep=0730 frame=005 slot=09 J_F=  -512.50 meanZ=57.38 SoC=1.0000
ep=0730 frame=006 slot=09 J_F=   -22.60 meanZ=52.60 SoC=1.0000
ep=0730 frame=007 slot=09 J_F=   389.50 meanZ=50.14 SoC=1.0000
ep=0730 frame=008 slot=09 J_F=    66.90 meanZ=47.54 SoC=1.0000
ep=0730 frame=009 slot=09 J_F=  -425.00 meanZ=45.22 SoC=1.0000
ep=0730 frame=010 slot=09 J_F=    22.50 meanZ=41.56 SoC=1.0000
ep=0730 frame=011 slot=09 J_F=   392.50 meanZ=39.56 SoC=1.0000
ep=0730 frame=012 slot=09 J_F=  -113.90 meanZ=38.76 SoC=1.0000
ep=0730 frame=013 slot=09 J_F=   224.50 meanZ=37.20 SoC=1.0000
ep=0730 frame=014 slot=09 J_F=    92.90 meanZ=35.62 SoC=1.0000
ep=0730 frame=015 slot=09 J_F=    94.50 meanZ=33.66 SoC=1.0000
ep=0730 frame=016 slot=09 J_F=   317.90 meanZ=34.46 SoC=1.0000
ep=0730 frame=017 slot=09 J_F=   332.00 meanZ=34.14 SoC=1.0000
ep=0730 frame=018 slot=09 J_F=   504.50 meanZ=34.16 SoC=1.0000
ep=0730 frame=019 slot=09 J_F=   456.00 meanZ=32.52 SoC=1.0000
ep=0730 frame=020 slot=09 J_F=   590.00 meanZ=32.16 SoC=1.0000
ep=0730 frame=021 slot=09 J_F=   565.00 meanZ=32.02 SoC=1.0000
ep=0730 frame=022 slot=09 J_F=   199.50 meanZ=33.48 SoC=1.0000
ep=0730 frame=023 slot=09 J_F=   607.50 meanZ=33.18 SoC=1.0000
ep=0730 frame=024 slot=09 J_F=   727.30 meanZ=33.56 SoC=1.0000
ep=0730 frame=025 slot=09 J_F=   605.00 meanZ=33.42 SoC=1.0000
ep=0730 frame=026 slot=09 J_F=   345.00 meanZ=32.54 SoC=1.0000
ep=0730 frame=027 slot=09 J_F=   567.00 meanZ=31.50 SoC=1.0000
ep=0730 frame=028 slot=09 J_F=   486.00 meanZ=32.90 SoC=1.0000
ep=0730 frame=029 slot=09 J_F=   382.50 meanZ=34.04 SoC=1.0000
hppo_rsu 731/750 QoE=0.41244 stall=0.1021 145.68s
ep=0731 frame=000 slot=09 J_F= -1656.00 meanZ=89.20 SoC=1.0000
ep=0731 frame=001 slot=09 J_F= -1355.00 meanZ=81.72 SoC=1.0000
ep=0731 frame=002 slot=09 J_F= -1885.70 meanZ=72.96 SoC=1.0000
ep=0731 frame=003 slot=09 J_F=  -769.00 meanZ=66.50 SoC=1.0000
ep=0731 frame=004 slot=09 J_F=  -614.10 meanZ=59.74 SoC=1.0000
ep=0731 frame=005 slot=09 J_F=   123.50 meanZ=54.98 SoC=1.0000
ep=0731 frame=006 slot=09 J_F= -1283.10 meanZ=50.10 SoC=1.0000
ep=0731 frame=007 slot=09 J_F=   350.00 meanZ=48.42 SoC=1.0000
ep=0731 frame=008 slot=09 J_F=   281.50 meanZ=45.84 SoC=1.0000
ep=0731 frame=009 slot=09 J_F=  -422.50 meanZ=42.38 SoC=1.0000
ep=0731 frame=010 slot=09 J_F=    -8.60 meanZ=39.74 SoC=1.0000
ep=0731 frame=011 slot=09 J_F=   396.90 meanZ=39.20 SoC=1.0000
ep=0731 frame=012 slot=09 J_F=   548.50 meanZ=38.62 SoC=1.0000
ep=0731 frame=013 slot=09 J_F=   458.50 meanZ=37.76 SoC=1.0000
ep=0731 frame=014 slot=09 J_F=   432.90 meanZ=36.86 SoC=1.0000
ep=0731 frame=015 slot=09 J_F=   214.00 meanZ=36.48 SoC=1.0000
ep=0731 frame=016 slot=09 J_F=   417.00 meanZ=36.98 SoC=1.0000
ep=0731 frame=017 slot=09 J_F=   117.40 meanZ=37.38 SoC=1.0000
ep=0731 frame=018 slot=09 J_F=   -68.00 meanZ=37.50 SoC=1.0000
ep=0731 frame=019 slot=09 J_F=   114.40 meanZ=36.74 SoC=1.0000
ep=0731 frame=020 slot=09 J_F=   477.50 meanZ=37.10 SoC=1.0000
ep=0731 frame=021 slot=09 J_F=   561.90 meanZ=38.04 SoC=1.0000
ep=0731 frame=022 slot=09 J_F=  -154.90 meanZ=36.80 SoC=1.0000
ep=0731 frame=023 slot=09 J_F=   260.50 meanZ=36.08 SoC=1.0000
ep=0731 frame=024 slot=09 J_F=    52.60 meanZ=35.38 SoC=1.0000
ep=0731 frame=025 slot=09 J_F=   730.30 meanZ=35.48 SoC=1.0000
ep=0731 frame=026 slot=09 J_F=   821.00 meanZ=35.66 SoC=1.0000
ep=0731 frame=027 slot=09 J_F=   -68.00 meanZ=35.46 SoC=1.0000
ep=0731 frame=028 slot=09 J_F=    40.50 meanZ=36.56 SoC=1.0000
ep=0731 frame=029 slot=09 J_F=   481.50 meanZ=36.04 SoC=1.0000
hppo_rsu 732/750 QoE=0.40742 stall=0.1039 147.95s
ep=0732 frame=000 slot=09 J_F= -3035.00 meanZ=88.32 SoC=1.0000
ep=0732 frame=001 slot=09 J_F= -2081.00 meanZ=80.52 SoC=1.0000
ep=0732 frame=002 slot=09 J_F=  -887.00 meanZ=74.40 SoC=1.0000
ep=0732 frame=003 slot=09 J_F= -1276.50 meanZ=67.78 SoC=1.0000
ep=0732 frame=004 slot=09 J_F=  -544.10 meanZ=61.32 SoC=1.0000
ep=0732 frame=005 slot=09 J_F=  -216.50 meanZ=55.78 SoC=1.0000
ep=0732 frame=006 slot=09 J_F=   263.90 meanZ=52.32 SoC=1.0000
ep=0732 frame=007 slot=09 J_F=  -405.50 meanZ=48.40 SoC=1.0000
ep=0732 frame=008 slot=09 J_F=   382.80 meanZ=45.98 SoC=1.0000
ep=0732 frame=009 slot=09 J_F=   315.50 meanZ=43.56 SoC=1.0000
ep=0732 frame=010 slot=09 J_F=   -82.60 meanZ=40.16 SoC=1.0000
ep=0732 frame=011 slot=09 J_F=    40.50 meanZ=39.00 SoC=1.0000
ep=0732 frame=012 slot=09 J_F=  -254.90 meanZ=36.80 SoC=1.0000
ep=0732 frame=013 slot=09 J_F=   604.80 meanZ=37.56 SoC=1.0000
ep=0732 frame=014 slot=09 J_F=    41.50 meanZ=36.36 SoC=1.0000
ep=0732 frame=015 slot=09 J_F=   756.00 meanZ=35.64 SoC=1.0000
ep=0732 frame=016 slot=09 J_F=   204.50 meanZ=34.54 SoC=1.0000
ep=0732 frame=017 slot=09 J_F=   762.50 meanZ=36.10 SoC=1.0000
ep=0732 frame=018 slot=09 J_F=   317.50 meanZ=36.22 SoC=1.0000
ep=0732 frame=019 slot=09 J_F=   558.50 meanZ=37.92 SoC=1.0000
ep=0732 frame=020 slot=09 J_F=   639.00 meanZ=38.22 SoC=1.0000
ep=0732 frame=021 slot=09 J_F=  -218.10 meanZ=37.74 SoC=1.0000
ep=0732 frame=022 slot=09 J_F=  -457.00 meanZ=37.42 SoC=1.0000
ep=0732 frame=023 slot=09 J_F=   495.40 meanZ=35.16 SoC=1.0000
ep=0732 frame=024 slot=09 J_F=   -28.50 meanZ=36.32 SoC=1.0000
ep=0732 frame=025 slot=09 J_F=    18.50 meanZ=35.66 SoC=1.0000
ep=0732 frame=026 slot=09 J_F=   475.40 meanZ=35.70 SoC=1.0000
ep=0732 frame=027 slot=09 J_F=   323.50 meanZ=34.96 SoC=1.0000
ep=0732 frame=028 slot=09 J_F=   688.00 meanZ=35.04 SoC=1.0000
ep=0732 frame=029 slot=09 J_F=   463.40 meanZ=34.28 SoC=1.0000
hppo_rsu 733/750 QoE=0.37386 stall=0.1175 145.86s
ep=0733 frame=000 slot=09 J_F= -2816.60 meanZ=88.38 SoC=1.0000
ep=0733 frame=001 slot=09 J_F=  -918.00 meanZ=83.38 SoC=1.0000
ep=0733 frame=002 slot=09 J_F= -1305.10 meanZ=76.10 SoC=1.0000
ep=0733 frame=003 slot=09 J_F=  -669.50 meanZ=68.76 SoC=1.0000
ep=0733 frame=004 slot=09 J_F=   143.50 meanZ=62.76 SoC=1.0000
ep=0733 frame=005 slot=09 J_F=  -860.50 meanZ=56.58 SoC=1.0000
ep=0733 frame=006 slot=09 J_F=  -577.50 meanZ=49.72 SoC=1.0000
ep=0733 frame=007 slot=09 J_F=   359.90 meanZ=46.74 SoC=1.0000
ep=0733 frame=008 slot=09 J_F=  -325.60 meanZ=42.22 SoC=1.0000
ep=0733 frame=009 slot=09 J_F=   -69.00 meanZ=40.60 SoC=1.0000
ep=0733 frame=010 slot=09 J_F=  -132.00 meanZ=37.76 SoC=1.0000
ep=0733 frame=011 slot=09 J_F=   296.00 meanZ=36.70 SoC=1.0000
ep=0733 frame=012 slot=09 J_F=  -160.00 meanZ=34.64 SoC=1.0000
ep=0733 frame=013 slot=09 J_F=   716.00 meanZ=34.50 SoC=1.0000
ep=0733 frame=014 slot=09 J_F=  -142.00 meanZ=33.36 SoC=1.0000
ep=0733 frame=015 slot=09 J_F=   881.50 meanZ=35.00 SoC=1.0000
ep=0733 frame=016 slot=09 J_F=   419.30 meanZ=35.78 SoC=1.0000
ep=0733 frame=017 slot=09 J_F=   130.90 meanZ=34.98 SoC=1.0000
ep=0733 frame=018 slot=09 J_F=   443.50 meanZ=36.34 SoC=1.0000
ep=0733 frame=019 slot=09 J_F=   -67.70 meanZ=35.22 SoC=1.0000
ep=0733 frame=020 slot=09 J_F=   708.10 meanZ=36.44 SoC=1.0000
ep=0733 frame=021 slot=09 J_F=   939.50 meanZ=37.14 SoC=1.0000
ep=0733 frame=022 slot=09 J_F=   503.10 meanZ=38.26 SoC=1.0000
ep=0733 frame=023 slot=09 J_F=   448.00 meanZ=37.84 SoC=1.0000
ep=0733 frame=024 slot=09 J_F=   547.50 meanZ=38.38 SoC=1.0000
ep=0733 frame=025 slot=09 J_F=    71.00 meanZ=38.34 SoC=1.0000
ep=0733 frame=026 slot=09 J_F=   275.30 meanZ=38.08 SoC=1.0000
ep=0733 frame=027 slot=09 J_F=   414.50 meanZ=38.58 SoC=1.0000
ep=0733 frame=028 slot=09 J_F=   430.00 meanZ=39.42 SoC=1.0000
ep=0733 frame=029 slot=09 J_F=   532.80 meanZ=39.98 SoC=1.0000
hppo_rsu 734/750 QoE=0.32706 stall=0.1329 147.11s
ep=0734 frame=000 slot=09 J_F= -2817.60 meanZ=89.56 SoC=1.0000
ep=0734 frame=001 slot=09 J_F= -2288.10 meanZ=80.98 SoC=1.0000
ep=0734 frame=002 slot=09 J_F= -1175.00 meanZ=73.32 SoC=1.0000
ep=0734 frame=003 slot=09 J_F=  -985.00 meanZ=66.14 SoC=1.0000
ep=0734 frame=004 slot=09 J_F=  -625.70 meanZ=59.82 SoC=1.0000
ep=0734 frame=005 slot=09 J_F=  -622.00 meanZ=53.72 SoC=1.0000
ep=0734 frame=006 slot=09 J_F=  -146.50 meanZ=48.12 SoC=1.0000
ep=0734 frame=007 slot=09 J_F=  -225.70 meanZ=44.26 SoC=1.0000
ep=0734 frame=008 slot=09 J_F=    95.50 meanZ=43.00 SoC=1.0000
ep=0734 frame=009 slot=09 J_F=  -108.50 meanZ=41.58 SoC=1.0000
ep=0734 frame=010 slot=09 J_F=   130.40 meanZ=39.02 SoC=1.0000
ep=0734 frame=011 slot=09 J_F=   214.90 meanZ=36.26 SoC=1.0000
ep=0734 frame=012 slot=09 J_F=   589.40 meanZ=37.48 SoC=1.0000
ep=0734 frame=013 slot=09 J_F=   286.90 meanZ=36.78 SoC=1.0000
ep=0734 frame=014 slot=09 J_F=   154.30 meanZ=35.76 SoC=1.0000
ep=0734 frame=015 slot=09 J_F=   700.50 meanZ=35.86 SoC=1.0000
ep=0734 frame=016 slot=09 J_F=   254.90 meanZ=34.86 SoC=1.0000
ep=0734 frame=017 slot=09 J_F=   303.90 meanZ=34.58 SoC=1.0000
ep=0734 frame=018 slot=09 J_F=   389.50 meanZ=33.46 SoC=1.0000
ep=0734 frame=019 slot=09 J_F=   860.50 meanZ=34.30 SoC=1.0000
ep=0734 frame=020 slot=09 J_F=   489.30 meanZ=36.34 SoC=1.0000
ep=0734 frame=021 slot=09 J_F=    87.40 meanZ=37.14 SoC=1.0000
ep=0734 frame=022 slot=09 J_F=   818.50 meanZ=36.90 SoC=1.0000
ep=0734 frame=023 slot=09 J_F=   710.00 meanZ=38.08 SoC=1.0000
ep=0734 frame=024 slot=09 J_F=   -31.60 meanZ=37.00 SoC=1.0000
ep=0734 frame=025 slot=09 J_F=   754.80 meanZ=36.78 SoC=1.0000
ep=0734 frame=026 slot=09 J_F=   431.00 meanZ=37.38 SoC=1.0000
ep=0734 frame=027 slot=09 J_F=   266.50 meanZ=36.20 SoC=1.0000
ep=0734 frame=028 slot=09 J_F=   372.50 meanZ=35.92 SoC=1.0000
ep=0734 frame=029 slot=09 J_F=   432.60 meanZ=35.54 SoC=1.0000
hppo_rsu 735/750 QoE=0.40469 stall=0.1066 146.24s
ep=0735 frame=000 slot=09 J_F= -3006.00 meanZ=88.84 SoC=1.0000
ep=0735 frame=001 slot=09 J_F= -1581.10 meanZ=81.02 SoC=1.0000
ep=0735 frame=002 slot=09 J_F= -1897.00 meanZ=74.12 SoC=1.0000
ep=0735 frame=003 slot=09 J_F=  -893.00 meanZ=67.44 SoC=1.0000
ep=0735 frame=004 slot=09 J_F=  -251.10 meanZ=61.84 SoC=1.0000
ep=0735 frame=005 slot=09 J_F=  -940.10 meanZ=56.22 SoC=1.0000
ep=0735 frame=006 slot=09 J_F=   -21.50 meanZ=53.08 SoC=1.0000
ep=0735 frame=007 slot=09 J_F=   145.00 meanZ=48.70 SoC=1.0000
ep=0735 frame=008 slot=09 J_F=  -200.50 meanZ=44.82 SoC=1.0000
ep=0735 frame=009 slot=09 J_F=  -178.10 meanZ=41.66 SoC=1.0000
ep=0735 frame=010 slot=09 J_F=   164.90 meanZ=41.76 SoC=1.0000
ep=0735 frame=011 slot=09 J_F=   401.50 meanZ=39.82 SoC=1.0000
ep=0735 frame=012 slot=09 J_F=   243.90 meanZ=39.10 SoC=1.0000
ep=0735 frame=013 slot=09 J_F=   672.00 meanZ=37.30 SoC=1.0000
ep=0735 frame=014 slot=09 J_F=   972.00 meanZ=39.76 SoC=1.0000
ep=0735 frame=015 slot=09 J_F=   952.50 meanZ=40.16 SoC=1.0000
ep=0735 frame=016 slot=09 J_F=   573.50 meanZ=39.58 SoC=1.0000
ep=0735 frame=017 slot=09 J_F=   614.50 meanZ=40.34 SoC=1.0000
ep=0735 frame=018 slot=09 J_F=   451.50 meanZ=40.56 SoC=1.0000
ep=0735 frame=019 slot=09 J_F=    10.30 meanZ=40.84 SoC=1.0000
ep=0735 frame=020 slot=09 J_F=   724.50 meanZ=41.56 SoC=1.0000
ep=0735 frame=021 slot=09 J_F=    87.40 meanZ=40.90 SoC=1.0000
ep=0735 frame=022 slot=09 J_F=   -51.00 meanZ=38.52 SoC=1.0000
ep=0735 frame=023 slot=09 J_F=    40.40 meanZ=37.24 SoC=1.0000
ep=0735 frame=024 slot=09 J_F=   601.90 meanZ=37.14 SoC=1.0000
ep=0735 frame=025 slot=09 J_F=   499.40 meanZ=37.82 SoC=1.0000
ep=0735 frame=026 slot=09 J_F=   682.00 meanZ=37.82 SoC=1.0000
ep=0735 frame=027 slot=09 J_F=  -433.00 meanZ=36.38 SoC=1.0000
ep=0735 frame=028 slot=09 J_F=   646.50 meanZ=35.66 SoC=1.0000
ep=0735 frame=029 slot=09 J_F=   288.50 meanZ=35.66 SoC=1.0000
hppo_rsu 736/750 QoE=0.31693 stall=0.1389 147.10s
ep=0736 frame=000 slot=09 J_F= -2339.50 meanZ=88.70 SoC=1.0000
ep=0736 frame=001 slot=09 J_F= -1727.60 meanZ=81.66 SoC=1.0000
ep=0736 frame=002 slot=09 J_F= -1672.00 meanZ=75.74 SoC=1.0000
ep=0736 frame=003 slot=09 J_F=  -554.50 meanZ=69.86 SoC=1.0000
ep=0736 frame=004 slot=09 J_F= -1052.00 meanZ=63.18 SoC=1.0000
ep=0736 frame=005 slot=09 J_F=  -487.60 meanZ=57.98 SoC=1.0000
ep=0736 frame=006 slot=09 J_F=  -373.60 meanZ=53.72 SoC=1.0000
ep=0736 frame=007 slot=09 J_F=   -37.00 meanZ=51.38 SoC=1.0000
ep=0736 frame=008 slot=09 J_F=   229.90 meanZ=48.36 SoC=1.0000
ep=0736 frame=009 slot=09 J_F=   282.10 meanZ=47.04 SoC=1.0000
ep=0736 frame=010 slot=09 J_F=   475.40 meanZ=45.72 SoC=1.0000
ep=0736 frame=011 slot=09 J_F=  1071.90 meanZ=44.44 SoC=1.0000
ep=0736 frame=012 slot=09 J_F=   324.40 meanZ=43.80 SoC=1.0000
ep=0736 frame=013 slot=09 J_F=    66.90 meanZ=42.36 SoC=1.0000
ep=0736 frame=014 slot=09 J_F=  -171.50 meanZ=42.04 SoC=1.0000
ep=0736 frame=015 slot=09 J_F=   167.80 meanZ=41.12 SoC=1.0000
ep=0736 frame=016 slot=09 J_F=    81.00 meanZ=39.16 SoC=1.0000
ep=0736 frame=017 slot=09 J_F=   -59.70 meanZ=38.58 SoC=1.0000
ep=0736 frame=018 slot=09 J_F=   472.50 meanZ=36.40 SoC=1.0000
ep=0736 frame=019 slot=09 J_F=   164.50 meanZ=35.48 SoC=1.0000
ep=0736 frame=020 slot=09 J_F=   354.20 meanZ=35.68 SoC=1.0000
ep=0736 frame=021 slot=09 J_F=   228.00 meanZ=34.72 SoC=1.0000
ep=0736 frame=022 slot=09 J_F=   230.30 meanZ=33.66 SoC=1.0000
ep=0736 frame=023 slot=09 J_F=   787.10 meanZ=34.22 SoC=1.0000
ep=0736 frame=024 slot=09 J_F=   378.00 meanZ=34.84 SoC=1.0000
ep=0736 frame=025 slot=09 J_F=   145.40 meanZ=35.02 SoC=1.0000
ep=0736 frame=026 slot=09 J_F=    -7.00 meanZ=34.28 SoC=1.0000
ep=0736 frame=027 slot=09 J_F=   670.60 meanZ=35.28 SoC=1.0000
ep=0736 frame=028 slot=09 J_F=    92.50 meanZ=35.34 SoC=1.0000
ep=0736 frame=029 slot=09 J_F=   632.50 meanZ=35.36 SoC=1.0000
hppo_rsu 737/750 QoE=0.38856 stall=0.1127 145.72s
ep=0737 frame=000 slot=09 J_F= -2592.10 meanZ=88.70 SoC=1.0000
ep=0737 frame=001 slot=09 J_F= -1767.00 meanZ=81.94 SoC=1.0000
ep=0737 frame=002 slot=09 J_F=  -900.50 meanZ=75.24 SoC=1.0000
ep=0737 frame=003 slot=09 J_F= -1038.00 meanZ=68.62 SoC=1.0000
ep=0737 frame=004 slot=09 J_F=  -269.60 meanZ=62.70 SoC=1.0000
ep=0737 frame=005 slot=09 J_F=   378.00 meanZ=58.60 SoC=1.0000
ep=0737 frame=006 slot=09 J_F=  -499.10 meanZ=53.52 SoC=1.0000
ep=0737 frame=007 slot=09 J_F=  -595.10 meanZ=49.54 SoC=1.0000
ep=0737 frame=008 slot=09 J_F=   140.30 meanZ=46.14 SoC=1.0000
ep=0737 frame=009 slot=09 J_F=   -68.10 meanZ=42.98 SoC=1.0000
ep=0737 frame=010 slot=09 J_F=   392.40 meanZ=39.72 SoC=1.0000
ep=0737 frame=011 slot=09 J_F=   672.40 meanZ=40.10 SoC=1.0000
ep=0737 frame=012 slot=09 J_F=   131.90 meanZ=38.20 SoC=1.0000
ep=0737 frame=013 slot=09 J_F=   504.40 meanZ=36.38 SoC=1.0000
ep=0737 frame=014 slot=09 J_F=   -18.40 meanZ=35.78 SoC=1.0000
ep=0737 frame=015 slot=09 J_F=  1227.50 meanZ=37.36 SoC=1.0000
ep=0737 frame=016 slot=09 J_F=   491.50 meanZ=37.52 SoC=1.0000
ep=0737 frame=017 slot=09 J_F=   120.40 meanZ=37.04 SoC=1.0000
ep=0737 frame=018 slot=09 J_F=   395.50 meanZ=36.50 SoC=1.0000
ep=0737 frame=019 slot=09 J_F=   894.50 meanZ=36.86 SoC=1.0000
ep=0737 frame=020 slot=09 J_F=   573.00 meanZ=36.48 SoC=1.0000
ep=0737 frame=021 slot=09 J_F=   747.00 meanZ=37.48 SoC=1.0000
ep=0737 frame=022 slot=09 J_F=   233.40 meanZ=35.86 SoC=1.0000
ep=0737 frame=023 slot=09 J_F=   457.50 meanZ=35.56 SoC=1.0000
ep=0737 frame=024 slot=09 J_F=   673.00 meanZ=36.50 SoC=1.0000
ep=0737 frame=025 slot=09 J_F=   133.00 meanZ=36.64 SoC=1.0000
ep=0737 frame=026 slot=09 J_F=   949.00 meanZ=37.46 SoC=1.0000
ep=0737 frame=027 slot=09 J_F=   736.00 meanZ=37.32 SoC=1.0000
ep=0737 frame=028 slot=09 J_F=   -87.70 meanZ=37.44 SoC=1.0000
ep=0737 frame=029 slot=09 J_F=   135.40 meanZ=37.04 SoC=1.0000
hppo_rsu 738/750 QoE=0.45951 stall=0.0832 148.22s
ep=0738 frame=000 slot=09 J_F= -3431.60 meanZ=87.42 SoC=1.0000
ep=0738 frame=001 slot=09 J_F= -1724.50 meanZ=80.00 SoC=1.0000
ep=0738 frame=002 slot=09 J_F=   -77.50 meanZ=75.50 SoC=1.0000
ep=0738 frame=003 slot=09 J_F=  -311.00 meanZ=70.56 SoC=1.0000
ep=0738 frame=004 slot=09 J_F=  -377.00 meanZ=65.10 SoC=1.0000
ep=0738 frame=005 slot=09 J_F=    13.50 meanZ=60.92 SoC=1.0000
ep=0738 frame=006 slot=09 J_F=  -352.50 meanZ=55.94 SoC=1.0000
ep=0738 frame=007 slot=09 J_F=   188.50 meanZ=51.06 SoC=1.0000
ep=0738 frame=008 slot=09 J_F=   -97.60 meanZ=47.42 SoC=1.0000
ep=0738 frame=009 slot=09 J_F=  -377.60 meanZ=45.42 SoC=1.0000
ep=0738 frame=010 slot=09 J_F=  -101.10 meanZ=42.12 SoC=1.0000
ep=0738 frame=011 slot=09 J_F=   185.80 meanZ=40.38 SoC=1.0000
ep=0738 frame=012 slot=09 J_F=   307.40 meanZ=38.04 SoC=1.0000
ep=0738 frame=013 slot=09 J_F=   322.00 meanZ=36.56 SoC=1.0000
ep=0738 frame=014 slot=09 J_F=    45.00 meanZ=34.94 SoC=1.0000
ep=0738 frame=015 slot=09 J_F=    21.00 meanZ=31.66 SoC=1.0000
ep=0738 frame=016 slot=09 J_F=   444.50 meanZ=32.08 SoC=1.0000
ep=0738 frame=017 slot=09 J_F=    17.50 meanZ=30.12 SoC=1.0000
ep=0738 frame=018 slot=09 J_F=  -388.10 meanZ=27.84 SoC=1.0000
ep=0738 frame=019 slot=09 J_F=   220.90 meanZ=28.16 SoC=1.0000
ep=0738 frame=020 slot=09 J_F=   658.00 meanZ=28.84 SoC=1.0000
ep=0738 frame=021 slot=09 J_F=   176.40 meanZ=28.84 SoC=1.0000
ep=0738 frame=022 slot=09 J_F=   356.90 meanZ=27.88 SoC=1.0000
ep=0738 frame=023 slot=09 J_F=   237.90 meanZ=25.94 SoC=1.0000
ep=0738 frame=024 slot=09 J_F=   489.90 meanZ=26.06 SoC=1.0000
ep=0738 frame=025 slot=09 J_F=   914.00 meanZ=27.46 SoC=1.0000
ep=0738 frame=026 slot=09 J_F=   841.00 meanZ=26.84 SoC=1.0000
ep=0738 frame=027 slot=09 J_F=  -209.20 meanZ=26.12 SoC=1.0000
ep=0738 frame=028 slot=09 J_F=   467.00 meanZ=26.58 SoC=1.0000
ep=0738 frame=029 slot=09 J_F=   -20.50 meanZ=25.52 SoC=1.0000
hppo_rsu 739/750 QoE=0.49276 stall=0.0779 146.55s
ep=0739 frame=000 slot=09 J_F= -3751.50 meanZ=87.70 SoC=1.0000
ep=0739 frame=001 slot=09 J_F=  -968.50 meanZ=80.96 SoC=1.0000
ep=0739 frame=002 slot=09 J_F= -1342.60 meanZ=73.76 SoC=1.0000
ep=0739 frame=003 slot=09 J_F= -1556.10 meanZ=66.64 SoC=1.0000
ep=0739 frame=004 slot=09 J_F=   -73.00 meanZ=61.76 SoC=1.0000
ep=0739 frame=005 slot=09 J_F=  -221.60 meanZ=57.78 SoC=1.0000
ep=0739 frame=006 slot=09 J_F=  -288.10 meanZ=52.10 SoC=1.0000
ep=0739 frame=007 slot=09 J_F=  -154.60 meanZ=49.92 SoC=1.0000
ep=0739 frame=008 slot=09 J_F=    42.40 meanZ=47.76 SoC=1.0000
ep=0739 frame=009 slot=09 J_F=  -224.10 meanZ=43.52 SoC=1.0000
ep=0739 frame=010 slot=09 J_F=   425.90 meanZ=42.90 SoC=1.0000
ep=0739 frame=011 slot=09 J_F=  -321.10 meanZ=40.08 SoC=1.0000
ep=0739 frame=012 slot=09 J_F=   887.30 meanZ=39.92 SoC=1.0000
ep=0739 frame=013 slot=09 J_F=   810.00 meanZ=39.54 SoC=1.0000
ep=0739 frame=014 slot=09 J_F=   -88.50 meanZ=37.34 SoC=1.0000
ep=0739 frame=015 slot=09 J_F=   438.50 meanZ=36.28 SoC=1.0000
ep=0739 frame=016 slot=09 J_F=   110.00 meanZ=35.98 SoC=1.0000
ep=0739 frame=017 slot=09 J_F=   477.00 meanZ=35.06 SoC=1.0000
ep=0739 frame=018 slot=09 J_F=   524.50 meanZ=34.18 SoC=1.0000
ep=0739 frame=019 slot=09 J_F=   451.50 meanZ=33.72 SoC=1.0000
ep=0739 frame=020 slot=09 J_F=   771.40 meanZ=33.02 SoC=1.0000
ep=0739 frame=021 slot=09 J_F=   391.40 meanZ=33.34 SoC=1.0000
ep=0739 frame=022 slot=09 J_F=    71.90 meanZ=32.32 SoC=1.0000
ep=0739 frame=023 slot=09 J_F=   479.50 meanZ=33.34 SoC=1.0000
ep=0739 frame=024 slot=09 J_F=    20.80 meanZ=31.74 SoC=1.0000
ep=0739 frame=025 slot=09 J_F=    53.90 meanZ=30.44 SoC=1.0000
ep=0739 frame=026 slot=09 J_F=   452.30 meanZ=28.48 SoC=1.0000
ep=0739 frame=027 slot=09 J_F=   490.80 meanZ=28.18 SoC=1.0000
ep=0739 frame=028 slot=09 J_F=   604.50 meanZ=29.96 SoC=1.0000
ep=0739 frame=029 slot=09 J_F=   364.50 meanZ=30.14 SoC=1.0000
hppo_rsu 740/750 QoE=0.43667 stall=0.0960 147.44s
ep=0740 frame=000 slot=09 J_F= -3734.50 meanZ=87.62 SoC=1.0000
ep=0740 frame=001 slot=09 J_F= -1377.50 meanZ=79.56 SoC=1.0000
ep=0740 frame=002 slot=09 J_F=  -810.60 meanZ=73.96 SoC=1.0000
ep=0740 frame=003 slot=09 J_F= -1177.00 meanZ=66.02 SoC=1.0000
ep=0740 frame=004 slot=09 J_F=  -371.20 meanZ=60.26 SoC=1.0000
ep=0740 frame=005 slot=09 J_F=   -48.00 meanZ=55.96 SoC=1.0000
ep=0740 frame=006 slot=09 J_F=   -64.00 meanZ=53.70 SoC=1.0000
ep=0740 frame=007 slot=09 J_F=   -44.20 meanZ=50.54 SoC=1.0000
ep=0740 frame=008 slot=09 J_F=   143.00 meanZ=47.66 SoC=1.0000
ep=0740 frame=009 slot=09 J_F=   108.30 meanZ=45.46 SoC=1.0000
ep=0740 frame=010 slot=09 J_F=    84.20 meanZ=43.52 SoC=1.0000
ep=0740 frame=011 slot=09 J_F=  -342.50 meanZ=41.00 SoC=1.0000
ep=0740 frame=012 slot=09 J_F=   433.80 meanZ=40.60 SoC=1.0000
ep=0740 frame=013 slot=09 J_F=   817.20 meanZ=42.08 SoC=1.0000
ep=0740 frame=014 slot=09 J_F=  -101.50 meanZ=40.86 SoC=1.0000
ep=0740 frame=015 slot=09 J_F=    21.50 meanZ=39.74 SoC=1.0000
ep=0740 frame=016 slot=09 J_F=  -320.50 meanZ=37.32 SoC=1.0000
ep=0740 frame=017 slot=09 J_F=    -5.20 meanZ=35.92 SoC=1.0000
ep=0740 frame=018 slot=09 J_F=   183.10 meanZ=34.18 SoC=1.0000
ep=0740 frame=019 slot=09 J_F=   391.50 meanZ=32.46 SoC=1.0000
ep=0740 frame=020 slot=09 J_F=   225.00 meanZ=31.06 SoC=1.0000
ep=0740 frame=021 slot=09 J_F=    92.50 meanZ=29.06 SoC=1.0000
ep=0740 frame=022 slot=09 J_F=   505.00 meanZ=28.84 SoC=1.0000
ep=0740 frame=023 slot=09 J_F=   699.00 meanZ=28.06 SoC=1.0000
ep=0740 frame=024 slot=09 J_F=   -47.50 meanZ=26.52 SoC=1.0000
ep=0740 frame=025 slot=09 J_F=   640.80 meanZ=27.50 SoC=1.0000
ep=0740 frame=026 slot=09 J_F=   553.20 meanZ=27.68 SoC=1.0000
ep=0740 frame=027 slot=09 J_F=   476.00 meanZ=27.70 SoC=1.0000
ep=0740 frame=028 slot=09 J_F=   570.10 meanZ=28.82 SoC=1.0000
ep=0740 frame=029 slot=09 J_F=   365.90 meanZ=28.24 SoC=1.0000
hppo_rsu 741/750 QoE=0.42856 stall=0.1011 145.95s
ep=0741 frame=000 slot=09 J_F= -2137.10 meanZ=88.98 SoC=1.0000
ep=0741 frame=001 slot=09 J_F= -2143.00 meanZ=80.78 SoC=1.0000
ep=0741 frame=002 slot=09 J_F= -2050.50 meanZ=73.06 SoC=1.0000
ep=0741 frame=003 slot=09 J_F= -1031.10 meanZ=66.76 SoC=1.0000
ep=0741 frame=004 slot=09 J_F=  -618.00 meanZ=59.62 SoC=1.0000
ep=0741 frame=005 slot=09 J_F=  -202.00 meanZ=55.64 SoC=1.0000
ep=0741 frame=006 slot=09 J_F=   -94.40 meanZ=50.38 SoC=1.0000
ep=0741 frame=007 slot=09 J_F=   269.50 meanZ=47.08 SoC=1.0000
ep=0741 frame=008 slot=09 J_F=   401.00 meanZ=45.28 SoC=1.0000
ep=0741 frame=009 slot=09 J_F=   360.00 meanZ=42.88 SoC=1.0000
ep=0741 frame=010 slot=09 J_F=  -417.60 meanZ=41.16 SoC=1.0000
ep=0741 frame=011 slot=09 J_F=   200.40 meanZ=40.32 SoC=1.0000
ep=0741 frame=012 slot=09 J_F=   205.20 meanZ=39.66 SoC=1.0000
ep=0741 frame=013 slot=09 J_F=   244.50 meanZ=37.74 SoC=1.0000
ep=0741 frame=014 slot=09 J_F=   364.90 meanZ=37.52 SoC=1.0000
ep=0741 frame=015 slot=09 J_F=   728.40 meanZ=36.98 SoC=1.0000
ep=0741 frame=016 slot=09 J_F=   -94.90 meanZ=35.56 SoC=1.0000
ep=0741 frame=017 slot=09 J_F=   -46.60 meanZ=34.56 SoC=1.0000
ep=0741 frame=018 slot=09 J_F=   -96.10 meanZ=34.36 SoC=1.0000
ep=0741 frame=019 slot=09 J_F=   -18.50 meanZ=33.44 SoC=1.0000
ep=0741 frame=020 slot=09 J_F=   337.10 meanZ=33.50 SoC=1.0000
ep=0741 frame=021 slot=09 J_F=  -134.50 meanZ=31.68 SoC=1.0000
ep=0741 frame=022 slot=09 J_F=   514.90 meanZ=31.72 SoC=1.0000
ep=0741 frame=023 slot=09 J_F=   586.40 meanZ=32.04 SoC=1.0000
ep=0741 frame=024 slot=09 J_F=   408.00 meanZ=32.62 SoC=1.0000
ep=0741 frame=025 slot=09 J_F=   990.90 meanZ=32.88 SoC=1.0000
ep=0741 frame=026 slot=09 J_F=   543.40 meanZ=31.06 SoC=1.0000
ep=0741 frame=027 slot=09 J_F=   394.30 meanZ=31.86 SoC=1.0000
ep=0741 frame=028 slot=09 J_F=    50.90 meanZ=32.20 SoC=1.0000
ep=0741 frame=029 slot=09 J_F=   286.90 meanZ=31.40 SoC=1.0000
hppo_rsu 742/750 QoE=0.42955 stall=0.0988 147.51s
ep=0742 frame=000 slot=09 J_F= -3311.50 meanZ=88.52 SoC=1.0000
ep=0742 frame=001 slot=09 J_F= -2162.50 meanZ=79.82 SoC=1.0000
ep=0742 frame=002 slot=09 J_F= -1729.10 meanZ=71.64 SoC=1.0000
ep=0742 frame=003 slot=09 J_F=  -978.50 meanZ=64.26 SoC=1.0000
ep=0742 frame=004 slot=09 J_F=   326.50 meanZ=59.04 SoC=1.0000
ep=0742 frame=005 slot=09 J_F=   -89.50 meanZ=53.28 SoC=1.0000
ep=0742 frame=006 slot=09 J_F=  -120.60 meanZ=49.46 SoC=1.0000
ep=0742 frame=007 slot=09 J_F=   131.50 meanZ=47.12 SoC=1.0000
ep=0742 frame=008 slot=09 J_F=   279.40 meanZ=46.02 SoC=1.0000
ep=0742 frame=009 slot=09 J_F=   159.50 meanZ=44.70 SoC=1.0000
ep=0742 frame=010 slot=09 J_F=  -807.00 meanZ=42.38 SoC=1.0000
ep=0742 frame=011 slot=09 J_F=  -111.60 meanZ=39.16 SoC=1.0000
ep=0742 frame=012 slot=09 J_F=   127.80 meanZ=37.84 SoC=1.0000
ep=0742 frame=013 slot=09 J_F=   526.20 meanZ=37.74 SoC=1.0000
ep=0742 frame=014 slot=09 J_F=   253.50 meanZ=38.28 SoC=1.0000
ep=0742 frame=015 slot=09 J_F=   429.70 meanZ=36.22 SoC=1.0000
ep=0742 frame=016 slot=09 J_F=   328.30 meanZ=35.84 SoC=1.0000
ep=0742 frame=017 slot=09 J_F=   528.50 meanZ=37.04 SoC=1.0000
ep=0742 frame=018 slot=09 J_F=   240.80 meanZ=36.58 SoC=1.0000
ep=0742 frame=019 slot=09 J_F=   304.80 meanZ=35.42 SoC=1.0000
ep=0742 frame=020 slot=09 J_F=   592.50 meanZ=34.76 SoC=1.0000
ep=0742 frame=021 slot=09 J_F=    63.00 meanZ=34.26 SoC=1.0000
ep=0742 frame=022 slot=09 J_F=   185.50 meanZ=33.34 SoC=1.0000
ep=0742 frame=023 slot=09 J_F=    56.90 meanZ=31.98 SoC=1.0000
ep=0742 frame=024 slot=09 J_F=   624.90 meanZ=32.88 SoC=1.0000
ep=0742 frame=025 slot=09 J_F=   841.40 meanZ=32.12 SoC=1.0000
ep=0742 frame=026 slot=09 J_F=   220.30 meanZ=30.98 SoC=1.0000
ep=0742 frame=027 slot=09 J_F=   639.00 meanZ=31.52 SoC=1.0000
ep=0742 frame=028 slot=09 J_F=   203.50 meanZ=31.92 SoC=1.0000
ep=0742 frame=029 slot=09 J_F=    29.30 meanZ=30.26 SoC=1.0000
hppo_rsu 743/750 QoE=0.42600 stall=0.1005 146.01s
ep=0743 frame=000 slot=09 J_F= -2345.60 meanZ=89.16 SoC=1.0000
ep=0743 frame=001 slot=09 J_F= -1830.00 meanZ=80.68 SoC=1.0000
ep=0743 frame=002 slot=09 J_F=  -758.50 meanZ=75.14 SoC=1.0000
ep=0743 frame=003 slot=09 J_F=  -858.00 meanZ=68.50 SoC=1.0000
ep=0743 frame=004 slot=09 J_F=  -343.60 meanZ=64.28 SoC=1.0000
ep=0743 frame=005 slot=09 J_F=   329.50 meanZ=60.48 SoC=1.0000
ep=0743 frame=006 slot=09 J_F=  -460.50 meanZ=56.30 SoC=1.0000
ep=0743 frame=007 slot=09 J_F=  -457.50 meanZ=52.50 SoC=1.0000
ep=0743 frame=008 slot=09 J_F=  -227.60 meanZ=47.74 SoC=1.0000
ep=0743 frame=009 slot=09 J_F=   -25.50 meanZ=45.68 SoC=1.0000
ep=0743 frame=010 slot=09 J_F=   687.90 meanZ=44.34 SoC=1.0000
ep=0743 frame=011 slot=09 J_F=   206.80 meanZ=43.24 SoC=1.0000
ep=0743 frame=012 slot=09 J_F=   158.50 meanZ=42.62 SoC=1.0000
ep=0743 frame=013 slot=09 J_F=   427.00 meanZ=41.86 SoC=1.0000
ep=0743 frame=014 slot=09 J_F=    72.50 meanZ=42.00 SoC=1.0000
ep=0743 frame=015 slot=09 J_F=   519.50 meanZ=40.54 SoC=1.0000
ep=0743 frame=016 slot=09 J_F=   286.40 meanZ=40.12 SoC=1.0000
ep=0743 frame=017 slot=09 J_F=  -213.50 meanZ=38.58 SoC=1.0000
ep=0743 frame=018 slot=09 J_F=   665.50 meanZ=37.50 SoC=1.0000
ep=0743 frame=019 slot=09 J_F=   213.40 meanZ=36.34 SoC=1.0000
ep=0743 frame=020 slot=09 J_F=   195.40 meanZ=35.32 SoC=1.0000
ep=0743 frame=021 slot=09 J_F=   174.50 meanZ=33.96 SoC=1.0000
ep=0743 frame=022 slot=09 J_F=   833.50 meanZ=34.60 SoC=1.0000
ep=0743 frame=023 slot=09 J_F=   641.30 meanZ=34.66 SoC=1.0000
ep=0743 frame=024 slot=09 J_F=   582.80 meanZ=35.12 SoC=1.0000
ep=0743 frame=025 slot=09 J_F=   369.50 meanZ=36.70 SoC=1.0000
ep=0743 frame=026 slot=09 J_F=   249.60 meanZ=36.48 SoC=1.0000
ep=0743 frame=027 slot=09 J_F=   389.50 meanZ=36.16 SoC=1.0000
ep=0743 frame=028 slot=09 J_F=   244.50 meanZ=35.64 SoC=1.0000
ep=0743 frame=029 slot=09 J_F=    66.80 meanZ=35.22 SoC=1.0000
hppo_rsu 744/750 QoE=0.38177 stall=0.1140 146.70s
ep=0744 frame=000 slot=09 J_F= -2812.60 meanZ=88.34 SoC=1.0000
ep=0744 frame=001 slot=09 J_F= -1733.60 meanZ=80.52 SoC=1.0000
ep=0744 frame=002 slot=09 J_F= -1691.50 meanZ=73.76 SoC=1.0000
ep=0744 frame=003 slot=09 J_F= -1032.20 meanZ=66.78 SoC=1.0000
ep=0744 frame=004 slot=09 J_F=  -968.60 meanZ=59.46 SoC=1.0000
ep=0744 frame=005 slot=09 J_F=  -206.00 meanZ=54.64 SoC=1.0000
ep=0744 frame=006 slot=09 J_F=   483.40 meanZ=50.74 SoC=1.0000
ep=0744 frame=007 slot=09 J_F=   473.90 meanZ=47.16 SoC=1.0000
ep=0744 frame=008 slot=09 J_F=     5.60 meanZ=44.04 SoC=1.0000
ep=0744 frame=009 slot=09 J_F=   273.40 meanZ=42.10 SoC=1.0000
ep=0744 frame=010 slot=09 J_F=   259.90 meanZ=41.00 SoC=1.0000
ep=0744 frame=011 slot=09 J_F=   -35.70 meanZ=37.76 SoC=1.0000
ep=0744 frame=012 slot=09 J_F=   493.30 meanZ=36.42 SoC=1.0000
ep=0744 frame=013 slot=09 J_F=   -11.20 meanZ=36.12 SoC=1.0000
ep=0744 frame=014 slot=09 J_F=   -11.70 meanZ=34.80 SoC=1.0000
ep=0744 frame=015 slot=09 J_F=   321.30 meanZ=34.86 SoC=1.0000
ep=0744 frame=016 slot=09 J_F=   842.90 meanZ=34.66 SoC=1.0000
ep=0744 frame=017 slot=09 J_F=   187.80 meanZ=32.68 SoC=1.0000
ep=0744 frame=018 slot=09 J_F=   222.90 meanZ=31.90 SoC=1.0000
ep=0744 frame=019 slot=09 J_F=   292.20 meanZ=31.30 SoC=1.0000
ep=0744 frame=020 slot=09 J_F=   -64.10 meanZ=29.54 SoC=1.0000
ep=0744 frame=021 slot=09 J_F=   509.30 meanZ=29.50 SoC=1.0000
ep=0744 frame=022 slot=09 J_F=   233.50 meanZ=29.50 SoC=1.0000
ep=0744 frame=023 slot=09 J_F=   705.10 meanZ=30.40 SoC=1.0000
ep=0744 frame=024 slot=09 J_F=   282.00 meanZ=29.48 SoC=1.0000
ep=0744 frame=025 slot=09 J_F=    67.00 meanZ=28.30 SoC=1.0000
ep=0744 frame=026 slot=09 J_F=   419.80 meanZ=28.74 SoC=1.0000
ep=0744 frame=027 slot=09 J_F=   199.80 meanZ=29.48 SoC=1.0000
ep=0744 frame=028 slot=09 J_F=  -118.60 meanZ=29.02 SoC=1.0000
ep=0744 frame=029 slot=09 J_F=   595.10 meanZ=29.90 SoC=1.0000
hppo_rsu 745/750 QoE=0.46018 stall=0.0878 145.55s
ep=0745 frame=000 slot=09 J_F= -3707.60 meanZ=87.12 SoC=1.0000
ep=0745 frame=001 slot=09 J_F= -1444.10 meanZ=79.92 SoC=1.0000
ep=0745 frame=002 slot=09 J_F= -1849.10 meanZ=72.42 SoC=1.0000
ep=0745 frame=003 slot=09 J_F= -1239.60 meanZ=65.26 SoC=1.0000
ep=0745 frame=004 slot=09 J_F=  -538.10 meanZ=60.90 SoC=1.0000
ep=0745 frame=005 slot=09 J_F=    58.50 meanZ=56.02 SoC=1.0000
ep=0745 frame=006 slot=09 J_F=   256.50 meanZ=52.90 SoC=1.0000
ep=0745 frame=007 slot=09 J_F=   254.50 meanZ=51.16 SoC=1.0000
ep=0745 frame=008 slot=09 J_F=   597.00 meanZ=50.44 SoC=1.0000
ep=0745 frame=009 slot=09 J_F=    71.50 meanZ=48.12 SoC=1.0000
ep=0745 frame=010 slot=09 J_F=  -154.10 meanZ=45.16 SoC=1.0000
ep=0745 frame=011 slot=09 J_F=    87.50 meanZ=42.62 SoC=1.0000
ep=0745 frame=012 slot=09 J_F=   126.00 meanZ=41.48 SoC=1.0000
ep=0745 frame=013 slot=09 J_F=   706.50 meanZ=40.08 SoC=1.0000
ep=0745 frame=014 slot=09 J_F=   599.40 meanZ=39.32 SoC=1.0000
ep=0745 frame=015 slot=09 J_F=   385.00 meanZ=39.06 SoC=1.0000
ep=0745 frame=016 slot=09 J_F=  -201.50 meanZ=38.62 SoC=1.0000
ep=0745 frame=017 slot=09 J_F=   559.00 meanZ=37.20 SoC=1.0000
ep=0745 frame=018 slot=09 J_F=  -119.50 meanZ=35.18 SoC=1.0000
ep=0745 frame=019 slot=09 J_F=   347.50 meanZ=35.32 SoC=1.0000
ep=0745 frame=020 slot=09 J_F=   858.50 meanZ=35.98 SoC=1.0000
ep=0745 frame=021 slot=09 J_F=    86.50 meanZ=36.38 SoC=1.0000
ep=0745 frame=022 slot=09 J_F=   -82.50 meanZ=35.76 SoC=1.0000
ep=0745 frame=023 slot=09 J_F=    48.90 meanZ=35.02 SoC=1.0000
ep=0745 frame=024 slot=09 J_F=   154.40 meanZ=33.62 SoC=1.0000
ep=0745 frame=025 slot=09 J_F=  -377.00 meanZ=30.74 SoC=1.0000
ep=0745 frame=026 slot=09 J_F=   524.00 meanZ=30.76 SoC=1.0000
ep=0745 frame=027 slot=09 J_F=   681.90 meanZ=32.02 SoC=1.0000
ep=0745 frame=028 slot=09 J_F=   658.00 meanZ=33.04 SoC=1.0000
ep=0745 frame=029 slot=09 J_F=    71.50 meanZ=31.90 SoC=1.0000
hppo_rsu 746/750 QoE=0.42609 stall=0.0977 147.64s
ep=0746 frame=000 slot=09 J_F= -3589.00 meanZ=87.98 SoC=1.0000
ep=0746 frame=001 slot=09 J_F= -1275.50 meanZ=81.00 SoC=1.0000
ep=0746 frame=002 slot=09 J_F= -1655.10 meanZ=73.18 SoC=1.0000
ep=0746 frame=003 slot=09 J_F= -1475.00 meanZ=66.72 SoC=1.0000
ep=0746 frame=004 slot=09 J_F=  -482.70 meanZ=61.02 SoC=1.0000
ep=0746 frame=005 slot=09 J_F=  -464.10 meanZ=55.22 SoC=1.0000
ep=0746 frame=006 slot=09 J_F=  -223.00 meanZ=51.60 SoC=1.0000
ep=0746 frame=007 slot=09 J_F=  -216.60 meanZ=47.86 SoC=1.0000
ep=0746 frame=008 slot=09 J_F=  -189.00 meanZ=44.38 SoC=1.0000
ep=0746 frame=009 slot=09 J_F=  -151.10 meanZ=39.40 SoC=1.0000
ep=0746 frame=010 slot=09 J_F=   436.40 meanZ=36.00 SoC=1.0000
ep=0746 frame=011 slot=09 J_F=   -35.00 meanZ=33.88 SoC=1.0000
ep=0746 frame=012 slot=09 J_F=   721.90 meanZ=31.76 SoC=1.0000
ep=0746 frame=013 slot=09 J_F=   561.50 meanZ=31.08 SoC=1.0000
ep=0746 frame=014 slot=09 J_F=    21.50 meanZ=29.10 SoC=1.0000
ep=0746 frame=015 slot=09 J_F=   549.90 meanZ=29.34 SoC=1.0000
ep=0746 frame=016 slot=09 J_F=   482.70 meanZ=29.96 SoC=1.0000
ep=0746 frame=017 slot=09 J_F=   292.30 meanZ=29.84 SoC=1.0000
ep=0746 frame=018 slot=09 J_F=   938.00 meanZ=29.74 SoC=1.0000
ep=0746 frame=019 slot=09 J_F=   396.00 meanZ=30.28 SoC=1.0000
ep=0746 frame=020 slot=09 J_F=   329.00 meanZ=31.34 SoC=1.0000
ep=0746 frame=021 slot=09 J_F=   290.00 meanZ=31.86 SoC=1.0000
ep=0746 frame=022 slot=09 J_F=     3.40 meanZ=32.66 SoC=1.0000
ep=0746 frame=023 slot=09 J_F=   272.50 meanZ=31.50 SoC=1.0000
ep=0746 frame=024 slot=09 J_F=   150.50 meanZ=30.18 SoC=1.0000
ep=0746 frame=025 slot=09 J_F=   354.00 meanZ=29.26 SoC=1.0000
ep=0746 frame=026 slot=09 J_F=   487.50 meanZ=27.86 SoC=1.0000
ep=0746 frame=027 slot=09 J_F=     0.50 meanZ=26.46 SoC=1.0000
ep=0746 frame=028 slot=09 J_F=   427.00 meanZ=26.18 SoC=1.0000
ep=0746 frame=029 slot=09 J_F=   417.80 meanZ=27.26 SoC=1.0000
hppo_rsu 747/750 QoE=0.48924 stall=0.0781 145.12s
ep=0747 frame=000 slot=09 J_F= -3116.10 meanZ=88.96 SoC=1.0000
ep=0747 frame=001 slot=09 J_F= -1403.10 meanZ=82.12 SoC=1.0000
ep=0747 frame=002 slot=09 J_F= -1743.70 meanZ=74.24 SoC=1.0000
ep=0747 frame=003 slot=09 J_F= -1037.50 meanZ=67.40 SoC=1.0000
ep=0747 frame=004 slot=09 J_F= -1008.20 meanZ=60.96 SoC=1.0000
ep=0747 frame=005 slot=09 J_F=  -325.10 meanZ=55.22 SoC=1.0000
ep=0747 frame=006 slot=09 J_F=  -226.60 meanZ=51.14 SoC=1.0000
ep=0747 frame=007 slot=09 J_F=    84.30 meanZ=47.84 SoC=1.0000
ep=0747 frame=008 slot=09 J_F=   292.00 meanZ=44.86 SoC=1.0000
ep=0747 frame=009 slot=09 J_F=   573.40 meanZ=44.70 SoC=1.0000
ep=0747 frame=010 slot=09 J_F=  -365.00 meanZ=40.48 SoC=1.0000
ep=0747 frame=011 slot=09 J_F=   382.50 meanZ=39.64 SoC=1.0000
ep=0747 frame=012 slot=09 J_F=   644.90 meanZ=38.28 SoC=1.0000
ep=0747 frame=013 slot=09 J_F=    52.40 meanZ=36.38 SoC=1.0000
ep=0747 frame=014 slot=09 J_F=    61.00 meanZ=34.12 SoC=1.0000
ep=0747 frame=015 slot=09 J_F=   204.80 meanZ=32.06 SoC=1.0000
ep=0747 frame=016 slot=09 J_F=   257.90 meanZ=32.56 SoC=1.0000
ep=0747 frame=017 slot=09 J_F=    48.00 meanZ=31.28 SoC=1.0000
ep=0747 frame=018 slot=09 J_F=  -133.50 meanZ=29.54 SoC=1.0000
ep=0747 frame=019 slot=09 J_F=   342.00 meanZ=28.54 SoC=1.0000
ep=0747 frame=020 slot=09 J_F=   381.90 meanZ=28.76 SoC=1.0000
ep=0747 frame=021 slot=09 J_F=   265.40 meanZ=28.04 SoC=1.0000
ep=0747 frame=022 slot=09 J_F=   706.50 meanZ=28.78 SoC=1.0000
ep=0747 frame=023 slot=09 J_F=   492.00 meanZ=28.18 SoC=1.0000
ep=0747 frame=024 slot=09 J_F=   478.00 meanZ=27.42 SoC=1.0000
ep=0747 frame=025 slot=09 J_F=   406.50 meanZ=27.36 SoC=1.0000
ep=0747 frame=026 slot=09 J_F=   896.00 meanZ=27.84 SoC=1.0000
ep=0747 frame=027 slot=09 J_F=   525.90 meanZ=28.20 SoC=1.0000
ep=0747 frame=028 slot=09 J_F=   152.90 meanZ=29.06 SoC=1.0000
ep=0747 frame=029 slot=09 J_F=   724.00 meanZ=29.46 SoC=1.0000
hppo_rsu 748/750 QoE=0.41806 stall=0.1039 147.10s
ep=0748 frame=000 slot=09 J_F= -3278.50 meanZ=88.34 SoC=1.0000
ep=0748 frame=001 slot=09 J_F= -1736.60 meanZ=80.58 SoC=1.0000
ep=0748 frame=002 slot=09 J_F=  -907.00 meanZ=73.64 SoC=1.0000
ep=0748 frame=003 slot=09 J_F= -1658.60 meanZ=65.58 SoC=1.0000
ep=0748 frame=004 slot=09 J_F=  -621.60 meanZ=58.26 SoC=1.0000
ep=0748 frame=005 slot=09 J_F=  -406.00 meanZ=53.52 SoC=1.0000
ep=0748 frame=006 slot=09 J_F=    43.40 meanZ=49.66 SoC=1.0000
ep=0748 frame=007 slot=09 J_F=  -982.10 meanZ=44.12 SoC=1.0000
ep=0748 frame=008 slot=09 J_F=  -168.50 meanZ=40.26 SoC=1.0000
ep=0748 frame=009 slot=09 J_F=   264.00 meanZ=38.22 SoC=1.0000
ep=0748 frame=010 slot=09 J_F=   129.40 meanZ=35.72 SoC=1.0000
ep=0748 frame=011 slot=09 J_F=   125.90 meanZ=34.60 SoC=1.0000
ep=0748 frame=012 slot=09 J_F=   397.90 meanZ=34.18 SoC=1.0000
ep=0748 frame=013 slot=09 J_F=   664.00 meanZ=34.16 SoC=1.0000
ep=0748 frame=014 slot=09 J_F=   192.00 meanZ=31.50 SoC=1.0000
ep=0748 frame=015 slot=09 J_F=   326.40 meanZ=32.12 SoC=1.0000
ep=0748 frame=016 slot=09 J_F=   444.90 meanZ=33.20 SoC=1.0000
ep=0748 frame=017 slot=09 J_F=   149.50 meanZ=31.12 SoC=1.0000
ep=0748 frame=018 slot=09 J_F=   166.40 meanZ=30.86 SoC=1.0000
ep=0748 frame=019 slot=09 J_F=   270.50 meanZ=30.78 SoC=1.0000
ep=0748 frame=020 slot=09 J_F=   384.40 meanZ=30.22 SoC=1.0000
ep=0748 frame=021 slot=09 J_F=   650.50 meanZ=30.54 SoC=1.0000
ep=0748 frame=022 slot=09 J_F=   185.30 meanZ=30.00 SoC=1.0000
ep=0748 frame=023 slot=09 J_F=   428.50 meanZ=29.56 SoC=1.0000
ep=0748 frame=024 slot=09 J_F=   275.00 meanZ=29.40 SoC=1.0000
ep=0748 frame=025 slot=09 J_F=   237.40 meanZ=27.90 SoC=1.0000
ep=0748 frame=026 slot=09 J_F=   427.00 meanZ=28.46 SoC=1.0000
ep=0748 frame=027 slot=09 J_F=    87.90 meanZ=29.02 SoC=1.0000
ep=0748 frame=028 slot=09 J_F=   -85.10 meanZ=27.66 SoC=1.0000
ep=0748 frame=029 slot=09 J_F=   393.00 meanZ=27.64 SoC=1.0000
hppo_rsu 749/750 QoE=0.47061 stall=0.0846 145.73s
ep=0749 frame=000 slot=09 J_F= -2289.50 meanZ=88.92 SoC=1.0000
ep=0749 frame=001 slot=09 J_F= -1314.10 meanZ=81.32 SoC=1.0000
ep=0749 frame=002 slot=09 J_F= -1522.00 meanZ=74.36 SoC=1.0000
ep=0749 frame=003 slot=09 J_F=  -907.00 meanZ=68.48 SoC=1.0000
ep=0749 frame=004 slot=09 J_F=  -339.60 meanZ=64.06 SoC=1.0000
ep=0749 frame=005 slot=09 J_F=    23.90 meanZ=58.24 SoC=1.0000
ep=0749 frame=006 slot=09 J_F=  -330.00 meanZ=52.88 SoC=1.0000
ep=0749 frame=007 slot=09 J_F=  -507.50 meanZ=49.18 SoC=1.0000
ep=0749 frame=008 slot=09 J_F=   412.90 meanZ=47.78 SoC=1.0000
ep=0749 frame=009 slot=09 J_F=  -264.00 meanZ=44.46 SoC=1.0000
ep=0749 frame=010 slot=09 J_F=   -35.00 meanZ=41.68 SoC=1.0000
ep=0749 frame=011 slot=09 J_F=  -278.10 meanZ=37.94 SoC=1.0000
ep=0749 frame=012 slot=09 J_F=  1019.00 meanZ=36.04 SoC=1.0000
ep=0749 frame=013 slot=09 J_F=   -24.00 meanZ=35.96 SoC=1.0000
ep=0749 frame=014 slot=09 J_F=   961.00 meanZ=35.46 SoC=1.0000
ep=0749 frame=015 slot=09 J_F=   227.40 meanZ=35.20 SoC=1.0000
ep=0749 frame=016 slot=09 J_F=   692.40 meanZ=35.40 SoC=1.0000
ep=0749 frame=017 slot=09 J_F=  -209.00 meanZ=35.40 SoC=1.0000
ep=0749 frame=018 slot=09 J_F=   646.50 meanZ=35.36 SoC=1.0000
ep=0749 frame=019 slot=09 J_F=   168.40 meanZ=35.86 SoC=1.0000
ep=0749 frame=020 slot=09 J_F=   545.00 meanZ=33.24 SoC=1.0000
ep=0749 frame=021 slot=09 J_F=   135.50 meanZ=32.30 SoC=1.0000
ep=0749 frame=022 slot=09 J_F=   594.30 meanZ=32.12 SoC=1.0000
ep=0749 frame=023 slot=09 J_F=  -160.50 meanZ=31.22 SoC=1.0000
ep=0749 frame=024 slot=09 J_F=   741.30 meanZ=32.04 SoC=1.0000
ep=0749 frame=025 slot=09 J_F=     0.00 meanZ=31.16 SoC=1.0000
ep=0749 frame=026 slot=09 J_F=   595.50 meanZ=31.74 SoC=1.0000
ep=0749 frame=027 slot=09 J_F=   -73.00 meanZ=30.50 SoC=1.0000
ep=0749 frame=028 slot=09 J_F=   445.90 meanZ=30.90 SoC=1.0000
ep=0749 frame=029 slot=09 J_F=   596.00 meanZ=31.32 SoC=1.0000
ep=1000000 frame=000 slot=09 J_F= -2496.00 meanZ=88.96 SoC=1.0000
ep=1000000 frame=001 slot=09 J_F= -1526.50 meanZ=80.84 SoC=1.0000
ep=1000000 frame=002 slot=09 J_F= -1743.50 meanZ=73.32 SoC=1.0000
ep=1000000 frame=003 slot=09 J_F=  -902.00 meanZ=66.12 SoC=1.0000
ep=1000000 frame=004 slot=09 J_F=  -708.50 meanZ=60.42 SoC=1.0000
ep=1000000 frame=005 slot=09 J_F=  -122.00 meanZ=54.22 SoC=1.0000
ep=1000000 frame=006 slot=09 J_F=    -5.50 meanZ=48.48 SoC=1.0000
ep=1000000 frame=007 slot=09 J_F=   129.40 meanZ=45.02 SoC=1.0000
ep=1000000 frame=008 slot=09 J_F=  -298.50 meanZ=42.16 SoC=1.0000
ep=1000000 frame=009 slot=09 J_F=  -117.60 meanZ=39.54 SoC=1.0000
ep=1000000 frame=010 slot=09 J_F=   320.30 meanZ=37.08 SoC=1.0000
ep=1000000 frame=011 slot=09 J_F=   146.00 meanZ=34.90 SoC=1.0000
ep=1000000 frame=012 slot=09 J_F=    97.50 meanZ=34.94 SoC=1.0000
ep=1000000 frame=013 slot=09 J_F=   -71.50 meanZ=34.60 SoC=1.0000
ep=1000000 frame=014 slot=09 J_F=   179.00 meanZ=33.06 SoC=1.0000
ep=1000000 frame=015 slot=09 J_F=   357.00 meanZ=32.48 SoC=1.0000
ep=1000000 frame=016 slot=09 J_F=   267.50 meanZ=31.38 SoC=1.0000
ep=1000000 frame=017 slot=09 J_F=   309.50 meanZ=31.88 SoC=1.0000
ep=1000000 frame=018 slot=09 J_F=    18.00 meanZ=31.04 SoC=1.0000
ep=1000000 frame=019 slot=09 J_F=   645.50 meanZ=30.64 SoC=1.0000
ep=1000000 frame=020 slot=09 J_F=  1166.50 meanZ=32.50 SoC=1.0000
ep=1000000 frame=021 slot=09 J_F=   257.00 meanZ=32.02 SoC=1.0000
ep=1000000 frame=022 slot=09 J_F=   828.30 meanZ=32.12 SoC=1.0000
ep=1000000 frame=023 slot=09 J_F=   564.50 meanZ=32.28 SoC=1.0000
ep=1000000 frame=024 slot=09 J_F=   674.50 meanZ=33.38 SoC=1.0000
ep=1000000 frame=025 slot=09 J_F=   833.00 meanZ=33.84 SoC=1.0000
ep=1000000 frame=026 slot=09 J_F=   172.50 meanZ=33.46 SoC=1.0000
ep=1000000 frame=027 slot=09 J_F=   456.60 meanZ=34.16 SoC=1.0000
ep=1000000 frame=028 slot=09 J_F=   -37.00 meanZ=33.14 SoC=1.0000
ep=1000000 frame=029 slot=09 J_F=   349.50 meanZ=32.72 SoC=1.0000
ep=1000001 frame=000 slot=09 J_F= -2408.50 meanZ=88.64 SoC=1.0000
ep=1000001 frame=001 slot=09 J_F= -1192.00 meanZ=82.16 SoC=1.0000
ep=1000001 frame=002 slot=09 J_F= -1136.10 meanZ=75.28 SoC=1.0000
ep=1000001 frame=003 slot=09 J_F=  -757.10 meanZ=68.58 SoC=1.0000
ep=1000001 frame=004 slot=09 J_F= -1398.00 meanZ=59.32 SoC=1.0000
ep=1000001 frame=005 slot=09 J_F=   -98.60 meanZ=52.20 SoC=1.0000
ep=1000001 frame=006 slot=09 J_F=  -731.20 meanZ=45.40 SoC=1.0000
ep=1000001 frame=007 slot=09 J_F=  -236.50 meanZ=41.62 SoC=1.0000
ep=1000001 frame=008 slot=09 J_F=   235.50 meanZ=39.02 SoC=1.0000
ep=1000001 frame=009 slot=09 J_F=  -308.50 meanZ=35.68 SoC=1.0000
ep=1000001 frame=010 slot=09 J_F=  -345.50 meanZ=33.78 SoC=1.0000
ep=1000001 frame=011 slot=09 J_F=    81.10 meanZ=32.68 SoC=1.0000
ep=1000001 frame=012 slot=09 J_F=   397.50 meanZ=33.12 SoC=1.0000
ep=1000001 frame=013 slot=09 J_F=   499.50 meanZ=32.28 SoC=1.0000
ep=1000001 frame=014 slot=09 J_F=   874.90 meanZ=33.96 SoC=1.0000
ep=1000001 frame=015 slot=09 J_F=   575.00 meanZ=34.02 SoC=1.0000
ep=1000001 frame=016 slot=09 J_F=   265.50 meanZ=32.36 SoC=1.0000
ep=1000001 frame=017 slot=09 J_F=   275.00 meanZ=31.90 SoC=1.0000
ep=1000001 frame=018 slot=09 J_F=   536.00 meanZ=32.34 SoC=1.0000
ep=1000001 frame=019 slot=09 J_F=   537.50 meanZ=31.66 SoC=1.0000
ep=1000001 frame=020 slot=09 J_F=   549.50 meanZ=32.00 SoC=1.0000
ep=1000001 frame=021 slot=09 J_F=   600.80 meanZ=32.48 SoC=1.0000
ep=1000001 frame=022 slot=09 J_F=   213.00 meanZ=32.80 SoC=1.0000
ep=1000001 frame=023 slot=09 J_F=   613.00 meanZ=33.44 SoC=1.0000
ep=1000001 frame=024 slot=09 J_F=   642.80 meanZ=33.88 SoC=1.0000
ep=1000001 frame=025 slot=09 J_F=   264.00 meanZ=33.46 SoC=1.0000
ep=1000001 frame=026 slot=09 J_F=   662.50 meanZ=33.50 SoC=1.0000
ep=1000001 frame=027 slot=09 J_F=   340.30 meanZ=32.96 SoC=1.0000
ep=1000001 frame=028 slot=09 J_F=   464.50 meanZ=32.36 SoC=1.0000
ep=1000001 frame=029 slot=09 J_F=   394.50 meanZ=31.98 SoC=1.0000
ep=1000002 frame=000 slot=09 J_F= -2026.50 meanZ=89.32 SoC=1.0000
ep=1000002 frame=001 slot=09 J_F= -2091.00 meanZ=81.70 SoC=1.0000
ep=1000002 frame=002 slot=09 J_F= -1346.00 meanZ=73.38 SoC=1.0000
ep=1000002 frame=003 slot=09 J_F= -1166.50 meanZ=66.20 SoC=1.0000
ep=1000002 frame=004 slot=09 J_F=  -356.50 meanZ=59.96 SoC=1.0000
ep=1000002 frame=005 slot=09 J_F=   357.40 meanZ=54.08 SoC=1.0000
ep=1000002 frame=006 slot=09 J_F=  -244.60 meanZ=50.36 SoC=1.0000
ep=1000002 frame=007 slot=09 J_F=    63.50 meanZ=48.04 SoC=1.0000
ep=1000002 frame=008 slot=09 J_F=  -419.50 meanZ=44.02 SoC=1.0000
ep=1000002 frame=009 slot=09 J_F=  -766.50 meanZ=41.30 SoC=1.0000
ep=1000002 frame=010 slot=09 J_F=   534.50 meanZ=39.94 SoC=1.0000
ep=1000002 frame=011 slot=09 J_F=   464.00 meanZ=38.28 SoC=1.0000
ep=1000002 frame=012 slot=09 J_F=   218.40 meanZ=36.96 SoC=1.0000
ep=1000002 frame=013 slot=09 J_F=   467.50 meanZ=36.00 SoC=1.0000
ep=1000002 frame=014 slot=09 J_F=   598.00 meanZ=35.96 SoC=1.0000
ep=1000002 frame=015 slot=09 J_F=   530.80 meanZ=35.32 SoC=1.0000
ep=1000002 frame=016 slot=09 J_F=   666.50 meanZ=35.52 SoC=1.0000
ep=1000002 frame=017 slot=09 J_F=  -371.20 meanZ=34.64 SoC=1.0000
ep=1000002 frame=018 slot=09 J_F=   -54.00 meanZ=33.98 SoC=1.0000
ep=1000002 frame=019 slot=09 J_F=   -79.00 meanZ=33.32 SoC=1.0000
ep=1000002 frame=020 slot=09 J_F=   471.50 meanZ=32.18 SoC=1.0000
ep=1000002 frame=021 slot=09 J_F=   722.00 meanZ=32.78 SoC=1.0000
ep=1000002 frame=022 slot=09 J_F=   -47.50 meanZ=32.06 SoC=1.0000
ep=1000002 frame=023 slot=09 J_F=   727.50 meanZ=32.54 SoC=1.0000
ep=1000002 frame=024 slot=09 J_F=   370.00 meanZ=31.42 SoC=1.0000
ep=1000002 frame=025 slot=09 J_F=   229.50 meanZ=31.70 SoC=1.0000
ep=1000002 frame=026 slot=09 J_F=   326.40 meanZ=31.82 SoC=1.0000
ep=1000002 frame=027 slot=09 J_F=   336.40 meanZ=32.06 SoC=1.0000
ep=1000002 frame=028 slot=09 J_F=    52.50 meanZ=31.64 SoC=1.0000
ep=1000002 frame=029 slot=09 J_F=   695.50 meanZ=33.04 SoC=1.0000
ep=1000003 frame=000 slot=09 J_F= -3247.50 meanZ=88.42 SoC=1.0000
ep=1000003 frame=001 slot=09 J_F= -1282.60 meanZ=80.78 SoC=1.0000
ep=1000003 frame=002 slot=09 J_F= -1866.00 meanZ=73.72 SoC=1.0000
ep=1000003 frame=003 slot=09 J_F= -1045.60 meanZ=66.86 SoC=1.0000
ep=1000003 frame=004 slot=09 J_F=  -174.00 meanZ=61.36 SoC=1.0000
ep=1000003 frame=005 slot=09 J_F= -1240.00 meanZ=54.68 SoC=1.0000
ep=1000003 frame=006 slot=09 J_F=  -263.10 meanZ=49.06 SoC=1.0000
ep=1000003 frame=007 slot=09 J_F=   335.20 meanZ=47.24 SoC=1.0000
ep=1000003 frame=008 slot=09 J_F=   -41.50 meanZ=44.18 SoC=1.0000
ep=1000003 frame=009 slot=09 J_F=   -91.00 meanZ=42.64 SoC=1.0000
ep=1000003 frame=010 slot=09 J_F=   398.00 meanZ=39.68 SoC=1.0000
ep=1000003 frame=011 slot=09 J_F=  -294.50 meanZ=37.70 SoC=1.0000
ep=1000003 frame=012 slot=09 J_F=    -6.50 meanZ=38.34 SoC=1.0000
ep=1000003 frame=013 slot=09 J_F=   527.50 meanZ=36.84 SoC=1.0000
ep=1000003 frame=014 slot=09 J_F=   159.00 meanZ=35.96 SoC=1.0000
ep=1000003 frame=015 slot=09 J_F=   102.90 meanZ=35.56 SoC=1.0000
ep=1000003 frame=016 slot=09 J_F=   269.50 meanZ=33.78 SoC=1.0000
ep=1000003 frame=017 slot=09 J_F=   371.90 meanZ=33.10 SoC=1.0000
ep=1000003 frame=018 slot=09 J_F=   227.00 meanZ=32.12 SoC=1.0000
ep=1000003 frame=019 slot=09 J_F=   -92.00 meanZ=31.22 SoC=1.0000
ep=1000003 frame=020 slot=09 J_F=   645.50 meanZ=30.76 SoC=1.0000
ep=1000003 frame=021 slot=09 J_F=   562.50 meanZ=30.84 SoC=1.0000
ep=1000003 frame=022 slot=09 J_F=   597.50 meanZ=30.38 SoC=1.0000
ep=1000003 frame=023 slot=09 J_F=    13.00 meanZ=29.48 SoC=1.0000
ep=1000003 frame=024 slot=09 J_F=   644.00 meanZ=29.56 SoC=1.0000
ep=1000003 frame=025 slot=09 J_F=   603.50 meanZ=30.16 SoC=1.0000
ep=1000003 frame=026 slot=09 J_F=   -33.50 meanZ=30.32 SoC=1.0000
ep=1000003 frame=027 slot=09 J_F=   329.50 meanZ=31.20 SoC=1.0000
ep=1000003 frame=028 slot=09 J_F=   414.50 meanZ=31.74 SoC=1.0000
ep=1000003 frame=029 slot=09 J_F=   471.50 meanZ=30.76 SoC=1.0000
ep=1000004 frame=000 slot=09 J_F= -2779.50 meanZ=87.88 SoC=1.0000
ep=1000004 frame=001 slot=09 J_F= -1660.00 meanZ=81.32 SoC=1.0000
ep=1000004 frame=002 slot=09 J_F= -1315.60 meanZ=74.54 SoC=1.0000
ep=1000004 frame=003 slot=09 J_F= -1263.00 meanZ=67.60 SoC=1.0000
ep=1000004 frame=004 slot=09 J_F=  -649.50 meanZ=59.86 SoC=1.0000
ep=1000004 frame=005 slot=09 J_F=    81.50 meanZ=54.30 SoC=1.0000
ep=1000004 frame=006 slot=09 J_F=  -922.00 meanZ=49.64 SoC=1.0000
ep=1000004 frame=007 slot=09 J_F=  -460.50 meanZ=45.26 SoC=1.0000
ep=1000004 frame=008 slot=09 J_F=  -129.60 meanZ=42.68 SoC=1.0000
ep=1000004 frame=009 slot=09 J_F=   194.00 meanZ=40.04 SoC=1.0000
ep=1000004 frame=010 slot=09 J_F=    15.50 meanZ=38.14 SoC=1.0000
ep=1000004 frame=011 slot=09 J_F=   249.50 meanZ=35.04 SoC=1.0000
ep=1000004 frame=012 slot=09 J_F=   -50.00 meanZ=33.72 SoC=1.0000
ep=1000004 frame=013 slot=09 J_F=   352.00 meanZ=33.64 SoC=1.0000
ep=1000004 frame=014 slot=09 J_F=   186.50 meanZ=33.08 SoC=1.0000
ep=1000004 frame=015 slot=09 J_F=  1015.00 meanZ=33.88 SoC=1.0000
ep=1000004 frame=016 slot=09 J_F=   681.50 meanZ=33.38 SoC=1.0000
ep=1000004 frame=017 slot=09 J_F=   334.50 meanZ=35.72 SoC=1.0000
ep=1000004 frame=018 slot=09 J_F=   369.00 meanZ=35.52 SoC=1.0000
ep=1000004 frame=019 slot=09 J_F=   240.50 meanZ=34.80 SoC=1.0000
ep=1000004 frame=020 slot=09 J_F=   -44.50 meanZ=34.32 SoC=1.0000
ep=1000004 frame=021 slot=09 J_F=    41.00 meanZ=33.64 SoC=1.0000
ep=1000004 frame=022 slot=09 J_F=   691.60 meanZ=34.46 SoC=1.0000
ep=1000004 frame=023 slot=09 J_F=   351.00 meanZ=34.74 SoC=1.0000
ep=1000004 frame=024 slot=09 J_F=   577.50 meanZ=34.98 SoC=1.0000
ep=1000004 frame=025 slot=09 J_F=   407.00 meanZ=35.46 SoC=1.0000
ep=1000004 frame=026 slot=09 J_F=   437.00 meanZ=35.30 SoC=1.0000
ep=1000004 frame=027 slot=09 J_F=   501.50 meanZ=35.92 SoC=1.0000
ep=1000004 frame=028 slot=09 J_F=   464.50 meanZ=36.12 SoC=1.0000
ep=1000004 frame=029 slot=09 J_F=   570.10 meanZ=36.48 SoC=1.0000
ep=1000005 frame=000 slot=09 J_F= -3033.00 meanZ=88.30 SoC=1.0000
ep=1000005 frame=001 slot=09 J_F= -1605.00 meanZ=81.16 SoC=1.0000
ep=1000005 frame=002 slot=09 J_F= -1660.00 meanZ=73.88 SoC=1.0000
ep=1000005 frame=003 slot=09 J_F=  -830.50 meanZ=66.98 SoC=1.0000
ep=1000005 frame=004 slot=09 J_F=  -968.00 meanZ=59.10 SoC=1.0000
ep=1000005 frame=005 slot=09 J_F=  -396.50 meanZ=54.00 SoC=1.0000
ep=1000005 frame=006 slot=09 J_F=  -215.50 meanZ=47.58 SoC=1.0000
ep=1000005 frame=007 slot=09 J_F=   231.50 meanZ=44.90 SoC=1.0000
ep=1000005 frame=008 slot=09 J_F=  -390.70 meanZ=40.26 SoC=1.0000
ep=1000005 frame=009 slot=09 J_F=   232.80 meanZ=38.36 SoC=1.0000
ep=1000005 frame=010 slot=09 J_F=   384.00 meanZ=35.76 SoC=1.0000
ep=1000005 frame=011 slot=09 J_F=   245.00 meanZ=34.90 SoC=1.0000
ep=1000005 frame=012 slot=09 J_F=   453.00 meanZ=34.78 SoC=1.0000
ep=1000005 frame=013 slot=09 J_F=   225.50 meanZ=33.26 SoC=1.0000
ep=1000005 frame=014 slot=09 J_F=   678.00 meanZ=34.66 SoC=1.0000
ep=1000005 frame=015 slot=09 J_F=   325.50 meanZ=32.94 SoC=1.0000
ep=1000005 frame=016 slot=09 J_F=   303.00 meanZ=33.26 SoC=1.0000
ep=1000005 frame=017 slot=09 J_F=   593.50 meanZ=33.42 SoC=1.0000
ep=1000005 frame=018 slot=09 J_F=   776.00 meanZ=32.78 SoC=1.0000
ep=1000005 frame=019 slot=09 J_F=   335.50 meanZ=32.28 SoC=1.0000
ep=1000005 frame=020 slot=09 J_F=   196.50 meanZ=31.26 SoC=1.0000
ep=1000005 frame=021 slot=09 J_F=   544.50 meanZ=30.40 SoC=1.0000
ep=1000005 frame=022 slot=09 J_F=   309.00 meanZ=29.38 SoC=1.0000
ep=1000005 frame=023 slot=09 J_F=   226.00 meanZ=28.92 SoC=1.0000
ep=1000005 frame=024 slot=09 J_F=   547.50 meanZ=30.94 SoC=1.0000
ep=1000005 frame=025 slot=09 J_F=   527.90 meanZ=31.36 SoC=1.0000
ep=1000005 frame=026 slot=09 J_F=   706.50 meanZ=30.36 SoC=1.0000
ep=1000005 frame=027 slot=09 J_F=    15.30 meanZ=30.00 SoC=1.0000
ep=1000005 frame=028 slot=09 J_F=   383.50 meanZ=29.82 SoC=1.0000
ep=1000005 frame=029 slot=09 J_F=   672.30 meanZ=29.08 SoC=1.0000
ep=1000006 frame=000 slot=09 J_F= -1646.00 meanZ=89.10 SoC=1.0000
ep=1000006 frame=001 slot=09 J_F= -1141.50 meanZ=82.72 SoC=1.0000
ep=1000006 frame=002 slot=09 J_F= -1478.50 meanZ=75.14 SoC=1.0000
ep=1000006 frame=003 slot=09 J_F= -1263.00 meanZ=67.78 SoC=1.0000
ep=1000006 frame=004 slot=09 J_F=  -696.00 meanZ=60.34 SoC=1.0000
ep=1000006 frame=005 slot=09 J_F=    36.00 meanZ=55.94 SoC=1.0000
ep=1000006 frame=006 slot=09 J_F=  -857.00 meanZ=51.40 SoC=1.0000
ep=1000006 frame=007 slot=09 J_F=   581.00 meanZ=49.02 SoC=1.0000
ep=1000006 frame=008 slot=09 J_F=   219.40 meanZ=45.40 SoC=1.0000
ep=1000006 frame=009 slot=09 J_F=  -112.20 meanZ=43.14 SoC=1.0000
ep=1000006 frame=010 slot=09 J_F=   285.40 meanZ=42.68 SoC=1.0000
ep=1000006 frame=011 slot=09 J_F=   441.00 meanZ=41.72 SoC=1.0000
ep=1000006 frame=012 slot=09 J_F=    86.50 meanZ=39.32 SoC=1.0000
ep=1000006 frame=013 slot=09 J_F=    73.00 meanZ=38.46 SoC=1.0000
ep=1000006 frame=014 slot=09 J_F=   388.50 meanZ=36.76 SoC=1.0000
ep=1000006 frame=015 slot=09 J_F=   229.00 meanZ=35.96 SoC=1.0000
ep=1000006 frame=016 slot=09 J_F=   480.00 meanZ=34.54 SoC=1.0000
ep=1000006 frame=017 slot=09 J_F=   477.40 meanZ=34.20 SoC=1.0000
ep=1000006 frame=018 slot=09 J_F=   313.00 meanZ=33.28 SoC=1.0000
ep=1000006 frame=019 slot=09 J_F=   313.00 meanZ=32.02 SoC=1.0000
ep=1000006 frame=020 slot=09 J_F=   182.00 meanZ=31.12 SoC=1.0000
ep=1000006 frame=021 slot=09 J_F=   562.00 meanZ=31.04 SoC=1.0000
ep=1000006 frame=022 slot=09 J_F=   197.40 meanZ=29.56 SoC=1.0000
ep=1000006 frame=023 slot=09 J_F=   169.50 meanZ=29.74 SoC=1.0000
ep=1000006 frame=024 slot=09 J_F=   796.50 meanZ=30.42 SoC=1.0000
ep=1000006 frame=025 slot=09 J_F=   440.90 meanZ=30.70 SoC=1.0000
ep=1000006 frame=026 slot=09 J_F=  -257.50 meanZ=29.94 SoC=1.0000
ep=1000006 frame=027 slot=09 J_F=   640.00 meanZ=30.10 SoC=1.0000
ep=1000006 frame=028 slot=09 J_F=   -32.10 meanZ=29.78 SoC=1.0000
ep=1000006 frame=029 slot=09 J_F=   555.00 meanZ=29.20 SoC=1.0000
ep=1000007 frame=000 slot=09 J_F= -3471.00 meanZ=87.82 SoC=1.0000
ep=1000007 frame=001 slot=09 J_F= -1914.50 meanZ=79.80 SoC=1.0000
ep=1000007 frame=002 slot=09 J_F= -1630.00 meanZ=71.84 SoC=1.0000
ep=1000007 frame=003 slot=09 J_F=  -344.00 meanZ=65.34 SoC=1.0000
ep=1000007 frame=004 slot=09 J_F= -1044.00 meanZ=58.30 SoC=1.0000
ep=1000007 frame=005 slot=09 J_F=   132.00 meanZ=53.66 SoC=1.0000
ep=1000007 frame=006 slot=09 J_F=  -384.50 meanZ=49.32 SoC=1.0000
ep=1000007 frame=007 slot=09 J_F=   -66.50 meanZ=45.92 SoC=1.0000
ep=1000007 frame=008 slot=09 J_F=   493.00 meanZ=45.30 SoC=1.0000
ep=1000007 frame=009 slot=09 J_F=   111.50 meanZ=43.96 SoC=1.0000
ep=1000007 frame=010 slot=09 J_F=   -35.50 meanZ=40.98 SoC=1.0000
ep=1000007 frame=011 slot=09 J_F=    49.50 meanZ=39.20 SoC=1.0000
ep=1000007 frame=012 slot=09 J_F=   661.80 meanZ=38.32 SoC=1.0000
ep=1000007 frame=013 slot=09 J_F=   603.00 meanZ=37.44 SoC=1.0000
ep=1000007 frame=014 slot=09 J_F=   297.50 meanZ=37.42 SoC=1.0000
ep=1000007 frame=015 slot=09 J_F=   401.00 meanZ=37.48 SoC=1.0000
ep=1000007 frame=016 slot=09 J_F=   494.50 meanZ=36.60 SoC=1.0000
ep=1000007 frame=017 slot=09 J_F=   409.00 meanZ=37.00 SoC=1.0000
ep=1000007 frame=018 slot=09 J_F=   366.00 meanZ=36.24 SoC=1.0000
ep=1000007 frame=019 slot=09 J_F=    95.00 meanZ=34.36 SoC=1.0000
ep=1000007 frame=020 slot=09 J_F=  -535.00 meanZ=34.22 SoC=1.0000
ep=1000007 frame=021 slot=09 J_F=   385.00 meanZ=34.18 SoC=1.0000
ep=1000007 frame=022 slot=09 J_F=   205.00 meanZ=32.74 SoC=1.0000
ep=1000007 frame=023 slot=09 J_F=   -26.00 meanZ=33.92 SoC=1.0000
ep=1000007 frame=024 slot=09 J_F=   -74.00 meanZ=32.86 SoC=1.0000
ep=1000007 frame=025 slot=09 J_F=   356.00 meanZ=33.48 SoC=1.0000
ep=1000007 frame=026 slot=09 J_F=    78.50 meanZ=33.60 SoC=1.0000
ep=1000007 frame=027 slot=09 J_F=   690.50 meanZ=34.36 SoC=1.0000
ep=1000007 frame=028 slot=09 J_F=   628.00 meanZ=34.42 SoC=1.0000
ep=1000007 frame=029 slot=09 J_F=  -116.50 meanZ=32.70 SoC=1.0000
ep=1000008 frame=000 slot=09 J_F= -3214.50 meanZ=87.46 SoC=1.0000
ep=1000008 frame=001 slot=09 J_F= -2328.00 meanZ=78.76 SoC=1.0000
ep=1000008 frame=002 slot=09 J_F= -1717.10 meanZ=70.98 SoC=1.0000
ep=1000008 frame=003 slot=09 J_F=  -522.50 meanZ=64.02 SoC=1.0000
ep=1000008 frame=004 slot=09 J_F=  -793.10 meanZ=57.96 SoC=1.0000
ep=1000008 frame=005 slot=09 J_F=   238.00 meanZ=51.88 SoC=1.0000
ep=1000008 frame=006 slot=09 J_F=   -56.50 meanZ=48.28 SoC=1.0000
ep=1000008 frame=007 slot=09 J_F=    50.00 meanZ=44.40 SoC=1.0000
ep=1000008 frame=008 slot=09 J_F=  -164.50 meanZ=41.76 SoC=1.0000
ep=1000008 frame=009 slot=09 J_F=   -54.70 meanZ=38.04 SoC=1.0000
ep=1000008 frame=010 slot=09 J_F=   478.50 meanZ=36.06 SoC=1.0000
ep=1000008 frame=011 slot=09 J_F=  -128.50 meanZ=35.68 SoC=1.0000
ep=1000008 frame=012 slot=09 J_F=   250.50 meanZ=34.66 SoC=1.0000
ep=1000008 frame=013 slot=09 J_F=   -63.20 meanZ=33.68 SoC=1.0000
ep=1000008 frame=014 slot=09 J_F=    51.40 meanZ=32.66 SoC=1.0000
ep=1000008 frame=015 slot=09 J_F=   186.80 meanZ=31.20 SoC=1.0000
ep=1000008 frame=016 slot=09 J_F=   272.00 meanZ=31.40 SoC=1.0000
ep=1000008 frame=017 slot=09 J_F=   312.50 meanZ=32.26 SoC=1.0000
ep=1000008 frame=018 slot=09 J_F=   796.50 meanZ=32.60 SoC=1.0000
ep=1000008 frame=019 slot=09 J_F=   469.50 meanZ=32.94 SoC=1.0000
ep=1000008 frame=020 slot=09 J_F=   386.50 meanZ=33.70 SoC=1.0000
ep=1000008 frame=021 slot=09 J_F=   317.00 meanZ=33.98 SoC=1.0000
ep=1000008 frame=022 slot=09 J_F=   480.50 meanZ=33.76 SoC=1.0000
ep=1000008 frame=023 slot=09 J_F=   972.30 meanZ=35.14 SoC=1.0000
ep=1000008 frame=024 slot=09 J_F=    70.50 meanZ=35.20 SoC=1.0000
ep=1000008 frame=025 slot=09 J_F=   484.90 meanZ=34.24 SoC=1.0000
ep=1000008 frame=026 slot=09 J_F=   -17.00 meanZ=33.14 SoC=1.0000
ep=1000008 frame=027 slot=09 J_F=   386.50 meanZ=33.02 SoC=1.0000
ep=1000008 frame=028 slot=09 J_F=   336.00 meanZ=32.54 SoC=1.0000
ep=1000008 frame=029 slot=09 J_F=   392.50 meanZ=32.38 SoC=1.0000
ep=1000009 frame=000 slot=09 J_F= -3501.00 meanZ=87.40 SoC=1.0000
ep=1000009 frame=001 slot=09 J_F= -1484.10 meanZ=80.56 SoC=1.0000
ep=1000009 frame=002 slot=09 J_F= -1543.50 meanZ=73.48 SoC=1.0000
ep=1000009 frame=003 slot=09 J_F= -1204.00 meanZ=65.48 SoC=1.0000
ep=1000009 frame=004 slot=09 J_F=  -886.60 meanZ=58.28 SoC=1.0000
ep=1000009 frame=005 slot=09 J_F=   190.40 meanZ=52.52 SoC=1.0000
ep=1000009 frame=006 slot=09 J_F=   168.40 meanZ=49.26 SoC=1.0000
ep=1000009 frame=007 slot=09 J_F=  -334.50 meanZ=46.48 SoC=1.0000
ep=1000009 frame=008 slot=09 J_F=  -119.00 meanZ=43.94 SoC=1.0000
ep=1000009 frame=009 slot=09 J_F=  -215.70 meanZ=41.08 SoC=1.0000
ep=1000009 frame=010 slot=09 J_F=   328.50 meanZ=41.90 SoC=1.0000
ep=1000009 frame=011 slot=09 J_F=    88.50 meanZ=39.60 SoC=1.0000
ep=1000009 frame=012 slot=09 J_F=   330.00 meanZ=39.04 SoC=1.0000
ep=1000009 frame=013 slot=09 J_F=   656.50 meanZ=38.24 SoC=1.0000
ep=1000009 frame=014 slot=09 J_F=   371.50 meanZ=37.06 SoC=1.0000
ep=1000009 frame=015 slot=09 J_F=   297.50 meanZ=36.46 SoC=1.0000
ep=1000009 frame=016 slot=09 J_F=   210.00 meanZ=35.32 SoC=1.0000
ep=1000009 frame=017 slot=09 J_F=   770.00 meanZ=35.66 SoC=1.0000
ep=1000009 frame=018 slot=09 J_F=    30.00 meanZ=34.62 SoC=1.0000
ep=1000009 frame=019 slot=09 J_F=   675.50 meanZ=35.72 SoC=1.0000
ep=1000009 frame=020 slot=09 J_F=   257.00 meanZ=34.98 SoC=1.0000
ep=1000009 frame=021 slot=09 J_F=   387.40 meanZ=34.82 SoC=1.0000
ep=1000009 frame=022 slot=09 J_F=    65.00 meanZ=35.52 SoC=1.0000
ep=1000009 frame=023 slot=09 J_F=    37.50 meanZ=34.90 SoC=1.0000
ep=1000009 frame=024 slot=09 J_F=   232.50 meanZ=33.04 SoC=1.0000
ep=1000009 frame=025 slot=09 J_F=   386.00 meanZ=33.56 SoC=1.0000
ep=1000009 frame=026 slot=09 J_F=    22.50 meanZ=33.58 SoC=1.0000
ep=1000009 frame=027 slot=09 J_F=   842.40 meanZ=33.70 SoC=1.0000
ep=1000009 frame=028 slot=09 J_F=   244.50 meanZ=32.42 SoC=1.0000
ep=1000009 frame=029 slot=09 J_F=   253.00 meanZ=30.78 SoC=1.0000
hppo_rsu 750/750 QoE=0.41188 stall=0.1041 150.43s
{
  "valid": true,
  "physics_checks_passed": 232796,
  "physics_checks_failed": {},
  "errors": []
}
{
  "valid": true,
  "physics_checks_passed": 239592,
  "physics_checks_failed": {},
  "errors": []
}
{
  "valid": true,
  "physics_checks_passed": 239575,
  "physics_checks_failed": {},
  "errors": []
}
{
  "valid": true,
  "physics_checks_passed": 239675,
  "physics_checks_failed": {},
  "errors": []
}
{
  "valid": true,
  "physics_checks_passed": 239031,
  "physics_checks_failed": {},
  "errors": []
}
{
  "valid": true,
  "physics_checks_passed": 238922,
  "physics_checks_failed": {},
  "errors": []
}
{
  "valid": true,
  "physics_checks_passed": 238995,
  "physics_checks_failed": {},
  "errors": []
}
{
  "valid": true,
  "physics_checks_passed": 239625,
  "physics_checks_failed": {},
  "errors": []
}
{
  "valid": true,
  "physics_checks_passed": 239025,
  "physics_checks_failed": {},
  "errors": []
}
{
  "valid": true,
  "physics_checks_passed": 239258,
  "physics_checks_failed": {},
  "errors": []
}
{
  "valid": true,
  "physics_checks_passed": 238135,
  "physics_checks_failed": {},
  "errors": []
}
{
  "valid": true,
  "physics_checks_passed": 239014,
  "physics_checks_failed": {},
  "errors": []
}
{
  "valid": true,
  "physics_checks_passed": 238883,
  "physics_checks_failed": {},
  "errors": []
}
{
  "valid": true,
  "physics_checks_passed": 239317,
  "physics_checks_failed": {},
  "errors": []
}
{
  "valid": true,
  "physics_checks_passed": 239329,
  "physics_checks_failed": {},
  "errors": []
}
{
  "valid": true,
  "physics_checks_passed": 239525,
  "physics_checks_failed": {},
  "errors": []
}
{
  "valid": true,
  "physics_checks_passed": 239200,
  "physics_checks_failed": {},
  "errors": []
}
{
  "valid": true,
  "physics_checks_passed": 239166,
  "physics_checks_failed": {},
  "errors": []
}
{
  "valid": true,
  "physics_checks_passed": 238670,
  "physics_checks_failed": {},
  "errors": []
}
{
  "valid": true,
  "physics_checks_passed": 239302,
  "physics_checks_failed": {},
  "errors": []
}
{
  "valid": true,
  "physics_checks_passed": 238996,
  "physics_checks_failed": {},
  "errors": []
}
{
  "valid": true,
  "physics_checks_passed": 239748,
  "physics_checks_failed": {},
  "errors": []
}
{
  "valid": true,
  "physics_checks_passed": 239736,
  "physics_checks_failed": {},
  "errors": []
}
{
  "valid": true,
  "physics_checks_passed": 239019,
  "physics_checks_failed": {},
  "errors": []
}
{
  "valid": true,
  "physics_checks_passed": 239215,
  "physics_checks_failed": {},
  "errors": []
}
{
  "valid": true,
  "physics_checks_passed": 239735,
  "physics_checks_failed": {},
  "errors": []
}
{
  "valid": true,
  "physics_checks_passed": 239546,
  "physics_checks_failed": {},
  "errors": []
}
{
  "valid": true,
  "physics_checks_passed": 239245,
  "physics_checks_failed": {},
  "errors": []
}
{
  "valid": true,
  "physics_checks_passed": 239166,
  "physics_checks_failed": {},
  "errors": []
}
{
  "valid": true,
  "physics_checks_passed": 239361,
  "physics_checks_failed": {},
  "errors": []
}
{
  "valid": true,
  "physics_checks_passed": 239366,
  "physics_checks_failed": {},
  "errors": []
}
{
  "valid": true,
  "checkpoint_completed_episodes": 750,
  "traced_episodes_checked": 31
}
