ep=0750 frame=000 slot=09 J_F= -3281.60 meanZ=88.80 SoC=1.0000
ep=0750 frame=001 slot=09 J_F= -1979.10 meanZ=80.98 SoC=1.0000
ep=0750 frame=002 slot=09 J_F= -1091.00 meanZ=74.04 SoC=1.0000
ep=0750 frame=003 slot=09 J_F= -1181.50 meanZ=66.92 SoC=1.0000
ep=0750 frame=004 slot=09 J_F=  -237.10 meanZ=60.38 SoC=1.0000
ep=0750 frame=005 slot=09 J_F=  -316.60 meanZ=57.00 SoC=1.0000
ep=0750 frame=006 slot=09 J_F=   132.50 meanZ=53.52 SoC=1.0000
ep=0750 frame=007 slot=09 J_F=  -194.50 meanZ=49.76 SoC=1.0000
ep=0750 frame=008 slot=09 J_F=   273.00 meanZ=46.68 SoC=1.0000
ep=0750 frame=009 slot=09 J_F=  -506.00 meanZ=43.66 SoC=1.0000
ep=0750 frame=010 slot=09 J_F=   442.90 meanZ=42.44 SoC=1.0000
ep=0750 frame=011 slot=09 J_F=  -145.10 meanZ=40.30 SoC=1.0000
ep=0750 frame=012 slot=09 J_F=   208.00 meanZ=39.26 SoC=1.0000
ep=0750 frame=013 slot=09 J_F=   437.00 meanZ=37.46 SoC=1.0000
ep=0750 frame=014 slot=09 J_F=   406.50 meanZ=36.08 SoC=1.0000
ep=0750 frame=015 slot=09 J_F=   526.50 meanZ=36.72 SoC=1.0000
ep=0750 frame=016 slot=09 J_F=   300.50 meanZ=34.86 SoC=1.0000
ep=0750 frame=017 slot=09 J_F=   927.60 meanZ=36.46 SoC=1.0000
ep=0750 frame=018 slot=09 J_F=    37.40 meanZ=34.54 SoC=1.0000
ep=0750 frame=019 slot=09 J_F=    43.10 meanZ=34.86 SoC=1.0000
ep=0750 frame=020 slot=09 J_F=   206.10 meanZ=33.28 SoC=1.0000
ep=0750 frame=021 slot=09 J_F=    84.40 meanZ=31.82 SoC=1.0000
ep=0750 frame=022 slot=09 J_F=   541.90 meanZ=32.28 SoC=1.0000
ep=0750 frame=023 slot=09 J_F=   392.90 meanZ=31.96 SoC=1.0000
ep=0750 frame=024 slot=09 J_F=    90.50 meanZ=31.30 SoC=1.0000
ep=0750 frame=025 slot=09 J_F=   587.40 meanZ=29.52 SoC=1.0000
ep=0750 frame=026 slot=09 J_F=   750.30 meanZ=29.86 SoC=1.0000
ep=0750 frame=027 slot=09 J_F=   405.50 meanZ=29.50 SoC=1.0000
ep=0750 frame=028 slot=09 J_F=   185.80 meanZ=30.60 SoC=1.0000
ep=0750 frame=029 slot=09 J_F=   584.60 meanZ=31.04 SoC=1.0000
hppo_rsu 751/850 QoE=0.47197 stall=0.0817 138.76s
ep=0751 frame=000 slot=09 J_F= -2118.00 meanZ=89.32 SoC=1.0000
ep=0751 frame=001 slot=09 J_F= -1801.10 meanZ=82.56 SoC=1.0000
ep=0751 frame=002 slot=09 J_F= -1486.10 meanZ=75.24 SoC=1.0000
ep=0751 frame=003 slot=09 J_F=  -336.00 meanZ=70.24 SoC=1.0000
ep=0751 frame=004 slot=09 J_F=  -786.00 meanZ=64.84 SoC=1.0000
ep=0751 frame=005 slot=09 J_F=   210.40 meanZ=60.84 SoC=1.0000
ep=0751 frame=006 slot=09 J_F=  -120.00 meanZ=56.00 SoC=1.0000
ep=0751 frame=007 slot=09 J_F=   -49.50 meanZ=51.66 SoC=1.0000
ep=0751 frame=008 slot=09 J_F=   395.00 meanZ=49.70 SoC=1.0000
ep=0751 frame=009 slot=09 J_F=   119.50 meanZ=46.64 SoC=1.0000
ep=0751 frame=010 slot=09 J_F=    59.90 meanZ=43.62 SoC=1.0000
ep=0751 frame=011 slot=09 J_F=   265.50 meanZ=42.48 SoC=1.0000
ep=0751 frame=012 slot=09 J_F=   -40.60 meanZ=41.58 SoC=1.0000
ep=0751 frame=013 slot=09 J_F=   -90.60 meanZ=40.32 SoC=1.0000
ep=0751 frame=014 slot=09 J_F=   492.00 meanZ=38.10 SoC=1.0000
ep=0751 frame=015 slot=09 J_F=   146.00 meanZ=37.86 SoC=1.0000
ep=0751 frame=016 slot=09 J_F=   519.70 meanZ=38.82 SoC=1.0000
ep=0751 frame=017 slot=09 J_F=   353.50 meanZ=38.26 SoC=1.0000
ep=0751 frame=018 slot=09 J_F=   553.00 meanZ=38.26 SoC=1.0000
ep=0751 frame=019 slot=09 J_F=  -333.40 meanZ=36.38 SoC=1.0000
ep=0751 frame=020 slot=09 J_F=   155.40 meanZ=36.48 SoC=1.0000
ep=0751 frame=021 slot=09 J_F=   453.00 meanZ=34.78 SoC=1.0000
ep=0751 frame=022 slot=09 J_F=   214.00 meanZ=34.68 SoC=1.0000
ep=0751 frame=023 slot=09 J_F=  -305.00 meanZ=33.92 SoC=1.0000
ep=0751 frame=024 slot=09 J_F=   581.90 meanZ=33.34 SoC=1.0000
ep=0751 frame=025 slot=09 J_F=    -2.00 meanZ=32.18 SoC=1.0000
ep=0751 frame=026 slot=09 J_F=   919.50 meanZ=33.84 SoC=1.0000
ep=0751 frame=027 slot=09 J_F=     0.50 meanZ=32.66 SoC=1.0000
ep=0751 frame=028 slot=09 J_F=   416.00 meanZ=33.84 SoC=1.0000
ep=0751 frame=029 slot=09 J_F=   270.50 meanZ=33.74 SoC=1.0000
hppo_rsu 752/850 QoE=0.35141 stall=0.1264 138.43s
ep=0752 frame=000 slot=09 J_F= -2679.00 meanZ=88.96 SoC=1.0000
ep=0752 frame=001 slot=09 J_F= -1439.50 meanZ=82.88 SoC=1.0000
ep=0752 frame=002 slot=09 J_F= -1700.60 meanZ=75.42 SoC=1.0000
ep=0752 frame=003 slot=09 J_F= -1240.50 meanZ=67.56 SoC=1.0000
ep=0752 frame=004 slot=09 J_F=  -753.00 meanZ=60.28 SoC=1.0000
ep=0752 frame=005 slot=09 J_F=  -321.50 meanZ=55.32 SoC=1.0000
ep=0752 frame=006 slot=09 J_F=  -587.10 meanZ=49.48 SoC=1.0000
ep=0752 frame=007 slot=09 J_F=   342.50 meanZ=44.90 SoC=1.0000
ep=0752 frame=008 slot=09 J_F=  -355.60 meanZ=41.46 SoC=1.0000
ep=0752 frame=009 slot=09 J_F=   166.30 meanZ=41.30 SoC=1.0000
ep=0752 frame=010 slot=09 J_F=   -67.10 meanZ=39.20 SoC=1.0000
ep=0752 frame=011 slot=09 J_F=   433.00 meanZ=37.30 SoC=1.0000
ep=0752 frame=012 slot=09 J_F=   451.00 meanZ=37.12 SoC=1.0000
ep=0752 frame=013 slot=09 J_F=   284.50 meanZ=37.02 SoC=1.0000
ep=0752 frame=014 slot=09 J_F=   751.50 meanZ=36.92 SoC=1.0000
ep=0752 frame=015 slot=09 J_F=  -255.00 meanZ=36.36 SoC=1.0000
ep=0752 frame=016 slot=09 J_F=   996.30 meanZ=36.98 SoC=1.0000
ep=0752 frame=017 slot=09 J_F=   797.50 meanZ=36.48 SoC=1.0000
ep=0752 frame=018 slot=09 J_F=   414.60 meanZ=36.82 SoC=1.0000
ep=0752 frame=019 slot=09 J_F=   319.00 meanZ=37.50 SoC=1.0000
ep=0752 frame=020 slot=09 J_F=   161.90 meanZ=38.22 SoC=1.0000
ep=0752 frame=021 slot=09 J_F=   362.00 meanZ=37.64 SoC=1.0000
ep=0752 frame=022 slot=09 J_F=   437.00 meanZ=37.72 SoC=1.0000
ep=0752 frame=023 slot=09 J_F=    66.30 meanZ=37.20 SoC=1.0000
ep=0752 frame=024 slot=09 J_F=   882.20 meanZ=38.52 SoC=1.0000
ep=0752 frame=025 slot=09 J_F=   758.50 meanZ=38.12 SoC=1.0000
ep=0752 frame=026 slot=09 J_F=  -172.60 meanZ=36.96 SoC=1.0000
ep=0752 frame=027 slot=09 J_F=   311.50 meanZ=37.60 SoC=1.0000
ep=0752 frame=028 slot=09 J_F=   380.00 meanZ=36.96 SoC=1.0000
ep=0752 frame=029 slot=09 J_F=   393.50 meanZ=35.94 SoC=1.0000
hppo_rsu 753/850 QoE=0.42621 stall=0.0956 137.66s
ep=0753 frame=000 slot=09 J_F= -3261.10 meanZ=88.94 SoC=1.0000
ep=0753 frame=001 slot=09 J_F= -2347.10 meanZ=81.24 SoC=1.0000
ep=0753 frame=002 slot=09 J_F= -1649.50 meanZ=74.30 SoC=1.0000
ep=0753 frame=003 slot=09 J_F= -1586.10 meanZ=67.12 SoC=1.0000
ep=0753 frame=004 slot=09 J_F=  -723.50 meanZ=60.06 SoC=1.0000
ep=0753 frame=005 slot=09 J_F=   131.50 meanZ=55.14 SoC=1.0000
ep=0753 frame=006 slot=09 J_F=   472.90 meanZ=53.10 SoC=1.0000
ep=0753 frame=007 slot=09 J_F=    61.00 meanZ=48.54 SoC=1.0000
ep=0753 frame=008 slot=09 J_F=   509.00 meanZ=46.10 SoC=1.0000
ep=0753 frame=009 slot=09 J_F=   399.40 meanZ=43.02 SoC=1.0000
ep=0753 frame=010 slot=09 J_F=  -392.50 meanZ=40.74 SoC=1.0000
ep=0753 frame=011 slot=09 J_F=   413.00 meanZ=39.98 SoC=1.0000
ep=0753 frame=012 slot=09 J_F=    18.10 meanZ=38.30 SoC=1.0000
ep=0753 frame=013 slot=09 J_F=  -126.00 meanZ=38.02 SoC=1.0000
ep=0753 frame=014 slot=09 J_F=   433.30 meanZ=35.50 SoC=1.0000
ep=0753 frame=015 slot=09 J_F=   551.50 meanZ=36.76 SoC=1.0000
ep=0753 frame=016 slot=09 J_F=   393.00 meanZ=35.86 SoC=1.0000
ep=0753 frame=017 slot=09 J_F=  -176.50 meanZ=35.82 SoC=1.0000
ep=0753 frame=018 slot=09 J_F=   624.50 meanZ=35.22 SoC=1.0000
ep=0753 frame=019 slot=09 J_F=   452.40 meanZ=34.68 SoC=1.0000
ep=0753 frame=020 slot=09 J_F=   409.30 meanZ=36.00 SoC=1.0000
ep=0753 frame=021 slot=09 J_F=   278.00 meanZ=35.48 SoC=1.0000
ep=0753 frame=022 slot=09 J_F=   373.50 meanZ=34.86 SoC=1.0000
ep=0753 frame=023 slot=09 J_F=   -46.00 meanZ=34.82 SoC=1.0000
ep=0753 frame=024 slot=09 J_F=   552.90 meanZ=35.16 SoC=1.0000
ep=0753 frame=025 slot=09 J_F=   789.30 meanZ=35.70 SoC=1.0000
ep=0753 frame=026 slot=09 J_F=   584.50 meanZ=36.48 SoC=1.0000
ep=0753 frame=027 slot=09 J_F=   468.00 meanZ=37.42 SoC=1.0000
ep=0753 frame=028 slot=09 J_F=   567.50 meanZ=38.02 SoC=1.0000
ep=0753 frame=029 slot=09 J_F=   925.50 meanZ=38.82 SoC=1.0000
hppo_rsu 754/850 QoE=0.40233 stall=0.1029 139.32s
ep=0754 frame=000 slot=09 J_F= -2295.60 meanZ=89.26 SoC=1.0000
ep=0754 frame=001 slot=09 J_F= -2791.00 meanZ=81.14 SoC=1.0000
ep=0754 frame=002 slot=09 J_F=  -898.50 meanZ=73.90 SoC=1.0000
ep=0754 frame=003 slot=09 J_F=  -487.10 meanZ=68.58 SoC=1.0000
ep=0754 frame=004 slot=09 J_F= -1135.10 meanZ=61.14 SoC=1.0000
ep=0754 frame=005 slot=09 J_F=  -666.50 meanZ=55.20 SoC=1.0000
ep=0754 frame=006 slot=09 J_F=  -291.10 meanZ=51.38 SoC=1.0000
ep=0754 frame=007 slot=09 J_F=   620.50 meanZ=49.08 SoC=1.0000
ep=0754 frame=008 slot=09 J_F=  -190.00 meanZ=46.26 SoC=1.0000
ep=0754 frame=009 slot=09 J_F=   412.00 meanZ=42.74 SoC=1.0000
ep=0754 frame=010 slot=09 J_F=    83.00 meanZ=39.90 SoC=1.0000
ep=0754 frame=011 slot=09 J_F=   458.00 meanZ=38.24 SoC=1.0000
ep=0754 frame=012 slot=09 J_F=   222.90 meanZ=36.34 SoC=1.0000
ep=0754 frame=013 slot=09 J_F=   223.40 meanZ=34.48 SoC=1.0000
ep=0754 frame=014 slot=09 J_F=    71.90 meanZ=33.38 SoC=1.0000
ep=0754 frame=015 slot=09 J_F=    -0.50 meanZ=31.80 SoC=1.0000
ep=0754 frame=016 slot=09 J_F=   642.90 meanZ=31.56 SoC=1.0000
ep=0754 frame=017 slot=09 J_F=   575.40 meanZ=32.54 SoC=1.0000
ep=0754 frame=018 slot=09 J_F=  -215.10 meanZ=31.74 SoC=1.0000
ep=0754 frame=019 slot=09 J_F=   231.80 meanZ=29.80 SoC=1.0000
ep=0754 frame=020 slot=09 J_F=   268.40 meanZ=30.02 SoC=1.0000
ep=0754 frame=021 slot=09 J_F=   187.40 meanZ=29.06 SoC=1.0000
ep=0754 frame=022 slot=09 J_F=   854.40 meanZ=29.38 SoC=1.0000
ep=0754 frame=023 slot=09 J_F=  -139.50 meanZ=29.26 SoC=1.0000
ep=0754 frame=024 slot=09 J_F=   423.30 meanZ=28.16 SoC=1.0000
ep=0754 frame=025 slot=09 J_F=   410.00 meanZ=27.94 SoC=1.0000
ep=0754 frame=026 slot=09 J_F=   101.00 meanZ=27.96 SoC=1.0000
ep=0754 frame=027 slot=09 J_F=   290.50 meanZ=26.88 SoC=1.0000
ep=0754 frame=028 slot=09 J_F=   423.80 meanZ=26.90 SoC=1.0000
ep=0754 frame=029 slot=09 J_F=  -191.60 meanZ=25.80 SoC=1.0000
hppo_rsu 755/850 QoE=0.47243 stall=0.0851 137.77s
ep=0755 frame=000 slot=09 J_F= -3009.00 meanZ=88.06 SoC=1.0000
ep=0755 frame=001 slot=09 J_F= -1624.50 meanZ=81.58 SoC=1.0000
ep=0755 frame=002 slot=09 J_F= -1100.00 meanZ=75.60 SoC=1.0000
ep=0755 frame=003 slot=09 J_F=  -515.50 meanZ=69.98 SoC=1.0000
ep=0755 frame=004 slot=09 J_F=  -280.20 meanZ=64.84 SoC=1.0000
ep=0755 frame=005 slot=09 J_F=    28.40 meanZ=59.48 SoC=1.0000
ep=0755 frame=006 slot=09 J_F=  -597.00 meanZ=53.90 SoC=1.0000
ep=0755 frame=007 slot=09 J_F=  -202.60 meanZ=50.88 SoC=1.0000
ep=0755 frame=008 slot=09 J_F=  -324.50 meanZ=47.20 SoC=1.0000
ep=0755 frame=009 slot=09 J_F=   462.50 meanZ=43.72 SoC=1.0000
ep=0755 frame=010 slot=09 J_F=    71.60 meanZ=42.02 SoC=1.0000
ep=0755 frame=011 slot=09 J_F=  -400.50 meanZ=40.92 SoC=1.0000
ep=0755 frame=012 slot=09 J_F=   170.50 meanZ=39.48 SoC=1.0000
ep=0755 frame=013 slot=09 J_F=   109.50 meanZ=36.98 SoC=1.0000
ep=0755 frame=014 slot=09 J_F=   387.00 meanZ=36.08 SoC=1.0000
ep=0755 frame=015 slot=09 J_F=   282.90 meanZ=34.96 SoC=1.0000
ep=0755 frame=016 slot=09 J_F=   240.50 meanZ=33.02 SoC=1.0000
ep=0755 frame=017 slot=09 J_F=   975.80 meanZ=33.84 SoC=1.0000
ep=0755 frame=018 slot=09 J_F=  -132.00 meanZ=33.90 SoC=1.0000
ep=0755 frame=019 slot=09 J_F=   888.00 meanZ=34.22 SoC=1.0000
ep=0755 frame=020 slot=09 J_F=  -185.50 meanZ=33.52 SoC=1.0000
ep=0755 frame=021 slot=09 J_F=   334.00 meanZ=32.42 SoC=1.0000
ep=0755 frame=022 slot=09 J_F=   460.50 meanZ=31.96 SoC=1.0000
ep=0755 frame=023 slot=09 J_F=   170.40 meanZ=30.78 SoC=1.0000
ep=0755 frame=024 slot=09 J_F=   531.60 meanZ=30.14 SoC=1.0000
ep=0755 frame=025 slot=09 J_F=    52.40 meanZ=30.32 SoC=1.0000
ep=0755 frame=026 slot=09 J_F=   520.00 meanZ=29.86 SoC=1.0000
ep=0755 frame=027 slot=09 J_F=   294.40 meanZ=29.78 SoC=1.0000
ep=0755 frame=028 slot=09 J_F=   235.50 meanZ=30.10 SoC=1.0000
ep=0755 frame=029 slot=09 J_F=   534.90 meanZ=30.00 SoC=1.0000
hppo_rsu 756/850 QoE=0.44542 stall=0.0921 138.96s
ep=0756 frame=000 slot=09 J_F= -3321.50 meanZ=88.20 SoC=1.0000
ep=0756 frame=001 slot=09 J_F= -2445.10 meanZ=79.94 SoC=1.0000
ep=0756 frame=002 slot=09 J_F= -1346.50 meanZ=71.96 SoC=1.0000
ep=0756 frame=003 slot=09 J_F=  -106.00 meanZ=67.10 SoC=1.0000
ep=0756 frame=004 slot=09 J_F=   -30.00 meanZ=62.86 SoC=1.0000
ep=0756 frame=005 slot=09 J_F=    87.40 meanZ=56.52 SoC=1.0000
ep=0756 frame=006 slot=09 J_F=  -245.00 meanZ=52.14 SoC=1.0000
ep=0756 frame=007 slot=09 J_F=    37.90 meanZ=48.30 SoC=1.0000
ep=0756 frame=008 slot=09 J_F=   -41.30 meanZ=43.70 SoC=1.0000
ep=0756 frame=009 slot=09 J_F=   670.80 meanZ=41.42 SoC=1.0000
ep=0756 frame=010 slot=09 J_F=   -73.60 meanZ=38.54 SoC=1.0000
ep=0756 frame=011 slot=09 J_F=   398.00 meanZ=35.76 SoC=1.0000
ep=0756 frame=012 slot=09 J_F=   689.50 meanZ=36.08 SoC=1.0000
ep=0756 frame=013 slot=09 J_F=   605.00 meanZ=36.32 SoC=1.0000
ep=0756 frame=014 slot=09 J_F=    96.00 meanZ=37.22 SoC=1.0000
ep=0756 frame=015 slot=09 J_F=   142.00 meanZ=35.98 SoC=1.0000
ep=0756 frame=016 slot=09 J_F=  -130.20 meanZ=34.12 SoC=1.0000
ep=0756 frame=017 slot=09 J_F=   364.00 meanZ=32.24 SoC=1.0000
ep=0756 frame=018 slot=09 J_F=   182.50 meanZ=31.24 SoC=1.0000
ep=0756 frame=019 slot=09 J_F=   170.40 meanZ=28.72 SoC=1.0000
ep=0756 frame=020 slot=09 J_F=   632.50 meanZ=28.72 SoC=1.0000
ep=0756 frame=021 slot=09 J_F=   508.40 meanZ=27.36 SoC=1.0000
ep=0756 frame=022 slot=09 J_F=   472.80 meanZ=27.20 SoC=1.0000
ep=0756 frame=023 slot=09 J_F=   509.50 meanZ=27.18 SoC=1.0000
ep=0756 frame=024 slot=09 J_F=   282.90 meanZ=27.72 SoC=1.0000
ep=0756 frame=025 slot=09 J_F=   587.50 meanZ=28.82 SoC=1.0000
ep=0756 frame=026 slot=09 J_F=   496.00 meanZ=28.52 SoC=1.0000
ep=0756 frame=027 slot=09 J_F=   944.90 meanZ=29.36 SoC=1.0000
ep=0756 frame=028 slot=09 J_F=   664.40 meanZ=29.14 SoC=1.0000
ep=0756 frame=029 slot=09 J_F=   452.90 meanZ=28.86 SoC=1.0000
hppo_rsu 757/850 QoE=0.48727 stall=0.0766 137.58s
ep=0757 frame=000 slot=09 J_F= -3183.10 meanZ=89.18 SoC=1.0000
ep=0757 frame=001 slot=09 J_F= -1759.50 meanZ=80.98 SoC=1.0000
ep=0757 frame=002 slot=09 J_F= -1550.00 meanZ=73.02 SoC=1.0000
ep=0757 frame=003 slot=09 J_F=  -708.50 meanZ=65.52 SoC=1.0000
ep=0757 frame=004 slot=09 J_F=  -858.50 meanZ=59.64 SoC=1.0000
ep=0757 frame=005 slot=09 J_F=  -558.60 meanZ=52.78 SoC=1.0000
ep=0757 frame=006 slot=09 J_F=  -235.70 meanZ=48.34 SoC=1.0000
ep=0757 frame=007 slot=09 J_F=   251.80 meanZ=45.32 SoC=1.0000
ep=0757 frame=008 slot=09 J_F=  -120.50 meanZ=43.92 SoC=1.0000
ep=0757 frame=009 slot=09 J_F=   739.00 meanZ=42.10 SoC=1.0000
ep=0757 frame=010 slot=09 J_F=   532.00 meanZ=41.12 SoC=1.0000
ep=0757 frame=011 slot=09 J_F=  -335.10 meanZ=40.14 SoC=1.0000
ep=0757 frame=012 slot=09 J_F=  -364.50 meanZ=38.54 SoC=1.0000
ep=0757 frame=013 slot=09 J_F=   295.40 meanZ=38.08 SoC=1.0000
ep=0757 frame=014 slot=09 J_F=   355.50 meanZ=36.04 SoC=1.0000
ep=0757 frame=015 slot=09 J_F=   571.50 meanZ=35.02 SoC=1.0000
ep=0757 frame=016 slot=09 J_F=  -186.60 meanZ=34.44 SoC=1.0000
ep=0757 frame=017 slot=09 J_F=   369.40 meanZ=32.58 SoC=1.0000
ep=0757 frame=018 slot=09 J_F=   405.00 meanZ=31.22 SoC=1.0000
ep=0757 frame=019 slot=09 J_F=   488.50 meanZ=30.18 SoC=1.0000
ep=0757 frame=020 slot=09 J_F=   352.00 meanZ=29.14 SoC=1.0000
ep=0757 frame=021 slot=09 J_F=   445.90 meanZ=29.36 SoC=1.0000
ep=0757 frame=022 slot=09 J_F=   343.30 meanZ=28.44 SoC=1.0000
ep=0757 frame=023 slot=09 J_F=   461.50 meanZ=29.00 SoC=1.0000
ep=0757 frame=024 slot=09 J_F=   501.80 meanZ=28.62 SoC=1.0000
ep=0757 frame=025 slot=09 J_F=   536.30 meanZ=28.16 SoC=1.0000
ep=0757 frame=026 slot=09 J_F=    56.00 meanZ=26.50 SoC=1.0000
ep=0757 frame=027 slot=09 J_F=   265.00 meanZ=26.86 SoC=1.0000
ep=0757 frame=028 slot=09 J_F=   301.00 meanZ=28.42 SoC=1.0000
ep=0757 frame=029 slot=09 J_F=   653.40 meanZ=28.60 SoC=1.0000
hppo_rsu 758/850 QoE=0.41196 stall=0.1058 138.85s
ep=0758 frame=000 slot=09 J_F= -2437.60 meanZ=89.06 SoC=1.0000
ep=0758 frame=001 slot=09 J_F= -1812.50 meanZ=80.94 SoC=1.0000
ep=0758 frame=002 slot=09 J_F= -1441.50 meanZ=73.96 SoC=1.0000
ep=0758 frame=003 slot=09 J_F=  -725.50 meanZ=67.76 SoC=1.0000
ep=0758 frame=004 slot=09 J_F=  -327.00 meanZ=60.52 SoC=1.0000
ep=0758 frame=005 slot=09 J_F=     5.90 meanZ=56.32 SoC=1.0000
ep=0758 frame=006 slot=09 J_F=  -301.00 meanZ=50.60 SoC=1.0000
ep=0758 frame=007 slot=09 J_F=  -854.60 meanZ=45.06 SoC=1.0000
ep=0758 frame=008 slot=09 J_F=   -62.50 meanZ=44.00 SoC=1.0000
ep=0758 frame=009 slot=09 J_F=   132.00 meanZ=41.76 SoC=1.0000
ep=0758 frame=010 slot=09 J_F=   196.50 meanZ=40.28 SoC=1.0000
ep=0758 frame=011 slot=09 J_F=    50.50 meanZ=39.28 SoC=1.0000
ep=0758 frame=012 slot=09 J_F=   782.00 meanZ=39.32 SoC=1.0000
ep=0758 frame=013 slot=09 J_F=   570.50 meanZ=38.88 SoC=1.0000
ep=0758 frame=014 slot=09 J_F=   525.50 meanZ=37.40 SoC=1.0000
ep=0758 frame=015 slot=09 J_F=   276.00 meanZ=37.84 SoC=1.0000
ep=0758 frame=016 slot=09 J_F=   556.00 meanZ=36.50 SoC=1.0000
ep=0758 frame=017 slot=09 J_F=   500.00 meanZ=35.20 SoC=1.0000
ep=0758 frame=018 slot=09 J_F=   256.50 meanZ=34.98 SoC=1.0000
ep=0758 frame=019 slot=09 J_F=   -18.10 meanZ=33.36 SoC=1.0000
ep=0758 frame=020 slot=09 J_F=   236.00 meanZ=33.80 SoC=1.0000
ep=0758 frame=021 slot=09 J_F=   473.90 meanZ=33.06 SoC=1.0000
ep=0758 frame=022 slot=09 J_F=   323.50 meanZ=31.80 SoC=1.0000
ep=0758 frame=023 slot=09 J_F=   411.50 meanZ=32.08 SoC=1.0000
ep=0758 frame=024 slot=09 J_F=   148.00 meanZ=31.00 SoC=1.0000
ep=0758 frame=025 slot=09 J_F=   388.50 meanZ=31.88 SoC=1.0000
ep=0758 frame=026 slot=09 J_F=    -3.00 meanZ=30.76 SoC=1.0000
ep=0758 frame=027 slot=09 J_F=   -48.70 meanZ=30.72 SoC=1.0000
ep=0758 frame=028 slot=09 J_F=   610.50 meanZ=31.14 SoC=1.0000
ep=0758 frame=029 slot=09 J_F=  -259.60 meanZ=29.46 SoC=1.0000
hppo_rsu 759/850 QoE=0.40076 stall=0.1101 137.56s
ep=0759 frame=000 slot=09 J_F= -3049.10 meanZ=88.86 SoC=1.0000
ep=0759 frame=001 slot=09 J_F= -1574.00 meanZ=80.88 SoC=1.0000
ep=0759 frame=002 slot=09 J_F= -1825.00 meanZ=73.04 SoC=1.0000
ep=0759 frame=003 slot=09 J_F= -1503.10 meanZ=65.72 SoC=1.0000
ep=0759 frame=004 slot=09 J_F=  -875.60 meanZ=57.96 SoC=1.0000
ep=0759 frame=005 slot=09 J_F=  -580.70 meanZ=50.66 SoC=1.0000
ep=0759 frame=006 slot=09 J_F=   281.50 meanZ=47.20 SoC=1.0000
ep=0759 frame=007 slot=09 J_F=  -307.00 meanZ=44.78 SoC=1.0000
ep=0759 frame=008 slot=09 J_F=  -220.20 meanZ=42.72 SoC=1.0000
ep=0759 frame=009 slot=09 J_F=   277.00 meanZ=41.72 SoC=1.0000
ep=0759 frame=010 slot=09 J_F=   301.30 meanZ=40.70 SoC=1.0000
ep=0759 frame=011 slot=09 J_F=   448.50 meanZ=40.58 SoC=1.0000
ep=0759 frame=012 slot=09 J_F=   230.90 meanZ=38.68 SoC=1.0000
ep=0759 frame=013 slot=09 J_F=   413.30 meanZ=37.42 SoC=1.0000
ep=0759 frame=014 slot=09 J_F=   713.00 meanZ=37.64 SoC=1.0000
ep=0759 frame=015 slot=09 J_F=    60.30 meanZ=37.00 SoC=1.0000
ep=0759 frame=016 slot=09 J_F=   634.50 meanZ=36.66 SoC=1.0000
ep=0759 frame=017 slot=09 J_F=   411.50 meanZ=36.48 SoC=1.0000
ep=0759 frame=018 slot=09 J_F=   419.00 meanZ=35.62 SoC=1.0000
ep=0759 frame=019 slot=09 J_F=   407.50 meanZ=35.76 SoC=1.0000
ep=0759 frame=020 slot=09 J_F=   141.90 meanZ=35.78 SoC=1.0000
ep=0759 frame=021 slot=09 J_F=   132.90 meanZ=35.06 SoC=1.0000
ep=0759 frame=022 slot=09 J_F=   272.00 meanZ=35.78 SoC=1.0000
ep=0759 frame=023 slot=09 J_F=   178.80 meanZ=35.64 SoC=1.0000
ep=0759 frame=024 slot=09 J_F=   724.00 meanZ=36.18 SoC=1.0000
ep=0759 frame=025 slot=09 J_F=   513.50 meanZ=35.56 SoC=1.0000
ep=0759 frame=026 slot=09 J_F=   553.90 meanZ=34.98 SoC=1.0000
ep=0759 frame=027 slot=09 J_F=   409.40 meanZ=36.12 SoC=1.0000
ep=0759 frame=028 slot=09 J_F=    -9.50 meanZ=34.94 SoC=1.0000
ep=0759 frame=029 slot=09 J_F=   769.60 meanZ=36.16 SoC=1.0000
hppo_rsu 760/850 QoE=0.33197 stall=0.1335 138.70s
ep=0760 frame=000 slot=09 J_F= -2443.50 meanZ=88.90 SoC=1.0000
ep=0760 frame=001 slot=09 J_F= -1708.60 meanZ=81.44 SoC=1.0000
ep=0760 frame=002 slot=09 J_F= -1491.60 meanZ=73.54 SoC=1.0000
ep=0760 frame=003 slot=09 J_F= -1057.50 meanZ=66.10 SoC=1.0000
ep=0760 frame=004 slot=09 J_F=   129.40 meanZ=60.60 SoC=1.0000
ep=0760 frame=005 slot=09 J_F=  -952.20 meanZ=53.20 SoC=1.0000
ep=0760 frame=006 slot=09 J_F=  -341.50 meanZ=46.82 SoC=1.0000
ep=0760 frame=007 slot=09 J_F=   128.50 meanZ=43.92 SoC=1.0000
ep=0760 frame=008 slot=09 J_F=  -744.70 meanZ=38.84 SoC=1.0000
ep=0760 frame=009 slot=09 J_F=   429.00 meanZ=35.48 SoC=1.0000
ep=0760 frame=010 slot=09 J_F=   258.80 meanZ=34.32 SoC=1.0000
ep=0760 frame=011 slot=09 J_F=   382.50 meanZ=32.50 SoC=1.0000
ep=0760 frame=012 slot=09 J_F=   507.00 meanZ=32.70 SoC=1.0000
ep=0760 frame=013 slot=09 J_F=    34.50 meanZ=31.48 SoC=1.0000
ep=0760 frame=014 slot=09 J_F=   690.60 meanZ=31.88 SoC=1.0000
ep=0760 frame=015 slot=09 J_F=   278.00 meanZ=30.02 SoC=1.0000
ep=0760 frame=016 slot=09 J_F=   747.00 meanZ=29.48 SoC=1.0000
ep=0760 frame=017 slot=09 J_F=   674.50 meanZ=30.42 SoC=1.0000
ep=0760 frame=018 slot=09 J_F=   648.50 meanZ=30.94 SoC=1.0000
ep=0760 frame=019 slot=09 J_F=   329.50 meanZ=31.88 SoC=1.0000
ep=0760 frame=020 slot=09 J_F=   465.30 meanZ=32.66 SoC=1.0000
ep=0760 frame=021 slot=09 J_F=   361.90 meanZ=32.50 SoC=1.0000
ep=0760 frame=022 slot=09 J_F=   594.00 meanZ=32.10 SoC=1.0000
ep=0760 frame=023 slot=09 J_F=   607.40 meanZ=34.52 SoC=1.0000
ep=0760 frame=024 slot=09 J_F=   569.00 meanZ=33.84 SoC=1.0000
ep=0760 frame=025 slot=09 J_F=   442.80 meanZ=34.70 SoC=1.0000
ep=0760 frame=026 slot=09 J_F=   476.00 meanZ=35.22 SoC=1.0000
ep=0760 frame=027 slot=09 J_F=   272.00 meanZ=34.36 SoC=1.0000
ep=0760 frame=028 slot=09 J_F=   276.90 meanZ=34.02 SoC=1.0000
ep=0760 frame=029 slot=09 J_F=  -214.10 meanZ=32.80 SoC=1.0000
hppo_rsu 761/850 QoE=0.43647 stall=0.0949 137.65s
ep=0761 frame=000 slot=09 J_F= -3076.20 meanZ=88.54 SoC=1.0000
ep=0761 frame=001 slot=09 J_F= -1507.00 meanZ=81.68 SoC=1.0000
ep=0761 frame=002 slot=09 J_F= -1287.00 meanZ=74.86 SoC=1.0000
ep=0761 frame=003 slot=09 J_F= -1650.60 meanZ=66.52 SoC=1.0000
ep=0761 frame=004 slot=09 J_F=  -154.00 meanZ=60.68 SoC=1.0000
ep=0761 frame=005 slot=09 J_F=  -155.00 meanZ=55.32 SoC=1.0000
ep=0761 frame=006 slot=09 J_F=  -150.00 meanZ=51.70 SoC=1.0000
ep=0761 frame=007 slot=09 J_F=  -264.00 meanZ=48.56 SoC=1.0000
ep=0761 frame=008 slot=09 J_F=  -196.10 meanZ=44.42 SoC=1.0000
ep=0761 frame=009 slot=09 J_F=   438.90 meanZ=43.12 SoC=1.0000
ep=0761 frame=010 slot=09 J_F=   297.40 meanZ=43.02 SoC=1.0000
ep=0761 frame=011 slot=09 J_F=   278.90 meanZ=42.04 SoC=1.0000
ep=0761 frame=012 slot=09 J_F=   203.40 meanZ=39.72 SoC=1.0000
ep=0761 frame=013 slot=09 J_F=   346.10 meanZ=38.56 SoC=1.0000
ep=0761 frame=014 slot=09 J_F=   -93.50 meanZ=37.32 SoC=1.0000
ep=0761 frame=015 slot=09 J_F=  1024.00 meanZ=38.52 SoC=1.0000
ep=0761 frame=016 slot=09 J_F=   334.30 meanZ=37.14 SoC=1.0000
ep=0761 frame=017 slot=09 J_F=   705.30 meanZ=36.72 SoC=1.0000
ep=0761 frame=018 slot=09 J_F=   596.30 meanZ=37.40 SoC=1.0000
ep=0761 frame=019 slot=09 J_F=   888.30 meanZ=37.68 SoC=1.0000
ep=0761 frame=020 slot=09 J_F=   178.30 meanZ=38.38 SoC=1.0000
ep=0761 frame=021 slot=09 J_F=    -9.00 meanZ=37.16 SoC=1.0000
ep=0761 frame=022 slot=09 J_F=   462.10 meanZ=37.36 SoC=1.0000
ep=0761 frame=023 slot=09 J_F=  -120.50 meanZ=35.66 SoC=1.0000
ep=0761 frame=024 slot=09 J_F=   447.40 meanZ=35.30 SoC=1.0000
ep=0761 frame=025 slot=09 J_F=   376.90 meanZ=35.16 SoC=1.0000
ep=0761 frame=026 slot=09 J_F=  -150.10 meanZ=34.66 SoC=1.0000
ep=0761 frame=027 slot=09 J_F=   652.30 meanZ=35.54 SoC=1.0000
ep=0761 frame=028 slot=09 J_F=   653.70 meanZ=37.14 SoC=1.0000
ep=0761 frame=029 slot=09 J_F=   830.00 meanZ=38.68 SoC=1.0000
hppo_rsu 762/850 QoE=0.42398 stall=0.0950 139.08s
ep=0762 frame=000 slot=09 J_F= -2798.50 meanZ=88.10 SoC=1.0000
ep=0762 frame=001 slot=09 J_F= -1557.50 meanZ=81.08 SoC=1.0000
ep=0762 frame=002 slot=09 J_F= -1964.40 meanZ=73.06 SoC=1.0000
ep=0762 frame=003 slot=09 J_F= -1455.60 meanZ=64.72 SoC=1.0000
ep=0762 frame=004 slot=09 J_F=    82.50 meanZ=58.36 SoC=1.0000
ep=0762 frame=005 slot=09 J_F=  -333.50 meanZ=54.30 SoC=1.0000
ep=0762 frame=006 slot=09 J_F=  -544.00 meanZ=49.38 SoC=1.0000
ep=0762 frame=007 slot=09 J_F=   -20.50 meanZ=46.30 SoC=1.0000
ep=0762 frame=008 slot=09 J_F=  -188.10 meanZ=43.20 SoC=1.0000
ep=0762 frame=009 slot=09 J_F=   224.00 meanZ=41.50 SoC=1.0000
ep=0762 frame=010 slot=09 J_F=   610.30 meanZ=38.40 SoC=1.0000
ep=0762 frame=011 slot=09 J_F=   422.50 meanZ=37.02 SoC=1.0000
ep=0762 frame=012 slot=09 J_F=    78.50 meanZ=36.58 SoC=1.0000
ep=0762 frame=013 slot=09 J_F=   392.40 meanZ=37.28 SoC=1.0000
ep=0762 frame=014 slot=09 J_F=   720.00 meanZ=36.42 SoC=1.0000
ep=0762 frame=015 slot=09 J_F=   244.50 meanZ=36.42 SoC=1.0000
ep=0762 frame=016 slot=09 J_F=  -167.60 meanZ=34.32 SoC=1.0000
ep=0762 frame=017 slot=09 J_F=   286.00 meanZ=33.90 SoC=1.0000
ep=0762 frame=018 slot=09 J_F=   804.50 meanZ=34.84 SoC=1.0000
ep=0762 frame=019 slot=09 J_F=   245.40 meanZ=33.52 SoC=1.0000
ep=0762 frame=020 slot=09 J_F=   272.40 meanZ=33.14 SoC=1.0000
ep=0762 frame=021 slot=09 J_F=   278.90 meanZ=32.90 SoC=1.0000
ep=0762 frame=022 slot=09 J_F=   396.40 meanZ=33.44 SoC=1.0000
ep=0762 frame=023 slot=09 J_F=   685.50 meanZ=32.04 SoC=1.0000
ep=0762 frame=024 slot=09 J_F=   499.40 meanZ=32.70 SoC=1.0000
ep=0762 frame=025 slot=09 J_F=   268.80 meanZ=31.84 SoC=1.0000
ep=0762 frame=026 slot=09 J_F=  1168.00 meanZ=34.72 SoC=1.0000
ep=0762 frame=027 slot=09 J_F=   324.00 meanZ=34.24 SoC=1.0000
ep=0762 frame=028 slot=09 J_F=   -70.70 meanZ=34.00 SoC=1.0000
ep=0762 frame=029 slot=09 J_F=  -323.50 meanZ=33.40 SoC=1.0000
hppo_rsu 763/850 QoE=0.37467 stall=0.1183 137.99s
ep=0763 frame=000 slot=09 J_F= -3040.10 meanZ=87.78 SoC=1.0000
ep=0763 frame=001 slot=09 J_F= -1508.00 meanZ=79.68 SoC=1.0000
ep=0763 frame=002 slot=09 J_F= -1705.10 meanZ=73.02 SoC=1.0000
ep=0763 frame=003 slot=09 J_F=  -801.00 meanZ=67.48 SoC=1.0000
ep=0763 frame=004 slot=09 J_F=  -673.60 meanZ=61.46 SoC=1.0000
ep=0763 frame=005 slot=09 J_F=  -538.50 meanZ=55.72 SoC=1.0000
ep=0763 frame=006 slot=09 J_F=   119.90 meanZ=52.04 SoC=1.0000
ep=0763 frame=007 slot=09 J_F=  -112.60 meanZ=48.56 SoC=1.0000
ep=0763 frame=008 slot=09 J_F=   132.50 meanZ=48.72 SoC=1.0000
ep=0763 frame=009 slot=09 J_F=  -224.70 meanZ=45.36 SoC=1.0000
ep=0763 frame=010 slot=09 J_F=   539.70 meanZ=42.68 SoC=1.0000
ep=0763 frame=011 slot=09 J_F=   114.00 meanZ=39.92 SoC=1.0000
ep=0763 frame=012 slot=09 J_F=   923.50 meanZ=40.66 SoC=1.0000
ep=0763 frame=013 slot=09 J_F=  -491.50 meanZ=37.46 SoC=1.0000
ep=0763 frame=014 slot=09 J_F=   319.00 meanZ=35.40 SoC=1.0000
ep=0763 frame=015 slot=09 J_F=   935.00 meanZ=34.02 SoC=1.0000
ep=0763 frame=016 slot=09 J_F=   441.40 meanZ=34.20 SoC=1.0000
ep=0763 frame=017 slot=09 J_F=   -15.50 meanZ=33.30 SoC=1.0000
ep=0763 frame=018 slot=09 J_F=   483.50 meanZ=33.78 SoC=1.0000
ep=0763 frame=019 slot=09 J_F=   456.10 meanZ=32.18 SoC=1.0000
ep=0763 frame=020 slot=09 J_F=   340.50 meanZ=32.52 SoC=1.0000
ep=0763 frame=021 slot=09 J_F=   521.40 meanZ=32.42 SoC=1.0000
ep=0763 frame=022 slot=09 J_F=  -255.10 meanZ=30.86 SoC=1.0000
ep=0763 frame=023 slot=09 J_F=   419.90 meanZ=30.64 SoC=1.0000
ep=0763 frame=024 slot=09 J_F=   312.50 meanZ=29.94 SoC=1.0000
ep=0763 frame=025 slot=09 J_F=   300.00 meanZ=30.82 SoC=1.0000
ep=0763 frame=026 slot=09 J_F=   464.40 meanZ=30.24 SoC=1.0000
ep=0763 frame=027 slot=09 J_F=    56.90 meanZ=30.98 SoC=1.0000
ep=0763 frame=028 slot=09 J_F=    82.40 meanZ=29.26 SoC=1.0000
ep=0763 frame=029 slot=09 J_F=   701.50 meanZ=30.12 SoC=1.0000
hppo_rsu 764/850 QoE=0.44033 stall=0.0947 139.39s
ep=0764 frame=000 slot=09 J_F= -2306.50 meanZ=88.46 SoC=1.0000
ep=0764 frame=001 slot=09 J_F= -2037.10 meanZ=80.84 SoC=1.0000
ep=0764 frame=002 slot=09 J_F= -1954.00 meanZ=72.50 SoC=1.0000
ep=0764 frame=003 slot=09 J_F=  -852.50 meanZ=66.60 SoC=1.0000
ep=0764 frame=004 slot=09 J_F=  -506.50 meanZ=60.20 SoC=1.0000
ep=0764 frame=005 slot=09 J_F=  -861.50 meanZ=53.12 SoC=1.0000
ep=0764 frame=006 slot=09 J_F=   469.90 meanZ=49.56 SoC=1.0000
ep=0764 frame=007 slot=09 J_F=   209.90 meanZ=47.08 SoC=1.0000
ep=0764 frame=008 slot=09 J_F=   -53.00 meanZ=43.94 SoC=1.0000
ep=0764 frame=009 slot=09 J_F=  1064.00 meanZ=43.94 SoC=1.0000
ep=0764 frame=010 slot=09 J_F=   205.50 meanZ=41.68 SoC=1.0000
ep=0764 frame=011 slot=09 J_F=    34.30 meanZ=40.20 SoC=1.0000
ep=0764 frame=012 slot=09 J_F=   180.00 meanZ=38.48 SoC=1.0000
ep=0764 frame=013 slot=09 J_F=   129.00 meanZ=37.16 SoC=1.0000
ep=0764 frame=014 slot=09 J_F=  -234.10 meanZ=36.20 SoC=1.0000
ep=0764 frame=015 slot=09 J_F=   179.80 meanZ=35.22 SoC=1.0000
ep=0764 frame=016 slot=09 J_F=   100.90 meanZ=34.02 SoC=1.0000
ep=0764 frame=017 slot=09 J_F=   659.40 meanZ=32.78 SoC=1.0000
ep=0764 frame=018 slot=09 J_F=   459.50 meanZ=32.74 SoC=1.0000
ep=0764 frame=019 slot=09 J_F=   168.50 meanZ=32.48 SoC=1.0000
ep=0764 frame=020 slot=09 J_F=    49.50 meanZ=32.20 SoC=1.0000
ep=0764 frame=021 slot=09 J_F=   134.30 meanZ=31.00 SoC=1.0000
ep=0764 frame=022 slot=09 J_F=   518.00 meanZ=31.00 SoC=1.0000
ep=0764 frame=023 slot=09 J_F=   667.90 meanZ=31.02 SoC=1.0000
ep=0764 frame=024 slot=09 J_F=   497.50 meanZ=30.30 SoC=1.0000
ep=0764 frame=025 slot=09 J_F=   785.00 meanZ=30.22 SoC=1.0000
ep=0764 frame=026 slot=09 J_F=   340.40 meanZ=31.76 SoC=1.0000
ep=0764 frame=027 slot=09 J_F=   326.90 meanZ=31.48 SoC=1.0000
ep=0764 frame=028 slot=09 J_F=   708.40 meanZ=30.94 SoC=1.0000
ep=0764 frame=029 slot=09 J_F=   186.40 meanZ=29.94 SoC=1.0000
hppo_rsu 765/850 QoE=0.40961 stall=0.1065 137.52s
ep=0765 frame=000 slot=09 J_F= -3551.10 meanZ=88.48 SoC=1.0000
ep=0765 frame=001 slot=09 J_F= -2007.50 meanZ=81.60 SoC=1.0000
ep=0765 frame=002 slot=09 J_F= -1982.50 meanZ=73.70 SoC=1.0000
ep=0765 frame=003 slot=09 J_F= -1127.60 meanZ=66.36 SoC=1.0000
ep=0765 frame=004 slot=09 J_F=  -247.10 meanZ=61.08 SoC=1.0000
ep=0765 frame=005 slot=09 J_F=  -505.60 meanZ=56.14 SoC=1.0000
ep=0765 frame=006 slot=09 J_F= -1012.10 meanZ=52.00 SoC=1.0000
ep=0765 frame=007 slot=09 J_F=   -83.10 meanZ=49.84 SoC=1.0000
ep=0765 frame=008 slot=09 J_F=  -205.00 meanZ=44.68 SoC=1.0000
ep=0765 frame=009 slot=09 J_F=   189.50 meanZ=41.66 SoC=1.0000
ep=0765 frame=010 slot=09 J_F=   143.40 meanZ=40.22 SoC=1.0000
ep=0765 frame=011 slot=09 J_F=    58.50 meanZ=38.12 SoC=1.0000
ep=0765 frame=012 slot=09 J_F=  -263.60 meanZ=35.40 SoC=1.0000
ep=0765 frame=013 slot=09 J_F=   447.40 meanZ=34.28 SoC=1.0000
ep=0765 frame=014 slot=09 J_F=   711.40 meanZ=33.60 SoC=1.0000
ep=0765 frame=015 slot=09 J_F=   235.40 meanZ=33.98 SoC=1.0000
ep=0765 frame=016 slot=09 J_F=   359.50 meanZ=33.14 SoC=1.0000
ep=0765 frame=017 slot=09 J_F=   484.80 meanZ=32.32 SoC=1.0000
ep=0765 frame=018 slot=09 J_F=   405.90 meanZ=32.34 SoC=1.0000
ep=0765 frame=019 slot=09 J_F=   467.80 meanZ=31.82 SoC=1.0000
ep=0765 frame=020 slot=09 J_F=   144.40 meanZ=31.24 SoC=1.0000
ep=0765 frame=021 slot=09 J_F=    41.00 meanZ=30.16 SoC=1.0000
ep=0765 frame=022 slot=09 J_F=   804.90 meanZ=30.18 SoC=1.0000
ep=0765 frame=023 slot=09 J_F=   504.90 meanZ=31.90 SoC=1.0000
ep=0765 frame=024 slot=09 J_F=   643.30 meanZ=31.94 SoC=1.0000
ep=0765 frame=025 slot=09 J_F=   449.90 meanZ=31.82 SoC=1.0000
ep=0765 frame=026 slot=09 J_F=   318.00 meanZ=31.96 SoC=1.0000
ep=0765 frame=027 slot=09 J_F=   458.40 meanZ=33.56 SoC=1.0000
ep=0765 frame=028 slot=09 J_F=  1177.90 meanZ=34.94 SoC=1.0000
ep=0765 frame=029 slot=09 J_F=   444.00 meanZ=35.56 SoC=1.0000
hppo_rsu 766/850 QoE=0.41099 stall=0.1027 139.37s
ep=0766 frame=000 slot=09 J_F= -3022.00 meanZ=88.52 SoC=1.0000
ep=0766 frame=001 slot=09 J_F= -1288.50 meanZ=81.10 SoC=1.0000
ep=0766 frame=002 slot=09 J_F= -2364.60 meanZ=73.72 SoC=1.0000
ep=0766 frame=003 slot=09 J_F= -1318.60 meanZ=66.92 SoC=1.0000
ep=0766 frame=004 slot=09 J_F=  -216.50 meanZ=62.28 SoC=1.0000
ep=0766 frame=005 slot=09 J_F=  -685.10 meanZ=56.96 SoC=1.0000
ep=0766 frame=006 slot=09 J_F=  -396.60 meanZ=52.50 SoC=1.0000
ep=0766 frame=007 slot=09 J_F=   363.40 meanZ=49.42 SoC=1.0000
ep=0766 frame=008 slot=09 J_F=   456.30 meanZ=47.32 SoC=1.0000
ep=0766 frame=009 slot=09 J_F=    -6.80 meanZ=44.36 SoC=1.0000
ep=0766 frame=010 slot=09 J_F=   354.00 meanZ=43.48 SoC=1.0000
ep=0766 frame=011 slot=09 J_F=     7.30 meanZ=41.76 SoC=1.0000
ep=0766 frame=012 slot=09 J_F=  -254.10 meanZ=40.20 SoC=1.0000
ep=0766 frame=013 slot=09 J_F=   380.90 meanZ=39.78 SoC=1.0000
ep=0766 frame=014 slot=09 J_F=   137.70 meanZ=39.28 SoC=1.0000
ep=0766 frame=015 slot=09 J_F=   704.40 meanZ=40.76 SoC=1.0000
ep=0766 frame=016 slot=09 J_F=   674.50 meanZ=39.92 SoC=1.0000
ep=0766 frame=017 slot=09 J_F=   -11.20 meanZ=38.44 SoC=1.0000
ep=0766 frame=018 slot=09 J_F=   -63.70 meanZ=35.50 SoC=1.0000
ep=0766 frame=019 slot=09 J_F=   278.00 meanZ=35.56 SoC=1.0000
ep=0766 frame=020 slot=09 J_F=   471.40 meanZ=35.22 SoC=1.0000
ep=0766 frame=021 slot=09 J_F=   340.40 meanZ=35.00 SoC=1.0000
ep=0766 frame=022 slot=09 J_F=   345.50 meanZ=34.78 SoC=1.0000
ep=0766 frame=023 slot=09 J_F=   172.30 meanZ=34.42 SoC=1.0000
ep=0766 frame=024 slot=09 J_F=   237.40 meanZ=35.00 SoC=1.0000
ep=0766 frame=025 slot=09 J_F=   504.70 meanZ=35.28 SoC=1.0000
ep=0766 frame=026 slot=09 J_F=   290.30 meanZ=34.06 SoC=1.0000
ep=0766 frame=027 slot=09 J_F=   766.70 meanZ=34.86 SoC=1.0000
ep=0766 frame=028 slot=09 J_F=   446.20 meanZ=34.50 SoC=1.0000
ep=0766 frame=029 slot=09 J_F=  -335.10 meanZ=33.60 SoC=1.0000
hppo_rsu 767/850 QoE=0.41754 stall=0.1027 137.35s
ep=0767 frame=000 slot=09 J_F= -3061.10 meanZ=88.56 SoC=1.0000
ep=0767 frame=001 slot=09 J_F= -1937.10 meanZ=80.08 SoC=1.0000
ep=0767 frame=002 slot=09 J_F= -1703.60 meanZ=72.24 SoC=1.0000
ep=0767 frame=003 slot=09 J_F= -1117.00 meanZ=65.42 SoC=1.0000
ep=0767 frame=004 slot=09 J_F=  -516.20 meanZ=57.96 SoC=1.0000
ep=0767 frame=005 slot=09 J_F=  -533.80 meanZ=52.52 SoC=1.0000
ep=0767 frame=006 slot=09 J_F=  -194.00 meanZ=49.38 SoC=1.0000
ep=0767 frame=007 slot=09 J_F=  -104.10 meanZ=46.78 SoC=1.0000
ep=0767 frame=008 slot=09 J_F=   -17.50 meanZ=43.68 SoC=1.0000
ep=0767 frame=009 slot=09 J_F=   445.90 meanZ=42.46 SoC=1.0000
ep=0767 frame=010 slot=09 J_F=    98.80 meanZ=38.52 SoC=1.0000
ep=0767 frame=011 slot=09 J_F=   682.00 meanZ=37.96 SoC=1.0000
ep=0767 frame=012 slot=09 J_F=   434.30 meanZ=37.80 SoC=1.0000
ep=0767 frame=013 slot=09 J_F=    34.40 meanZ=36.06 SoC=1.0000
ep=0767 frame=014 slot=09 J_F=   533.40 meanZ=34.82 SoC=1.0000
ep=0767 frame=015 slot=09 J_F=   545.50 meanZ=35.06 SoC=1.0000
ep=0767 frame=016 slot=09 J_F=   272.00 meanZ=35.04 SoC=1.0000
ep=0767 frame=017 slot=09 J_F=   227.40 meanZ=34.38 SoC=1.0000
ep=0767 frame=018 slot=09 J_F=   387.60 meanZ=34.12 SoC=1.0000
ep=0767 frame=019 slot=09 J_F=   357.90 meanZ=34.10 SoC=1.0000
ep=0767 frame=020 slot=09 J_F=   -92.90 meanZ=34.64 SoC=1.0000
ep=0767 frame=021 slot=09 J_F=   442.40 meanZ=33.44 SoC=1.0000
ep=0767 frame=022 slot=09 J_F=   266.00 meanZ=32.12 SoC=1.0000
ep=0767 frame=023 slot=09 J_F=   751.00 meanZ=31.72 SoC=1.0000
ep=0767 frame=024 slot=09 J_F=   429.40 meanZ=31.62 SoC=1.0000
ep=0767 frame=025 slot=09 J_F=   217.50 meanZ=31.70 SoC=1.0000
ep=0767 frame=026 slot=09 J_F=   654.40 meanZ=31.80 SoC=1.0000
ep=0767 frame=027 slot=09 J_F=   298.30 meanZ=30.12 SoC=1.0000
ep=0767 frame=028 slot=09 J_F=   384.90 meanZ=30.76 SoC=1.0000
ep=0767 frame=029 slot=09 J_F=   792.30 meanZ=31.66 SoC=1.0000
hppo_rsu 768/850 QoE=0.41492 stall=0.1042 139.17s
ep=0768 frame=000 slot=09 J_F= -3123.00 meanZ=88.00 SoC=1.0000
ep=0768 frame=001 slot=09 J_F= -2018.20 meanZ=80.18 SoC=1.0000
ep=0768 frame=002 slot=09 J_F= -1907.10 meanZ=71.80 SoC=1.0000
ep=0768 frame=003 slot=09 J_F=  -519.60 meanZ=64.30 SoC=1.0000
ep=0768 frame=004 slot=09 J_F=  -763.60 meanZ=57.50 SoC=1.0000
ep=0768 frame=005 slot=09 J_F=  -185.60 meanZ=52.66 SoC=1.0000
ep=0768 frame=006 slot=09 J_F=   529.90 meanZ=47.70 SoC=1.0000
ep=0768 frame=007 slot=09 J_F=  -383.60 meanZ=45.12 SoC=1.0000
ep=0768 frame=008 slot=09 J_F=   211.70 meanZ=43.30 SoC=1.0000
ep=0768 frame=009 slot=09 J_F=   512.90 meanZ=42.48 SoC=1.0000
ep=0768 frame=010 slot=09 J_F=   893.60 meanZ=41.60 SoC=1.0000
ep=0768 frame=011 slot=09 J_F=   370.90 meanZ=40.40 SoC=1.0000
ep=0768 frame=012 slot=09 J_F=   -64.10 meanZ=39.60 SoC=1.0000
ep=0768 frame=013 slot=09 J_F=   532.30 meanZ=39.96 SoC=1.0000
ep=0768 frame=014 slot=09 J_F=   474.90 meanZ=39.50 SoC=1.0000
ep=0768 frame=015 slot=09 J_F=  1056.00 meanZ=39.54 SoC=1.0000
ep=0768 frame=016 slot=09 J_F=  -134.10 meanZ=38.84 SoC=1.0000
ep=0768 frame=017 slot=09 J_F=   207.40 meanZ=38.54 SoC=1.0000
ep=0768 frame=018 slot=09 J_F=   -94.50 meanZ=37.48 SoC=1.0000
ep=0768 frame=019 slot=09 J_F=   488.00 meanZ=37.26 SoC=1.0000
ep=0768 frame=020 slot=09 J_F=   632.10 meanZ=35.86 SoC=1.0000
ep=0768 frame=021 slot=09 J_F=   515.50 meanZ=35.20 SoC=1.0000
ep=0768 frame=022 slot=09 J_F=   102.90 meanZ=35.90 SoC=1.0000
ep=0768 frame=023 slot=09 J_F=   305.90 meanZ=35.84 SoC=1.0000
ep=0768 frame=024 slot=09 J_F=   145.10 meanZ=35.60 SoC=1.0000
ep=0768 frame=025 slot=09 J_F=  -108.70 meanZ=33.54 SoC=1.0000
ep=0768 frame=026 slot=09 J_F=   217.40 meanZ=34.72 SoC=1.0000
ep=0768 frame=027 slot=09 J_F=   570.30 meanZ=34.24 SoC=1.0000
ep=0768 frame=028 slot=09 J_F=  -249.00 meanZ=32.52 SoC=1.0000
ep=0768 frame=029 slot=09 J_F=   317.50 meanZ=31.76 SoC=1.0000
hppo_rsu 769/850 QoE=0.37891 stall=0.1189 137.43s
ep=0769 frame=000 slot=09 J_F= -3317.60 meanZ=88.26 SoC=1.0000
ep=0769 frame=001 slot=09 J_F= -1551.10 meanZ=80.02 SoC=1.0000
ep=0769 frame=002 slot=09 J_F= -1017.60 meanZ=73.66 SoC=1.0000
ep=0769 frame=003 slot=09 J_F=  -937.00 meanZ=66.98 SoC=1.0000
ep=0769 frame=004 slot=09 J_F=  -880.50 meanZ=59.80 SoC=1.0000
ep=0769 frame=005 slot=09 J_F=    34.90 meanZ=56.34 SoC=1.0000
ep=0769 frame=006 slot=09 J_F=   280.90 meanZ=51.96 SoC=1.0000
ep=0769 frame=007 slot=09 J_F=   163.50 meanZ=49.36 SoC=1.0000
ep=0769 frame=008 slot=09 J_F=  -285.30 meanZ=45.98 SoC=1.0000
ep=0769 frame=009 slot=09 J_F=  -150.10 meanZ=43.94 SoC=1.0000
ep=0769 frame=010 slot=09 J_F=  -336.20 meanZ=41.38 SoC=1.0000
ep=0769 frame=011 slot=09 J_F=   208.00 meanZ=39.66 SoC=1.0000
ep=0769 frame=012 slot=09 J_F=  -397.10 meanZ=38.30 SoC=1.0000
ep=0769 frame=013 slot=09 J_F=   655.90 meanZ=37.24 SoC=1.0000
ep=0769 frame=014 slot=09 J_F=   427.50 meanZ=37.78 SoC=1.0000
ep=0769 frame=015 slot=09 J_F=   -40.10 meanZ=36.32 SoC=1.0000
ep=0769 frame=016 slot=09 J_F=   471.00 meanZ=35.94 SoC=1.0000
ep=0769 frame=017 slot=09 J_F=  -392.60 meanZ=34.80 SoC=1.0000
ep=0769 frame=018 slot=09 J_F=   121.90 meanZ=34.28 SoC=1.0000
ep=0769 frame=019 slot=09 J_F=  -202.60 meanZ=33.82 SoC=1.0000
ep=0769 frame=020 slot=09 J_F=   542.90 meanZ=33.52 SoC=1.0000
ep=0769 frame=021 slot=09 J_F=   187.90 meanZ=32.86 SoC=1.0000
ep=0769 frame=022 slot=09 J_F=   235.40 meanZ=31.78 SoC=1.0000
ep=0769 frame=023 slot=09 J_F=   283.80 meanZ=31.78 SoC=1.0000
ep=0769 frame=024 slot=09 J_F=   409.40 meanZ=31.24 SoC=1.0000
ep=0769 frame=025 slot=09 J_F=    42.50 meanZ=32.24 SoC=1.0000
ep=0769 frame=026 slot=09 J_F=    98.90 meanZ=31.70 SoC=1.0000
ep=0769 frame=027 slot=09 J_F=   316.20 meanZ=32.66 SoC=1.0000
ep=0769 frame=028 slot=09 J_F=   649.40 meanZ=32.78 SoC=1.0000
ep=0769 frame=029 slot=09 J_F=   141.50 meanZ=33.00 SoC=1.0000
hppo_rsu 770/850 QoE=0.38723 stall=0.1154 139.52s
ep=0770 frame=000 slot=09 J_F= -3788.60 meanZ=88.02 SoC=1.0000
ep=0770 frame=001 slot=09 J_F= -1675.50 meanZ=80.74 SoC=1.0000
ep=0770 frame=002 slot=09 J_F= -1574.80 meanZ=73.70 SoC=1.0000
ep=0770 frame=003 slot=09 J_F=  -614.40 meanZ=67.06 SoC=1.0000
ep=0770 frame=004 slot=09 J_F=  -371.10 meanZ=60.94 SoC=1.0000
ep=0770 frame=005 slot=09 J_F= -1021.10 meanZ=54.24 SoC=1.0000
ep=0770 frame=006 slot=09 J_F=  -562.30 meanZ=48.72 SoC=1.0000
ep=0770 frame=007 slot=09 J_F=  -208.30 meanZ=44.94 SoC=1.0000
ep=0770 frame=008 slot=09 J_F=   -33.10 meanZ=41.56 SoC=1.0000
ep=0770 frame=009 slot=09 J_F=   258.50 meanZ=39.48 SoC=1.0000
ep=0770 frame=010 slot=09 J_F=   288.50 meanZ=38.94 SoC=1.0000
ep=0770 frame=011 slot=09 J_F=  -562.40 meanZ=36.86 SoC=1.0000
ep=0770 frame=012 slot=09 J_F=    56.00 meanZ=34.68 SoC=1.0000
ep=0770 frame=013 slot=09 J_F=   226.80 meanZ=33.80 SoC=1.0000
ep=0770 frame=014 slot=09 J_F=   584.50 meanZ=33.92 SoC=1.0000
ep=0770 frame=015 slot=09 J_F=   177.40 meanZ=34.54 SoC=1.0000
ep=0770 frame=016 slot=09 J_F=   875.70 meanZ=35.40 SoC=1.0000
ep=0770 frame=017 slot=09 J_F=   141.50 meanZ=33.80 SoC=1.0000
ep=0770 frame=018 slot=09 J_F=   362.00 meanZ=34.36 SoC=1.0000
ep=0770 frame=019 slot=09 J_F=    77.30 meanZ=33.34 SoC=1.0000
ep=0770 frame=020 slot=09 J_F=   630.30 meanZ=34.22 SoC=1.0000
ep=0770 frame=021 slot=09 J_F=   368.30 meanZ=33.08 SoC=1.0000
ep=0770 frame=022 slot=09 J_F=   524.00 meanZ=31.80 SoC=1.0000
ep=0770 frame=023 slot=09 J_F=   627.30 meanZ=32.50 SoC=1.0000
ep=0770 frame=024 slot=09 J_F=   569.00 meanZ=32.44 SoC=1.0000
ep=0770 frame=025 slot=09 J_F=   324.00 meanZ=31.36 SoC=1.0000
ep=0770 frame=026 slot=09 J_F=   209.60 meanZ=30.36 SoC=1.0000
ep=0770 frame=027 slot=09 J_F=   395.50 meanZ=30.82 SoC=1.0000
ep=0770 frame=028 slot=09 J_F=   410.40 meanZ=30.04 SoC=1.0000
ep=0770 frame=029 slot=09 J_F=   350.20 meanZ=30.32 SoC=1.0000
hppo_rsu 771/850 QoE=0.49564 stall=0.0754 137.35s
ep=0771 frame=000 slot=09 J_F= -2943.60 meanZ=88.18 SoC=1.0000
ep=0771 frame=001 slot=09 J_F=  -978.10 meanZ=81.68 SoC=1.0000
ep=0771 frame=002 slot=09 J_F=  -819.60 meanZ=74.68 SoC=1.0000
ep=0771 frame=003 slot=09 J_F=  -589.10 meanZ=68.76 SoC=1.0000
ep=0771 frame=004 slot=09 J_F=  -823.00 meanZ=62.24 SoC=1.0000
ep=0771 frame=005 slot=09 J_F=   112.90 meanZ=58.32 SoC=1.0000
ep=0771 frame=006 slot=09 J_F=  -603.00 meanZ=53.94 SoC=1.0000
ep=0771 frame=007 slot=09 J_F=   311.90 meanZ=50.50 SoC=1.0000
ep=0771 frame=008 slot=09 J_F=  -459.60 meanZ=46.78 SoC=1.0000
ep=0771 frame=009 slot=09 J_F=    98.40 meanZ=42.88 SoC=1.0000
ep=0771 frame=010 slot=09 J_F=  -937.10 meanZ=39.44 SoC=1.0000
ep=0771 frame=011 slot=09 J_F=   -92.60 meanZ=37.70 SoC=1.0000
ep=0771 frame=012 slot=09 J_F=   764.90 meanZ=36.72 SoC=1.0000
ep=0771 frame=013 slot=09 J_F=    56.40 meanZ=36.30 SoC=1.0000
ep=0771 frame=014 slot=09 J_F=   668.40 meanZ=35.02 SoC=1.0000
ep=0771 frame=015 slot=09 J_F=   -10.60 meanZ=34.22 SoC=1.0000
ep=0771 frame=016 slot=09 J_F=   249.00 meanZ=34.58 SoC=1.0000
ep=0771 frame=017 slot=09 J_F=   117.40 meanZ=35.36 SoC=1.0000
ep=0771 frame=018 slot=09 J_F=   285.30 meanZ=35.06 SoC=1.0000
ep=0771 frame=019 slot=09 J_F=   472.50 meanZ=34.72 SoC=1.0000
ep=0771 frame=020 slot=09 J_F=   513.90 meanZ=35.12 SoC=1.0000
ep=0771 frame=021 slot=09 J_F=   107.10 meanZ=35.24 SoC=1.0000
ep=0771 frame=022 slot=09 J_F=   343.60 meanZ=34.56 SoC=1.0000
ep=0771 frame=023 slot=09 J_F=   484.30 meanZ=33.82 SoC=1.0000
ep=0771 frame=024 slot=09 J_F=   104.40 meanZ=33.78 SoC=1.0000
ep=0771 frame=025 slot=09 J_F=   653.00 meanZ=34.82 SoC=1.0000
ep=0771 frame=026 slot=09 J_F=   -63.60 meanZ=32.62 SoC=1.0000
ep=0771 frame=027 slot=09 J_F=   457.40 meanZ=33.66 SoC=1.0000
ep=0771 frame=028 slot=09 J_F=   756.00 meanZ=34.76 SoC=1.0000
ep=0771 frame=029 slot=09 J_F=  -399.40 meanZ=34.08 SoC=1.0000
hppo_rsu 772/850 QoE=0.39829 stall=0.1105 139.39s
ep=0772 frame=000 slot=09 J_F= -3078.00 meanZ=88.54 SoC=1.0000
ep=0772 frame=001 slot=09 J_F= -1714.60 meanZ=81.50 SoC=1.0000
ep=0772 frame=002 slot=09 J_F=  -343.50 meanZ=76.18 SoC=1.0000
ep=0772 frame=003 slot=09 J_F= -1336.10 meanZ=69.54 SoC=1.0000
ep=0772 frame=004 slot=09 J_F=  -561.00 meanZ=64.96 SoC=1.0000
ep=0772 frame=005 slot=09 J_F=  -140.00 meanZ=60.06 SoC=1.0000
ep=0772 frame=006 slot=09 J_F=  -542.00 meanZ=55.92 SoC=1.0000
ep=0772 frame=007 slot=09 J_F=  -243.60 meanZ=50.62 SoC=1.0000
ep=0772 frame=008 slot=09 J_F=   264.40 meanZ=47.82 SoC=1.0000
ep=0772 frame=009 slot=09 J_F=    12.50 meanZ=45.42 SoC=1.0000
ep=0772 frame=010 slot=09 J_F=   263.40 meanZ=41.76 SoC=1.0000
ep=0772 frame=011 slot=09 J_F=   123.40 meanZ=39.74 SoC=1.0000
ep=0772 frame=012 slot=09 J_F=   277.50 meanZ=40.46 SoC=1.0000
ep=0772 frame=013 slot=09 J_F=   171.50 meanZ=38.08 SoC=1.0000
ep=0772 frame=014 slot=09 J_F=   489.40 meanZ=37.54 SoC=1.0000
ep=0772 frame=015 slot=09 J_F=   426.70 meanZ=36.84 SoC=1.0000
ep=0772 frame=016 slot=09 J_F=   651.40 meanZ=36.98 SoC=1.0000
ep=0772 frame=017 slot=09 J_F=    42.40 meanZ=36.46 SoC=1.0000
ep=0772 frame=018 slot=09 J_F=   299.40 meanZ=36.02 SoC=1.0000
ep=0772 frame=019 slot=09 J_F=    53.00 meanZ=35.60 SoC=1.0000
ep=0772 frame=020 slot=09 J_F=   299.50 meanZ=34.18 SoC=1.0000
ep=0772 frame=021 slot=09 J_F=   246.00 meanZ=32.48 SoC=1.0000
ep=0772 frame=022 slot=09 J_F=   161.20 meanZ=32.18 SoC=1.0000
ep=0772 frame=023 slot=09 J_F=   653.00 meanZ=32.38 SoC=1.0000
ep=0772 frame=024 slot=09 J_F=   778.50 meanZ=34.18 SoC=1.0000
ep=0772 frame=025 slot=09 J_F=    55.70 meanZ=33.64 SoC=1.0000
ep=0772 frame=026 slot=09 J_F=   491.00 meanZ=33.60 SoC=1.0000
ep=0772 frame=027 slot=09 J_F=  -118.00 meanZ=33.60 SoC=1.0000
ep=0772 frame=028 slot=09 J_F=   372.50 meanZ=32.74 SoC=1.0000
ep=0772 frame=029 slot=09 J_F=   183.20 meanZ=32.30 SoC=1.0000
hppo_rsu 773/850 QoE=0.38752 stall=0.1145 137.23s
ep=0773 frame=000 slot=09 J_F= -3776.60 meanZ=87.54 SoC=1.0000
ep=0773 frame=001 slot=09 J_F=  -726.10 meanZ=80.96 SoC=1.0000
ep=0773 frame=002 slot=09 J_F= -1319.00 meanZ=74.88 SoC=1.0000
ep=0773 frame=003 slot=09 J_F=  -292.50 meanZ=68.32 SoC=1.0000
ep=0773 frame=004 slot=09 J_F=    89.40 meanZ=62.50 SoC=1.0000
ep=0773 frame=005 slot=09 J_F=  -199.60 meanZ=56.36 SoC=1.0000
ep=0773 frame=006 slot=09 J_F=     8.80 meanZ=52.72 SoC=1.0000
ep=0773 frame=007 slot=09 J_F=   302.50 meanZ=50.10 SoC=1.0000
ep=0773 frame=008 slot=09 J_F=  -105.10 meanZ=46.72 SoC=1.0000
ep=0773 frame=009 slot=09 J_F=   521.90 meanZ=45.16 SoC=1.0000
ep=0773 frame=010 slot=09 J_F=   154.90 meanZ=43.20 SoC=1.0000
ep=0773 frame=011 slot=09 J_F=   323.40 meanZ=41.62 SoC=1.0000
ep=0773 frame=012 slot=09 J_F=   -26.40 meanZ=41.18 SoC=1.0000
ep=0773 frame=013 slot=09 J_F=  -233.10 meanZ=39.12 SoC=1.0000
ep=0773 frame=014 slot=09 J_F=  -158.00 meanZ=37.40 SoC=1.0000
ep=0773 frame=015 slot=09 J_F=   448.40 meanZ=37.74 SoC=1.0000
ep=0773 frame=016 slot=09 J_F=   355.50 meanZ=36.70 SoC=1.0000
ep=0773 frame=017 slot=09 J_F=   432.00 meanZ=36.42 SoC=1.0000
ep=0773 frame=018 slot=09 J_F=   -43.30 meanZ=35.56 SoC=1.0000
ep=0773 frame=019 slot=09 J_F=   536.30 meanZ=36.20 SoC=1.0000
ep=0773 frame=020 slot=09 J_F=   293.40 meanZ=35.48 SoC=1.0000
ep=0773 frame=021 slot=09 J_F=   565.30 meanZ=35.54 SoC=1.0000
ep=0773 frame=022 slot=09 J_F=   426.90 meanZ=35.54 SoC=1.0000
ep=0773 frame=023 slot=09 J_F=   -83.40 meanZ=33.86 SoC=1.0000
ep=0773 frame=024 slot=09 J_F=   712.00 meanZ=33.26 SoC=1.0000
ep=0773 frame=025 slot=09 J_F=   455.20 meanZ=33.34 SoC=1.0000
ep=0773 frame=026 slot=09 J_F=   214.00 meanZ=32.88 SoC=1.0000
ep=0773 frame=027 slot=09 J_F=   -20.10 meanZ=32.38 SoC=1.0000
ep=0773 frame=028 slot=09 J_F=   529.50 meanZ=31.78 SoC=1.0000
ep=0773 frame=029 slot=09 J_F=   583.90 meanZ=32.28 SoC=1.0000
hppo_rsu 774/850 QoE=0.44285 stall=0.0927 138.98s
ep=0774 frame=000 slot=09 J_F= -2568.00 meanZ=88.60 SoC=1.0000
ep=0774 frame=001 slot=09 J_F= -1599.20 meanZ=81.36 SoC=1.0000
ep=0774 frame=002 slot=09 J_F=  -403.60 meanZ=76.04 SoC=1.0000
ep=0774 frame=003 slot=09 J_F=  -622.50 meanZ=71.08 SoC=1.0000
ep=0774 frame=004 slot=09 J_F=  -943.60 meanZ=65.06 SoC=1.0000
ep=0774 frame=005 slot=09 J_F=   366.00 meanZ=61.84 SoC=1.0000
ep=0774 frame=006 slot=09 J_F=  -899.10 meanZ=55.66 SoC=1.0000
ep=0774 frame=007 slot=09 J_F=  -259.00 meanZ=51.62 SoC=1.0000
ep=0774 frame=008 slot=09 J_F=  -608.10 meanZ=47.60 SoC=1.0000
ep=0774 frame=009 slot=09 J_F=   117.50 meanZ=43.50 SoC=1.0000
ep=0774 frame=010 slot=09 J_F=   572.10 meanZ=41.62 SoC=1.0000
ep=0774 frame=011 slot=09 J_F=  -131.00 meanZ=39.74 SoC=1.0000
ep=0774 frame=012 slot=09 J_F=   277.50 meanZ=39.16 SoC=1.0000
ep=0774 frame=013 slot=09 J_F=   322.40 meanZ=38.54 SoC=1.0000
ep=0774 frame=014 slot=09 J_F=   212.20 meanZ=38.58 SoC=1.0000
ep=0774 frame=015 slot=09 J_F=   361.40 meanZ=37.74 SoC=1.0000
ep=0774 frame=016 slot=09 J_F=   241.00 meanZ=36.66 SoC=1.0000
ep=0774 frame=017 slot=09 J_F=   149.90 meanZ=36.58 SoC=1.0000
ep=0774 frame=018 slot=09 J_F=   555.50 meanZ=37.64 SoC=1.0000
ep=0774 frame=019 slot=09 J_F=  -132.80 meanZ=37.32 SoC=1.0000
ep=0774 frame=020 slot=09 J_F=   508.40 meanZ=36.18 SoC=1.0000
ep=0774 frame=021 slot=09 J_F=   485.70 meanZ=36.72 SoC=1.0000
ep=0774 frame=022 slot=09 J_F=  -304.50 meanZ=35.72 SoC=1.0000
ep=0774 frame=023 slot=09 J_F=  1027.90 meanZ=35.06 SoC=1.0000
ep=0774 frame=024 slot=09 J_F=  -291.10 meanZ=33.98 SoC=1.0000
ep=0774 frame=025 slot=09 J_F=   154.00 meanZ=32.70 SoC=1.0000
ep=0774 frame=026 slot=09 J_F=   781.00 meanZ=35.46 SoC=1.0000
ep=0774 frame=027 slot=09 J_F=    70.40 meanZ=34.90 SoC=1.0000
ep=0774 frame=028 slot=09 J_F=   321.50 meanZ=34.42 SoC=1.0000
ep=0774 frame=029 slot=09 J_F=   291.00 meanZ=34.42 SoC=1.0000
ep=1000000 frame=000 slot=09 J_F= -2509.10 meanZ=88.86 SoC=1.0000
ep=1000000 frame=001 slot=09 J_F= -1448.50 meanZ=80.84 SoC=1.0000
ep=1000000 frame=002 slot=09 J_F= -1764.50 meanZ=73.38 SoC=1.0000
ep=1000000 frame=003 slot=09 J_F=  -870.10 meanZ=65.96 SoC=1.0000
ep=1000000 frame=004 slot=09 J_F= -1065.10 meanZ=60.02 SoC=1.0000
ep=1000000 frame=005 slot=09 J_F=    54.00 meanZ=53.78 SoC=1.0000
ep=1000000 frame=006 slot=09 J_F=   139.40 meanZ=48.24 SoC=1.0000
ep=1000000 frame=007 slot=09 J_F=   284.30 meanZ=45.38 SoC=1.0000
ep=1000000 frame=008 slot=09 J_F=  -112.00 meanZ=41.70 SoC=1.0000
ep=1000000 frame=009 slot=09 J_F=   271.10 meanZ=39.14 SoC=1.0000
ep=1000000 frame=010 slot=09 J_F=   154.80 meanZ=37.34 SoC=1.0000
ep=1000000 frame=011 slot=09 J_F=   127.60 meanZ=35.98 SoC=1.0000
ep=1000000 frame=012 slot=09 J_F=    44.30 meanZ=34.78 SoC=1.0000
ep=1000000 frame=013 slot=09 J_F=   111.30 meanZ=34.34 SoC=1.0000
ep=1000000 frame=014 slot=09 J_F=   684.40 meanZ=33.86 SoC=1.0000
ep=1000000 frame=015 slot=09 J_F=   106.30 meanZ=33.60 SoC=1.0000
ep=1000000 frame=016 slot=09 J_F=   159.90 meanZ=32.54 SoC=1.0000
ep=1000000 frame=017 slot=09 J_F=   193.40 meanZ=31.82 SoC=1.0000
ep=1000000 frame=018 slot=09 J_F=  -132.70 meanZ=30.74 SoC=1.0000
ep=1000000 frame=019 slot=09 J_F=   137.80 meanZ=31.28 SoC=1.0000
ep=1000000 frame=020 slot=09 J_F=  1315.00 meanZ=33.72 SoC=1.0000
ep=1000000 frame=021 slot=09 J_F=   505.30 meanZ=33.70 SoC=1.0000
ep=1000000 frame=022 slot=09 J_F=   626.30 meanZ=34.34 SoC=1.0000
ep=1000000 frame=023 slot=09 J_F=   386.80 meanZ=33.72 SoC=1.0000
ep=1000000 frame=024 slot=09 J_F=   259.80 meanZ=33.78 SoC=1.0000
ep=1000000 frame=025 slot=09 J_F=   644.80 meanZ=32.36 SoC=1.0000
ep=1000000 frame=026 slot=09 J_F=   276.50 meanZ=32.48 SoC=1.0000
ep=1000000 frame=027 slot=09 J_F=   443.40 meanZ=32.28 SoC=1.0000
ep=1000000 frame=028 slot=09 J_F=   234.30 meanZ=32.74 SoC=1.0000
ep=1000000 frame=029 slot=09 J_F=   646.50 meanZ=33.00 SoC=1.0000
ep=1000001 frame=000 slot=09 J_F= -2415.60 meanZ=88.66 SoC=1.0000
ep=1000001 frame=001 slot=09 J_F=  -977.50 meanZ=82.16 SoC=1.0000
ep=1000001 frame=002 slot=09 J_F=  -994.10 meanZ=75.60 SoC=1.0000
ep=1000001 frame=003 slot=09 J_F=  -616.10 meanZ=68.94 SoC=1.0000
ep=1000001 frame=004 slot=09 J_F= -1323.00 meanZ=60.34 SoC=1.0000
ep=1000001 frame=005 slot=09 J_F=  -325.10 meanZ=53.70 SoC=1.0000
ep=1000001 frame=006 slot=09 J_F=  -892.70 meanZ=46.90 SoC=1.0000
ep=1000001 frame=007 slot=09 J_F=    21.00 meanZ=42.78 SoC=1.0000
ep=1000001 frame=008 slot=09 J_F=   319.80 meanZ=39.96 SoC=1.0000
ep=1000001 frame=009 slot=09 J_F=  -469.30 meanZ=36.86 SoC=1.0000
ep=1000001 frame=010 slot=09 J_F=   201.80 meanZ=34.40 SoC=1.0000
ep=1000001 frame=011 slot=09 J_F=    82.80 meanZ=33.28 SoC=1.0000
ep=1000001 frame=012 slot=09 J_F=   202.70 meanZ=32.72 SoC=1.0000
ep=1000001 frame=013 slot=09 J_F=   596.30 meanZ=31.66 SoC=1.0000
ep=1000001 frame=014 slot=09 J_F=   896.80 meanZ=33.32 SoC=1.0000
ep=1000001 frame=015 slot=09 J_F=   243.00 meanZ=33.50 SoC=1.0000
ep=1000001 frame=016 slot=09 J_F=   140.50 meanZ=32.30 SoC=1.0000
ep=1000001 frame=017 slot=09 J_F=   349.80 meanZ=31.56 SoC=1.0000
ep=1000001 frame=018 slot=09 J_F=   964.30 meanZ=32.50 SoC=1.0000
ep=1000001 frame=019 slot=09 J_F=   626.20 meanZ=32.66 SoC=1.0000
ep=1000001 frame=020 slot=09 J_F=   343.80 meanZ=31.98 SoC=1.0000
ep=1000001 frame=021 slot=09 J_F=   287.20 meanZ=31.68 SoC=1.0000
ep=1000001 frame=022 slot=09 J_F=   547.30 meanZ=31.94 SoC=1.0000
ep=1000001 frame=023 slot=09 J_F=   608.80 meanZ=32.92 SoC=1.0000
ep=1000001 frame=024 slot=09 J_F=   481.20 meanZ=33.16 SoC=1.0000
ep=1000001 frame=025 slot=09 J_F=   -26.30 meanZ=32.02 SoC=1.0000
ep=1000001 frame=026 slot=09 J_F=   411.60 meanZ=32.06 SoC=1.0000
ep=1000001 frame=027 slot=09 J_F=   245.30 meanZ=32.20 SoC=1.0000
ep=1000001 frame=028 slot=09 J_F=   444.30 meanZ=31.40 SoC=1.0000
ep=1000001 frame=029 slot=09 J_F=   495.50 meanZ=31.50 SoC=1.0000
ep=1000002 frame=000 slot=09 J_F= -1864.00 meanZ=89.60 SoC=1.0000
ep=1000002 frame=001 slot=09 J_F= -2481.00 meanZ=82.06 SoC=1.0000
ep=1000002 frame=002 slot=09 J_F= -1464.10 meanZ=73.76 SoC=1.0000
ep=1000002 frame=003 slot=09 J_F=  -945.00 meanZ=67.06 SoC=1.0000
ep=1000002 frame=004 slot=09 J_F=  -395.00 meanZ=60.90 SoC=1.0000
ep=1000002 frame=005 slot=09 J_F=     3.90 meanZ=54.78 SoC=1.0000
ep=1000002 frame=006 slot=09 J_F=  -318.10 meanZ=50.48 SoC=1.0000
ep=1000002 frame=007 slot=09 J_F=   152.00 meanZ=47.42 SoC=1.0000
ep=1000002 frame=008 slot=09 J_F=  -321.10 meanZ=43.26 SoC=1.0000
ep=1000002 frame=009 slot=09 J_F=  -321.20 meanZ=38.96 SoC=1.0000
ep=1000002 frame=010 slot=09 J_F=   147.40 meanZ=36.64 SoC=1.0000
ep=1000002 frame=011 slot=09 J_F=   119.50 meanZ=34.72 SoC=1.0000
ep=1000002 frame=012 slot=09 J_F=    65.70 meanZ=33.62 SoC=1.0000
ep=1000002 frame=013 slot=09 J_F=   236.30 meanZ=32.30 SoC=1.0000
ep=1000002 frame=014 slot=09 J_F=   265.30 meanZ=31.64 SoC=1.0000
ep=1000002 frame=015 slot=09 J_F=   424.30 meanZ=31.20 SoC=1.0000
ep=1000002 frame=016 slot=09 J_F=   497.10 meanZ=31.98 SoC=1.0000
ep=1000002 frame=017 slot=09 J_F=  -111.20 meanZ=32.00 SoC=1.0000
ep=1000002 frame=018 slot=09 J_F=   315.40 meanZ=30.80 SoC=1.0000
ep=1000002 frame=019 slot=09 J_F=    30.40 meanZ=31.00 SoC=1.0000
ep=1000002 frame=020 slot=09 J_F=   498.40 meanZ=30.64 SoC=1.0000
ep=1000002 frame=021 slot=09 J_F=   411.40 meanZ=30.86 SoC=1.0000
ep=1000002 frame=022 slot=09 J_F=   479.40 meanZ=31.44 SoC=1.0000
ep=1000002 frame=023 slot=09 J_F=   727.50 meanZ=31.98 SoC=1.0000
ep=1000002 frame=024 slot=09 J_F=   324.40 meanZ=31.98 SoC=1.0000
ep=1000002 frame=025 slot=09 J_F=   623.50 meanZ=32.64 SoC=1.0000
ep=1000002 frame=026 slot=09 J_F=   219.90 meanZ=32.44 SoC=1.0000
ep=1000002 frame=027 slot=09 J_F=   480.40 meanZ=31.60 SoC=1.0000
ep=1000002 frame=028 slot=09 J_F=  -122.60 meanZ=32.44 SoC=1.0000
ep=1000002 frame=029 slot=09 J_F=   305.40 meanZ=32.26 SoC=1.0000
ep=1000003 frame=000 slot=09 J_F= -3338.50 meanZ=88.58 SoC=1.0000
ep=1000003 frame=001 slot=09 J_F= -1299.60 meanZ=80.86 SoC=1.0000
ep=1000003 frame=002 slot=09 J_F= -1692.60 meanZ=73.96 SoC=1.0000
ep=1000003 frame=003 slot=09 J_F= -1215.10 meanZ=66.68 SoC=1.0000
ep=1000003 frame=004 slot=09 J_F=    25.50 meanZ=61.30 SoC=1.0000
ep=1000003 frame=005 slot=09 J_F= -1238.50 meanZ=55.10 SoC=1.0000
ep=1000003 frame=006 slot=09 J_F=  -304.10 meanZ=49.44 SoC=1.0000
ep=1000003 frame=007 slot=09 J_F=   770.10 meanZ=47.68 SoC=1.0000
ep=1000003 frame=008 slot=09 J_F=    59.00 meanZ=45.60 SoC=1.0000
ep=1000003 frame=009 slot=09 J_F=    16.50 meanZ=44.38 SoC=1.0000
ep=1000003 frame=010 slot=09 J_F=   211.40 meanZ=41.58 SoC=1.0000
ep=1000003 frame=011 slot=09 J_F=  -120.00 meanZ=39.46 SoC=1.0000
ep=1000003 frame=012 slot=09 J_F=   361.30 meanZ=38.74 SoC=1.0000
ep=1000003 frame=013 slot=09 J_F=   463.00 meanZ=37.62 SoC=1.0000
ep=1000003 frame=014 slot=09 J_F=   143.50 meanZ=36.72 SoC=1.0000
ep=1000003 frame=015 slot=09 J_F=   363.40 meanZ=36.52 SoC=1.0000
ep=1000003 frame=016 slot=09 J_F=   224.50 meanZ=35.40 SoC=1.0000
ep=1000003 frame=017 slot=09 J_F=   337.90 meanZ=36.02 SoC=1.0000
ep=1000003 frame=018 slot=09 J_F=  -172.00 meanZ=34.56 SoC=1.0000
ep=1000003 frame=019 slot=09 J_F=   306.40 meanZ=33.78 SoC=1.0000
ep=1000003 frame=020 slot=09 J_F=   807.90 meanZ=33.74 SoC=1.0000
ep=1000003 frame=021 slot=09 J_F=   316.00 meanZ=33.68 SoC=1.0000
ep=1000003 frame=022 slot=09 J_F=    33.30 meanZ=31.82 SoC=1.0000
ep=1000003 frame=023 slot=09 J_F=   469.30 meanZ=32.20 SoC=1.0000
ep=1000003 frame=024 slot=09 J_F=   243.70 meanZ=33.54 SoC=1.0000
ep=1000003 frame=025 slot=09 J_F=   508.80 meanZ=34.28 SoC=1.0000
ep=1000003 frame=026 slot=09 J_F=   363.80 meanZ=35.22 SoC=1.0000
ep=1000003 frame=027 slot=09 J_F=    38.00 meanZ=35.74 SoC=1.0000
ep=1000003 frame=028 slot=09 J_F=   398.70 meanZ=36.24 SoC=1.0000
ep=1000003 frame=029 slot=09 J_F=   846.00 meanZ=35.52 SoC=1.0000
ep=1000004 frame=000 slot=09 J_F= -2808.60 meanZ=88.12 SoC=1.0000
ep=1000004 frame=001 slot=09 J_F= -1467.50 meanZ=81.42 SoC=1.0000
ep=1000004 frame=002 slot=09 J_F= -1441.60 meanZ=74.42 SoC=1.0000
ep=1000004 frame=003 slot=09 J_F= -1405.10 meanZ=67.14 SoC=1.0000
ep=1000004 frame=004 slot=09 J_F=  -569.50 meanZ=58.88 SoC=1.0000
ep=1000004 frame=005 slot=09 J_F=  -202.00 meanZ=53.04 SoC=1.0000
ep=1000004 frame=006 slot=09 J_F= -1263.10 meanZ=47.64 SoC=1.0000
ep=1000004 frame=007 slot=09 J_F=  -420.50 meanZ=42.90 SoC=1.0000
ep=1000004 frame=008 slot=09 J_F=  -500.60 meanZ=39.54 SoC=1.0000
ep=1000004 frame=009 slot=09 J_F=   381.50 meanZ=36.84 SoC=1.0000
ep=1000004 frame=010 slot=09 J_F=  -191.20 meanZ=35.14 SoC=1.0000
ep=1000004 frame=011 slot=09 J_F=  -154.00 meanZ=31.82 SoC=1.0000
ep=1000004 frame=012 slot=09 J_F=   237.40 meanZ=31.32 SoC=1.0000
ep=1000004 frame=013 slot=09 J_F=   768.80 meanZ=31.82 SoC=1.0000
ep=1000004 frame=014 slot=09 J_F=  -117.70 meanZ=31.44 SoC=1.0000
ep=1000004 frame=015 slot=09 J_F=   715.00 meanZ=31.28 SoC=1.0000
ep=1000004 frame=016 slot=09 J_F=   532.50 meanZ=30.74 SoC=1.0000
ep=1000004 frame=017 slot=09 J_F=   435.00 meanZ=33.22 SoC=1.0000
ep=1000004 frame=018 slot=09 J_F=   967.50 meanZ=33.66 SoC=1.0000
ep=1000004 frame=019 slot=09 J_F=   191.50 meanZ=33.18 SoC=1.0000
ep=1000004 frame=020 slot=09 J_F=  -138.70 meanZ=32.86 SoC=1.0000
ep=1000004 frame=021 slot=09 J_F=   508.40 meanZ=32.96 SoC=1.0000
ep=1000004 frame=022 slot=09 J_F=   686.50 meanZ=33.74 SoC=1.0000
ep=1000004 frame=023 slot=09 J_F=   352.90 meanZ=34.86 SoC=1.0000
ep=1000004 frame=024 slot=09 J_F=   363.90 meanZ=35.60 SoC=1.0000
ep=1000004 frame=025 slot=09 J_F=   133.80 meanZ=34.50 SoC=1.0000
ep=1000004 frame=026 slot=09 J_F=   731.50 meanZ=34.50 SoC=1.0000
ep=1000004 frame=027 slot=09 J_F=   488.80 meanZ=34.98 SoC=1.0000
ep=1000004 frame=028 slot=09 J_F=   -78.60 meanZ=34.90 SoC=1.0000
ep=1000004 frame=029 slot=09 J_F=   485.00 meanZ=35.02 SoC=1.0000
ep=1000005 frame=000 slot=09 J_F= -3275.60 meanZ=88.20 SoC=1.0000
ep=1000005 frame=001 slot=09 J_F= -1650.00 meanZ=80.92 SoC=1.0000
ep=1000005 frame=002 slot=09 J_F= -1806.00 meanZ=73.30 SoC=1.0000
ep=1000005 frame=003 slot=09 J_F=  -838.00 meanZ=66.02 SoC=1.0000
ep=1000005 frame=004 slot=09 J_F=  -945.00 meanZ=58.54 SoC=1.0000
ep=1000005 frame=005 slot=09 J_F=  -172.60 meanZ=53.46 SoC=1.0000
ep=1000005 frame=006 slot=09 J_F=   -96.20 meanZ=47.68 SoC=1.0000
ep=1000005 frame=007 slot=09 J_F=   268.20 meanZ=46.56 SoC=1.0000
ep=1000005 frame=008 slot=09 J_F=  -535.20 meanZ=42.94 SoC=1.0000
ep=1000005 frame=009 slot=09 J_F=   492.30 meanZ=41.84 SoC=1.0000
ep=1000005 frame=010 slot=09 J_F=   416.00 meanZ=39.44 SoC=1.0000
ep=1000005 frame=011 slot=09 J_F=   183.30 meanZ=39.32 SoC=1.0000
ep=1000005 frame=012 slot=09 J_F=   161.30 meanZ=38.58 SoC=1.0000
ep=1000005 frame=013 slot=09 J_F=  -130.10 meanZ=35.48 SoC=1.0000
ep=1000005 frame=014 slot=09 J_F=   752.80 meanZ=36.18 SoC=1.0000
ep=1000005 frame=015 slot=09 J_F=   437.50 meanZ=34.72 SoC=1.0000
ep=1000005 frame=016 slot=09 J_F=   403.50 meanZ=34.44 SoC=1.0000
ep=1000005 frame=017 slot=09 J_F=   343.30 meanZ=34.06 SoC=1.0000
ep=1000005 frame=018 slot=09 J_F=   536.80 meanZ=33.08 SoC=1.0000
ep=1000005 frame=019 slot=09 J_F=   136.20 meanZ=32.42 SoC=1.0000
ep=1000005 frame=020 slot=09 J_F=   538.30 meanZ=31.42 SoC=1.0000
ep=1000005 frame=021 slot=09 J_F=   306.00 meanZ=31.38 SoC=1.0000
ep=1000005 frame=022 slot=09 J_F=   239.30 meanZ=30.72 SoC=1.0000
ep=1000005 frame=023 slot=09 J_F=   427.00 meanZ=29.86 SoC=1.0000
ep=1000005 frame=024 slot=09 J_F=   532.50 meanZ=31.40 SoC=1.0000
ep=1000005 frame=025 slot=09 J_F=   380.90 meanZ=32.34 SoC=1.0000
ep=1000005 frame=026 slot=09 J_F=   484.80 meanZ=31.16 SoC=1.0000
ep=1000005 frame=027 slot=09 J_F=     9.70 meanZ=30.56 SoC=1.0000
ep=1000005 frame=028 slot=09 J_F=   330.80 meanZ=30.56 SoC=1.0000
ep=1000005 frame=029 slot=09 J_F=   465.20 meanZ=30.54 SoC=1.0000
ep=1000006 frame=000 slot=09 J_F= -1640.00 meanZ=89.04 SoC=1.0000
ep=1000006 frame=001 slot=09 J_F= -1143.60 meanZ=82.84 SoC=1.0000
ep=1000006 frame=002 slot=09 J_F= -1080.50 meanZ=75.78 SoC=1.0000
ep=1000006 frame=003 slot=09 J_F= -1246.00 meanZ=68.66 SoC=1.0000
ep=1000006 frame=004 slot=09 J_F=  -318.10 meanZ=61.58 SoC=1.0000
ep=1000006 frame=005 slot=09 J_F=   155.50 meanZ=57.16 SoC=1.0000
ep=1000006 frame=006 slot=09 J_F=  -731.70 meanZ=52.34 SoC=1.0000
ep=1000006 frame=007 slot=09 J_F=   141.40 meanZ=49.64 SoC=1.0000
ep=1000006 frame=008 slot=09 J_F=  -231.60 meanZ=45.90 SoC=1.0000
ep=1000006 frame=009 slot=09 J_F=  -503.20 meanZ=43.22 SoC=1.0000
ep=1000006 frame=010 slot=09 J_F=   636.80 meanZ=42.68 SoC=1.0000
ep=1000006 frame=011 slot=09 J_F=   -50.00 meanZ=40.76 SoC=1.0000
ep=1000006 frame=012 slot=09 J_F=   497.90 meanZ=38.74 SoC=1.0000
ep=1000006 frame=013 slot=09 J_F=   848.80 meanZ=40.04 SoC=1.0000
ep=1000006 frame=014 slot=09 J_F=    -6.00 meanZ=38.98 SoC=1.0000
ep=1000006 frame=015 slot=09 J_F=   171.50 meanZ=38.30 SoC=1.0000
ep=1000006 frame=016 slot=09 J_F=   593.50 meanZ=36.64 SoC=1.0000
ep=1000006 frame=017 slot=09 J_F=   136.80 meanZ=36.70 SoC=1.0000
ep=1000006 frame=018 slot=09 J_F=    33.40 meanZ=35.64 SoC=1.0000
ep=1000006 frame=019 slot=09 J_F=    77.70 meanZ=34.54 SoC=1.0000
ep=1000006 frame=020 slot=09 J_F=    21.50 meanZ=34.42 SoC=1.0000
ep=1000006 frame=021 slot=09 J_F=   794.30 meanZ=34.50 SoC=1.0000
ep=1000006 frame=022 slot=09 J_F=   224.90 meanZ=33.58 SoC=1.0000
ep=1000006 frame=023 slot=09 J_F=   152.50 meanZ=33.92 SoC=1.0000
ep=1000006 frame=024 slot=09 J_F=   520.00 meanZ=33.78 SoC=1.0000
ep=1000006 frame=025 slot=09 J_F=   410.40 meanZ=33.92 SoC=1.0000
ep=1000006 frame=026 slot=09 J_F=  -303.50 meanZ=33.94 SoC=1.0000
ep=1000006 frame=027 slot=09 J_F=   619.50 meanZ=34.38 SoC=1.0000
ep=1000006 frame=028 slot=09 J_F=   514.40 meanZ=33.98 SoC=1.0000
ep=1000006 frame=029 slot=09 J_F=   699.40 meanZ=34.00 SoC=1.0000
ep=1000007 frame=000 slot=09 J_F= -3482.10 meanZ=87.88 SoC=1.0000
ep=1000007 frame=001 slot=09 J_F= -1961.60 meanZ=79.62 SoC=1.0000
ep=1000007 frame=002 slot=09 J_F= -1993.50 meanZ=71.26 SoC=1.0000
ep=1000007 frame=003 slot=09 J_F=  -352.10 meanZ=64.74 SoC=1.0000
ep=1000007 frame=004 slot=09 J_F=  -910.10 meanZ=57.96 SoC=1.0000
ep=1000007 frame=005 slot=09 J_F=   185.00 meanZ=52.48 SoC=1.0000
ep=1000007 frame=006 slot=09 J_F=  -243.60 meanZ=46.98 SoC=1.0000
ep=1000007 frame=007 slot=09 J_F=   138.40 meanZ=43.72 SoC=1.0000
ep=1000007 frame=008 slot=09 J_F=   456.40 meanZ=42.52 SoC=1.0000
ep=1000007 frame=009 slot=09 J_F=   -45.00 meanZ=42.24 SoC=1.0000
ep=1000007 frame=010 slot=09 J_F=   127.40 meanZ=40.02 SoC=1.0000
ep=1000007 frame=011 slot=09 J_F=   309.90 meanZ=38.58 SoC=1.0000
ep=1000007 frame=012 slot=09 J_F=   337.30 meanZ=38.30 SoC=1.0000
ep=1000007 frame=013 slot=09 J_F=   588.40 meanZ=37.96 SoC=1.0000
ep=1000007 frame=014 slot=09 J_F=   188.80 meanZ=38.08 SoC=1.0000
ep=1000007 frame=015 slot=09 J_F=   135.50 meanZ=37.20 SoC=1.0000
ep=1000007 frame=016 slot=09 J_F=   514.00 meanZ=37.44 SoC=1.0000
ep=1000007 frame=017 slot=09 J_F=  -179.20 meanZ=37.38 SoC=1.0000
ep=1000007 frame=018 slot=09 J_F=   619.50 meanZ=37.48 SoC=1.0000
ep=1000007 frame=019 slot=09 J_F=   144.30 meanZ=36.70 SoC=1.0000
ep=1000007 frame=020 slot=09 J_F=   646.30 meanZ=37.04 SoC=1.0000
ep=1000007 frame=021 slot=09 J_F=   -97.70 meanZ=36.18 SoC=1.0000
ep=1000007 frame=022 slot=09 J_F=  -132.70 meanZ=33.98 SoC=1.0000
ep=1000007 frame=023 slot=09 J_F=   512.30 meanZ=35.08 SoC=1.0000
ep=1000007 frame=024 slot=09 J_F=    -6.50 meanZ=34.62 SoC=1.0000
ep=1000007 frame=025 slot=09 J_F=   443.30 meanZ=33.92 SoC=1.0000
ep=1000007 frame=026 slot=09 J_F=   213.50 meanZ=33.88 SoC=1.0000
ep=1000007 frame=027 slot=09 J_F=   582.50 meanZ=34.94 SoC=1.0000
ep=1000007 frame=028 slot=09 J_F=   463.50 meanZ=35.16 SoC=1.0000
ep=1000007 frame=029 slot=09 J_F=   211.00 meanZ=33.90 SoC=1.0000
ep=1000008 frame=000 slot=09 J_F= -3196.50 meanZ=87.64 SoC=1.0000
ep=1000008 frame=001 slot=09 J_F= -2375.10 meanZ=79.18 SoC=1.0000
ep=1000008 frame=002 slot=09 J_F= -1797.10 meanZ=71.42 SoC=1.0000
ep=1000008 frame=003 slot=09 J_F=  -464.50 meanZ=64.64 SoC=1.0000
ep=1000008 frame=004 slot=09 J_F=  -315.60 meanZ=58.60 SoC=1.0000
ep=1000008 frame=005 slot=09 J_F=   173.50 meanZ=52.78 SoC=1.0000
ep=1000008 frame=006 slot=09 J_F=   329.50 meanZ=50.14 SoC=1.0000
ep=1000008 frame=007 slot=09 J_F=  -134.10 meanZ=46.04 SoC=1.0000
ep=1000008 frame=008 slot=09 J_F=   277.50 meanZ=44.56 SoC=1.0000
ep=1000008 frame=009 slot=09 J_F=    78.40 meanZ=40.60 SoC=1.0000
ep=1000008 frame=010 slot=09 J_F=  -107.50 meanZ=38.50 SoC=1.0000
ep=1000008 frame=011 slot=09 J_F=    29.00 meanZ=38.04 SoC=1.0000
ep=1000008 frame=012 slot=09 J_F=  -104.60 meanZ=35.14 SoC=1.0000
ep=1000008 frame=013 slot=09 J_F=  -237.20 meanZ=34.38 SoC=1.0000
ep=1000008 frame=014 slot=09 J_F=   106.90 meanZ=33.50 SoC=1.0000
ep=1000008 frame=015 slot=09 J_F=   319.30 meanZ=32.68 SoC=1.0000
ep=1000008 frame=016 slot=09 J_F=   144.00 meanZ=32.12 SoC=1.0000
ep=1000008 frame=017 slot=09 J_F=   345.50 meanZ=32.32 SoC=1.0000
ep=1000008 frame=018 slot=09 J_F=   288.00 meanZ=31.84 SoC=1.0000
ep=1000008 frame=019 slot=09 J_F=    81.50 meanZ=31.00 SoC=1.0000
ep=1000008 frame=020 slot=09 J_F=    30.40 meanZ=29.86 SoC=1.0000
ep=1000008 frame=021 slot=09 J_F=   151.00 meanZ=29.26 SoC=1.0000
ep=1000008 frame=022 slot=09 J_F=   593.40 meanZ=29.18 SoC=1.0000
ep=1000008 frame=023 slot=09 J_F=   433.90 meanZ=29.94 SoC=1.0000
ep=1000008 frame=024 slot=09 J_F=   181.40 meanZ=30.70 SoC=1.0000
ep=1000008 frame=025 slot=09 J_F=   176.20 meanZ=29.36 SoC=1.0000
ep=1000008 frame=026 slot=09 J_F=   103.50 meanZ=29.02 SoC=1.0000
ep=1000008 frame=027 slot=09 J_F=   454.40 meanZ=28.36 SoC=1.0000
ep=1000008 frame=028 slot=09 J_F=   428.30 meanZ=27.84 SoC=1.0000
ep=1000008 frame=029 slot=09 J_F=   579.00 meanZ=28.60 SoC=1.0000
ep=1000009 frame=000 slot=09 J_F= -3526.10 meanZ=87.60 SoC=1.0000
ep=1000009 frame=001 slot=09 J_F= -1558.10 meanZ=80.70 SoC=1.0000
ep=1000009 frame=002 slot=09 J_F= -1517.60 meanZ=73.62 SoC=1.0000
ep=1000009 frame=003 slot=09 J_F= -1237.10 meanZ=65.88 SoC=1.0000
ep=1000009 frame=004 slot=09 J_F=  -707.60 meanZ=58.32 SoC=1.0000
ep=1000009 frame=005 slot=09 J_F=   -90.60 meanZ=52.52 SoC=1.0000
ep=1000009 frame=006 slot=09 J_F=   174.90 meanZ=48.50 SoC=1.0000
ep=1000009 frame=007 slot=09 J_F=  -411.10 meanZ=46.00 SoC=1.0000
ep=1000009 frame=008 slot=09 J_F=    79.00 meanZ=43.70 SoC=1.0000
ep=1000009 frame=009 slot=09 J_F=   446.50 meanZ=42.62 SoC=1.0000
ep=1000009 frame=010 slot=09 J_F=  -222.50 meanZ=41.88 SoC=1.0000
ep=1000009 frame=011 slot=09 J_F=   137.90 meanZ=39.66 SoC=1.0000
ep=1000009 frame=012 slot=09 J_F=   372.90 meanZ=39.46 SoC=1.0000
ep=1000009 frame=013 slot=09 J_F=   409.50 meanZ=38.02 SoC=1.0000
ep=1000009 frame=014 slot=09 J_F=   430.90 meanZ=35.82 SoC=1.0000
ep=1000009 frame=015 slot=09 J_F=   337.50 meanZ=35.88 SoC=1.0000
ep=1000009 frame=016 slot=09 J_F=   278.50 meanZ=35.16 SoC=1.0000
ep=1000009 frame=017 slot=09 J_F=   461.10 meanZ=34.90 SoC=1.0000
ep=1000009 frame=018 slot=09 J_F=   369.60 meanZ=35.86 SoC=1.0000
ep=1000009 frame=019 slot=09 J_F=   560.50 meanZ=36.42 SoC=1.0000
ep=1000009 frame=020 slot=09 J_F=   -73.40 meanZ=34.98 SoC=1.0000
ep=1000009 frame=021 slot=09 J_F=   421.50 meanZ=35.18 SoC=1.0000
ep=1000009 frame=022 slot=09 J_F=   -93.50 meanZ=34.68 SoC=1.0000
ep=1000009 frame=023 slot=09 J_F=   182.00 meanZ=33.86 SoC=1.0000
ep=1000009 frame=024 slot=09 J_F=   584.00 meanZ=32.62 SoC=1.0000
ep=1000009 frame=025 slot=09 J_F=   173.90 meanZ=32.08 SoC=1.0000
ep=1000009 frame=026 slot=09 J_F=   321.50 meanZ=33.04 SoC=1.0000
ep=1000009 frame=027 slot=09 J_F=   536.50 meanZ=33.16 SoC=1.0000
ep=1000009 frame=028 slot=09 J_F=   350.00 meanZ=32.00 SoC=1.0000
ep=1000009 frame=029 slot=09 J_F=   386.40 meanZ=31.18 SoC=1.0000
hppo_rsu 775/850 QoE=0.39849 stall=0.1088 140.00s
ep=0775 frame=000 slot=09 J_F= -2314.50 meanZ=88.72 SoC=1.0000
ep=0775 frame=001 slot=09 J_F=  -916.60 meanZ=82.28 SoC=1.0000
ep=0775 frame=002 slot=09 J_F= -2011.60 meanZ=75.08 SoC=1.0000
ep=0775 frame=003 slot=09 J_F= -1048.50 meanZ=69.76 SoC=1.0000
ep=0775 frame=004 slot=09 J_F=  -747.60 meanZ=63.28 SoC=1.0000
ep=0775 frame=005 slot=09 J_F=    56.00 meanZ=60.86 SoC=1.0000
ep=0775 frame=006 slot=09 J_F= -1116.00 meanZ=55.58 SoC=1.0000
ep=0775 frame=007 slot=09 J_F=   262.50 meanZ=51.80 SoC=1.0000
ep=0775 frame=008 slot=09 J_F=  -752.50 meanZ=47.32 SoC=1.0000
ep=0775 frame=009 slot=09 J_F=    90.40 meanZ=44.70 SoC=1.0000
ep=0775 frame=010 slot=09 J_F=   120.50 meanZ=42.12 SoC=1.0000
ep=0775 frame=011 slot=09 J_F=   -26.60 meanZ=39.56 SoC=1.0000
ep=0775 frame=012 slot=09 J_F=  -343.50 meanZ=38.26 SoC=1.0000
ep=0775 frame=013 slot=09 J_F=  -261.60 meanZ=35.42 SoC=1.0000
ep=0775 frame=014 slot=09 J_F=   296.40 meanZ=34.90 SoC=1.0000
ep=0775 frame=015 slot=09 J_F=   577.50 meanZ=33.40 SoC=1.0000
ep=0775 frame=016 slot=09 J_F=   658.30 meanZ=34.42 SoC=1.0000
ep=0775 frame=017 slot=09 J_F=   560.50 meanZ=34.44 SoC=1.0000
ep=0775 frame=018 slot=09 J_F=   527.00 meanZ=35.18 SoC=1.0000
ep=0775 frame=019 slot=09 J_F=   379.70 meanZ=35.30 SoC=1.0000
ep=0775 frame=020 slot=09 J_F=   301.90 meanZ=34.92 SoC=1.0000
ep=0775 frame=021 slot=09 J_F=    -4.10 meanZ=35.76 SoC=1.0000
ep=0775 frame=022 slot=09 J_F=   184.50 meanZ=35.46 SoC=1.0000
ep=0775 frame=023 slot=09 J_F=   778.00 meanZ=35.10 SoC=1.0000
ep=0775 frame=024 slot=09 J_F=   239.00 meanZ=34.46 SoC=1.0000
ep=0775 frame=025 slot=09 J_F=   777.50 meanZ=34.56 SoC=1.0000
ep=0775 frame=026 slot=09 J_F=   110.30 meanZ=34.64 SoC=1.0000
ep=0775 frame=027 slot=09 J_F=  -549.00 meanZ=32.44 SoC=1.0000
ep=0775 frame=028 slot=09 J_F=   471.00 meanZ=31.32 SoC=1.0000
ep=0775 frame=029 slot=09 J_F=   680.60 meanZ=32.56 SoC=1.0000
hppo_rsu 776/850 QoE=0.44957 stall=0.0899 139.13s
ep=0776 frame=000 slot=09 J_F= -3752.60 meanZ=88.20 SoC=1.0000
ep=0776 frame=001 slot=09 J_F= -1381.50 meanZ=80.92 SoC=1.0000
ep=0776 frame=002 slot=09 J_F= -1507.50 meanZ=73.18 SoC=1.0000
ep=0776 frame=003 slot=09 J_F= -1296.60 meanZ=65.14 SoC=1.0000
ep=0776 frame=004 slot=09 J_F=  -214.60 meanZ=59.60 SoC=1.0000
ep=0776 frame=005 slot=09 J_F=  -518.60 meanZ=52.76 SoC=1.0000
ep=0776 frame=006 slot=09 J_F=  -354.50 meanZ=47.38 SoC=1.0000
ep=0776 frame=007 slot=09 J_F=    52.00 meanZ=42.68 SoC=1.0000
ep=0776 frame=008 slot=09 J_F=   148.00 meanZ=41.80 SoC=1.0000
ep=0776 frame=009 slot=09 J_F=  -418.70 meanZ=38.48 SoC=1.0000
ep=0776 frame=010 slot=09 J_F=   528.80 meanZ=37.20 SoC=1.0000
ep=0776 frame=011 slot=09 J_F=   385.50 meanZ=35.46 SoC=1.0000
ep=0776 frame=012 slot=09 J_F=    -1.40 meanZ=32.38 SoC=1.0000
ep=0776 frame=013 slot=09 J_F=   244.50 meanZ=31.68 SoC=1.0000
ep=0776 frame=014 slot=09 J_F=   289.00 meanZ=31.60 SoC=1.0000
ep=0776 frame=015 slot=09 J_F=   366.30 meanZ=30.38 SoC=1.0000
ep=0776 frame=016 slot=09 J_F=   797.40 meanZ=30.86 SoC=1.0000
ep=0776 frame=017 slot=09 J_F=    91.00 meanZ=30.10 SoC=1.0000
ep=0776 frame=018 slot=09 J_F=   709.00 meanZ=30.16 SoC=1.0000
ep=0776 frame=019 slot=09 J_F=   458.00 meanZ=29.14 SoC=1.0000
ep=0776 frame=020 slot=09 J_F=   443.50 meanZ=29.88 SoC=1.0000
ep=0776 frame=021 slot=09 J_F=  -124.30 meanZ=28.84 SoC=1.0000
ep=0776 frame=022 slot=09 J_F=   219.40 meanZ=28.38 SoC=1.0000
ep=0776 frame=023 slot=09 J_F=  -460.70 meanZ=27.40 SoC=1.0000
ep=0776 frame=024 slot=09 J_F=   434.90 meanZ=26.84 SoC=1.0000
ep=0776 frame=025 slot=09 J_F=   391.40 meanZ=26.66 SoC=1.0000
ep=0776 frame=026 slot=09 J_F=   567.70 meanZ=27.54 SoC=1.0000
ep=0776 frame=027 slot=09 J_F=   425.70 meanZ=26.06 SoC=1.0000
ep=0776 frame=028 slot=09 J_F=    72.90 meanZ=26.48 SoC=1.0000
ep=0776 frame=029 slot=09 J_F=   453.80 meanZ=24.86 SoC=1.0000
hppo_rsu 777/850 QoE=0.44685 stall=0.0975 137.33s
ep=0777 frame=000 slot=09 J_F= -2189.00 meanZ=89.46 SoC=1.0000
ep=0777 frame=001 slot=09 J_F= -2222.10 meanZ=82.36 SoC=1.0000
ep=0777 frame=002 slot=09 J_F= -1761.60 meanZ=75.34 SoC=1.0000
ep=0777 frame=003 slot=09 J_F=  -725.10 meanZ=68.20 SoC=1.0000
ep=0777 frame=004 slot=09 J_F=  -423.10 meanZ=63.74 SoC=1.0000
ep=0777 frame=005 slot=09 J_F=  -414.50 meanZ=58.38 SoC=1.0000
ep=0777 frame=006 slot=09 J_F=  -466.00 meanZ=53.54 SoC=1.0000
ep=0777 frame=007 slot=09 J_F=   694.30 meanZ=51.18 SoC=1.0000
ep=0777 frame=008 slot=09 J_F=   368.50 meanZ=49.90 SoC=1.0000
ep=0777 frame=009 slot=09 J_F=  -553.20 meanZ=46.32 SoC=1.0000
ep=0777 frame=010 slot=09 J_F=   578.40 meanZ=43.60 SoC=1.0000
ep=0777 frame=011 slot=09 J_F=   155.30 meanZ=43.46 SoC=1.0000
ep=0777 frame=012 slot=09 J_F=  -169.50 meanZ=40.66 SoC=1.0000
ep=0777 frame=013 slot=09 J_F=   -55.70 meanZ=38.08 SoC=1.0000
ep=0777 frame=014 slot=09 J_F=   346.00 meanZ=36.90 SoC=1.0000
ep=0777 frame=015 slot=09 J_F=   404.30 meanZ=36.22 SoC=1.0000
ep=0777 frame=016 slot=09 J_F=   -60.00 meanZ=34.32 SoC=1.0000
ep=0777 frame=017 slot=09 J_F=   356.50 meanZ=33.86 SoC=1.0000
ep=0777 frame=018 slot=09 J_F=   126.20 meanZ=33.18 SoC=1.0000
ep=0777 frame=019 slot=09 J_F=    92.80 meanZ=31.66 SoC=1.0000
ep=0777 frame=020 slot=09 J_F=   719.40 meanZ=31.72 SoC=1.0000
ep=0777 frame=021 slot=09 J_F=  -203.60 meanZ=31.10 SoC=1.0000
ep=0777 frame=022 slot=09 J_F=    12.50 meanZ=28.72 SoC=1.0000
ep=0777 frame=023 slot=09 J_F=    94.10 meanZ=28.32 SoC=1.0000
ep=0777 frame=024 slot=09 J_F=   305.00 meanZ=27.68 SoC=1.0000
ep=0777 frame=025 slot=09 J_F=   642.00 meanZ=27.84 SoC=1.0000
ep=0777 frame=026 slot=09 J_F=   572.50 meanZ=28.66 SoC=1.0000
ep=0777 frame=027 slot=09 J_F=   112.70 meanZ=28.36 SoC=1.0000
ep=0777 frame=028 slot=09 J_F=   230.40 meanZ=27.04 SoC=1.0000
ep=0777 frame=029 slot=09 J_F=   700.00 meanZ=28.22 SoC=1.0000
hppo_rsu 778/850 QoE=0.41981 stall=0.1063 138.02s
ep=0778 frame=000 slot=09 J_F= -3641.20 meanZ=88.58 SoC=1.0000
ep=0778 frame=001 slot=09 J_F= -1800.80 meanZ=79.74 SoC=1.0000
ep=0778 frame=002 slot=09 J_F=  -423.00 meanZ=73.36 SoC=1.0000
ep=0778 frame=003 slot=09 J_F= -1124.10 meanZ=66.46 SoC=1.0000
ep=0778 frame=004 slot=09 J_F=  -814.10 meanZ=60.18 SoC=1.0000
ep=0778 frame=005 slot=09 J_F=  -330.70 meanZ=54.48 SoC=1.0000
ep=0778 frame=006 slot=09 J_F=   275.00 meanZ=49.98 SoC=1.0000
ep=0778 frame=007 slot=09 J_F=    74.50 meanZ=45.92 SoC=1.0000
ep=0778 frame=008 slot=09 J_F=   630.90 meanZ=44.06 SoC=1.0000
ep=0778 frame=009 slot=09 J_F=    93.00 meanZ=42.10 SoC=1.0000
ep=0778 frame=010 slot=09 J_F=   470.50 meanZ=41.30 SoC=1.0000
ep=0778 frame=011 slot=09 J_F=   609.00 meanZ=41.86 SoC=1.0000
ep=0778 frame=012 slot=09 J_F=    90.00 meanZ=40.74 SoC=1.0000
ep=0778 frame=013 slot=09 J_F=  -158.50 meanZ=40.52 SoC=1.0000
ep=0778 frame=014 slot=09 J_F=   157.00 meanZ=37.30 SoC=1.0000
ep=0778 frame=015 slot=09 J_F=   449.00 meanZ=35.84 SoC=1.0000
ep=0778 frame=016 slot=09 J_F=   178.00 meanZ=33.20 SoC=1.0000
ep=0778 frame=017 slot=09 J_F=   241.40 meanZ=33.48 SoC=1.0000
ep=0778 frame=018 slot=09 J_F=   760.50 meanZ=33.46 SoC=1.0000
ep=0778 frame=019 slot=09 J_F=   -10.80 meanZ=32.40 SoC=1.0000
ep=0778 frame=020 slot=09 J_F=   481.90 meanZ=31.92 SoC=1.0000
ep=0778 frame=021 slot=09 J_F=   316.30 meanZ=32.56 SoC=1.0000
ep=0778 frame=022 slot=09 J_F=   699.00 meanZ=33.58 SoC=1.0000
ep=0778 frame=023 slot=09 J_F=   893.20 meanZ=34.82 SoC=1.0000
ep=0778 frame=024 slot=09 J_F=   -22.10 meanZ=35.04 SoC=1.0000
ep=0778 frame=025 slot=09 J_F=   581.30 meanZ=34.68 SoC=1.0000
ep=0778 frame=026 slot=09 J_F=   419.90 meanZ=34.20 SoC=1.0000
ep=0778 frame=027 slot=09 J_F=  -100.60 meanZ=34.12 SoC=1.0000
ep=0778 frame=028 slot=09 J_F=   525.80 meanZ=34.34 SoC=1.0000
ep=0778 frame=029 slot=09 J_F=   316.30 meanZ=32.52 SoC=1.0000
hppo_rsu 779/850 QoE=0.43741 stall=0.0960 137.62s
ep=0779 frame=000 slot=09 J_F= -2361.50 meanZ=89.58 SoC=1.0000
ep=0779 frame=001 slot=09 J_F= -1656.70 meanZ=82.88 SoC=1.0000
ep=0779 frame=002 slot=09 J_F=  -549.00 meanZ=76.60 SoC=1.0000
ep=0779 frame=003 slot=09 J_F= -1348.10 meanZ=68.70 SoC=1.0000
ep=0779 frame=004 slot=09 J_F=  -455.50 meanZ=60.92 SoC=1.0000
ep=0779 frame=005 slot=09 J_F=  -254.50 meanZ=55.80 SoC=1.0000
ep=0779 frame=006 slot=09 J_F=    73.40 meanZ=53.22 SoC=1.0000
ep=0779 frame=007 slot=09 J_F=  -674.60 meanZ=50.26 SoC=1.0000
ep=0779 frame=008 slot=09 J_F=   342.90 meanZ=47.92 SoC=1.0000
ep=0779 frame=009 slot=09 J_F=  -167.50 meanZ=44.68 SoC=1.0000
ep=0779 frame=010 slot=09 J_F=  -748.20 meanZ=40.86 SoC=1.0000
ep=0779 frame=011 slot=09 J_F=   350.30 meanZ=38.82 SoC=1.0000
ep=0779 frame=012 slot=09 J_F=   156.90 meanZ=38.26 SoC=1.0000
ep=0779 frame=013 slot=09 J_F=  -359.50 meanZ=37.22 SoC=1.0000
ep=0779 frame=014 slot=09 J_F=   278.90 meanZ=35.96 SoC=1.0000
ep=0779 frame=015 slot=09 J_F=   267.30 meanZ=34.48 SoC=1.0000
ep=0779 frame=016 slot=09 J_F=   683.50 meanZ=34.80 SoC=1.0000
ep=0779 frame=017 slot=09 J_F=   679.00 meanZ=34.84 SoC=1.0000
ep=0779 frame=018 slot=09 J_F=   705.50 meanZ=34.34 SoC=1.0000
ep=0779 frame=019 slot=09 J_F=   294.40 meanZ=34.12 SoC=1.0000
ep=0779 frame=020 slot=09 J_F=   753.90 meanZ=34.18 SoC=1.0000
ep=0779 frame=021 slot=09 J_F=   157.30 meanZ=33.66 SoC=1.0000
ep=0779 frame=022 slot=09 J_F=   322.80 meanZ=33.06 SoC=1.0000
ep=0779 frame=023 slot=09 J_F=   449.50 meanZ=32.86 SoC=1.0000
ep=0779 frame=024 slot=09 J_F=   223.50 meanZ=30.98 SoC=1.0000
ep=0779 frame=025 slot=09 J_F=   838.20 meanZ=32.90 SoC=1.0000
ep=0779 frame=026 slot=09 J_F=   555.40 meanZ=32.60 SoC=1.0000
ep=0779 frame=027 slot=09 J_F=   493.90 meanZ=33.10 SoC=1.0000
ep=0779 frame=028 slot=09 J_F=   839.60 meanZ=32.58 SoC=1.0000
ep=0779 frame=029 slot=09 J_F=   555.30 meanZ=32.12 SoC=1.0000
hppo_rsu 780/850 QoE=0.37762 stall=0.1195 138.49s
ep=0780 frame=000 slot=09 J_F= -3296.70 meanZ=88.00 SoC=1.0000
ep=0780 frame=001 slot=09 J_F= -1449.50 meanZ=80.70 SoC=1.0000
ep=0780 frame=002 slot=09 J_F=  -915.00 meanZ=73.78 SoC=1.0000
ep=0780 frame=003 slot=09 J_F=  -729.50 meanZ=68.40 SoC=1.0000
ep=0780 frame=004 slot=09 J_F=  -143.00 meanZ=61.68 SoC=1.0000
ep=0780 frame=005 slot=09 J_F=  -688.60 meanZ=55.16 SoC=1.0000
ep=0780 frame=006 slot=09 J_F=   323.90 meanZ=51.48 SoC=1.0000
ep=0780 frame=007 slot=09 J_F=   699.00 meanZ=50.36 SoC=1.0000
ep=0780 frame=008 slot=09 J_F=    66.60 meanZ=47.82 SoC=1.0000
ep=0780 frame=009 slot=09 J_F=   622.80 meanZ=46.70 SoC=1.0000
ep=0780 frame=010 slot=09 J_F=   -92.00 meanZ=44.42 SoC=1.0000
ep=0780 frame=011 slot=09 J_F=    86.40 meanZ=42.90 SoC=1.0000
ep=0780 frame=012 slot=09 J_F=  -220.60 meanZ=41.18 SoC=1.0000
ep=0780 frame=013 slot=09 J_F=  -207.00 meanZ=39.60 SoC=1.0000
ep=0780 frame=014 slot=09 J_F=   152.00 meanZ=36.94 SoC=1.0000
ep=0780 frame=015 slot=09 J_F=   383.40 meanZ=36.74 SoC=1.0000
ep=0780 frame=016 slot=09 J_F=   -45.00 meanZ=35.64 SoC=1.0000
ep=0780 frame=017 slot=09 J_F=   622.90 meanZ=35.90 SoC=1.0000
ep=0780 frame=018 slot=09 J_F=   315.50 meanZ=35.44 SoC=1.0000
ep=0780 frame=019 slot=09 J_F=   457.00 meanZ=35.02 SoC=1.0000
ep=0780 frame=020 slot=09 J_F=   -15.00 meanZ=34.04 SoC=1.0000
ep=0780 frame=021 slot=09 J_F=   124.90 meanZ=33.72 SoC=1.0000
ep=0780 frame=022 slot=09 J_F=   167.80 meanZ=32.54 SoC=1.0000
ep=0780 frame=023 slot=09 J_F=   458.40 meanZ=29.96 SoC=1.0000
ep=0780 frame=024 slot=09 J_F=   525.80 meanZ=29.60 SoC=1.0000
ep=0780 frame=025 slot=09 J_F=   602.50 meanZ=29.24 SoC=1.0000
ep=0780 frame=026 slot=09 J_F=   493.50 meanZ=28.98 SoC=1.0000
ep=0780 frame=027 slot=09 J_F=   510.00 meanZ=28.52 SoC=1.0000
ep=0780 frame=028 slot=09 J_F=    71.00 meanZ=26.88 SoC=1.0000
ep=0780 frame=029 slot=09 J_F=   566.80 meanZ=27.00 SoC=1.0000
hppo_rsu 781/850 QoE=0.41511 stall=0.1079 137.66s
ep=0781 frame=000 slot=09 J_F= -2999.00 meanZ=88.08 SoC=1.0000
ep=0781 frame=001 slot=09 J_F= -1545.00 meanZ=80.32 SoC=1.0000
ep=0781 frame=002 slot=09 J_F=  -705.20 meanZ=73.20 SoC=1.0000
ep=0781 frame=003 slot=09 J_F=  -666.50 meanZ=67.14 SoC=1.0000
ep=0781 frame=004 slot=09 J_F=  -599.30 meanZ=61.62 SoC=1.0000
ep=0781 frame=005 slot=09 J_F=  -625.00 meanZ=55.86 SoC=1.0000
ep=0781 frame=006 slot=09 J_F=   327.80 meanZ=52.90 SoC=1.0000
ep=0781 frame=007 slot=09 J_F=   -95.60 meanZ=48.90 SoC=1.0000
ep=0781 frame=008 slot=09 J_F=    10.00 meanZ=46.32 SoC=1.0000
ep=0781 frame=009 slot=09 J_F=  -195.00 meanZ=43.80 SoC=1.0000
ep=0781 frame=010 slot=09 J_F=   -38.00 meanZ=42.26 SoC=1.0000
ep=0781 frame=011 slot=09 J_F=  -157.00 meanZ=41.08 SoC=1.0000
ep=0781 frame=012 slot=09 J_F=    67.90 meanZ=40.10 SoC=1.0000
ep=0781 frame=013 slot=09 J_F=    32.40 meanZ=39.42 SoC=1.0000
ep=0781 frame=014 slot=09 J_F=   104.80 meanZ=38.28 SoC=1.0000
ep=0781 frame=015 slot=09 J_F=   369.50 meanZ=37.74 SoC=1.0000
ep=0781 frame=016 slot=09 J_F=  1029.50 meanZ=37.08 SoC=1.0000
ep=0781 frame=017 slot=09 J_F=   217.00 meanZ=35.58 SoC=1.0000
ep=0781 frame=018 slot=09 J_F=   221.50 meanZ=34.14 SoC=1.0000
ep=0781 frame=019 slot=09 J_F=   258.50 meanZ=33.20 SoC=1.0000
ep=0781 frame=020 slot=09 J_F=   206.00 meanZ=32.00 SoC=1.0000
ep=0781 frame=021 slot=09 J_F=   948.00 meanZ=33.32 SoC=1.0000
ep=0781 frame=022 slot=09 J_F=   385.90 meanZ=33.10 SoC=1.0000
ep=0781 frame=023 slot=09 J_F=   577.50 meanZ=31.60 SoC=1.0000
ep=0781 frame=024 slot=09 J_F=  -402.90 meanZ=30.20 SoC=1.0000
ep=0781 frame=025 slot=09 J_F=   823.30 meanZ=29.58 SoC=1.0000
ep=0781 frame=026 slot=09 J_F=  -100.60 meanZ=28.98 SoC=1.0000
ep=0781 frame=027 slot=09 J_F=   264.90 meanZ=28.06 SoC=1.0000
ep=0781 frame=028 slot=09 J_F=   215.50 meanZ=28.22 SoC=1.0000
ep=0781 frame=029 slot=09 J_F=   713.50 meanZ=29.28 SoC=1.0000
hppo_rsu 782/850 QoE=0.42879 stall=0.1001 139.68s
ep=0782 frame=000 slot=09 J_F= -2331.60 meanZ=88.84 SoC=1.0000
ep=0782 frame=001 slot=09 J_F= -1557.00 meanZ=80.56 SoC=1.0000
ep=0782 frame=002 slot=09 J_F= -1910.50 meanZ=72.56 SoC=1.0000
ep=0782 frame=003 slot=09 J_F= -1136.10 meanZ=65.26 SoC=1.0000
ep=0782 frame=004 slot=09 J_F=  -743.50 meanZ=58.34 SoC=1.0000
ep=0782 frame=005 slot=09 J_F=  -176.00 meanZ=51.52 SoC=1.0000
ep=0782 frame=006 slot=09 J_F=  -510.10 meanZ=45.62 SoC=1.0000
ep=0782 frame=007 slot=09 J_F=   278.40 meanZ=42.48 SoC=1.0000
ep=0782 frame=008 slot=09 J_F=  -241.50 meanZ=38.84 SoC=1.0000
ep=0782 frame=009 slot=09 J_F=   -92.10 meanZ=36.24 SoC=1.0000
ep=0782 frame=010 slot=09 J_F=   625.70 meanZ=34.84 SoC=1.0000
ep=0782 frame=011 slot=09 J_F=   406.00 meanZ=33.86 SoC=1.0000
ep=0782 frame=012 slot=09 J_F=   852.50 meanZ=35.30 SoC=1.0000
ep=0782 frame=013 slot=09 J_F=   102.80 meanZ=35.92 SoC=1.0000
ep=0782 frame=014 slot=09 J_F=   506.50 meanZ=34.80 SoC=1.0000
ep=0782 frame=015 slot=09 J_F=   360.50 meanZ=34.08 SoC=1.0000
ep=0782 frame=016 slot=09 J_F=   180.50 meanZ=33.12 SoC=1.0000
ep=0782 frame=017 slot=09 J_F=   483.80 meanZ=33.52 SoC=1.0000
ep=0782 frame=018 slot=09 J_F=   823.90 meanZ=35.78 SoC=1.0000
ep=0782 frame=019 slot=09 J_F=   185.40 meanZ=35.10 SoC=1.0000
ep=0782 frame=020 slot=09 J_F=  -370.60 meanZ=33.22 SoC=1.0000
ep=0782 frame=021 slot=09 J_F=   155.00 meanZ=32.02 SoC=1.0000
ep=0782 frame=022 slot=09 J_F=   889.90 meanZ=32.16 SoC=1.0000
ep=0782 frame=023 slot=09 J_F=   191.00 meanZ=30.90 SoC=1.0000
ep=0782 frame=024 slot=09 J_F=   526.10 meanZ=31.26 SoC=1.0000
ep=0782 frame=025 slot=09 J_F=   723.50 meanZ=31.24 SoC=1.0000
ep=0782 frame=026 slot=09 J_F=   -80.10 meanZ=30.74 SoC=1.0000
ep=0782 frame=027 slot=09 J_F=   497.00 meanZ=31.34 SoC=1.0000
ep=0782 frame=028 slot=09 J_F=    75.70 meanZ=28.90 SoC=1.0000
ep=0782 frame=029 slot=09 J_F=   345.50 meanZ=28.20 SoC=1.0000
hppo_rsu 783/850 QoE=0.42179 stall=0.1039 137.35s
ep=0783 frame=000 slot=09 J_F= -2599.00 meanZ=89.90 SoC=1.0000
ep=0783 frame=001 slot=09 J_F= -2700.50 meanZ=81.90 SoC=1.0000
ep=0783 frame=002 slot=09 J_F= -1488.50 meanZ=74.40 SoC=1.0000
ep=0783 frame=003 slot=09 J_F=  -644.00 meanZ=67.74 SoC=1.0000
ep=0783 frame=004 slot=09 J_F=  -533.00 meanZ=61.08 SoC=1.0000
ep=0783 frame=005 slot=09 J_F=  -885.60 meanZ=55.42 SoC=1.0000
ep=0783 frame=006 slot=09 J_F=  -527.00 meanZ=49.70 SoC=1.0000
ep=0783 frame=007 slot=09 J_F=    45.50 meanZ=45.46 SoC=1.0000
ep=0783 frame=008 slot=09 J_F=  -112.00 meanZ=42.26 SoC=1.0000
ep=0783 frame=009 slot=09 J_F=   112.90 meanZ=39.02 SoC=1.0000
ep=0783 frame=010 slot=09 J_F=   170.40 meanZ=37.08 SoC=1.0000
ep=0783 frame=011 slot=09 J_F=   151.40 meanZ=36.52 SoC=1.0000
ep=0783 frame=012 slot=09 J_F=    70.40 meanZ=34.80 SoC=1.0000
ep=0783 frame=013 slot=09 J_F=   245.40 meanZ=34.84 SoC=1.0000
ep=0783 frame=014 slot=09 J_F=   333.50 meanZ=35.14 SoC=1.0000
ep=0783 frame=015 slot=09 J_F=    79.50 meanZ=33.02 SoC=1.0000
ep=0783 frame=016 slot=09 J_F=    96.60 meanZ=32.88 SoC=1.0000
ep=0783 frame=017 slot=09 J_F=   173.00 meanZ=31.34 SoC=1.0000
ep=0783 frame=018 slot=09 J_F=   169.00 meanZ=30.76 SoC=1.0000
ep=0783 frame=019 slot=09 J_F=   168.90 meanZ=29.48 SoC=1.0000
ep=0783 frame=020 slot=09 J_F=   -87.50 meanZ=29.10 SoC=1.0000
ep=0783 frame=021 slot=09 J_F=   825.00 meanZ=29.08 SoC=1.0000
ep=0783 frame=022 slot=09 J_F=   760.50 meanZ=28.90 SoC=1.0000
ep=0783 frame=023 slot=09 J_F=   -66.00 meanZ=29.08 SoC=1.0000
ep=0783 frame=024 slot=09 J_F=   660.50 meanZ=29.06 SoC=1.0000
ep=0783 frame=025 slot=09 J_F=    14.40 meanZ=27.82 SoC=1.0000
ep=0783 frame=026 slot=09 J_F=   189.50 meanZ=27.00 SoC=1.0000
ep=0783 frame=027 slot=09 J_F=   349.40 meanZ=25.38 SoC=1.0000
ep=0783 frame=028 slot=09 J_F=   324.10 meanZ=26.52 SoC=1.0000
ep=0783 frame=029 slot=09 J_F=   217.40 meanZ=26.22 SoC=1.0000
hppo_rsu 784/850 QoE=0.42727 stall=0.1034 139.24s
ep=0784 frame=000 slot=09 J_F= -3704.00 meanZ=88.56 SoC=1.0000
ep=0784 frame=001 slot=09 J_F= -1387.00 meanZ=81.68 SoC=1.0000
ep=0784 frame=002 slot=09 J_F= -1843.60 meanZ=73.82 SoC=1.0000
ep=0784 frame=003 slot=09 J_F=  -761.10 meanZ=67.84 SoC=1.0000
ep=0784 frame=004 slot=09 J_F= -1180.00 meanZ=59.24 SoC=1.0000
ep=0784 frame=005 slot=09 J_F=   591.00 meanZ=53.26 SoC=1.0000
ep=0784 frame=006 slot=09 J_F=  -433.50 meanZ=49.40 SoC=1.0000
ep=0784 frame=007 slot=09 J_F=   146.00 meanZ=45.70 SoC=1.0000
ep=0784 frame=008 slot=09 J_F=   379.40 meanZ=44.58 SoC=1.0000
ep=0784 frame=009 slot=09 J_F=   123.60 meanZ=42.56 SoC=1.0000
ep=0784 frame=010 slot=09 J_F=   515.40 meanZ=43.20 SoC=1.0000
ep=0784 frame=011 slot=09 J_F=   122.00 meanZ=42.38 SoC=1.0000
ep=0784 frame=012 slot=09 J_F=   319.60 meanZ=40.88 SoC=1.0000
ep=0784 frame=013 slot=09 J_F=   -53.60 meanZ=39.52 SoC=1.0000
ep=0784 frame=014 slot=09 J_F=   126.90 meanZ=38.08 SoC=1.0000
ep=0784 frame=015 slot=09 J_F=   110.50 meanZ=36.62 SoC=1.0000
ep=0784 frame=016 slot=09 J_F=    85.40 meanZ=35.04 SoC=1.0000
ep=0784 frame=017 slot=09 J_F=   255.00 meanZ=33.30 SoC=1.0000
ep=0784 frame=018 slot=09 J_F=   419.40 meanZ=32.76 SoC=1.0000
ep=0784 frame=019 slot=09 J_F=   404.40 meanZ=32.54 SoC=1.0000
ep=0784 frame=020 slot=09 J_F=   377.50 meanZ=32.58 SoC=1.0000
ep=0784 frame=021 slot=09 J_F=   590.00 meanZ=31.84 SoC=1.0000
ep=0784 frame=022 slot=09 J_F=  -118.00 meanZ=30.86 SoC=1.0000
ep=0784 frame=023 slot=09 J_F=  -309.60 meanZ=30.34 SoC=1.0000
ep=0784 frame=024 slot=09 J_F=   634.50 meanZ=29.96 SoC=1.0000
ep=0784 frame=025 slot=09 J_F=   -35.60 meanZ=29.32 SoC=1.0000
ep=0784 frame=026 slot=09 J_F=  -198.50 meanZ=28.56 SoC=1.0000
ep=0784 frame=027 slot=09 J_F=   259.50 meanZ=26.92 SoC=1.0000
ep=0784 frame=028 slot=09 J_F=   560.00 meanZ=28.54 SoC=1.0000
ep=0784 frame=029 slot=09 J_F=   414.00 meanZ=27.08 SoC=1.0000
hppo_rsu 785/850 QoE=0.40196 stall=0.1128 137.47s
ep=0785 frame=000 slot=09 J_F= -2794.50 meanZ=89.38 SoC=1.0000
ep=0785 frame=001 slot=09 J_F= -1485.60 meanZ=81.52 SoC=1.0000
ep=0785 frame=002 slot=09 J_F= -2083.00 meanZ=72.98 SoC=1.0000
ep=0785 frame=003 slot=09 J_F=  -653.60 meanZ=66.24 SoC=1.0000
ep=0785 frame=004 slot=09 J_F=  -482.50 meanZ=59.48 SoC=1.0000
ep=0785 frame=005 slot=09 J_F=   -77.00 meanZ=53.56 SoC=1.0000
ep=0785 frame=006 slot=09 J_F=  -530.20 meanZ=47.12 SoC=1.0000
ep=0785 frame=007 slot=09 J_F=   -12.80 meanZ=43.38 SoC=1.0000
ep=0785 frame=008 slot=09 J_F=  -495.00 meanZ=39.24 SoC=1.0000
ep=0785 frame=009 slot=09 J_F=   131.90 meanZ=35.50 SoC=1.0000
ep=0785 frame=010 slot=09 J_F=   390.50 meanZ=35.70 SoC=1.0000
ep=0785 frame=011 slot=09 J_F=   -27.00 meanZ=34.52 SoC=1.0000
ep=0785 frame=012 slot=09 J_F=   562.00 meanZ=34.30 SoC=1.0000
ep=0785 frame=013 slot=09 J_F=   -14.50 meanZ=32.22 SoC=1.0000
ep=0785 frame=014 slot=09 J_F=   609.50 meanZ=32.76 SoC=1.0000
ep=0785 frame=015 slot=09 J_F=    -2.70 meanZ=32.24 SoC=1.0000
ep=0785 frame=016 slot=09 J_F=    20.60 meanZ=30.16 SoC=1.0000
ep=0785 frame=017 slot=09 J_F=   191.80 meanZ=29.72 SoC=1.0000
ep=0785 frame=018 slot=09 J_F=   133.50 meanZ=28.98 SoC=1.0000
ep=0785 frame=019 slot=09 J_F=   689.20 meanZ=28.72 SoC=1.0000
ep=0785 frame=020 slot=09 J_F=   -86.50 meanZ=28.50 SoC=1.0000
ep=0785 frame=021 slot=09 J_F=   156.00 meanZ=27.74 SoC=1.0000
ep=0785 frame=022 slot=09 J_F=   825.50 meanZ=27.22 SoC=1.0000
ep=0785 frame=023 slot=09 J_F=   343.00 meanZ=27.62 SoC=1.0000
ep=0785 frame=024 slot=09 J_F=   638.80 meanZ=28.26 SoC=1.0000
ep=0785 frame=025 slot=09 J_F=   734.10 meanZ=27.72 SoC=1.0000
ep=0785 frame=026 slot=09 J_F=   138.50 meanZ=27.94 SoC=1.0000
ep=0785 frame=027 slot=09 J_F=   324.50 meanZ=26.44 SoC=1.0000
ep=0785 frame=028 slot=09 J_F=   308.90 meanZ=25.14 SoC=1.0000
ep=0785 frame=029 slot=09 J_F=    12.90 meanZ=25.20 SoC=1.0000
hppo_rsu 786/850 QoE=0.41788 stall=0.1068 138.76s
ep=0786 frame=000 slot=09 J_F= -3036.00 meanZ=88.06 SoC=1.0000
ep=0786 frame=001 slot=09 J_F= -2054.00 meanZ=80.34 SoC=1.0000
ep=0786 frame=002 slot=09 J_F= -1002.50 meanZ=73.98 SoC=1.0000
ep=0786 frame=003 slot=09 J_F= -1235.50 meanZ=67.46 SoC=1.0000
ep=0786 frame=004 slot=09 J_F=  -730.00 meanZ=60.50 SoC=1.0000
ep=0786 frame=005 slot=09 J_F=  -298.50 meanZ=54.08 SoC=1.0000
ep=0786 frame=006 slot=09 J_F=  -697.60 meanZ=49.32 SoC=1.0000
ep=0786 frame=007 slot=09 J_F=  -255.50 meanZ=44.52 SoC=1.0000
ep=0786 frame=008 slot=09 J_F=   -50.50 meanZ=41.88 SoC=1.0000
ep=0786 frame=009 slot=09 J_F=    52.00 meanZ=39.70 SoC=1.0000
ep=0786 frame=010 slot=09 J_F=   376.40 meanZ=37.50 SoC=1.0000
ep=0786 frame=011 slot=09 J_F=   372.50 meanZ=36.10 SoC=1.0000
ep=0786 frame=012 slot=09 J_F=   171.50 meanZ=35.18 SoC=1.0000
ep=0786 frame=013 slot=09 J_F=  -234.60 meanZ=32.64 SoC=1.0000
ep=0786 frame=014 slot=09 J_F=   541.00 meanZ=32.34 SoC=1.0000
ep=0786 frame=015 slot=09 J_F=   142.80 meanZ=32.60 SoC=1.0000
ep=0786 frame=016 slot=09 J_F=   470.60 meanZ=32.30 SoC=1.0000
ep=0786 frame=017 slot=09 J_F=   320.50 meanZ=31.12 SoC=1.0000
ep=0786 frame=018 slot=09 J_F=   138.00 meanZ=30.48 SoC=1.0000
ep=0786 frame=019 slot=09 J_F=   346.50 meanZ=29.52 SoC=1.0000
ep=0786 frame=020 slot=09 J_F=   902.50 meanZ=29.68 SoC=1.0000
ep=0786 frame=021 slot=09 J_F=   739.00 meanZ=30.78 SoC=1.0000
ep=0786 frame=022 slot=09 J_F=   784.50 meanZ=31.42 SoC=1.0000
ep=0786 frame=023 slot=09 J_F=   783.90 meanZ=33.02 SoC=1.0000
ep=0786 frame=024 slot=09 J_F=   454.90 meanZ=32.54 SoC=1.0000
ep=0786 frame=025 slot=09 J_F=   -32.00 meanZ=33.00 SoC=1.0000
ep=0786 frame=026 slot=09 J_F=   705.50 meanZ=33.42 SoC=1.0000
ep=0786 frame=027 slot=09 J_F=   196.50 meanZ=33.62 SoC=1.0000
ep=0786 frame=028 slot=09 J_F=   662.00 meanZ=33.66 SoC=1.0000
ep=0786 frame=029 slot=09 J_F=   236.50 meanZ=31.94 SoC=1.0000
hppo_rsu 787/850 QoE=0.43697 stall=0.0937 138.09s
ep=0787 frame=000 slot=09 J_F= -2433.50 meanZ=89.34 SoC=1.0000
ep=0787 frame=001 slot=09 J_F= -1428.50 meanZ=82.20 SoC=1.0000
ep=0787 frame=002 slot=09 J_F=  -387.50 meanZ=75.90 SoC=1.0000
ep=0787 frame=003 slot=09 J_F= -1153.10 meanZ=69.24 SoC=1.0000
ep=0787 frame=004 slot=09 J_F=  -527.10 meanZ=63.16 SoC=1.0000
ep=0787 frame=005 slot=09 J_F=  -191.50 meanZ=57.78 SoC=1.0000
ep=0787 frame=006 slot=09 J_F=  -203.50 meanZ=54.44 SoC=1.0000
ep=0787 frame=007 slot=09 J_F=   348.50 meanZ=49.30 SoC=1.0000
ep=0787 frame=008 slot=09 J_F=   -47.00 meanZ=46.94 SoC=1.0000
ep=0787 frame=009 slot=09 J_F=   -43.00 meanZ=43.48 SoC=1.0000
ep=0787 frame=010 slot=09 J_F=   172.80 meanZ=42.28 SoC=1.0000
ep=0787 frame=011 slot=09 J_F=  -204.20 meanZ=40.34 SoC=1.0000
ep=0787 frame=012 slot=09 J_F=  -875.00 meanZ=37.06 SoC=1.0000
ep=0787 frame=013 slot=09 J_F=   384.90 meanZ=35.36 SoC=1.0000
ep=0787 frame=014 slot=09 J_F=   331.50 meanZ=33.44 SoC=1.0000
ep=0787 frame=015 slot=09 J_F=   -80.10 meanZ=32.88 SoC=1.0000
ep=0787 frame=016 slot=09 J_F=   213.50 meanZ=31.50 SoC=1.0000
ep=0787 frame=017 slot=09 J_F=   109.50 meanZ=30.72 SoC=1.0000
ep=0787 frame=018 slot=09 J_F=   844.90 meanZ=30.52 SoC=1.0000
ep=0787 frame=019 slot=09 J_F=   631.50 meanZ=29.60 SoC=1.0000
ep=0787 frame=020 slot=09 J_F=   522.40 meanZ=30.04 SoC=1.0000
ep=0787 frame=021 slot=09 J_F=    84.00 meanZ=28.56 SoC=1.0000
ep=0787 frame=022 slot=09 J_F=   154.50 meanZ=28.88 SoC=1.0000
ep=0787 frame=023 slot=09 J_F=   232.00 meanZ=27.60 SoC=1.0000
ep=0787 frame=024 slot=09 J_F=   514.50 meanZ=28.80 SoC=1.0000
ep=0787 frame=025 slot=09 J_F=   322.50 meanZ=27.74 SoC=1.0000
ep=0787 frame=026 slot=09 J_F=   467.20 meanZ=27.46 SoC=1.0000
ep=0787 frame=027 slot=09 J_F=   502.00 meanZ=27.40 SoC=1.0000
ep=0787 frame=028 slot=09 J_F=   614.50 meanZ=28.06 SoC=1.0000
ep=0787 frame=029 slot=09 J_F=   355.50 meanZ=28.52 SoC=1.0000
hppo_rsu 788/850 QoE=0.41090 stall=0.1077 139.32s
ep=0788 frame=000 slot=09 J_F= -2124.00 meanZ=89.38 SoC=1.0000
ep=0788 frame=001 slot=09 J_F= -1640.60 meanZ=81.84 SoC=1.0000
ep=0788 frame=002 slot=09 J_F= -1534.50 meanZ=74.80 SoC=1.0000
ep=0788 frame=003 slot=09 J_F=  -704.50 meanZ=68.72 SoC=1.0000
ep=0788 frame=004 slot=09 J_F=  -692.00 meanZ=61.38 SoC=1.0000
ep=0788 frame=005 slot=09 J_F=   210.50 meanZ=56.48 SoC=1.0000
ep=0788 frame=006 slot=09 J_F=  -236.00 meanZ=52.10 SoC=1.0000
ep=0788 frame=007 slot=09 J_F=   302.80 meanZ=49.50 SoC=1.0000
ep=0788 frame=008 slot=09 J_F=   269.50 meanZ=47.82 SoC=1.0000
ep=0788 frame=009 slot=09 J_F=   309.00 meanZ=44.76 SoC=1.0000
ep=0788 frame=010 slot=09 J_F=   204.50 meanZ=42.40 SoC=1.0000
ep=0788 frame=011 slot=09 J_F=  -704.00 meanZ=39.74 SoC=1.0000
ep=0788 frame=012 slot=09 J_F=     9.00 meanZ=36.78 SoC=1.0000
ep=0788 frame=013 slot=09 J_F=    70.00 meanZ=34.64 SoC=1.0000
ep=0788 frame=014 slot=09 J_F=   424.70 meanZ=32.30 SoC=1.0000
ep=0788 frame=015 slot=09 J_F=   608.00 meanZ=32.62 SoC=1.0000
ep=0788 frame=016 slot=09 J_F=   430.00 meanZ=32.14 SoC=1.0000
ep=0788 frame=017 slot=09 J_F=   575.50 meanZ=31.50 SoC=1.0000
ep=0788 frame=018 slot=09 J_F=   410.00 meanZ=31.60 SoC=1.0000
ep=0788 frame=019 slot=09 J_F=   266.10 meanZ=30.12 SoC=1.0000
ep=0788 frame=020 slot=09 J_F=   520.50 meanZ=30.32 SoC=1.0000
ep=0788 frame=021 slot=09 J_F=   811.10 meanZ=32.30 SoC=1.0000
ep=0788 frame=022 slot=09 J_F=   669.10 meanZ=33.16 SoC=1.0000
ep=0788 frame=023 slot=09 J_F=   371.00 meanZ=33.82 SoC=1.0000
ep=0788 frame=024 slot=09 J_F=   229.00 meanZ=32.40 SoC=1.0000
ep=0788 frame=025 slot=09 J_F=   337.50 meanZ=33.20 SoC=1.0000
ep=0788 frame=026 slot=09 J_F=   215.50 meanZ=32.00 SoC=1.0000
ep=0788 frame=027 slot=09 J_F=   728.00 meanZ=32.10 SoC=1.0000
ep=0788 frame=028 slot=09 J_F=   851.00 meanZ=33.94 SoC=1.0000
ep=0788 frame=029 slot=09 J_F=  -189.90 meanZ=32.40 SoC=1.0000
hppo_rsu 789/850 QoE=0.41436 stall=0.1027 137.82s
ep=0789 frame=000 slot=09 J_F= -3323.50 meanZ=88.16 SoC=1.0000
ep=0789 frame=001 slot=09 J_F= -1289.00 meanZ=79.50 SoC=1.0000
ep=0789 frame=002 slot=09 J_F= -1013.00 meanZ=72.36 SoC=1.0000
ep=0789 frame=003 slot=09 J_F= -1110.00 meanZ=66.22 SoC=1.0000
ep=0789 frame=004 slot=09 J_F=  -311.00 meanZ=59.52 SoC=1.0000
ep=0789 frame=005 slot=09 J_F=  -401.50 meanZ=54.24 SoC=1.0000
ep=0789 frame=006 slot=09 J_F=   682.00 meanZ=51.48 SoC=1.0000
ep=0789 frame=007 slot=09 J_F=  -252.00 meanZ=49.12 SoC=1.0000
ep=0789 frame=008 slot=09 J_F=    62.50 meanZ=46.54 SoC=1.0000
ep=0789 frame=009 slot=09 J_F=   351.00 meanZ=44.00 SoC=1.0000
ep=0789 frame=010 slot=09 J_F=  -833.10 meanZ=41.12 SoC=1.0000
ep=0789 frame=011 slot=09 J_F=   182.00 meanZ=39.92 SoC=1.0000
ep=0789 frame=012 slot=09 J_F=   726.00 meanZ=39.56 SoC=1.0000
ep=0789 frame=013 slot=09 J_F=   105.00 meanZ=38.80 SoC=1.0000
ep=0789 frame=014 slot=09 J_F=   502.00 meanZ=38.10 SoC=1.0000
ep=0789 frame=015 slot=09 J_F=   -15.50 meanZ=37.64 SoC=1.0000
ep=0789 frame=016 slot=09 J_F=   221.00 meanZ=37.92 SoC=1.0000
ep=0789 frame=017 slot=09 J_F=  1046.40 meanZ=39.92 SoC=1.0000
ep=0789 frame=018 slot=09 J_F=   -72.50 meanZ=39.50 SoC=1.0000
ep=0789 frame=019 slot=09 J_F=  -170.10 meanZ=37.20 SoC=1.0000
ep=0789 frame=020 slot=09 J_F=   345.00 meanZ=37.58 SoC=1.0000
ep=0789 frame=021 slot=09 J_F=    18.50 meanZ=37.56 SoC=1.0000
ep=0789 frame=022 slot=09 J_F=   438.50 meanZ=37.50 SoC=1.0000
ep=0789 frame=023 slot=09 J_F=   696.60 meanZ=37.34 SoC=1.0000
ep=0789 frame=024 slot=09 J_F=   696.00 meanZ=38.30 SoC=1.0000
ep=0789 frame=025 slot=09 J_F=   125.50 meanZ=37.72 SoC=1.0000
ep=0789 frame=026 slot=09 J_F=   592.50 meanZ=38.90 SoC=1.0000
ep=0789 frame=027 slot=09 J_F=   255.50 meanZ=39.20 SoC=1.0000
ep=0789 frame=028 slot=09 J_F=   305.50 meanZ=39.00 SoC=1.0000
ep=0789 frame=029 slot=09 J_F=    18.00 meanZ=37.70 SoC=1.0000
hppo_rsu 790/850 QoE=0.39806 stall=0.1049 138.97s
ep=0790 frame=000 slot=09 J_F= -3009.00 meanZ=88.60 SoC=1.0000
ep=0790 frame=001 slot=09 J_F= -1850.50 meanZ=81.02 SoC=1.0000
ep=0790 frame=002 slot=09 J_F= -1203.50 meanZ=73.20 SoC=1.0000
ep=0790 frame=003 slot=09 J_F=  -318.00 meanZ=67.60 SoC=1.0000
ep=0790 frame=004 slot=09 J_F=  -490.00 meanZ=61.40 SoC=1.0000
ep=0790 frame=005 slot=09 J_F=  -204.50 meanZ=54.72 SoC=1.0000
ep=0790 frame=006 slot=09 J_F=   209.50 meanZ=51.46 SoC=1.0000
ep=0790 frame=007 slot=09 J_F=  -550.10 meanZ=47.60 SoC=1.0000
ep=0790 frame=008 slot=09 J_F=   266.00 meanZ=44.42 SoC=1.0000
ep=0790 frame=009 slot=09 J_F=    98.00 meanZ=42.42 SoC=1.0000
ep=0790 frame=010 slot=09 J_F=    13.10 meanZ=41.38 SoC=1.0000
ep=0790 frame=011 slot=09 J_F=   490.00 meanZ=39.02 SoC=1.0000
ep=0790 frame=012 slot=09 J_F=   182.40 meanZ=38.16 SoC=1.0000
ep=0790 frame=013 slot=09 J_F=    96.90 meanZ=37.66 SoC=1.0000
ep=0790 frame=014 slot=09 J_F=   569.90 meanZ=36.64 SoC=1.0000
ep=0790 frame=015 slot=09 J_F=  -419.50 meanZ=34.30 SoC=1.0000
ep=0790 frame=016 slot=09 J_F=    60.50 meanZ=33.32 SoC=1.0000
ep=0790 frame=017 slot=09 J_F=   320.50 meanZ=31.98 SoC=1.0000
ep=0790 frame=018 slot=09 J_F=   855.50 meanZ=31.14 SoC=1.0000
ep=0790 frame=019 slot=09 J_F=   669.00 meanZ=32.16 SoC=1.0000
ep=0790 frame=020 slot=09 J_F=   716.50 meanZ=31.46 SoC=1.0000
ep=0790 frame=021 slot=09 J_F=    52.50 meanZ=30.14 SoC=1.0000
ep=0790 frame=022 slot=09 J_F=   306.50 meanZ=28.30 SoC=1.0000
ep=0790 frame=023 slot=09 J_F=   401.10 meanZ=28.76 SoC=1.0000
ep=0790 frame=024 slot=09 J_F=   174.50 meanZ=28.06 SoC=1.0000
ep=0790 frame=025 slot=09 J_F=   -45.50 meanZ=28.04 SoC=1.0000
ep=0790 frame=026 slot=09 J_F=   779.50 meanZ=28.80 SoC=1.0000
ep=0790 frame=027 slot=09 J_F=   620.60 meanZ=29.28 SoC=1.0000
ep=0790 frame=028 slot=09 J_F=   192.50 meanZ=28.98 SoC=1.0000
ep=0790 frame=029 slot=09 J_F=   559.00 meanZ=29.66 SoC=1.0000
hppo_rsu 791/850 QoE=0.43015 stall=0.0990 137.33s
ep=0791 frame=000 slot=09 J_F= -2573.00 meanZ=89.58 SoC=1.0000
ep=0791 frame=001 slot=09 J_F= -2119.00 meanZ=81.26 SoC=1.0000
ep=0791 frame=002 slot=09 J_F= -1337.00 meanZ=73.62 SoC=1.0000
ep=0791 frame=003 slot=09 J_F= -1482.10 meanZ=66.92 SoC=1.0000
ep=0791 frame=004 slot=09 J_F=   -47.10 meanZ=59.92 SoC=1.0000
ep=0791 frame=005 slot=09 J_F=  -247.10 meanZ=53.52 SoC=1.0000
ep=0791 frame=006 slot=09 J_F=  -339.10 meanZ=48.80 SoC=1.0000
ep=0791 frame=007 slot=09 J_F=   168.50 meanZ=46.76 SoC=1.0000
ep=0791 frame=008 slot=09 J_F=   324.30 meanZ=43.20 SoC=1.0000
ep=0791 frame=009 slot=09 J_F=   -80.00 meanZ=40.62 SoC=1.0000
ep=0791 frame=010 slot=09 J_F=  -136.00 meanZ=38.28 SoC=1.0000
ep=0791 frame=011 slot=09 J_F=  -212.90 meanZ=37.00 SoC=1.0000
ep=0791 frame=012 slot=09 J_F=  -126.50 meanZ=35.94 SoC=1.0000
ep=0791 frame=013 slot=09 J_F=    70.50 meanZ=35.52 SoC=1.0000
ep=0791 frame=014 slot=09 J_F=   -61.00 meanZ=32.70 SoC=1.0000
ep=0791 frame=015 slot=09 J_F=   291.00 meanZ=31.46 SoC=1.0000
ep=0791 frame=016 slot=09 J_F=   380.50 meanZ=30.88 SoC=1.0000
ep=0791 frame=017 slot=09 J_F=  -108.60 meanZ=28.68 SoC=1.0000
ep=0791 frame=018 slot=09 J_F=   555.50 meanZ=28.36 SoC=1.0000
ep=0791 frame=019 slot=09 J_F=    80.50 meanZ=27.56 SoC=1.0000
ep=0791 frame=020 slot=09 J_F=   684.50 meanZ=27.50 SoC=1.0000
ep=0791 frame=021 slot=09 J_F=   762.00 meanZ=28.56 SoC=1.0000
ep=0791 frame=022 slot=09 J_F=   663.00 meanZ=29.54 SoC=1.0000
ep=0791 frame=023 slot=09 J_F=   662.50 meanZ=31.08 SoC=1.0000
ep=0791 frame=024 slot=09 J_F=   -85.00 meanZ=29.80 SoC=1.0000
ep=0791 frame=025 slot=09 J_F=   456.00 meanZ=30.10 SoC=1.0000
ep=0791 frame=026 slot=09 J_F=   623.00 meanZ=29.00 SoC=1.0000
ep=0791 frame=027 slot=09 J_F=   275.00 meanZ=29.58 SoC=1.0000
ep=0791 frame=028 slot=09 J_F=   457.40 meanZ=29.50 SoC=1.0000
ep=0791 frame=029 slot=09 J_F=   771.00 meanZ=29.66 SoC=1.0000
hppo_rsu 792/850 QoE=0.42454 stall=0.1015 138.98s
ep=0792 frame=000 slot=09 J_F= -2590.00 meanZ=88.58 SoC=1.0000
ep=0792 frame=001 slot=09 J_F= -1346.50 meanZ=81.86 SoC=1.0000
ep=0792 frame=002 slot=09 J_F= -1853.50 meanZ=73.46 SoC=1.0000
ep=0792 frame=003 slot=09 J_F=  -858.00 meanZ=66.64 SoC=1.0000
ep=0792 frame=004 slot=09 J_F=  -911.00 meanZ=60.48 SoC=1.0000
ep=0792 frame=005 slot=09 J_F=  -283.50 meanZ=55.36 SoC=1.0000
ep=0792 frame=006 slot=09 J_F=   -85.60 meanZ=51.20 SoC=1.0000
ep=0792 frame=007 slot=09 J_F=  -117.00 meanZ=47.60 SoC=1.0000
ep=0792 frame=008 slot=09 J_F=   189.50 meanZ=45.72 SoC=1.0000
ep=0792 frame=009 slot=09 J_F=   311.00 meanZ=44.28 SoC=1.0000
ep=0792 frame=010 slot=09 J_F=  -186.60 meanZ=43.46 SoC=1.0000
ep=0792 frame=011 slot=09 J_F=  -130.00 meanZ=39.42 SoC=1.0000
ep=0792 frame=012 slot=09 J_F=   531.50 meanZ=39.04 SoC=1.0000
ep=0792 frame=013 slot=09 J_F=   316.90 meanZ=38.52 SoC=1.0000
ep=0792 frame=014 slot=09 J_F=   569.50 meanZ=36.64 SoC=1.0000
ep=0792 frame=015 slot=09 J_F=   298.00 meanZ=35.88 SoC=1.0000
ep=0792 frame=016 slot=09 J_F=   869.50 meanZ=36.18 SoC=1.0000
ep=0792 frame=017 slot=09 J_F=  -227.10 meanZ=36.22 SoC=1.0000
ep=0792 frame=018 slot=09 J_F=   404.50 meanZ=34.28 SoC=1.0000
ep=0792 frame=019 slot=09 J_F=   118.00 meanZ=34.20 SoC=1.0000
ep=0792 frame=020 slot=09 J_F=   190.00 meanZ=35.00 SoC=1.0000
ep=0792 frame=021 slot=09 J_F=   541.50 meanZ=34.14 SoC=1.0000
ep=0792 frame=022 slot=09 J_F=    43.50 meanZ=32.66 SoC=1.0000
ep=0792 frame=023 slot=09 J_F=   269.50 meanZ=31.08 SoC=1.0000
ep=0792 frame=024 slot=09 J_F=   -66.50 meanZ=30.06 SoC=1.0000
ep=0792 frame=025 slot=09 J_F=    43.50 meanZ=29.64 SoC=1.0000
ep=0792 frame=026 slot=09 J_F=   -54.00 meanZ=28.84 SoC=1.0000
ep=0792 frame=027 slot=09 J_F=   266.00 meanZ=28.18 SoC=1.0000
ep=0792 frame=028 slot=09 J_F=   224.40 meanZ=27.34 SoC=1.0000
ep=0792 frame=029 slot=09 J_F=   532.50 meanZ=27.72 SoC=1.0000
hppo_rsu 793/850 QoE=0.46459 stall=0.0863 137.46s
ep=0793 frame=000 slot=09 J_F= -2870.50 meanZ=89.12 SoC=1.0000
ep=0793 frame=001 slot=09 J_F= -1813.00 meanZ=82.22 SoC=1.0000
ep=0793 frame=002 slot=09 J_F= -1197.00 meanZ=74.32 SoC=1.0000
ep=0793 frame=003 slot=09 J_F= -1080.10 meanZ=66.56 SoC=1.0000
ep=0793 frame=004 slot=09 J_F=  -500.50 meanZ=60.02 SoC=1.0000
ep=0793 frame=005 slot=09 J_F=  -544.60 meanZ=53.74 SoC=1.0000
ep=0793 frame=006 slot=09 J_F=  -296.00 meanZ=49.82 SoC=1.0000
ep=0793 frame=007 slot=09 J_F=  -176.00 meanZ=46.84 SoC=1.0000
ep=0793 frame=008 slot=09 J_F=   359.40 meanZ=43.18 SoC=1.0000
ep=0793 frame=009 slot=09 J_F=  -268.50 meanZ=42.00 SoC=1.0000
ep=0793 frame=010 slot=09 J_F=   678.30 meanZ=41.30 SoC=1.0000
ep=0793 frame=011 slot=09 J_F=   376.00 meanZ=41.72 SoC=1.0000
ep=0793 frame=012 slot=09 J_F=  -488.50 meanZ=39.44 SoC=1.0000
ep=0793 frame=013 slot=09 J_F=   137.90 meanZ=38.94 SoC=1.0000
ep=0793 frame=014 slot=09 J_F=   -67.50 meanZ=36.94 SoC=1.0000
ep=0793 frame=015 slot=09 J_F=   -52.00 meanZ=36.26 SoC=1.0000
ep=0793 frame=016 slot=09 J_F=   -19.50 meanZ=34.82 SoC=1.0000
ep=0793 frame=017 slot=09 J_F=  -187.50 meanZ=33.96 SoC=1.0000
ep=0793 frame=018 slot=09 J_F=  -573.00 meanZ=32.04 SoC=1.0000
ep=0793 frame=019 slot=09 J_F=   147.50 meanZ=29.90 SoC=1.0000
ep=0793 frame=020 slot=09 J_F=  -194.50 meanZ=28.12 SoC=1.0000
ep=0793 frame=021 slot=09 J_F=   969.50 meanZ=27.88 SoC=1.0000
ep=0793 frame=022 slot=09 J_F=   740.40 meanZ=29.08 SoC=1.0000
ep=0793 frame=023 slot=09 J_F=   179.50 meanZ=27.94 SoC=1.0000
ep=0793 frame=024 slot=09 J_F=   162.00 meanZ=26.74 SoC=1.0000
ep=0793 frame=025 slot=09 J_F=   662.60 meanZ=25.58 SoC=1.0000
ep=0793 frame=026 slot=09 J_F=   293.00 meanZ=25.02 SoC=1.0000
ep=0793 frame=027 slot=09 J_F=   318.90 meanZ=25.92 SoC=1.0000
ep=0793 frame=028 slot=09 J_F=   235.00 meanZ=25.64 SoC=1.0000
ep=0793 frame=029 slot=09 J_F=   809.90 meanZ=25.96 SoC=1.0000
hppo_rsu 794/850 QoE=0.44437 stall=0.0961 138.58s
ep=0794 frame=000 slot=09 J_F= -2582.00 meanZ=89.10 SoC=1.0000
ep=0794 frame=001 slot=09 J_F= -2721.50 meanZ=80.10 SoC=1.0000
ep=0794 frame=002 slot=09 J_F= -1299.50 meanZ=72.24 SoC=1.0000
ep=0794 frame=003 slot=09 J_F= -1005.00 meanZ=65.38 SoC=1.0000
ep=0794 frame=004 slot=09 J_F= -1091.50 meanZ=59.06 SoC=1.0000
ep=0794 frame=005 slot=09 J_F=  -813.50 meanZ=52.72 SoC=1.0000
ep=0794 frame=006 slot=09 J_F=  -111.50 meanZ=49.50 SoC=1.0000
ep=0794 frame=007 slot=09 J_F=   180.50 meanZ=45.18 SoC=1.0000
ep=0794 frame=008 slot=09 J_F=   106.50 meanZ=42.40 SoC=1.0000
ep=0794 frame=009 slot=09 J_F=   -74.50 meanZ=39.62 SoC=1.0000
ep=0794 frame=010 slot=09 J_F=   773.00 meanZ=37.34 SoC=1.0000
ep=0794 frame=011 slot=09 J_F=   433.00 meanZ=35.58 SoC=1.0000
ep=0794 frame=012 slot=09 J_F=    -8.00 meanZ=32.70 SoC=1.0000
ep=0794 frame=013 slot=09 J_F=   209.60 meanZ=30.78 SoC=1.0000
ep=0794 frame=014 slot=09 J_F=   544.10 meanZ=32.16 SoC=1.0000
ep=0794 frame=015 slot=09 J_F=   378.00 meanZ=32.06 SoC=1.0000
ep=0794 frame=016 slot=09 J_F=   119.00 meanZ=31.44 SoC=1.0000
ep=0794 frame=017 slot=09 J_F=   376.20 meanZ=30.48 SoC=1.0000
ep=0794 frame=018 slot=09 J_F=   340.00 meanZ=29.46 SoC=1.0000
ep=0794 frame=019 slot=09 J_F=   422.50 meanZ=29.98 SoC=1.0000
ep=0794 frame=020 slot=09 J_F=   563.60 meanZ=30.08 SoC=1.0000
ep=0794 frame=021 slot=09 J_F=   917.00 meanZ=31.38 SoC=1.0000
ep=0794 frame=022 slot=09 J_F=   249.10 meanZ=29.96 SoC=1.0000
ep=0794 frame=023 slot=09 J_F=   338.00 meanZ=30.48 SoC=1.0000
ep=0794 frame=024 slot=09 J_F=   790.40 meanZ=31.24 SoC=1.0000
ep=0794 frame=025 slot=09 J_F=   775.00 meanZ=31.24 SoC=1.0000
ep=0794 frame=026 slot=09 J_F=   161.50 meanZ=30.80 SoC=1.0000
ep=0794 frame=027 slot=09 J_F=   345.50 meanZ=30.56 SoC=1.0000
ep=0794 frame=028 slot=09 J_F=   -63.20 meanZ=30.30 SoC=1.0000
ep=0794 frame=029 slot=09 J_F=   831.50 meanZ=30.72 SoC=1.0000
hppo_rsu 795/850 QoE=0.42182 stall=0.1004 137.44s
ep=0795 frame=000 slot=09 J_F= -2993.00 meanZ=88.44 SoC=1.0000
ep=0795 frame=001 slot=09 J_F= -1335.50 meanZ=82.08 SoC=1.0000
ep=0795 frame=002 slot=09 J_F=  -640.60 meanZ=76.94 SoC=1.0000
ep=0795 frame=003 slot=09 J_F= -1368.50 meanZ=69.60 SoC=1.0000
ep=0795 frame=004 slot=09 J_F=  -169.00 meanZ=64.16 SoC=1.0000
ep=0795 frame=005 slot=09 J_F=   -71.50 meanZ=59.96 SoC=1.0000
ep=0795 frame=006 slot=09 J_F=     4.00 meanZ=56.66 SoC=1.0000
ep=0795 frame=007 slot=09 J_F=   672.00 meanZ=53.86 SoC=1.0000
ep=0795 frame=008 slot=09 J_F=  -252.00 meanZ=51.04 SoC=1.0000
ep=0795 frame=009 slot=09 J_F=  -154.90 meanZ=48.50 SoC=1.0000
ep=0795 frame=010 slot=09 J_F=   361.80 meanZ=48.50 SoC=1.0000
ep=0795 frame=011 slot=09 J_F=  -145.60 meanZ=45.86 SoC=1.0000
ep=0795 frame=012 slot=09 J_F=  -125.50 meanZ=43.68 SoC=1.0000
ep=0795 frame=013 slot=09 J_F=   556.50 meanZ=42.32 SoC=1.0000
ep=0795 frame=014 slot=09 J_F=   349.90 meanZ=41.66 SoC=1.0000
ep=0795 frame=015 slot=09 J_F=   -92.30 meanZ=39.10 SoC=1.0000
ep=0795 frame=016 slot=09 J_F=   -53.50 meanZ=37.84 SoC=1.0000
ep=0795 frame=017 slot=09 J_F=   694.50 meanZ=36.84 SoC=1.0000
ep=0795 frame=018 slot=09 J_F=   581.50 meanZ=37.02 SoC=1.0000
ep=0795 frame=019 slot=09 J_F=  -124.50 meanZ=35.78 SoC=1.0000
ep=0795 frame=020 slot=09 J_F=   -88.60 meanZ=33.64 SoC=1.0000
ep=0795 frame=021 slot=09 J_F=  -319.00 meanZ=33.18 SoC=1.0000
ep=0795 frame=022 slot=09 J_F=   125.00 meanZ=31.64 SoC=1.0000
ep=0795 frame=023 slot=09 J_F=   191.00 meanZ=31.30 SoC=1.0000
ep=0795 frame=024 slot=09 J_F=   271.10 meanZ=30.44 SoC=1.0000
ep=0795 frame=025 slot=09 J_F=   325.30 meanZ=30.58 SoC=1.0000
ep=0795 frame=026 slot=09 J_F=   371.60 meanZ=32.44 SoC=1.0000
ep=0795 frame=027 slot=09 J_F=   203.50 meanZ=33.14 SoC=1.0000
ep=0795 frame=028 slot=09 J_F=   246.00 meanZ=32.12 SoC=1.0000
ep=0795 frame=029 slot=09 J_F=   910.00 meanZ=33.08 SoC=1.0000
hppo_rsu 796/850 QoE=0.31369 stall=0.1415 139.10s
ep=0796 frame=000 slot=09 J_F= -2893.50 meanZ=89.08 SoC=1.0000
ep=0796 frame=001 slot=09 J_F= -1752.50 meanZ=81.72 SoC=1.0000
ep=0796 frame=002 slot=09 J_F= -1486.00 meanZ=74.78 SoC=1.0000
ep=0796 frame=003 slot=09 J_F= -1088.60 meanZ=67.98 SoC=1.0000
ep=0796 frame=004 slot=09 J_F=  -485.50 meanZ=61.22 SoC=1.0000
ep=0796 frame=005 slot=09 J_F=     5.50 meanZ=55.14 SoC=1.0000
ep=0796 frame=006 slot=09 J_F=   -83.60 meanZ=51.60 SoC=1.0000
ep=0796 frame=007 slot=09 J_F=   -86.50 meanZ=48.18 SoC=1.0000
ep=0796 frame=008 slot=09 J_F=  -259.00 meanZ=45.48 SoC=1.0000
ep=0796 frame=009 slot=09 J_F=   483.60 meanZ=43.76 SoC=1.0000
ep=0796 frame=010 slot=09 J_F=   680.00 meanZ=41.88 SoC=1.0000
ep=0796 frame=011 slot=09 J_F=   346.00 meanZ=41.70 SoC=1.0000
ep=0796 frame=012 slot=09 J_F=   499.00 meanZ=40.36 SoC=1.0000
ep=0796 frame=013 slot=09 J_F=  -537.50 meanZ=38.20 SoC=1.0000
ep=0796 frame=014 slot=09 J_F=   434.00 meanZ=36.48 SoC=1.0000
ep=0796 frame=015 slot=09 J_F=   640.50 meanZ=35.72 SoC=1.0000
ep=0796 frame=016 slot=09 J_F=    50.40 meanZ=33.84 SoC=1.0000
ep=0796 frame=017 slot=09 J_F=   297.50 meanZ=32.64 SoC=1.0000
ep=0796 frame=018 slot=09 J_F=   441.90 meanZ=32.02 SoC=1.0000
ep=0796 frame=019 slot=09 J_F=   423.50 meanZ=31.38 SoC=1.0000
ep=0796 frame=020 slot=09 J_F=   342.90 meanZ=29.36 SoC=1.0000
ep=0796 frame=021 slot=09 J_F=   364.50 meanZ=30.80 SoC=1.0000
ep=0796 frame=022 slot=09 J_F=   372.00 meanZ=30.20 SoC=1.0000
ep=0796 frame=023 slot=09 J_F=   393.50 meanZ=29.92 SoC=1.0000
ep=0796 frame=024 slot=09 J_F=   410.00 meanZ=29.60 SoC=1.0000
ep=0796 frame=025 slot=09 J_F=   439.80 meanZ=28.56 SoC=1.0000
ep=0796 frame=026 slot=09 J_F=   368.60 meanZ=27.52 SoC=1.0000
ep=0796 frame=027 slot=09 J_F=   277.50 meanZ=28.26 SoC=1.0000
ep=0796 frame=028 slot=09 J_F=   544.90 meanZ=26.92 SoC=1.0000
ep=0796 frame=029 slot=09 J_F=   643.50 meanZ=27.30 SoC=1.0000
hppo_rsu 797/850 QoE=0.45634 stall=0.0895 137.59s
ep=0797 frame=000 slot=09 J_F= -4018.00 meanZ=88.34 SoC=1.0000
ep=0797 frame=001 slot=09 J_F= -2041.50 meanZ=80.32 SoC=1.0000
ep=0797 frame=002 slot=09 J_F= -2016.50 meanZ=72.60 SoC=1.0000
ep=0797 frame=003 slot=09 J_F=  -932.00 meanZ=65.16 SoC=1.0000
ep=0797 frame=004 slot=09 J_F=  -504.00 meanZ=59.68 SoC=1.0000
ep=0797 frame=005 slot=09 J_F=   358.00 meanZ=54.66 SoC=1.0000
ep=0797 frame=006 slot=09 J_F=  -201.00 meanZ=51.28 SoC=1.0000
ep=0797 frame=007 slot=09 J_F=   153.50 meanZ=48.42 SoC=1.0000
ep=0797 frame=008 slot=09 J_F=   243.90 meanZ=44.76 SoC=1.0000
ep=0797 frame=009 slot=09 J_F=  -176.60 meanZ=42.82 SoC=1.0000
ep=0797 frame=010 slot=09 J_F=   470.00 meanZ=41.34 SoC=1.0000
ep=0797 frame=011 slot=09 J_F=  -102.50 meanZ=40.16 SoC=1.0000
ep=0797 frame=012 slot=09 J_F=    46.00 meanZ=38.58 SoC=1.0000
ep=0797 frame=013 slot=09 J_F=   265.90 meanZ=37.20 SoC=1.0000
ep=0797 frame=014 slot=09 J_F=   664.40 meanZ=35.98 SoC=1.0000
ep=0797 frame=015 slot=09 J_F=  -333.00 meanZ=33.84 SoC=1.0000
ep=0797 frame=016 slot=09 J_F=   501.60 meanZ=34.30 SoC=1.0000
ep=0797 frame=017 slot=09 J_F=   265.50 meanZ=33.76 SoC=1.0000
ep=0797 frame=018 slot=09 J_F=   480.50 meanZ=33.42 SoC=1.0000
ep=0797 frame=019 slot=09 J_F=  -212.50 meanZ=32.50 SoC=1.0000
ep=0797 frame=020 slot=09 J_F=   361.50 meanZ=32.98 SoC=1.0000
ep=0797 frame=021 slot=09 J_F=   397.60 meanZ=34.74 SoC=1.0000
ep=0797 frame=022 slot=09 J_F=   536.50 meanZ=34.60 SoC=1.0000
ep=0797 frame=023 slot=09 J_F=   260.00 meanZ=34.02 SoC=1.0000
ep=0797 frame=024 slot=09 J_F=   302.10 meanZ=32.86 SoC=1.0000
ep=0797 frame=025 slot=09 J_F=   745.00 meanZ=33.84 SoC=1.0000
ep=0797 frame=026 slot=09 J_F=   419.00 meanZ=33.82 SoC=1.0000
ep=0797 frame=027 slot=09 J_F=   484.00 meanZ=34.96 SoC=1.0000
ep=0797 frame=028 slot=09 J_F=   461.50 meanZ=35.70 SoC=1.0000
ep=0797 frame=029 slot=09 J_F=   160.60 meanZ=35.20 SoC=1.0000
hppo_rsu 798/850 QoE=0.42739 stall=0.0952 138.63s
ep=0798 frame=000 slot=09 J_F= -3310.50 meanZ=88.54 SoC=1.0000
ep=0798 frame=001 slot=09 J_F= -1813.50 meanZ=82.30 SoC=1.0000
ep=0798 frame=002 slot=09 J_F= -1856.00 meanZ=76.20 SoC=1.0000
ep=0798 frame=003 slot=09 J_F= -1101.10 meanZ=69.26 SoC=1.0000
ep=0798 frame=004 slot=09 J_F=  -731.00 meanZ=62.22 SoC=1.0000
ep=0798 frame=005 slot=09 J_F=    -4.50 meanZ=57.16 SoC=1.0000
ep=0798 frame=006 slot=09 J_F=  -464.50 meanZ=52.64 SoC=1.0000
ep=0798 frame=007 slot=09 J_F=  -405.60 meanZ=48.26 SoC=1.0000
ep=0798 frame=008 slot=09 J_F=   419.00 meanZ=46.20 SoC=1.0000
ep=0798 frame=009 slot=09 J_F=    93.50 meanZ=44.12 SoC=1.0000
ep=0798 frame=010 slot=09 J_F=   265.00 meanZ=43.38 SoC=1.0000
ep=0798 frame=011 slot=09 J_F=  -526.40 meanZ=40.10 SoC=1.0000
ep=0798 frame=012 slot=09 J_F=    64.00 meanZ=38.08 SoC=1.0000
ep=0798 frame=013 slot=09 J_F=   213.90 meanZ=37.90 SoC=1.0000
ep=0798 frame=014 slot=09 J_F=    36.50 meanZ=35.66 SoC=1.0000
ep=0798 frame=015 slot=09 J_F=   189.10 meanZ=34.40 SoC=1.0000
ep=0798 frame=016 slot=09 J_F=   401.50 meanZ=33.54 SoC=1.0000
ep=0798 frame=017 slot=09 J_F=   464.60 meanZ=34.56 SoC=1.0000
ep=0798 frame=018 slot=09 J_F=   674.00 meanZ=35.88 SoC=1.0000
ep=0798 frame=019 slot=09 J_F=   331.00 meanZ=35.14 SoC=1.0000
ep=0798 frame=020 slot=09 J_F=   480.00 meanZ=34.64 SoC=1.0000
ep=0798 frame=021 slot=09 J_F=   565.40 meanZ=34.40 SoC=1.0000
ep=0798 frame=022 slot=09 J_F=   660.50 meanZ=33.78 SoC=1.0000
ep=0798 frame=023 slot=09 J_F=   270.40 meanZ=32.78 SoC=1.0000
ep=0798 frame=024 slot=09 J_F=   768.50 meanZ=32.44 SoC=1.0000
ep=0798 frame=025 slot=09 J_F=   249.90 meanZ=33.08 SoC=1.0000
ep=0798 frame=026 slot=09 J_F=   143.00 meanZ=33.62 SoC=1.0000
ep=0798 frame=027 slot=09 J_F=  -419.50 meanZ=32.54 SoC=1.0000
ep=0798 frame=028 slot=09 J_F=   522.00 meanZ=32.94 SoC=1.0000
ep=0798 frame=029 slot=09 J_F=   -29.00 meanZ=33.52 SoC=1.0000
hppo_rsu 799/850 QoE=0.39314 stall=0.1102 137.72s
ep=0799 frame=000 slot=09 J_F= -3392.50 meanZ=87.86 SoC=1.0000
ep=0799 frame=001 slot=09 J_F= -1395.50 meanZ=80.82 SoC=1.0000
ep=0799 frame=002 slot=09 J_F= -1531.00 meanZ=73.28 SoC=1.0000
ep=0799 frame=003 slot=09 J_F=  -876.10 meanZ=65.90 SoC=1.0000
ep=0799 frame=004 slot=09 J_F=  -854.50 meanZ=59.12 SoC=1.0000
ep=0799 frame=005 slot=09 J_F=  -839.10 meanZ=53.68 SoC=1.0000
ep=0799 frame=006 slot=09 J_F=   500.00 meanZ=51.26 SoC=1.0000
ep=0799 frame=007 slot=09 J_F=   187.00 meanZ=48.34 SoC=1.0000
ep=0799 frame=008 slot=09 J_F=   369.00 meanZ=47.04 SoC=1.0000
ep=0799 frame=009 slot=09 J_F=   430.00 meanZ=46.00 SoC=1.0000
ep=0799 frame=010 slot=09 J_F=   -64.50 meanZ=43.32 SoC=1.0000
ep=0799 frame=011 slot=09 J_F=  -255.50 meanZ=42.00 SoC=1.0000
ep=0799 frame=012 slot=09 J_F=  -162.00 meanZ=39.14 SoC=1.0000
ep=0799 frame=013 slot=09 J_F=   765.00 meanZ=37.82 SoC=1.0000
ep=0799 frame=014 slot=09 J_F=   -78.40 meanZ=37.18 SoC=1.0000
ep=0799 frame=015 slot=09 J_F=   217.50 meanZ=35.26 SoC=1.0000
ep=0799 frame=016 slot=09 J_F=   504.60 meanZ=35.90 SoC=1.0000
ep=0799 frame=017 slot=09 J_F=   604.40 meanZ=36.66 SoC=1.0000
ep=0799 frame=018 slot=09 J_F=   316.50 meanZ=36.92 SoC=1.0000
ep=0799 frame=019 slot=09 J_F=   334.50 meanZ=37.48 SoC=1.0000
ep=0799 frame=020 slot=09 J_F=   842.90 meanZ=36.54 SoC=1.0000
ep=0799 frame=021 slot=09 J_F=   606.50 meanZ=35.60 SoC=1.0000
ep=0799 frame=022 slot=09 J_F=   521.60 meanZ=34.90 SoC=1.0000
ep=0799 frame=023 slot=09 J_F=   109.00 meanZ=32.84 SoC=1.0000
ep=0799 frame=024 slot=09 J_F=     3.10 meanZ=32.12 SoC=1.0000
ep=0799 frame=025 slot=09 J_F=   460.50 meanZ=30.88 SoC=1.0000
ep=0799 frame=026 slot=09 J_F=   155.50 meanZ=30.92 SoC=1.0000
ep=0799 frame=027 slot=09 J_F=    21.00 meanZ=30.30 SoC=1.0000
ep=0799 frame=028 slot=09 J_F=   521.00 meanZ=29.06 SoC=1.0000
ep=0799 frame=029 slot=09 J_F=   583.40 meanZ=29.84 SoC=1.0000
ep=1000000 frame=000 slot=09 J_F= -2508.00 meanZ=88.90 SoC=1.0000
ep=1000000 frame=001 slot=09 J_F= -1697.00 meanZ=80.70 SoC=1.0000
ep=1000000 frame=002 slot=09 J_F= -1874.50 meanZ=72.86 SoC=1.0000
ep=1000000 frame=003 slot=09 J_F=  -841.50 meanZ=65.38 SoC=1.0000
ep=1000000 frame=004 slot=09 J_F=  -795.50 meanZ=59.28 SoC=1.0000
ep=1000000 frame=005 slot=09 J_F=   -49.00 meanZ=52.86 SoC=1.0000
ep=1000000 frame=006 slot=09 J_F=   278.50 meanZ=47.96 SoC=1.0000
ep=1000000 frame=007 slot=09 J_F=   203.90 meanZ=44.54 SoC=1.0000
ep=1000000 frame=008 slot=09 J_F=  -487.50 meanZ=40.90 SoC=1.0000
ep=1000000 frame=009 slot=09 J_F=   263.90 meanZ=37.78 SoC=1.0000
ep=1000000 frame=010 slot=09 J_F=  -113.90 meanZ=35.88 SoC=1.0000
ep=1000000 frame=011 slot=09 J_F=   221.50 meanZ=35.32 SoC=1.0000
ep=1000000 frame=012 slot=09 J_F=    64.00 meanZ=35.02 SoC=1.0000
ep=1000000 frame=013 slot=09 J_F=   253.90 meanZ=35.44 SoC=1.0000
ep=1000000 frame=014 slot=09 J_F=   587.00 meanZ=34.28 SoC=1.0000
ep=1000000 frame=015 slot=09 J_F=   565.50 meanZ=33.10 SoC=1.0000
ep=1000000 frame=016 slot=09 J_F=   256.60 meanZ=31.50 SoC=1.0000
ep=1000000 frame=017 slot=09 J_F=   134.40 meanZ=30.58 SoC=1.0000
ep=1000000 frame=018 slot=09 J_F=    51.50 meanZ=29.24 SoC=1.0000
ep=1000000 frame=019 slot=09 J_F=   424.00 meanZ=30.26 SoC=1.0000
ep=1000000 frame=020 slot=09 J_F=   549.50 meanZ=30.84 SoC=1.0000
ep=1000000 frame=021 slot=09 J_F=   415.00 meanZ=31.68 SoC=1.0000
ep=1000000 frame=022 slot=09 J_F=   649.00 meanZ=32.22 SoC=1.0000
ep=1000000 frame=023 slot=09 J_F=   201.00 meanZ=31.74 SoC=1.0000
ep=1000000 frame=024 slot=09 J_F=   461.00 meanZ=31.78 SoC=1.0000
ep=1000000 frame=025 slot=09 J_F=   746.50 meanZ=30.86 SoC=1.0000
ep=1000000 frame=026 slot=09 J_F=   407.10 meanZ=30.86 SoC=1.0000
ep=1000000 frame=027 slot=09 J_F=   311.10 meanZ=31.50 SoC=1.0000
ep=1000000 frame=028 slot=09 J_F=    29.50 meanZ=32.02 SoC=1.0000
ep=1000000 frame=029 slot=09 J_F=   297.50 meanZ=31.68 SoC=1.0000
ep=1000001 frame=000 slot=09 J_F= -2412.50 meanZ=88.68 SoC=1.0000
ep=1000001 frame=001 slot=09 J_F=  -766.00 meanZ=82.46 SoC=1.0000
ep=1000001 frame=002 slot=09 J_F= -1135.00 meanZ=75.68 SoC=1.0000
ep=1000001 frame=003 slot=09 J_F=  -712.00 meanZ=68.72 SoC=1.0000
ep=1000001 frame=004 slot=09 J_F= -1489.00 meanZ=59.60 SoC=1.0000
ep=1000001 frame=005 slot=09 J_F=  -170.50 meanZ=52.70 SoC=1.0000
ep=1000001 frame=006 slot=09 J_F=  -741.00 meanZ=46.48 SoC=1.0000
ep=1000001 frame=007 slot=09 J_F=   261.50 meanZ=42.44 SoC=1.0000
ep=1000001 frame=008 slot=09 J_F=     3.50 meanZ=38.98 SoC=1.0000
ep=1000001 frame=009 slot=09 J_F=  -729.50 meanZ=35.78 SoC=1.0000
ep=1000001 frame=010 slot=09 J_F=  -191.60 meanZ=33.40 SoC=1.0000
ep=1000001 frame=011 slot=09 J_F=   278.50 meanZ=32.64 SoC=1.0000
ep=1000001 frame=012 slot=09 J_F=   425.50 meanZ=31.34 SoC=1.0000
ep=1000001 frame=013 slot=09 J_F=   611.50 meanZ=31.02 SoC=1.0000
ep=1000001 frame=014 slot=09 J_F=   705.90 meanZ=32.78 SoC=1.0000
ep=1000001 frame=015 slot=09 J_F=   645.90 meanZ=33.70 SoC=1.0000
ep=1000001 frame=016 slot=09 J_F=   491.40 meanZ=33.66 SoC=1.0000
ep=1000001 frame=017 slot=09 J_F=   344.50 meanZ=34.06 SoC=1.0000
ep=1000001 frame=018 slot=09 J_F=  1008.50 meanZ=36.06 SoC=1.0000
ep=1000001 frame=019 slot=09 J_F=   352.90 meanZ=36.28 SoC=1.0000
ep=1000001 frame=020 slot=09 J_F=   845.00 meanZ=35.82 SoC=1.0000
ep=1000001 frame=021 slot=09 J_F=   245.00 meanZ=34.78 SoC=1.0000
ep=1000001 frame=022 slot=09 J_F=   135.00 meanZ=34.44 SoC=1.0000
ep=1000001 frame=023 slot=09 J_F=   512.00 meanZ=35.08 SoC=1.0000
ep=1000001 frame=024 slot=09 J_F=   321.60 meanZ=34.72 SoC=1.0000
ep=1000001 frame=025 slot=09 J_F=  -152.40 meanZ=33.22 SoC=1.0000
ep=1000001 frame=026 slot=09 J_F=   692.50 meanZ=33.04 SoC=1.0000
ep=1000001 frame=027 slot=09 J_F=   478.10 meanZ=33.44 SoC=1.0000
ep=1000001 frame=028 slot=09 J_F=   186.00 meanZ=32.84 SoC=1.0000
ep=1000001 frame=029 slot=09 J_F=   554.00 meanZ=32.64 SoC=1.0000
ep=1000002 frame=000 slot=09 J_F= -2022.50 meanZ=89.28 SoC=1.0000
ep=1000002 frame=001 slot=09 J_F= -2415.00 meanZ=81.40 SoC=1.0000
ep=1000002 frame=002 slot=09 J_F= -1612.50 meanZ=73.00 SoC=1.0000
ep=1000002 frame=003 slot=09 J_F= -1101.50 meanZ=65.70 SoC=1.0000
ep=1000002 frame=004 slot=09 J_F=  -394.50 meanZ=59.08 SoC=1.0000
ep=1000002 frame=005 slot=09 J_F=   260.00 meanZ=53.32 SoC=1.0000
ep=1000002 frame=006 slot=09 J_F=  -312.10 meanZ=48.30 SoC=1.0000
ep=1000002 frame=007 slot=09 J_F=  -198.00 meanZ=44.40 SoC=1.0000
ep=1000002 frame=008 slot=09 J_F=  -449.50 meanZ=40.42 SoC=1.0000
ep=1000002 frame=009 slot=09 J_F=   -69.50 meanZ=37.80 SoC=1.0000
ep=1000002 frame=010 slot=09 J_F=   745.00 meanZ=37.20 SoC=1.0000
ep=1000002 frame=011 slot=09 J_F=   712.50 meanZ=36.62 SoC=1.0000
ep=1000002 frame=012 slot=09 J_F=    40.90 meanZ=35.98 SoC=1.0000
ep=1000002 frame=013 slot=09 J_F=   -17.50 meanZ=35.70 SoC=1.0000
ep=1000002 frame=014 slot=09 J_F=  -110.60 meanZ=34.80 SoC=1.0000
ep=1000002 frame=015 slot=09 J_F=   410.00 meanZ=35.36 SoC=1.0000
ep=1000002 frame=016 slot=09 J_F=   459.50 meanZ=36.10 SoC=1.0000
ep=1000002 frame=017 slot=09 J_F=   -30.50 meanZ=35.04 SoC=1.0000
ep=1000002 frame=018 slot=09 J_F=   305.50 meanZ=34.32 SoC=1.0000
ep=1000002 frame=019 slot=09 J_F=   256.40 meanZ=34.42 SoC=1.0000
ep=1000002 frame=020 slot=09 J_F=   516.40 meanZ=34.50 SoC=1.0000
ep=1000002 frame=021 slot=09 J_F=   137.90 meanZ=34.30 SoC=1.0000
ep=1000002 frame=022 slot=09 J_F=   288.40 meanZ=33.90 SoC=1.0000
ep=1000002 frame=023 slot=09 J_F=   389.00 meanZ=33.50 SoC=1.0000
ep=1000002 frame=024 slot=09 J_F=   687.00 meanZ=33.36 SoC=1.0000
ep=1000002 frame=025 slot=09 J_F=   215.00 meanZ=33.24 SoC=1.0000
ep=1000002 frame=026 slot=09 J_F=   230.50 meanZ=32.04 SoC=1.0000
ep=1000002 frame=027 slot=09 J_F=   365.50 meanZ=31.38 SoC=1.0000
ep=1000002 frame=028 slot=09 J_F=   235.40 meanZ=32.10 SoC=1.0000
ep=1000002 frame=029 slot=09 J_F=   278.40 meanZ=32.78 SoC=1.0000
ep=1000003 frame=000 slot=09 J_F= -3019.00 meanZ=88.70 SoC=1.0000
ep=1000003 frame=001 slot=09 J_F= -1341.50 meanZ=80.88 SoC=1.0000
ep=1000003 frame=002 slot=09 J_F= -1908.00 meanZ=73.48 SoC=1.0000
ep=1000003 frame=003 slot=09 J_F= -1155.50 meanZ=66.30 SoC=1.0000
ep=1000003 frame=004 slot=09 J_F=  -347.50 meanZ=60.56 SoC=1.0000
ep=1000003 frame=005 slot=09 J_F=  -854.50 meanZ=54.80 SoC=1.0000
ep=1000003 frame=006 slot=09 J_F=    23.90 meanZ=49.52 SoC=1.0000
ep=1000003 frame=007 slot=09 J_F=   466.00 meanZ=48.60 SoC=1.0000
ep=1000003 frame=008 slot=09 J_F=   -89.00 meanZ=45.04 SoC=1.0000
ep=1000003 frame=009 slot=09 J_F=  -102.00 meanZ=43.94 SoC=1.0000
ep=1000003 frame=010 slot=09 J_F=   516.50 meanZ=42.30 SoC=1.0000
ep=1000003 frame=011 slot=09 J_F=    71.50 meanZ=39.52 SoC=1.0000
ep=1000003 frame=012 slot=09 J_F=   152.00 meanZ=39.56 SoC=1.0000
ep=1000003 frame=013 slot=09 J_F=   266.00 meanZ=38.04 SoC=1.0000
ep=1000003 frame=014 slot=09 J_F=   -51.40 meanZ=36.36 SoC=1.0000
ep=1000003 frame=015 slot=09 J_F=   423.00 meanZ=36.62 SoC=1.0000
ep=1000003 frame=016 slot=09 J_F=   -52.00 meanZ=34.96 SoC=1.0000
ep=1000003 frame=017 slot=09 J_F=   143.00 meanZ=35.38 SoC=1.0000
ep=1000003 frame=018 slot=09 J_F=   -14.00 meanZ=33.10 SoC=1.0000
ep=1000003 frame=019 slot=09 J_F=   639.00 meanZ=32.16 SoC=1.0000
ep=1000003 frame=020 slot=09 J_F=   595.50 meanZ=32.06 SoC=1.0000
ep=1000003 frame=021 slot=09 J_F=   122.00 meanZ=32.34 SoC=1.0000
ep=1000003 frame=022 slot=09 J_F=   308.00 meanZ=30.70 SoC=1.0000
ep=1000003 frame=023 slot=09 J_F=   157.50 meanZ=30.84 SoC=1.0000
ep=1000003 frame=024 slot=09 J_F=   173.90 meanZ=31.42 SoC=1.0000
ep=1000003 frame=025 slot=09 J_F=   203.00 meanZ=31.32 SoC=1.0000
ep=1000003 frame=026 slot=09 J_F=    32.00 meanZ=31.28 SoC=1.0000
ep=1000003 frame=027 slot=09 J_F=   131.00 meanZ=32.22 SoC=1.0000
ep=1000003 frame=028 slot=09 J_F=   460.90 meanZ=32.70 SoC=1.0000
ep=1000003 frame=029 slot=09 J_F=   666.00 meanZ=32.22 SoC=1.0000
ep=1000004 frame=000 slot=09 J_F= -2789.50 meanZ=87.98 SoC=1.0000
ep=1000004 frame=001 slot=09 J_F= -1486.50 meanZ=81.34 SoC=1.0000
ep=1000004 frame=002 slot=09 J_F= -1501.50 meanZ=74.50 SoC=1.0000
ep=1000004 frame=003 slot=09 J_F= -1382.00 meanZ=67.26 SoC=1.0000
ep=1000004 frame=004 slot=09 J_F=  -596.50 meanZ=59.12 SoC=1.0000
ep=1000004 frame=005 slot=09 J_F=  -503.50 meanZ=53.46 SoC=1.0000
ep=1000004 frame=006 slot=09 J_F=  -529.60 meanZ=48.18 SoC=1.0000
ep=1000004 frame=007 slot=09 J_F=  -135.00 meanZ=44.44 SoC=1.0000
ep=1000004 frame=008 slot=09 J_F=   -42.10 meanZ=42.62 SoC=1.0000
ep=1000004 frame=009 slot=09 J_F=    95.00 meanZ=39.90 SoC=1.0000
ep=1000004 frame=010 slot=09 J_F=  -394.00 meanZ=38.46 SoC=1.0000
ep=1000004 frame=011 slot=09 J_F=  -170.00 meanZ=35.18 SoC=1.0000
ep=1000004 frame=012 slot=09 J_F=   -90.00 meanZ=34.30 SoC=1.0000
ep=1000004 frame=013 slot=09 J_F=   477.00 meanZ=33.84 SoC=1.0000
ep=1000004 frame=014 slot=09 J_F=   -95.50 meanZ=32.58 SoC=1.0000
ep=1000004 frame=015 slot=09 J_F=   745.00 meanZ=32.12 SoC=1.0000
ep=1000004 frame=016 slot=09 J_F=   683.50 meanZ=31.00 SoC=1.0000
ep=1000004 frame=017 slot=09 J_F=   269.90 meanZ=32.40 SoC=1.0000
ep=1000004 frame=018 slot=09 J_F=   676.50 meanZ=33.32 SoC=1.0000
ep=1000004 frame=019 slot=09 J_F=   140.00 meanZ=33.72 SoC=1.0000
ep=1000004 frame=020 slot=09 J_F=   119.90 meanZ=32.96 SoC=1.0000
ep=1000004 frame=021 slot=09 J_F=    65.00 meanZ=31.54 SoC=1.0000
ep=1000004 frame=022 slot=09 J_F=   684.00 meanZ=31.84 SoC=1.0000
ep=1000004 frame=023 slot=09 J_F=    13.90 meanZ=31.54 SoC=1.0000
ep=1000004 frame=024 slot=09 J_F=   846.50 meanZ=33.20 SoC=1.0000
ep=1000004 frame=025 slot=09 J_F=   404.40 meanZ=33.54 SoC=1.0000
ep=1000004 frame=026 slot=09 J_F=   381.50 meanZ=34.18 SoC=1.0000
ep=1000004 frame=027 slot=09 J_F=   467.90 meanZ=35.24 SoC=1.0000
ep=1000004 frame=028 slot=09 J_F=   490.90 meanZ=35.98 SoC=1.0000
ep=1000004 frame=029 slot=09 J_F=   691.50 meanZ=35.68 SoC=1.0000
ep=1000005 frame=000 slot=09 J_F= -3278.50 meanZ=88.28 SoC=1.0000
ep=1000005 frame=001 slot=09 J_F= -1818.50 meanZ=80.82 SoC=1.0000
ep=1000005 frame=002 slot=09 J_F= -1523.50 meanZ=73.58 SoC=1.0000
ep=1000005 frame=003 slot=09 J_F=  -936.00 meanZ=66.40 SoC=1.0000
ep=1000005 frame=004 slot=09 J_F= -1117.50 meanZ=58.30 SoC=1.0000
ep=1000005 frame=005 slot=09 J_F=  -193.00 meanZ=53.28 SoC=1.0000
ep=1000005 frame=006 slot=09 J_F=   -69.00 meanZ=48.34 SoC=1.0000
ep=1000005 frame=007 slot=09 J_F=   200.00 meanZ=45.52 SoC=1.0000
ep=1000005 frame=008 slot=09 J_F=  -127.00 meanZ=41.68 SoC=1.0000
ep=1000005 frame=009 slot=09 J_F=   301.50 meanZ=39.66 SoC=1.0000
ep=1000005 frame=010 slot=09 J_F=   269.00 meanZ=37.50 SoC=1.0000
ep=1000005 frame=011 slot=09 J_F=   104.00 meanZ=36.56 SoC=1.0000
ep=1000005 frame=012 slot=09 J_F=   416.50 meanZ=36.06 SoC=1.0000
ep=1000005 frame=013 slot=09 J_F=  -103.00 meanZ=34.14 SoC=1.0000
ep=1000005 frame=014 slot=09 J_F=   676.00 meanZ=34.40 SoC=1.0000
ep=1000005 frame=015 slot=09 J_F=   538.50 meanZ=32.38 SoC=1.0000
ep=1000005 frame=016 slot=09 J_F=   276.00 meanZ=32.58 SoC=1.0000
ep=1000005 frame=017 slot=09 J_F=   223.50 meanZ=32.78 SoC=1.0000
ep=1000005 frame=018 slot=09 J_F=   376.50 meanZ=32.72 SoC=1.0000
ep=1000005 frame=019 slot=09 J_F=   237.00 meanZ=32.36 SoC=1.0000
ep=1000005 frame=020 slot=09 J_F=   153.50 meanZ=30.96 SoC=1.0000
ep=1000005 frame=021 slot=09 J_F=   194.50 meanZ=29.88 SoC=1.0000
ep=1000005 frame=022 slot=09 J_F=   474.00 meanZ=28.80 SoC=1.0000
ep=1000005 frame=023 slot=09 J_F=   369.50 meanZ=28.44 SoC=1.0000
ep=1000005 frame=024 slot=09 J_F=   341.00 meanZ=29.24 SoC=1.0000
ep=1000005 frame=025 slot=09 J_F=   710.00 meanZ=30.76 SoC=1.0000
ep=1000005 frame=026 slot=09 J_F=   483.40 meanZ=30.36 SoC=1.0000
ep=1000005 frame=027 slot=09 J_F=   369.40 meanZ=29.56 SoC=1.0000
ep=1000005 frame=028 slot=09 J_F=    32.50 meanZ=30.06 SoC=1.0000
ep=1000005 frame=029 slot=09 J_F=   337.00 meanZ=28.44 SoC=1.0000
ep=1000006 frame=000 slot=09 J_F= -1876.50 meanZ=89.02 SoC=1.0000
ep=1000006 frame=001 slot=09 J_F= -1375.00 meanZ=81.92 SoC=1.0000
ep=1000006 frame=002 slot=09 J_F= -1476.00 meanZ=74.56 SoC=1.0000
ep=1000006 frame=003 slot=09 J_F= -1392.50 meanZ=66.84 SoC=1.0000
ep=1000006 frame=004 slot=09 J_F=  -581.00 meanZ=59.58 SoC=1.0000
ep=1000006 frame=005 slot=09 J_F=   203.00 meanZ=55.08 SoC=1.0000
ep=1000006 frame=006 slot=09 J_F=  -582.10 meanZ=50.18 SoC=1.0000
ep=1000006 frame=007 slot=09 J_F=   223.00 meanZ=47.30 SoC=1.0000
ep=1000006 frame=008 slot=09 J_F=   -80.50 meanZ=44.84 SoC=1.0000
ep=1000006 frame=009 slot=09 J_F=   114.90 meanZ=43.12 SoC=1.0000
ep=1000006 frame=010 slot=09 J_F=   769.50 meanZ=42.18 SoC=1.0000
ep=1000006 frame=011 slot=09 J_F=  -375.50 meanZ=40.38 SoC=1.0000
ep=1000006 frame=012 slot=09 J_F=   624.50 meanZ=38.54 SoC=1.0000
ep=1000006 frame=013 slot=09 J_F=   568.00 meanZ=39.20 SoC=1.0000
ep=1000006 frame=014 slot=09 J_F=   121.50 meanZ=39.64 SoC=1.0000
ep=1000006 frame=015 slot=09 J_F=  -148.00 meanZ=38.36 SoC=1.0000
ep=1000006 frame=016 slot=09 J_F=   716.50 meanZ=37.58 SoC=1.0000
ep=1000006 frame=017 slot=09 J_F=   396.50 meanZ=37.82 SoC=1.0000
ep=1000006 frame=018 slot=09 J_F=    70.00 meanZ=37.00 SoC=1.0000
ep=1000006 frame=019 slot=09 J_F=    47.40 meanZ=36.74 SoC=1.0000
ep=1000006 frame=020 slot=09 J_F=   258.50 meanZ=35.90 SoC=1.0000
ep=1000006 frame=021 slot=09 J_F=   317.00 meanZ=36.06 SoC=1.0000
ep=1000006 frame=022 slot=09 J_F=   -69.60 meanZ=34.18 SoC=1.0000
ep=1000006 frame=023 slot=09 J_F=     1.50 meanZ=34.78 SoC=1.0000
ep=1000006 frame=024 slot=09 J_F=   357.50 meanZ=34.58 SoC=1.0000
ep=1000006 frame=025 slot=09 J_F=   627.40 meanZ=34.32 SoC=1.0000
ep=1000006 frame=026 slot=09 J_F=   -59.50 meanZ=34.58 SoC=1.0000
ep=1000006 frame=027 slot=09 J_F=   520.00 meanZ=35.12 SoC=1.0000
ep=1000006 frame=028 slot=09 J_F=   565.90 meanZ=34.96 SoC=1.0000
ep=1000006 frame=029 slot=09 J_F=   322.40 meanZ=34.02 SoC=1.0000
ep=1000007 frame=000 slot=09 J_F= -3707.50 meanZ=87.62 SoC=1.0000
ep=1000007 frame=001 slot=09 J_F= -1890.50 meanZ=79.62 SoC=1.0000
ep=1000007 frame=002 slot=09 J_F= -1948.50 meanZ=71.26 SoC=1.0000
ep=1000007 frame=003 slot=09 J_F=  -375.00 meanZ=64.72 SoC=1.0000
ep=1000007 frame=004 slot=09 J_F=  -865.50 meanZ=58.12 SoC=1.0000
ep=1000007 frame=005 slot=09 J_F=    80.00 meanZ=52.38 SoC=1.0000
ep=1000007 frame=006 slot=09 J_F=  -308.00 meanZ=47.12 SoC=1.0000
ep=1000007 frame=007 slot=09 J_F=  -302.00 meanZ=43.36 SoC=1.0000
ep=1000007 frame=008 slot=09 J_F=   261.00 meanZ=41.76 SoC=1.0000
ep=1000007 frame=009 slot=09 J_F=  -228.40 meanZ=40.48 SoC=1.0000
ep=1000007 frame=010 slot=09 J_F=  -252.60 meanZ=38.22 SoC=1.0000
ep=1000007 frame=011 slot=09 J_F=   396.00 meanZ=37.26 SoC=1.0000
ep=1000007 frame=012 slot=09 J_F=   460.50 meanZ=37.54 SoC=1.0000
ep=1000007 frame=013 slot=09 J_F=   419.90 meanZ=37.12 SoC=1.0000
ep=1000007 frame=014 slot=09 J_F=   138.00 meanZ=36.52 SoC=1.0000
ep=1000007 frame=015 slot=09 J_F=   705.50 meanZ=36.78 SoC=1.0000
ep=1000007 frame=016 slot=09 J_F=    75.50 meanZ=35.80 SoC=1.0000
ep=1000007 frame=017 slot=09 J_F=    89.50 meanZ=35.84 SoC=1.0000
ep=1000007 frame=018 slot=09 J_F=   607.00 meanZ=35.72 SoC=1.0000
ep=1000007 frame=019 slot=09 J_F=    48.50 meanZ=35.36 SoC=1.0000
ep=1000007 frame=020 slot=09 J_F=   192.40 meanZ=35.06 SoC=1.0000
ep=1000007 frame=021 slot=09 J_F=   251.00 meanZ=35.38 SoC=1.0000
ep=1000007 frame=022 slot=09 J_F=   -67.50 meanZ=34.44 SoC=1.0000
ep=1000007 frame=023 slot=09 J_F=   291.40 meanZ=35.28 SoC=1.0000
ep=1000007 frame=024 slot=09 J_F=  -133.00 meanZ=34.62 SoC=1.0000
ep=1000007 frame=025 slot=09 J_F=   644.50 meanZ=33.84 SoC=1.0000
ep=1000007 frame=026 slot=09 J_F=   558.90 meanZ=33.04 SoC=1.0000
ep=1000007 frame=027 slot=09 J_F=    27.00 meanZ=32.44 SoC=1.0000
ep=1000007 frame=028 slot=09 J_F=  -230.70 meanZ=31.80 SoC=1.0000
ep=1000007 frame=029 slot=09 J_F=    18.50 meanZ=30.24 SoC=1.0000
ep=1000008 frame=000 slot=09 J_F= -3442.00 meanZ=87.32 SoC=1.0000
ep=1000008 frame=001 slot=09 J_F= -2287.10 meanZ=78.90 SoC=1.0000
ep=1000008 frame=002 slot=09 J_F= -1640.00 meanZ=71.52 SoC=1.0000
ep=1000008 frame=003 slot=09 J_F=  -667.50 meanZ=64.66 SoC=1.0000
ep=1000008 frame=004 slot=09 J_F=  -668.00 meanZ=58.44 SoC=1.0000
ep=1000008 frame=005 slot=09 J_F=   213.50 meanZ=52.42 SoC=1.0000
ep=1000008 frame=006 slot=09 J_F=   229.00 meanZ=49.34 SoC=1.0000
ep=1000008 frame=007 slot=09 J_F=     0.00 meanZ=45.54 SoC=1.0000
ep=1000008 frame=008 slot=09 J_F=   333.00 meanZ=43.78 SoC=1.0000
ep=1000008 frame=009 slot=09 J_F=   117.00 meanZ=41.14 SoC=1.0000
ep=1000008 frame=010 slot=09 J_F=  -124.00 meanZ=39.66 SoC=1.0000
ep=1000008 frame=011 slot=09 J_F=   196.00 meanZ=39.68 SoC=1.0000
ep=1000008 frame=012 slot=09 J_F=   699.50 meanZ=38.70 SoC=1.0000
ep=1000008 frame=013 slot=09 J_F=   -19.00 meanZ=38.42 SoC=1.0000
ep=1000008 frame=014 slot=09 J_F=  -138.00 meanZ=37.24 SoC=1.0000
ep=1000008 frame=015 slot=09 J_F=    41.50 meanZ=36.04 SoC=1.0000
ep=1000008 frame=016 slot=09 J_F=   447.50 meanZ=35.98 SoC=1.0000
ep=1000008 frame=017 slot=09 J_F=   349.50 meanZ=36.94 SoC=1.0000
ep=1000008 frame=018 slot=09 J_F=  -398.50 meanZ=35.70 SoC=1.0000
ep=1000008 frame=019 slot=09 J_F=   119.50 meanZ=34.20 SoC=1.0000
ep=1000008 frame=020 slot=09 J_F=   227.00 meanZ=33.16 SoC=1.0000
ep=1000008 frame=021 slot=09 J_F=   215.00 meanZ=32.42 SoC=1.0000
ep=1000008 frame=022 slot=09 J_F=   201.00 meanZ=31.44 SoC=1.0000
ep=1000008 frame=023 slot=09 J_F=   724.50 meanZ=32.16 SoC=1.0000
ep=1000008 frame=024 slot=09 J_F=   281.40 meanZ=32.62 SoC=1.0000
ep=1000008 frame=025 slot=09 J_F=   451.40 meanZ=31.46 SoC=1.0000
ep=1000008 frame=026 slot=09 J_F=   -12.00 meanZ=31.42 SoC=1.0000
ep=1000008 frame=027 slot=09 J_F=   218.00 meanZ=31.04 SoC=1.0000
ep=1000008 frame=028 slot=09 J_F=   -27.50 meanZ=29.42 SoC=1.0000
ep=1000008 frame=029 slot=09 J_F=    68.00 meanZ=27.90 SoC=1.0000
ep=1000009 frame=000 slot=09 J_F= -3507.00 meanZ=87.46 SoC=1.0000
ep=1000009 frame=001 slot=09 J_F= -1537.00 meanZ=80.54 SoC=1.0000
ep=1000009 frame=002 slot=09 J_F= -1626.00 meanZ=73.30 SoC=1.0000
ep=1000009 frame=003 slot=09 J_F= -1114.00 meanZ=65.84 SoC=1.0000
ep=1000009 frame=004 slot=09 J_F=  -766.00 meanZ=58.10 SoC=1.0000
ep=1000009 frame=005 slot=09 J_F=    31.00 meanZ=52.26 SoC=1.0000
ep=1000009 frame=006 slot=09 J_F=    53.50 meanZ=48.40 SoC=1.0000
ep=1000009 frame=007 slot=09 J_F=  -231.50 meanZ=45.60 SoC=1.0000
ep=1000009 frame=008 slot=09 J_F=  -100.00 meanZ=43.68 SoC=1.0000
ep=1000009 frame=009 slot=09 J_F=   298.00 meanZ=42.18 SoC=1.0000
ep=1000009 frame=010 slot=09 J_F=  -113.50 meanZ=41.76 SoC=1.0000
ep=1000009 frame=011 slot=09 J_F=   113.50 meanZ=39.44 SoC=1.0000
ep=1000009 frame=012 slot=09 J_F=    87.00 meanZ=39.32 SoC=1.0000
ep=1000009 frame=013 slot=09 J_F=   576.00 meanZ=38.56 SoC=1.0000
ep=1000009 frame=014 slot=09 J_F=   331.00 meanZ=37.72 SoC=1.0000
ep=1000009 frame=015 slot=09 J_F=   929.50 meanZ=37.14 SoC=1.0000
ep=1000009 frame=016 slot=09 J_F=   720.50 meanZ=36.78 SoC=1.0000
ep=1000009 frame=017 slot=09 J_F=   625.60 meanZ=36.04 SoC=1.0000
ep=1000009 frame=018 slot=09 J_F=   169.00 meanZ=36.68 SoC=1.0000
ep=1000009 frame=019 slot=09 J_F=   461.40 meanZ=37.38 SoC=1.0000
ep=1000009 frame=020 slot=09 J_F=  -136.90 meanZ=35.38 SoC=1.0000
ep=1000009 frame=021 slot=09 J_F=   509.10 meanZ=35.34 SoC=1.0000
ep=1000009 frame=022 slot=09 J_F=    69.60 meanZ=35.06 SoC=1.0000
ep=1000009 frame=023 slot=09 J_F=   229.50 meanZ=34.64 SoC=1.0000
ep=1000009 frame=024 slot=09 J_F=   442.50 meanZ=33.64 SoC=1.0000
ep=1000009 frame=025 slot=09 J_F=   241.00 meanZ=33.00 SoC=1.0000
ep=1000009 frame=026 slot=09 J_F=    99.50 meanZ=33.04 SoC=1.0000
ep=1000009 frame=027 slot=09 J_F=   559.10 meanZ=33.14 SoC=1.0000
ep=1000009 frame=028 slot=09 J_F=    30.10 meanZ=31.88 SoC=1.0000
ep=1000009 frame=029 slot=09 J_F=   472.90 meanZ=30.56 SoC=1.0000
hppo_rsu 800/850 QoE=0.36232 stall=0.1250 141.68s
ep=0800 frame=000 slot=09 J_F= -2997.50 meanZ=88.32 SoC=1.0000
ep=0800 frame=001 slot=09 J_F= -1365.00 meanZ=80.62 SoC=1.0000
ep=0800 frame=002 slot=09 J_F= -2046.00 meanZ=73.12 SoC=1.0000
ep=0800 frame=003 slot=09 J_F= -1180.50 meanZ=65.86 SoC=1.0000
ep=0800 frame=004 slot=09 J_F=  -396.00 meanZ=59.56 SoC=1.0000
ep=0800 frame=005 slot=09 J_F=     5.00 meanZ=54.58 SoC=1.0000
ep=0800 frame=006 slot=09 J_F=   -81.00 meanZ=49.90 SoC=1.0000
ep=0800 frame=007 slot=09 J_F=   111.50 meanZ=46.54 SoC=1.0000
ep=0800 frame=008 slot=09 J_F=  -739.70 meanZ=41.32 SoC=1.0000
ep=0800 frame=009 slot=09 J_F=   122.00 meanZ=37.80 SoC=1.0000
ep=0800 frame=010 slot=09 J_F=   151.40 meanZ=37.16 SoC=1.0000
ep=0800 frame=011 slot=09 J_F=   578.90 meanZ=37.46 SoC=1.0000
ep=0800 frame=012 slot=09 J_F=   231.00 meanZ=35.02 SoC=1.0000
ep=0800 frame=013 slot=09 J_F=   567.50 meanZ=34.88 SoC=1.0000
ep=0800 frame=014 slot=09 J_F=  -319.50 meanZ=32.52 SoC=1.0000
ep=0800 frame=015 slot=09 J_F=   465.60 meanZ=33.22 SoC=1.0000
ep=0800 frame=016 slot=09 J_F=   932.60 meanZ=33.58 SoC=1.0000
ep=0800 frame=017 slot=09 J_F=   316.50 meanZ=34.02 SoC=1.0000
ep=0800 frame=018 slot=09 J_F=     9.00 meanZ=32.16 SoC=1.0000
ep=0800 frame=019 slot=09 J_F=   272.00 meanZ=32.40 SoC=1.0000
ep=0800 frame=020 slot=09 J_F=   676.50 meanZ=30.12 SoC=1.0000
ep=0800 frame=021 slot=09 J_F=   295.50 meanZ=29.44 SoC=1.0000
ep=0800 frame=022 slot=09 J_F=   158.00 meanZ=29.98 SoC=1.0000
ep=0800 frame=023 slot=09 J_F=   424.00 meanZ=28.52 SoC=1.0000
ep=0800 frame=024 slot=09 J_F=   728.10 meanZ=30.20 SoC=1.0000
ep=0800 frame=025 slot=09 J_F=  -103.00 meanZ=29.74 SoC=1.0000
ep=0800 frame=026 slot=09 J_F=   435.00 meanZ=29.38 SoC=1.0000
ep=0800 frame=027 slot=09 J_F=   524.00 meanZ=28.60 SoC=1.0000
ep=0800 frame=028 slot=09 J_F=   282.50 meanZ=28.40 SoC=1.0000
ep=0800 frame=029 slot=09 J_F=   718.10 meanZ=29.58 SoC=1.0000
hppo_rsu 801/850 QoE=0.43167 stall=0.0978 137.06s
ep=0801 frame=000 slot=09 J_F= -3077.00 meanZ=88.32 SoC=1.0000
ep=0801 frame=001 slot=09 J_F= -1310.50 meanZ=81.50 SoC=1.0000
ep=0801 frame=002 slot=09 J_F= -1328.50 meanZ=75.18 SoC=1.0000
ep=0801 frame=003 slot=09 J_F= -1543.50 meanZ=67.96 SoC=1.0000
ep=0801 frame=004 slot=09 J_F=  -456.00 meanZ=61.48 SoC=1.0000
ep=0801 frame=005 slot=09 J_F=  -499.10 meanZ=55.38 SoC=1.0000
ep=0801 frame=006 slot=09 J_F=     4.00 meanZ=50.76 SoC=1.0000
ep=0801 frame=007 slot=09 J_F=  -434.10 meanZ=44.78 SoC=1.0000
ep=0801 frame=008 slot=09 J_F=  -117.50 meanZ=40.52 SoC=1.0000
ep=0801 frame=009 slot=09 J_F=   -80.10 meanZ=37.10 SoC=1.0000
ep=0801 frame=010 slot=09 J_F=  -211.00 meanZ=34.46 SoC=1.0000
ep=0801 frame=011 slot=09 J_F=   455.90 meanZ=33.04 SoC=1.0000
ep=0801 frame=012 slot=09 J_F=   -71.00 meanZ=32.92 SoC=1.0000
ep=0801 frame=013 slot=09 J_F=    92.30 meanZ=33.08 SoC=1.0000
ep=0801 frame=014 slot=09 J_F=   238.60 meanZ=31.90 SoC=1.0000
ep=0801 frame=015 slot=09 J_F=   692.50 meanZ=30.18 SoC=1.0000
ep=0801 frame=016 slot=09 J_F=   372.00 meanZ=30.66 SoC=1.0000
ep=0801 frame=017 slot=09 J_F=   590.00 meanZ=30.40 SoC=1.0000
ep=0801 frame=018 slot=09 J_F=   245.00 meanZ=29.44 SoC=1.0000
ep=0801 frame=019 slot=09 J_F=   -95.00 meanZ=29.32 SoC=1.0000
ep=0801 frame=020 slot=09 J_F=   132.50 meanZ=30.34 SoC=1.0000
ep=0801 frame=021 slot=09 J_F=   172.50 meanZ=30.70 SoC=1.0000
ep=0801 frame=022 slot=09 J_F=   243.50 meanZ=29.34 SoC=1.0000
ep=0801 frame=023 slot=09 J_F=    36.50 meanZ=28.58 SoC=1.0000
ep=0801 frame=024 slot=09 J_F=   631.00 meanZ=29.54 SoC=1.0000
ep=0801 frame=025 slot=09 J_F=   139.50 meanZ=26.92 SoC=1.0000
ep=0801 frame=026 slot=09 J_F=   269.50 meanZ=24.70 SoC=1.0000
ep=0801 frame=027 slot=09 J_F=   296.50 meanZ=25.52 SoC=1.0000
ep=0801 frame=028 slot=09 J_F=   897.50 meanZ=26.76 SoC=1.0000
ep=0801 frame=029 slot=09 J_F=   498.50 meanZ=26.52 SoC=1.0000
hppo_rsu 802/850 QoE=0.45613 stall=0.0895 138.47s
ep=0802 frame=000 slot=09 J_F= -3754.50 meanZ=88.00 SoC=1.0000
ep=0802 frame=001 slot=09 J_F= -1153.50 meanZ=81.16 SoC=1.0000
ep=0802 frame=002 slot=09 J_F=  -877.00 meanZ=76.22 SoC=1.0000
ep=0802 frame=003 slot=09 J_F=   360.00 meanZ=72.28 SoC=1.0000
ep=0802 frame=004 slot=09 J_F=  -687.00 meanZ=65.14 SoC=1.0000
ep=0802 frame=005 slot=09 J_F=  -170.50 meanZ=59.76 SoC=1.0000
ep=0802 frame=006 slot=09 J_F=  -407.00 meanZ=56.92 SoC=1.0000
ep=0802 frame=007 slot=09 J_F=  -165.00 meanZ=52.18 SoC=1.0000
ep=0802 frame=008 slot=09 J_F=  -485.00 meanZ=47.80 SoC=1.0000
ep=0802 frame=009 slot=09 J_F=   892.00 meanZ=44.76 SoC=1.0000
ep=0802 frame=010 slot=09 J_F=   293.00 meanZ=43.36 SoC=1.0000
ep=0802 frame=011 slot=09 J_F=    32.00 meanZ=41.06 SoC=1.0000
ep=0802 frame=012 slot=09 J_F=  -229.10 meanZ=38.46 SoC=1.0000
ep=0802 frame=013 slot=09 J_F=    86.50 meanZ=37.18 SoC=1.0000
ep=0802 frame=014 slot=09 J_F=   313.00 meanZ=35.16 SoC=1.0000
ep=0802 frame=015 slot=09 J_F=   221.00 meanZ=32.60 SoC=1.0000
ep=0802 frame=016 slot=09 J_F=    17.00 meanZ=31.92 SoC=1.0000
ep=0802 frame=017 slot=09 J_F=    99.50 meanZ=29.98 SoC=1.0000
ep=0802 frame=018 slot=09 J_F=   419.00 meanZ=29.80 SoC=1.0000
ep=0802 frame=019 slot=09 J_F=   307.00 meanZ=28.94 SoC=1.0000
ep=0802 frame=020 slot=09 J_F=   809.50 meanZ=29.94 SoC=1.0000
ep=0802 frame=021 slot=09 J_F=   448.50 meanZ=29.34 SoC=1.0000
ep=0802 frame=022 slot=09 J_F=   472.50 meanZ=29.92 SoC=1.0000
ep=0802 frame=023 slot=09 J_F=   621.50 meanZ=30.36 SoC=1.0000
ep=0802 frame=024 slot=09 J_F=   112.50 meanZ=30.58 SoC=1.0000
ep=0802 frame=025 slot=09 J_F=   589.40 meanZ=30.10 SoC=1.0000
ep=0802 frame=026 slot=09 J_F=     1.00 meanZ=29.32 SoC=1.0000
ep=0802 frame=027 slot=09 J_F=   179.00 meanZ=27.64 SoC=1.0000
ep=0802 frame=028 slot=09 J_F=    51.50 meanZ=26.00 SoC=1.0000
ep=0802 frame=029 slot=09 J_F=   809.30 meanZ=26.22 SoC=1.0000
hppo_rsu 803/850 QoE=0.47481 stall=0.0833 137.47s
ep=0803 frame=000 slot=09 J_F= -2353.50 meanZ=89.02 SoC=1.0000
ep=0803 frame=001 slot=09 J_F= -2243.00 meanZ=80.76 SoC=1.0000
ep=0803 frame=002 slot=09 J_F= -1810.00 meanZ=72.62 SoC=1.0000
ep=0803 frame=003 slot=09 J_F=  -614.10 meanZ=66.40 SoC=1.0000
ep=0803 frame=004 slot=09 J_F= -1226.50 meanZ=60.02 SoC=1.0000
ep=0803 frame=005 slot=09 J_F=  -207.00 meanZ=52.64 SoC=1.0000
ep=0803 frame=006 slot=09 J_F=  -411.50 meanZ=46.80 SoC=1.0000
ep=0803 frame=007 slot=09 J_F=   -20.50 meanZ=42.12 SoC=1.0000
ep=0803 frame=008 slot=09 J_F=   429.80 meanZ=39.54 SoC=1.0000
ep=0803 frame=009 slot=09 J_F=   151.30 meanZ=37.40 SoC=1.0000
ep=0803 frame=010 slot=09 J_F=  -117.50 meanZ=35.86 SoC=1.0000
ep=0803 frame=011 slot=09 J_F=  -140.00 meanZ=35.02 SoC=1.0000
ep=0803 frame=012 slot=09 J_F=   -38.00 meanZ=32.98 SoC=1.0000
ep=0803 frame=013 slot=09 J_F=   298.90 meanZ=31.88 SoC=1.0000
ep=0803 frame=014 slot=09 J_F=   445.90 meanZ=31.88 SoC=1.0000
ep=0803 frame=015 slot=09 J_F=   552.00 meanZ=31.74 SoC=1.0000
ep=0803 frame=016 slot=09 J_F=   296.00 meanZ=31.74 SoC=1.0000
ep=0803 frame=017 slot=09 J_F=   487.00 meanZ=32.44 SoC=1.0000
ep=0803 frame=018 slot=09 J_F=   633.50 meanZ=32.14 SoC=1.0000
ep=0803 frame=019 slot=09 J_F=    20.00 meanZ=31.80 SoC=1.0000
ep=0803 frame=020 slot=09 J_F=   443.50 meanZ=32.28 SoC=1.0000
ep=0803 frame=021 slot=09 J_F=   310.50 meanZ=31.54 SoC=1.0000
ep=0803 frame=022 slot=09 J_F=   146.40 meanZ=30.28 SoC=1.0000
ep=0803 frame=023 slot=09 J_F=   133.10 meanZ=31.30 SoC=1.0000
ep=0803 frame=024 slot=09 J_F=   371.40 meanZ=31.32 SoC=1.0000
ep=0803 frame=025 slot=09 J_F=   429.50 meanZ=32.90 SoC=1.0000
ep=0803 frame=026 slot=09 J_F=   612.20 meanZ=32.04 SoC=1.0000
ep=0803 frame=027 slot=09 J_F=   444.40 meanZ=33.00 SoC=1.0000
ep=0803 frame=028 slot=09 J_F=   559.00 meanZ=31.14 SoC=1.0000
ep=0803 frame=029 slot=09 J_F=   340.00 meanZ=31.44 SoC=1.0000
hppo_rsu 804/850 QoE=0.39454 stall=0.1104 138.93s
ep=0804 frame=000 slot=09 J_F= -3519.10 meanZ=87.98 SoC=1.0000
ep=0804 frame=001 slot=09 J_F= -2082.00 meanZ=80.14 SoC=1.0000
ep=0804 frame=002 slot=09 J_F= -1944.50 meanZ=72.84 SoC=1.0000
ep=0804 frame=003 slot=09 J_F= -1664.50 meanZ=65.42 SoC=1.0000
ep=0804 frame=004 slot=09 J_F=   154.50 meanZ=59.92 SoC=1.0000
ep=0804 frame=005 slot=09 J_F=  -437.00 meanZ=54.16 SoC=1.0000
ep=0804 frame=006 slot=09 J_F=   271.50 meanZ=49.44 SoC=1.0000
ep=0804 frame=007 slot=09 J_F=   -84.70 meanZ=45.62 SoC=1.0000
ep=0804 frame=008 slot=09 J_F=   272.50 meanZ=41.36 SoC=1.0000
ep=0804 frame=009 slot=09 J_F=   500.50 meanZ=41.38 SoC=1.0000
ep=0804 frame=010 slot=09 J_F=  -340.50 meanZ=38.80 SoC=1.0000
ep=0804 frame=011 slot=09 J_F=   173.00 meanZ=36.48 SoC=1.0000
ep=0804 frame=012 slot=09 J_F=  -123.50 meanZ=34.40 SoC=1.0000
ep=0804 frame=013 slot=09 J_F=   114.00 meanZ=32.76 SoC=1.0000
ep=0804 frame=014 slot=09 J_F=   418.90 meanZ=32.32 SoC=1.0000
ep=0804 frame=015 slot=09 J_F=   153.90 meanZ=31.60 SoC=1.0000
ep=0804 frame=016 slot=09 J_F=   381.00 meanZ=31.96 SoC=1.0000
ep=0804 frame=017 slot=09 J_F=   385.00 meanZ=32.76 SoC=1.0000
ep=0804 frame=018 slot=09 J_F=   199.50 meanZ=33.50 SoC=1.0000
ep=0804 frame=019 slot=09 J_F=   330.50 meanZ=32.84 SoC=1.0000
ep=0804 frame=020 slot=09 J_F=   -68.50 meanZ=32.76 SoC=1.0000
ep=0804 frame=021 slot=09 J_F=   636.00 meanZ=33.38 SoC=1.0000
ep=0804 frame=022 slot=09 J_F=   481.50 meanZ=32.58 SoC=1.0000
ep=0804 frame=023 slot=09 J_F=   189.00 meanZ=31.86 SoC=1.0000
ep=0804 frame=024 slot=09 J_F=   670.00 meanZ=32.08 SoC=1.0000
ep=0804 frame=025 slot=09 J_F=   667.00 meanZ=32.04 SoC=1.0000
ep=0804 frame=026 slot=09 J_F=   229.10 meanZ=31.34 SoC=1.0000
ep=0804 frame=027 slot=09 J_F=   422.50 meanZ=29.82 SoC=1.0000
ep=0804 frame=028 slot=09 J_F=   608.50 meanZ=30.22 SoC=1.0000
ep=0804 frame=029 slot=09 J_F=    35.60 meanZ=28.76 SoC=1.0000
hppo_rsu 805/850 QoE=0.41424 stall=0.1043 137.62s
ep=0805 frame=000 slot=09 J_F= -3253.50 meanZ=87.76 SoC=1.0000
ep=0805 frame=001 slot=09 J_F= -1717.50 meanZ=80.44 SoC=1.0000
ep=0805 frame=002 slot=09 J_F= -1748.00 meanZ=72.18 SoC=1.0000
ep=0805 frame=003 slot=09 J_F= -1194.50 meanZ=66.00 SoC=1.0000
ep=0805 frame=004 slot=09 J_F=  -601.10 meanZ=59.52 SoC=1.0000
ep=0805 frame=005 slot=09 J_F=   -65.50 meanZ=54.02 SoC=1.0000
ep=0805 frame=006 slot=09 J_F=  -364.50 meanZ=49.12 SoC=1.0000
ep=0805 frame=007 slot=09 J_F=   477.00 meanZ=45.76 SoC=1.0000
ep=0805 frame=008 slot=09 J_F=  -105.00 meanZ=42.46 SoC=1.0000
ep=0805 frame=009 slot=09 J_F=   527.50 meanZ=43.24 SoC=1.0000
ep=0805 frame=010 slot=09 J_F=     7.00 meanZ=41.72 SoC=1.0000
ep=0805 frame=011 slot=09 J_F=   387.00 meanZ=39.58 SoC=1.0000
ep=0805 frame=012 slot=09 J_F=   299.00 meanZ=39.18 SoC=1.0000
ep=0805 frame=013 slot=09 J_F=   716.00 meanZ=39.70 SoC=1.0000
ep=0805 frame=014 slot=09 J_F=   547.90 meanZ=38.86 SoC=1.0000
ep=0805 frame=015 slot=09 J_F=  -139.20 meanZ=38.30 SoC=1.0000
ep=0805 frame=016 slot=09 J_F=   849.00 meanZ=39.14 SoC=1.0000
ep=0805 frame=017 slot=09 J_F=   212.50 meanZ=38.76 SoC=1.0000
ep=0805 frame=018 slot=09 J_F=    39.80 meanZ=36.76 SoC=1.0000
ep=0805 frame=019 slot=09 J_F=   -46.10 meanZ=35.54 SoC=1.0000
ep=0805 frame=020 slot=09 J_F=   -76.00 meanZ=34.58 SoC=1.0000
ep=0805 frame=021 slot=09 J_F=   487.50 meanZ=34.80 SoC=1.0000
ep=0805 frame=022 slot=09 J_F=   993.00 meanZ=33.90 SoC=1.0000
ep=0805 frame=023 slot=09 J_F=   627.80 meanZ=31.98 SoC=1.0000
ep=0805 frame=024 slot=09 J_F=   879.50 meanZ=32.60 SoC=1.0000
ep=0805 frame=025 slot=09 J_F=   716.00 meanZ=33.58 SoC=1.0000
ep=0805 frame=026 slot=09 J_F=   768.80 meanZ=34.26 SoC=1.0000
ep=0805 frame=027 slot=09 J_F=   384.50 meanZ=35.40 SoC=1.0000
ep=0805 frame=028 slot=09 J_F=   149.50 meanZ=36.44 SoC=1.0000
ep=0805 frame=029 slot=09 J_F=   459.00 meanZ=35.96 SoC=1.0000
hppo_rsu 806/850 QoE=0.36453 stall=0.1191 139.90s
ep=0806 frame=000 slot=09 J_F= -2563.00 meanZ=88.28 SoC=1.0000
ep=0806 frame=001 slot=09 J_F= -2062.00 meanZ=79.46 SoC=1.0000
ep=0806 frame=002 slot=09 J_F= -1389.00 meanZ=71.44 SoC=1.0000
ep=0806 frame=003 slot=09 J_F= -1002.50 meanZ=64.08 SoC=1.0000
ep=0806 frame=004 slot=09 J_F=  -570.50 meanZ=58.20 SoC=1.0000
ep=0806 frame=005 slot=09 J_F=  -411.00 meanZ=51.16 SoC=1.0000
ep=0806 frame=006 slot=09 J_F=   282.50 meanZ=48.42 SoC=1.0000
ep=0806 frame=007 slot=09 J_F=   252.00 meanZ=45.12 SoC=1.0000
ep=0806 frame=008 slot=09 J_F=   956.50 meanZ=44.38 SoC=1.0000
ep=0806 frame=009 slot=09 J_F=  -407.50 meanZ=41.34 SoC=1.0000
ep=0806 frame=010 slot=09 J_F=   228.00 meanZ=39.76 SoC=1.0000
ep=0806 frame=011 slot=09 J_F=  -133.20 meanZ=38.02 SoC=1.0000
ep=0806 frame=012 slot=09 J_F=   325.90 meanZ=36.92 SoC=1.0000
ep=0806 frame=013 slot=09 J_F=    26.50 meanZ=37.14 SoC=1.0000
ep=0806 frame=014 slot=09 J_F=   764.90 meanZ=36.78 SoC=1.0000
ep=0806 frame=015 slot=09 J_F=   772.00 meanZ=36.14 SoC=1.0000
ep=0806 frame=016 slot=09 J_F=     9.00 meanZ=33.84 SoC=1.0000
ep=0806 frame=017 slot=09 J_F=   942.00 meanZ=34.28 SoC=1.0000
ep=0806 frame=018 slot=09 J_F=   665.50 meanZ=33.80 SoC=1.0000
ep=0806 frame=019 slot=09 J_F=   525.50 meanZ=33.62 SoC=1.0000
ep=0806 frame=020 slot=09 J_F=   475.00 meanZ=33.14 SoC=1.0000
ep=0806 frame=021 slot=09 J_F=   -33.20 meanZ=31.68 SoC=1.0000
ep=0806 frame=022 slot=09 J_F=   328.50 meanZ=31.22 SoC=1.0000
ep=0806 frame=023 slot=09 J_F=    83.40 meanZ=30.28 SoC=1.0000
ep=0806 frame=024 slot=09 J_F=   170.30 meanZ=30.34 SoC=1.0000
ep=0806 frame=025 slot=09 J_F=   134.00 meanZ=30.34 SoC=1.0000
ep=0806 frame=026 slot=09 J_F=   254.00 meanZ=30.08 SoC=1.0000
ep=0806 frame=027 slot=09 J_F=   374.00 meanZ=31.30 SoC=1.0000
ep=0806 frame=028 slot=09 J_F=   942.00 meanZ=31.78 SoC=1.0000
ep=0806 frame=029 slot=09 J_F=   448.00 meanZ=32.38 SoC=1.0000
hppo_rsu 807/850 QoE=0.46683 stall=0.0809 137.26s
ep=0807 frame=000 slot=09 J_F= -3537.00 meanZ=88.12 SoC=1.0000
ep=0807 frame=001 slot=09 J_F= -1487.60 meanZ=80.20 SoC=1.0000
ep=0807 frame=002 slot=09 J_F=  -862.50 meanZ=75.04 SoC=1.0000
ep=0807 frame=003 slot=09 J_F= -1343.50 meanZ=66.86 SoC=1.0000
ep=0807 frame=004 slot=09 J_F=  -348.50 meanZ=61.20 SoC=1.0000
ep=0807 frame=005 slot=09 J_F=  -110.00 meanZ=55.62 SoC=1.0000
ep=0807 frame=006 slot=09 J_F=  -367.20 meanZ=51.56 SoC=1.0000
ep=0807 frame=007 slot=09 J_F=  -122.00 meanZ=46.76 SoC=1.0000
ep=0807 frame=008 slot=09 J_F=  -116.50 meanZ=41.74 SoC=1.0000
ep=0807 frame=009 slot=09 J_F=    20.50 meanZ=39.06 SoC=1.0000
ep=0807 frame=010 slot=09 J_F=  -197.60 meanZ=36.40 SoC=1.0000
ep=0807 frame=011 slot=09 J_F=   575.30 meanZ=36.62 SoC=1.0000
ep=0807 frame=012 slot=09 J_F=   499.50 meanZ=35.92 SoC=1.0000
ep=0807 frame=013 slot=09 J_F=   703.00 meanZ=34.00 SoC=1.0000
ep=0807 frame=014 slot=09 J_F=   816.50 meanZ=34.64 SoC=1.0000
ep=0807 frame=015 slot=09 J_F=    52.20 meanZ=34.82 SoC=1.0000
ep=0807 frame=016 slot=09 J_F=   514.50 meanZ=33.60 SoC=1.0000
ep=0807 frame=017 slot=09 J_F=   398.00 meanZ=34.00 SoC=1.0000
ep=0807 frame=018 slot=09 J_F=   379.50 meanZ=33.30 SoC=1.0000
ep=0807 frame=019 slot=09 J_F=    68.00 meanZ=31.66 SoC=1.0000
ep=0807 frame=020 slot=09 J_F=   290.50 meanZ=30.14 SoC=1.0000
ep=0807 frame=021 slot=09 J_F=    20.40 meanZ=30.40 SoC=1.0000
ep=0807 frame=022 slot=09 J_F=   821.50 meanZ=31.18 SoC=1.0000
ep=0807 frame=023 slot=09 J_F=   695.30 meanZ=32.04 SoC=1.0000
ep=0807 frame=024 slot=09 J_F=   365.90 meanZ=32.22 SoC=1.0000
ep=0807 frame=025 slot=09 J_F=   403.50 meanZ=33.40 SoC=1.0000
ep=0807 frame=026 slot=09 J_F=   267.00 meanZ=34.12 SoC=1.0000
ep=0807 frame=027 slot=09 J_F=   239.90 meanZ=32.44 SoC=1.0000
ep=0807 frame=028 slot=09 J_F=   535.50 meanZ=32.30 SoC=1.0000
ep=0807 frame=029 slot=09 J_F=   762.00 meanZ=32.26 SoC=1.0000
hppo_rsu 808/850 QoE=0.43843 stall=0.0929 139.10s
ep=0808 frame=000 slot=09 J_F= -2528.50 meanZ=88.90 SoC=1.0000
ep=0808 frame=001 slot=09 J_F= -2519.00 meanZ=80.70 SoC=1.0000
ep=0808 frame=002 slot=09 J_F= -1373.00 meanZ=73.68 SoC=1.0000
ep=0808 frame=003 slot=09 J_F=  -798.10 meanZ=66.38 SoC=1.0000
ep=0808 frame=004 slot=09 J_F=  -420.50 meanZ=58.68 SoC=1.0000
ep=0808 frame=005 slot=09 J_F=  -623.10 meanZ=52.38 SoC=1.0000
ep=0808 frame=006 slot=09 J_F=  -300.60 meanZ=48.60 SoC=1.0000
ep=0808 frame=007 slot=09 J_F=  -148.00 meanZ=44.32 SoC=1.0000
ep=0808 frame=008 slot=09 J_F=    50.90 meanZ=42.30 SoC=1.0000
ep=0808 frame=009 slot=09 J_F=  -135.00 meanZ=40.06 SoC=1.0000
ep=0808 frame=010 slot=09 J_F=   140.80 meanZ=38.48 SoC=1.0000
ep=0808 frame=011 slot=09 J_F=  -243.00 meanZ=35.90 SoC=1.0000
ep=0808 frame=012 slot=09 J_F=   575.90 meanZ=36.84 SoC=1.0000
ep=0808 frame=013 slot=09 J_F=   438.50 meanZ=34.86 SoC=1.0000
ep=0808 frame=014 slot=09 J_F=   382.50 meanZ=33.96 SoC=1.0000
ep=0808 frame=015 slot=09 J_F=    64.00 meanZ=32.10 SoC=1.0000
ep=0808 frame=016 slot=09 J_F=   165.40 meanZ=31.30 SoC=1.0000
ep=0808 frame=017 slot=09 J_F=   152.50 meanZ=29.98 SoC=1.0000
ep=0808 frame=018 slot=09 J_F=   591.00 meanZ=29.36 SoC=1.0000
ep=0808 frame=019 slot=09 J_F=   275.50 meanZ=28.70 SoC=1.0000
ep=0808 frame=020 slot=09 J_F=   223.50 meanZ=27.12 SoC=1.0000
ep=0808 frame=021 slot=09 J_F=   285.00 meanZ=27.16 SoC=1.0000
ep=0808 frame=022 slot=09 J_F=   737.40 meanZ=26.32 SoC=1.0000
ep=0808 frame=023 slot=09 J_F=   671.30 meanZ=27.82 SoC=1.0000
ep=0808 frame=024 slot=09 J_F=   406.70 meanZ=28.48 SoC=1.0000
ep=0808 frame=025 slot=09 J_F=  -103.00 meanZ=28.36 SoC=1.0000
ep=0808 frame=026 slot=09 J_F=   905.90 meanZ=29.34 SoC=1.0000
ep=0808 frame=027 slot=09 J_F=   555.30 meanZ=29.40 SoC=1.0000
ep=0808 frame=028 slot=09 J_F=   554.10 meanZ=29.94 SoC=1.0000
ep=0808 frame=029 slot=09 J_F=   412.00 meanZ=29.66 SoC=1.0000
hppo_rsu 809/850 QoE=0.47573 stall=0.0815 137.38s
ep=0809 frame=000 slot=09 J_F=  -901.00 meanZ=91.10 SoC=1.0000
ep=0809 frame=001 slot=09 J_F= -2580.50 meanZ=83.22 SoC=1.0000
ep=0809 frame=002 slot=09 J_F= -1972.10 meanZ=75.06 SoC=1.0000
ep=0809 frame=003 slot=09 J_F=  -817.50 meanZ=68.26 SoC=1.0000
ep=0809 frame=004 slot=09 J_F=  -887.00 meanZ=60.84 SoC=1.0000
ep=0809 frame=005 slot=09 J_F=  -537.00 meanZ=56.02 SoC=1.0000
ep=0809 frame=006 slot=09 J_F=  -363.10 meanZ=51.72 SoC=1.0000
ep=0809 frame=007 slot=09 J_F=   -50.00 meanZ=48.56 SoC=1.0000
ep=0809 frame=008 slot=09 J_F=   337.90 meanZ=46.22 SoC=1.0000
ep=0809 frame=009 slot=09 J_F=   478.00 meanZ=45.30 SoC=1.0000
ep=0809 frame=010 slot=09 J_F=   -70.50 meanZ=43.06 SoC=1.0000
ep=0809 frame=011 slot=09 J_F=  -518.50 meanZ=40.68 SoC=1.0000
ep=0809 frame=012 slot=09 J_F=   507.00 meanZ=39.22 SoC=1.0000
ep=0809 frame=013 slot=09 J_F=   184.00 meanZ=38.20 SoC=1.0000
ep=0809 frame=014 slot=09 J_F=   424.50 meanZ=37.90 SoC=1.0000
ep=0809 frame=015 slot=09 J_F=  -153.60 meanZ=34.88 SoC=1.0000
ep=0809 frame=016 slot=09 J_F=   149.50 meanZ=34.16 SoC=1.0000
ep=0809 frame=017 slot=09 J_F=    58.40 meanZ=34.16 SoC=1.0000
ep=0809 frame=018 slot=09 J_F=   526.00 meanZ=33.68 SoC=1.0000
ep=0809 frame=019 slot=09 J_F=   190.00 meanZ=32.20 SoC=1.0000
ep=0809 frame=020 slot=09 J_F=   417.00 meanZ=32.14 SoC=1.0000
ep=0809 frame=021 slot=09 J_F=   629.50 meanZ=34.14 SoC=1.0000
ep=0809 frame=022 slot=09 J_F=   296.00 meanZ=32.98 SoC=1.0000
ep=0809 frame=023 slot=09 J_F=   362.50 meanZ=33.84 SoC=1.0000
ep=0809 frame=024 slot=09 J_F=   481.00 meanZ=33.82 SoC=1.0000
ep=0809 frame=025 slot=09 J_F=   339.00 meanZ=32.22 SoC=1.0000
ep=0809 frame=026 slot=09 J_F=   203.50 meanZ=30.60 SoC=1.0000
ep=0809 frame=027 slot=09 J_F=   247.50 meanZ=29.72 SoC=1.0000
ep=0809 frame=028 slot=09 J_F=   931.50 meanZ=28.92 SoC=1.0000
ep=0809 frame=029 slot=09 J_F=   868.50 meanZ=28.08 SoC=1.0000
hppo_rsu 810/850 QoE=0.45168 stall=0.0904 139.53s
ep=0810 frame=000 slot=09 J_F= -2132.10 meanZ=89.08 SoC=1.0000
ep=0810 frame=001 slot=09 J_F=  -988.00 meanZ=81.42 SoC=1.0000
ep=0810 frame=002 slot=09 J_F=  -814.50 meanZ=74.56 SoC=1.0000
ep=0810 frame=003 slot=09 J_F= -1027.50 meanZ=68.34 SoC=1.0000
ep=0810 frame=004 slot=09 J_F=   193.40 meanZ=62.18 SoC=1.0000
ep=0810 frame=005 slot=09 J_F=  -483.60 meanZ=57.08 SoC=1.0000
ep=0810 frame=006 slot=09 J_F=    88.00 meanZ=52.04 SoC=1.0000
ep=0810 frame=007 slot=09 J_F=  -703.50 meanZ=48.86 SoC=1.0000
ep=0810 frame=008 slot=09 J_F=   309.50 meanZ=45.98 SoC=1.0000
ep=0810 frame=009 slot=09 J_F=   284.50 meanZ=44.34 SoC=1.0000
ep=0810 frame=010 slot=09 J_F=  -385.00 meanZ=41.54 SoC=1.0000
ep=0810 frame=011 slot=09 J_F=   604.50 meanZ=41.16 SoC=1.0000
ep=0810 frame=012 slot=09 J_F=  -295.60 meanZ=39.38 SoC=1.0000
ep=0810 frame=013 slot=09 J_F=   408.00 meanZ=38.72 SoC=1.0000
ep=0810 frame=014 slot=09 J_F=   243.00 meanZ=38.38 SoC=1.0000
ep=0810 frame=015 slot=09 J_F=  -107.00 meanZ=36.72 SoC=1.0000
ep=0810 frame=016 slot=09 J_F=   612.00 meanZ=36.06 SoC=1.0000
ep=0810 frame=017 slot=09 J_F=   557.00 meanZ=36.88 SoC=1.0000
ep=0810 frame=018 slot=09 J_F=   434.50 meanZ=36.78 SoC=1.0000
ep=0810 frame=019 slot=09 J_F=   658.00 meanZ=35.18 SoC=1.0000
ep=0810 frame=020 slot=09 J_F=   389.40 meanZ=34.54 SoC=1.0000
ep=0810 frame=021 slot=09 J_F=   414.50 meanZ=33.62 SoC=1.0000
ep=0810 frame=022 slot=09 J_F=   228.00 meanZ=33.52 SoC=1.0000
ep=0810 frame=023 slot=09 J_F=   372.00 meanZ=33.00 SoC=1.0000
ep=0810 frame=024 slot=09 J_F=   487.00 meanZ=33.26 SoC=1.0000
ep=0810 frame=025 slot=09 J_F=   755.50 meanZ=35.08 SoC=1.0000
ep=0810 frame=026 slot=09 J_F=   672.40 meanZ=35.16 SoC=1.0000
ep=0810 frame=027 slot=09 J_F=    51.90 meanZ=33.94 SoC=1.0000
ep=0810 frame=028 slot=09 J_F=  1328.40 meanZ=36.44 SoC=1.0000
ep=0810 frame=029 slot=09 J_F=   528.50 meanZ=36.38 SoC=1.0000
hppo_rsu 811/850 QoE=0.40241 stall=0.1033 137.69s
ep=0811 frame=000 slot=09 J_F= -2638.00 meanZ=88.94 SoC=1.0000
ep=0811 frame=001 slot=09 J_F= -1408.00 meanZ=81.98 SoC=1.0000
ep=0811 frame=002 slot=09 J_F= -1549.50 meanZ=74.86 SoC=1.0000
ep=0811 frame=003 slot=09 J_F=  -507.50 meanZ=68.66 SoC=1.0000
ep=0811 frame=004 slot=09 J_F=  -900.50 meanZ=62.58 SoC=1.0000
ep=0811 frame=005 slot=09 J_F=  -120.00 meanZ=56.86 SoC=1.0000
ep=0811 frame=006 slot=09 J_F=  -752.10 meanZ=51.20 SoC=1.0000
ep=0811 frame=007 slot=09 J_F=  -165.00 meanZ=49.02 SoC=1.0000
ep=0811 frame=008 slot=09 J_F=    -6.10 meanZ=44.66 SoC=1.0000
ep=0811 frame=009 slot=09 J_F=   -74.50 meanZ=43.08 SoC=1.0000
ep=0811 frame=010 slot=09 J_F=   528.70 meanZ=41.10 SoC=1.0000
ep=0811 frame=011 slot=09 J_F=  -489.00 meanZ=38.34 SoC=1.0000
ep=0811 frame=012 slot=09 J_F=   305.50 meanZ=35.88 SoC=1.0000
ep=0811 frame=013 slot=09 J_F=   116.80 meanZ=32.62 SoC=1.0000
ep=0811 frame=014 slot=09 J_F=   121.50 meanZ=31.06 SoC=1.0000
ep=0811 frame=015 slot=09 J_F=   302.00 meanZ=30.76 SoC=1.0000
ep=0811 frame=016 slot=09 J_F=    -6.50 meanZ=29.92 SoC=1.0000
ep=0811 frame=017 slot=09 J_F=   438.00 meanZ=31.36 SoC=1.0000
ep=0811 frame=018 slot=09 J_F=   618.90 meanZ=31.24 SoC=1.0000
ep=0811 frame=019 slot=09 J_F=    23.00 meanZ=30.58 SoC=1.0000
ep=0811 frame=020 slot=09 J_F=  1115.50 meanZ=31.18 SoC=1.0000
ep=0811 frame=021 slot=09 J_F=   778.00 meanZ=32.46 SoC=1.0000
ep=0811 frame=022 slot=09 J_F=   324.00 meanZ=32.96 SoC=1.0000
ep=0811 frame=023 slot=09 J_F=   455.80 meanZ=35.08 SoC=1.0000
ep=0811 frame=024 slot=09 J_F=   122.40 meanZ=32.36 SoC=1.0000
ep=0811 frame=025 slot=09 J_F=  -250.50 meanZ=31.52 SoC=1.0000
ep=0811 frame=026 slot=09 J_F=    40.50 meanZ=30.30 SoC=1.0000
ep=0811 frame=027 slot=09 J_F=   375.10 meanZ=29.80 SoC=1.0000
ep=0811 frame=028 slot=09 J_F=   597.50 meanZ=30.52 SoC=1.0000
ep=0811 frame=029 slot=09 J_F=   354.50 meanZ=30.92 SoC=1.0000
hppo_rsu 812/850 QoE=0.44000 stall=0.0939 138.97s
ep=0812 frame=000 slot=09 J_F= -2301.50 meanZ=88.86 SoC=1.0000
ep=0812 frame=001 slot=09 J_F= -2232.60 meanZ=81.34 SoC=1.0000
ep=0812 frame=002 slot=09 J_F= -1597.00 meanZ=74.48 SoC=1.0000
ep=0812 frame=003 slot=09 J_F= -1650.50 meanZ=66.00 SoC=1.0000
ep=0812 frame=004 slot=09 J_F=  -181.10 meanZ=60.48 SoC=1.0000
ep=0812 frame=005 slot=09 J_F=  -382.00 meanZ=55.18 SoC=1.0000
ep=0812 frame=006 slot=09 J_F=   519.00 meanZ=50.62 SoC=1.0000
ep=0812 frame=007 slot=09 J_F=  -312.50 meanZ=46.04 SoC=1.0000
ep=0812 frame=008 slot=09 J_F=  -186.60 meanZ=42.14 SoC=1.0000
ep=0812 frame=009 slot=09 J_F=   163.90 meanZ=41.44 SoC=1.0000
ep=0812 frame=010 slot=09 J_F=   493.90 meanZ=39.82 SoC=1.0000
ep=0812 frame=011 slot=09 J_F=   -40.90 meanZ=37.38 SoC=1.0000
ep=0812 frame=012 slot=09 J_F=   127.60 meanZ=36.44 SoC=1.0000
ep=0812 frame=013 slot=09 J_F=   -18.10 meanZ=33.86 SoC=1.0000
ep=0812 frame=014 slot=09 J_F=   591.50 meanZ=33.74 SoC=1.0000
ep=0812 frame=015 slot=09 J_F=   358.20 meanZ=31.92 SoC=1.0000
ep=0812 frame=016 slot=09 J_F=  -121.20 meanZ=31.36 SoC=1.0000
ep=0812 frame=017 slot=09 J_F=   464.50 meanZ=29.84 SoC=1.0000
ep=0812 frame=018 slot=09 J_F=   292.30 meanZ=30.02 SoC=1.0000
ep=0812 frame=019 slot=09 J_F=   -19.50 meanZ=29.30 SoC=1.0000
ep=0812 frame=020 slot=09 J_F=   697.30 meanZ=29.52 SoC=1.0000
ep=0812 frame=021 slot=09 J_F=   469.60 meanZ=29.26 SoC=1.0000
ep=0812 frame=022 slot=09 J_F=   564.00 meanZ=30.20 SoC=1.0000
ep=0812 frame=023 slot=09 J_F=   268.50 meanZ=31.06 SoC=1.0000
ep=0812 frame=024 slot=09 J_F=   343.00 meanZ=29.86 SoC=1.0000
ep=0812 frame=025 slot=09 J_F=   389.50 meanZ=28.86 SoC=1.0000
ep=0812 frame=026 slot=09 J_F=   419.00 meanZ=28.32 SoC=1.0000
ep=0812 frame=027 slot=09 J_F=   846.50 meanZ=29.78 SoC=1.0000
ep=0812 frame=028 slot=09 J_F=   291.50 meanZ=29.46 SoC=1.0000
ep=0812 frame=029 slot=09 J_F=   834.70 meanZ=30.88 SoC=1.0000
hppo_rsu 813/850 QoE=0.44515 stall=0.0918 137.30s
ep=0813 frame=000 slot=09 J_F= -3239.00 meanZ=88.44 SoC=1.0000
ep=0813 frame=001 slot=09 J_F= -1709.50 meanZ=81.56 SoC=1.0000
ep=0813 frame=002 slot=09 J_F=  -975.00 meanZ=75.86 SoC=1.0000
ep=0813 frame=003 slot=09 J_F=  -401.50 meanZ=70.04 SoC=1.0000
ep=0813 frame=004 slot=09 J_F=  -539.50 meanZ=62.66 SoC=1.0000
ep=0813 frame=005 slot=09 J_F=    28.50 meanZ=58.36 SoC=1.0000
ep=0813 frame=006 slot=09 J_F=  -285.40 meanZ=53.90 SoC=1.0000
ep=0813 frame=007 slot=09 J_F=   519.00 meanZ=50.94 SoC=1.0000
ep=0813 frame=008 slot=09 J_F=    16.90 meanZ=47.90 SoC=1.0000
ep=0813 frame=009 slot=09 J_F=   296.40 meanZ=46.84 SoC=1.0000
ep=0813 frame=010 slot=09 J_F=  -359.00 meanZ=44.94 SoC=1.0000
ep=0813 frame=011 slot=09 J_F=   421.00 meanZ=43.28 SoC=1.0000
ep=0813 frame=012 slot=09 J_F=    -6.40 meanZ=41.54 SoC=1.0000
ep=0813 frame=013 slot=09 J_F=    16.00 meanZ=39.46 SoC=1.0000
ep=0813 frame=014 slot=09 J_F=    91.60 meanZ=37.74 SoC=1.0000
ep=0813 frame=015 slot=09 J_F=   434.00 meanZ=36.80 SoC=1.0000
ep=0813 frame=016 slot=09 J_F=   607.00 meanZ=34.96 SoC=1.0000
ep=0813 frame=017 slot=09 J_F=   423.00 meanZ=36.78 SoC=1.0000
ep=0813 frame=018 slot=09 J_F=  -354.50 meanZ=34.76 SoC=1.0000
ep=0813 frame=019 slot=09 J_F=   440.00 meanZ=35.62 SoC=1.0000
ep=0813 frame=020 slot=09 J_F=   333.90 meanZ=35.28 SoC=1.0000
ep=0813 frame=021 slot=09 J_F=   117.50 meanZ=32.68 SoC=1.0000
ep=0813 frame=022 slot=09 J_F=   134.10 meanZ=33.72 SoC=1.0000
ep=0813 frame=023 slot=09 J_F=   595.40 meanZ=32.32 SoC=1.0000
ep=0813 frame=024 slot=09 J_F=   459.00 meanZ=31.92 SoC=1.0000
ep=0813 frame=025 slot=09 J_F=    78.90 meanZ=31.02 SoC=1.0000
ep=0813 frame=026 slot=09 J_F=   509.80 meanZ=30.60 SoC=1.0000
ep=0813 frame=027 slot=09 J_F=   506.50 meanZ=29.46 SoC=1.0000
ep=0813 frame=028 slot=09 J_F=   439.90 meanZ=27.82 SoC=1.0000
ep=0813 frame=029 slot=09 J_F=  -127.00 meanZ=25.78 SoC=1.0000
hppo_rsu 814/850 QoE=0.43750 stall=0.0986 139.11s
ep=0814 frame=000 slot=09 J_F= -2632.00 meanZ=89.30 SoC=1.0000
ep=0814 frame=001 slot=09 J_F= -2324.60 meanZ=82.14 SoC=1.0000
ep=0814 frame=002 slot=09 J_F= -1265.50 meanZ=74.42 SoC=1.0000
ep=0814 frame=003 slot=09 J_F=  -946.50 meanZ=68.56 SoC=1.0000
ep=0814 frame=004 slot=09 J_F=  -841.60 meanZ=62.36 SoC=1.0000
ep=0814 frame=005 slot=09 J_F=  -100.20 meanZ=56.20 SoC=1.0000
ep=0814 frame=006 slot=09 J_F=   -41.10 meanZ=52.28 SoC=1.0000
ep=0814 frame=007 slot=09 J_F=  -342.10 meanZ=47.94 SoC=1.0000
ep=0814 frame=008 slot=09 J_F=   252.30 meanZ=45.88 SoC=1.0000
ep=0814 frame=009 slot=09 J_F=  -376.60 meanZ=41.98 SoC=1.0000
ep=0814 frame=010 slot=09 J_F=   493.50 meanZ=40.08 SoC=1.0000
ep=0814 frame=011 slot=09 J_F=  -219.00 meanZ=38.56 SoC=1.0000
ep=0814 frame=012 slot=09 J_F=  -157.10 meanZ=35.98 SoC=1.0000
ep=0814 frame=013 slot=09 J_F=   544.50 meanZ=37.26 SoC=1.0000
ep=0814 frame=014 slot=09 J_F=   293.40 meanZ=36.52 SoC=1.0000
ep=0814 frame=015 slot=09 J_F=   355.30 meanZ=36.46 SoC=1.0000
ep=0814 frame=016 slot=09 J_F=     9.50 meanZ=35.96 SoC=1.0000
ep=0814 frame=017 slot=09 J_F=   369.90 meanZ=36.66 SoC=1.0000
ep=0814 frame=018 slot=09 J_F=   137.00 meanZ=35.94 SoC=1.0000
ep=0814 frame=019 slot=09 J_F=   698.00 meanZ=38.28 SoC=1.0000
ep=0814 frame=020 slot=09 J_F=   351.60 meanZ=37.70 SoC=1.0000
ep=0814 frame=021 slot=09 J_F=  -220.60 meanZ=35.12 SoC=1.0000
ep=0814 frame=022 slot=09 J_F=   486.90 meanZ=34.58 SoC=1.0000
ep=0814 frame=023 slot=09 J_F=   159.90 meanZ=34.68 SoC=1.0000
ep=0814 frame=024 slot=09 J_F=   355.50 meanZ=34.08 SoC=1.0000
ep=0814 frame=025 slot=09 J_F=   155.50 meanZ=31.96 SoC=1.0000
ep=0814 frame=026 slot=09 J_F=   425.40 meanZ=31.24 SoC=1.0000
ep=0814 frame=027 slot=09 J_F=  -568.50 meanZ=29.16 SoC=1.0000
ep=0814 frame=028 slot=09 J_F=   402.60 meanZ=29.10 SoC=1.0000
ep=0814 frame=029 slot=09 J_F=    87.00 meanZ=27.78 SoC=1.0000
hppo_rsu 815/850 QoE=0.41475 stall=0.1071 137.49s
ep=0815 frame=000 slot=09 J_F= -2673.00 meanZ=89.14 SoC=1.0000
ep=0815 frame=001 slot=09 J_F= -1798.50 meanZ=81.40 SoC=1.0000
ep=0815 frame=002 slot=09 J_F=  -306.50 meanZ=76.08 SoC=1.0000
ep=0815 frame=003 slot=09 J_F= -1080.10 meanZ=71.36 SoC=1.0000
ep=0815 frame=004 slot=09 J_F=  -419.00 meanZ=65.58 SoC=1.0000
ep=0815 frame=005 slot=09 J_F=   -33.00 meanZ=61.66 SoC=1.0000
ep=0815 frame=006 slot=09 J_F=  -203.10 meanZ=55.46 SoC=1.0000
ep=0815 frame=007 slot=09 J_F=  -376.00 meanZ=50.74 SoC=1.0000
ep=0815 frame=008 slot=09 J_F=   544.00 meanZ=47.26 SoC=1.0000
ep=0815 frame=009 slot=09 J_F=  -916.10 meanZ=43.88 SoC=1.0000
ep=0815 frame=010 slot=09 J_F=   474.50 meanZ=42.22 SoC=1.0000
ep=0815 frame=011 slot=09 J_F=    77.00 meanZ=40.26 SoC=1.0000
ep=0815 frame=012 slot=09 J_F=   -20.60 meanZ=40.34 SoC=1.0000
ep=0815 frame=013 slot=09 J_F=   181.50 meanZ=38.90 SoC=1.0000
ep=0815 frame=014 slot=09 J_F=   -53.10 meanZ=36.90 SoC=1.0000
ep=0815 frame=015 slot=09 J_F=   236.90 meanZ=36.00 SoC=1.0000
ep=0815 frame=016 slot=09 J_F=  -175.50 meanZ=34.52 SoC=1.0000
ep=0815 frame=017 slot=09 J_F=   588.00 meanZ=34.88 SoC=1.0000
ep=0815 frame=018 slot=09 J_F=   860.90 meanZ=34.30 SoC=1.0000
ep=0815 frame=019 slot=09 J_F=   158.90 meanZ=34.46 SoC=1.0000
ep=0815 frame=020 slot=09 J_F=   143.40 meanZ=33.18 SoC=1.0000
ep=0815 frame=021 slot=09 J_F=  -111.50 meanZ=33.00 SoC=1.0000
ep=0815 frame=022 slot=09 J_F=   709.70 meanZ=33.30 SoC=1.0000
ep=0815 frame=023 slot=09 J_F=   362.50 meanZ=34.04 SoC=1.0000
ep=0815 frame=024 slot=09 J_F=   472.50 meanZ=33.12 SoC=1.0000
ep=0815 frame=025 slot=09 J_F=  -120.20 meanZ=30.66 SoC=1.0000
ep=0815 frame=026 slot=09 J_F=   279.50 meanZ=29.36 SoC=1.0000
ep=0815 frame=027 slot=09 J_F=   564.50 meanZ=28.82 SoC=1.0000
ep=0815 frame=028 slot=09 J_F=   931.80 meanZ=30.18 SoC=1.0000
ep=0815 frame=029 slot=09 J_F=   484.50 meanZ=30.46 SoC=1.0000
hppo_rsu 816/850 QoE=0.38948 stall=0.1143 139.17s
ep=0816 frame=000 slot=09 J_F= -2809.50 meanZ=88.90 SoC=1.0000
ep=0816 frame=001 slot=09 J_F= -1557.00 meanZ=81.34 SoC=1.0000
ep=0816 frame=002 slot=09 J_F= -1514.50 meanZ=74.66 SoC=1.0000
ep=0816 frame=003 slot=09 J_F= -1005.50 meanZ=68.04 SoC=1.0000
ep=0816 frame=004 slot=09 J_F=  -953.20 meanZ=61.40 SoC=1.0000
ep=0816 frame=005 slot=09 J_F=  -304.10 meanZ=56.88 SoC=1.0000
ep=0816 frame=006 slot=09 J_F=   107.00 meanZ=50.94 SoC=1.0000
ep=0816 frame=007 slot=09 J_F=   168.40 meanZ=47.40 SoC=1.0000
ep=0816 frame=008 slot=09 J_F=  -116.10 meanZ=43.50 SoC=1.0000
ep=0816 frame=009 slot=09 J_F=   592.50 meanZ=43.26 SoC=1.0000
ep=0816 frame=010 slot=09 J_F=  -462.60 meanZ=40.74 SoC=1.0000
ep=0816 frame=011 slot=09 J_F=   753.00 meanZ=41.20 SoC=1.0000
ep=0816 frame=012 slot=09 J_F=  -533.00 meanZ=38.36 SoC=1.0000
ep=0816 frame=013 slot=09 J_F=   -65.90 meanZ=37.18 SoC=1.0000
ep=0816 frame=014 slot=09 J_F=   234.50 meanZ=36.40 SoC=1.0000
ep=0816 frame=015 slot=09 J_F=    83.40 meanZ=33.94 SoC=1.0000
ep=0816 frame=016 slot=09 J_F=  -332.00 meanZ=31.48 SoC=1.0000
ep=0816 frame=017 slot=09 J_F=   395.00 meanZ=31.02 SoC=1.0000
ep=0816 frame=018 slot=09 J_F=   342.00 meanZ=29.88 SoC=1.0000
ep=0816 frame=019 slot=09 J_F=   464.00 meanZ=30.30 SoC=1.0000
ep=0816 frame=020 slot=09 J_F=   690.00 meanZ=29.26 SoC=1.0000
ep=0816 frame=021 slot=09 J_F=   -47.60 meanZ=28.58 SoC=1.0000
ep=0816 frame=022 slot=09 J_F=  1113.00 meanZ=29.20 SoC=1.0000
ep=0816 frame=023 slot=09 J_F=   278.70 meanZ=29.32 SoC=1.0000
ep=0816 frame=024 slot=09 J_F=   531.10 meanZ=30.14 SoC=1.0000
ep=0816 frame=025 slot=09 J_F=   425.00 meanZ=31.00 SoC=1.0000
ep=0816 frame=026 slot=09 J_F=   404.10 meanZ=31.06 SoC=1.0000
ep=0816 frame=027 slot=09 J_F=   404.60 meanZ=31.62 SoC=1.0000
ep=0816 frame=028 slot=09 J_F=    71.90 meanZ=31.28 SoC=1.0000
ep=0816 frame=029 slot=09 J_F=   547.50 meanZ=31.56 SoC=1.0000
hppo_rsu 817/850 QoE=0.48457 stall=0.0753 137.26s
ep=0817 frame=000 slot=09 J_F= -3939.00 meanZ=87.28 SoC=1.0000
ep=0817 frame=001 slot=09 J_F= -1366.50 meanZ=79.96 SoC=1.0000
ep=0817 frame=002 slot=09 J_F= -1571.70 meanZ=72.52 SoC=1.0000
ep=0817 frame=003 slot=09 J_F= -1195.60 meanZ=65.42 SoC=1.0000
ep=0817 frame=004 slot=09 J_F=  -205.10 meanZ=61.02 SoC=1.0000
ep=0817 frame=005 slot=09 J_F=  -771.70 meanZ=54.84 SoC=1.0000
ep=0817 frame=006 slot=09 J_F=   379.50 meanZ=49.58 SoC=1.0000
ep=0817 frame=007 slot=09 J_F=  -553.60 meanZ=47.02 SoC=1.0000
ep=0817 frame=008 slot=09 J_F=  -641.60 meanZ=40.64 SoC=1.0000
ep=0817 frame=009 slot=09 J_F=  -279.00 meanZ=36.98 SoC=1.0000
ep=0817 frame=010 slot=09 J_F=   317.50 meanZ=36.56 SoC=1.0000
ep=0817 frame=011 slot=09 J_F=   310.60 meanZ=35.22 SoC=1.0000
ep=0817 frame=012 slot=09 J_F=  -249.00 meanZ=33.02 SoC=1.0000
ep=0817 frame=013 slot=09 J_F=   546.40 meanZ=33.30 SoC=1.0000
ep=0817 frame=014 slot=09 J_F=   484.60 meanZ=33.36 SoC=1.0000
ep=0817 frame=015 slot=09 J_F=   548.00 meanZ=33.50 SoC=1.0000
ep=0817 frame=016 slot=09 J_F=   -11.50 meanZ=32.40 SoC=1.0000
ep=0817 frame=017 slot=09 J_F=   560.00 meanZ=30.44 SoC=1.0000
ep=0817 frame=018 slot=09 J_F=   159.80 meanZ=31.96 SoC=1.0000
ep=0817 frame=019 slot=09 J_F=    56.00 meanZ=29.80 SoC=1.0000
ep=0817 frame=020 slot=09 J_F=   414.50 meanZ=28.88 SoC=1.0000
ep=0817 frame=021 slot=09 J_F=   526.00 meanZ=28.30 SoC=1.0000
ep=0817 frame=022 slot=09 J_F=   322.00 meanZ=28.40 SoC=1.0000
ep=0817 frame=023 slot=09 J_F=   826.50 meanZ=28.44 SoC=1.0000
ep=0817 frame=024 slot=09 J_F=   418.00 meanZ=28.14 SoC=1.0000
ep=0817 frame=025 slot=09 J_F=   581.00 meanZ=27.16 SoC=1.0000
ep=0817 frame=026 slot=09 J_F=   219.00 meanZ=26.62 SoC=1.0000
ep=0817 frame=027 slot=09 J_F=   672.00 meanZ=26.70 SoC=1.0000
ep=0817 frame=028 slot=09 J_F=   110.00 meanZ=26.16 SoC=1.0000
ep=0817 frame=029 slot=09 J_F=   525.50 meanZ=25.76 SoC=1.0000
hppo_rsu 818/850 QoE=0.48892 stall=0.0785 138.73s
ep=0818 frame=000 slot=09 J_F= -3243.50 meanZ=88.38 SoC=1.0000
ep=0818 frame=001 slot=09 J_F= -1163.60 meanZ=81.72 SoC=1.0000
ep=0818 frame=002 slot=09 J_F= -1962.10 meanZ=74.48 SoC=1.0000
ep=0818 frame=003 slot=09 J_F= -1684.10 meanZ=66.00 SoC=1.0000
ep=0818 frame=004 slot=09 J_F=  -926.00 meanZ=58.80 SoC=1.0000
ep=0818 frame=005 slot=09 J_F=    -7.50 meanZ=54.40 SoC=1.0000
ep=0818 frame=006 slot=09 J_F=  -398.60 meanZ=49.64 SoC=1.0000
ep=0818 frame=007 slot=09 J_F=   387.00 meanZ=45.58 SoC=1.0000
ep=0818 frame=008 slot=09 J_F=  -132.00 meanZ=43.08 SoC=1.0000
ep=0818 frame=009 slot=09 J_F=   238.50 meanZ=39.44 SoC=1.0000
ep=0818 frame=010 slot=09 J_F=    26.90 meanZ=38.34 SoC=1.0000
ep=0818 frame=011 slot=09 J_F=  -374.00 meanZ=36.82 SoC=1.0000
ep=0818 frame=012 slot=09 J_F=   509.50 meanZ=36.52 SoC=1.0000
ep=0818 frame=013 slot=09 J_F=   274.00 meanZ=35.84 SoC=1.0000
ep=0818 frame=014 slot=09 J_F=   -56.70 meanZ=36.12 SoC=1.0000
ep=0818 frame=015 slot=09 J_F=   335.00 meanZ=35.70 SoC=1.0000
ep=0818 frame=016 slot=09 J_F=   415.70 meanZ=37.74 SoC=1.0000
ep=0818 frame=017 slot=09 J_F=   829.40 meanZ=37.90 SoC=1.0000
ep=0818 frame=018 slot=09 J_F=   -23.50 meanZ=37.34 SoC=1.0000
ep=0818 frame=019 slot=09 J_F=   808.10 meanZ=36.56 SoC=1.0000
ep=0818 frame=020 slot=09 J_F=    86.90 meanZ=35.60 SoC=1.0000
ep=0818 frame=021 slot=09 J_F=   600.00 meanZ=35.38 SoC=1.0000
ep=0818 frame=022 slot=09 J_F=   111.00 meanZ=34.44 SoC=1.0000
ep=0818 frame=023 slot=09 J_F=   816.00 meanZ=34.02 SoC=1.0000
ep=0818 frame=024 slot=09 J_F=   753.90 meanZ=34.06 SoC=1.0000
ep=0818 frame=025 slot=09 J_F=   913.90 meanZ=35.80 SoC=1.0000
ep=0818 frame=026 slot=09 J_F=    45.90 meanZ=35.96 SoC=1.0000
ep=0818 frame=027 slot=09 J_F=   587.50 meanZ=35.16 SoC=1.0000
ep=0818 frame=028 slot=09 J_F=   285.50 meanZ=35.94 SoC=1.0000
ep=0818 frame=029 slot=09 J_F=   388.00 meanZ=36.34 SoC=1.0000
hppo_rsu 819/850 QoE=0.40400 stall=0.1035 137.42s
ep=0819 frame=000 slot=09 J_F= -2806.50 meanZ=88.12 SoC=1.0000
ep=0819 frame=001 slot=09 J_F= -1630.00 meanZ=81.80 SoC=1.0000
ep=0819 frame=002 slot=09 J_F= -1478.10 meanZ=74.92 SoC=1.0000
ep=0819 frame=003 slot=09 J_F=  -873.50 meanZ=68.40 SoC=1.0000
ep=0819 frame=004 slot=09 J_F=  -770.60 meanZ=60.18 SoC=1.0000
ep=0819 frame=005 slot=09 J_F=  -360.60 meanZ=53.76 SoC=1.0000
ep=0819 frame=006 slot=09 J_F=  -901.60 meanZ=50.00 SoC=1.0000
ep=0819 frame=007 slot=09 J_F=    45.50 meanZ=46.50 SoC=1.0000
ep=0819 frame=008 slot=09 J_F=   375.00 meanZ=43.86 SoC=1.0000
ep=0819 frame=009 slot=09 J_F=   352.00 meanZ=43.64 SoC=1.0000
ep=0819 frame=010 slot=09 J_F=    99.90 meanZ=42.60 SoC=1.0000
ep=0819 frame=011 slot=09 J_F=   675.50 meanZ=41.92 SoC=1.0000
ep=0819 frame=012 slot=09 J_F=  -109.50 meanZ=40.58 SoC=1.0000
ep=0819 frame=013 slot=09 J_F=    77.50 meanZ=39.68 SoC=1.0000
ep=0819 frame=014 slot=09 J_F=   231.40 meanZ=39.78 SoC=1.0000
ep=0819 frame=015 slot=09 J_F=  -100.60 meanZ=37.52 SoC=1.0000
ep=0819 frame=016 slot=09 J_F=   987.50 meanZ=37.32 SoC=1.0000
ep=0819 frame=017 slot=09 J_F=   112.40 meanZ=36.62 SoC=1.0000
ep=0819 frame=018 slot=09 J_F=   564.50 meanZ=35.22 SoC=1.0000
ep=0819 frame=019 slot=09 J_F=   391.30 meanZ=35.44 SoC=1.0000
ep=0819 frame=020 slot=09 J_F=   328.50 meanZ=34.42 SoC=1.0000
ep=0819 frame=021 slot=09 J_F=   191.90 meanZ=32.64 SoC=1.0000
ep=0819 frame=022 slot=09 J_F=   250.30 meanZ=31.56 SoC=1.0000
ep=0819 frame=023 slot=09 J_F=   414.50 meanZ=30.62 SoC=1.0000
ep=0819 frame=024 slot=09 J_F=     2.00 meanZ=29.70 SoC=1.0000
ep=0819 frame=025 slot=09 J_F=   698.30 meanZ=30.30 SoC=1.0000
ep=0819 frame=026 slot=09 J_F=   115.50 meanZ=28.86 SoC=1.0000
ep=0819 frame=027 slot=09 J_F=   861.50 meanZ=28.98 SoC=1.0000
ep=0819 frame=028 slot=09 J_F=   811.50 meanZ=28.12 SoC=1.0000
ep=0819 frame=029 slot=09 J_F=   984.50 meanZ=29.56 SoC=1.0000
hppo_rsu 820/850 QoE=0.39520 stall=0.1119 138.76s
ep=0820 frame=000 slot=09 J_F= -3303.50 meanZ=88.32 SoC=1.0000
ep=0820 frame=001 slot=09 J_F= -1628.00 meanZ=81.12 SoC=1.0000
ep=0820 frame=002 slot=09 J_F=   -85.50 meanZ=75.40 SoC=1.0000
ep=0820 frame=003 slot=09 J_F=  -815.00 meanZ=69.66 SoC=1.0000
ep=0820 frame=004 slot=09 J_F=  -481.50 meanZ=63.52 SoC=1.0000
ep=0820 frame=005 slot=09 J_F=   -31.00 meanZ=60.08 SoC=1.0000
ep=0820 frame=006 slot=09 J_F=   -36.50 meanZ=54.84 SoC=1.0000
ep=0820 frame=007 slot=09 J_F=  -196.70 meanZ=51.18 SoC=1.0000
ep=0820 frame=008 slot=09 J_F=   294.00 meanZ=47.16 SoC=1.0000
ep=0820 frame=009 slot=09 J_F=   -44.10 meanZ=45.60 SoC=1.0000
ep=0820 frame=010 slot=09 J_F=   805.90 meanZ=44.10 SoC=1.0000
ep=0820 frame=011 slot=09 J_F=   -38.50 meanZ=42.00 SoC=1.0000
ep=0820 frame=012 slot=09 J_F=   371.00 meanZ=42.58 SoC=1.0000
ep=0820 frame=013 slot=09 J_F=   254.90 meanZ=40.38 SoC=1.0000
ep=0820 frame=014 slot=09 J_F=   147.00 meanZ=39.56 SoC=1.0000
ep=0820 frame=015 slot=09 J_F=   312.00 meanZ=39.02 SoC=1.0000
ep=0820 frame=016 slot=09 J_F=   268.50 meanZ=36.42 SoC=1.0000
ep=0820 frame=017 slot=09 J_F=   745.50 meanZ=37.02 SoC=1.0000
ep=0820 frame=018 slot=09 J_F=   528.50 meanZ=35.32 SoC=1.0000
ep=0820 frame=019 slot=09 J_F=   736.60 meanZ=36.94 SoC=1.0000
ep=0820 frame=020 slot=09 J_F=   381.50 meanZ=36.18 SoC=1.0000
ep=0820 frame=021 slot=09 J_F=   227.50 meanZ=35.34 SoC=1.0000
ep=0820 frame=022 slot=09 J_F=    35.50 meanZ=35.84 SoC=1.0000
ep=0820 frame=023 slot=09 J_F=    59.50 meanZ=33.96 SoC=1.0000
ep=0820 frame=024 slot=09 J_F=   715.40 meanZ=33.26 SoC=1.0000
ep=0820 frame=025 slot=09 J_F=   890.40 meanZ=33.88 SoC=1.0000
ep=0820 frame=026 slot=09 J_F=    74.80 meanZ=33.12 SoC=1.0000
ep=0820 frame=027 slot=09 J_F=   126.00 meanZ=32.22 SoC=1.0000
ep=0820 frame=028 slot=09 J_F=   529.50 meanZ=32.02 SoC=1.0000
ep=0820 frame=029 slot=09 J_F=   622.00 meanZ=31.64 SoC=1.0000
hppo_rsu 821/850 QoE=0.41959 stall=0.1006 137.52s
ep=0821 frame=000 slot=09 J_F= -3268.50 meanZ=88.54 SoC=1.0000
ep=0821 frame=001 slot=09 J_F= -2133.60 meanZ=80.08 SoC=1.0000
ep=0821 frame=002 slot=09 J_F= -1160.50 meanZ=74.78 SoC=1.0000
ep=0821 frame=003 slot=09 J_F= -1238.50 meanZ=67.64 SoC=1.0000
ep=0821 frame=004 slot=09 J_F=  -635.00 meanZ=61.20 SoC=1.0000
ep=0821 frame=005 slot=09 J_F=   123.50 meanZ=56.28 SoC=1.0000
ep=0821 frame=006 slot=09 J_F=   236.40 meanZ=53.12 SoC=1.0000
ep=0821 frame=007 slot=09 J_F=   -97.50 meanZ=48.52 SoC=1.0000
ep=0821 frame=008 slot=09 J_F=    47.00 meanZ=46.92 SoC=1.0000
ep=0821 frame=009 slot=09 J_F=   128.50 meanZ=44.72 SoC=1.0000
ep=0821 frame=010 slot=09 J_F=   -26.50 meanZ=43.02 SoC=1.0000
ep=0821 frame=011 slot=09 J_F=   417.00 meanZ=41.34 SoC=1.0000
ep=0821 frame=012 slot=09 J_F=   305.50 meanZ=40.24 SoC=1.0000
ep=0821 frame=013 slot=09 J_F=   -76.10 meanZ=37.74 SoC=1.0000
ep=0821 frame=014 slot=09 J_F=   -53.00 meanZ=37.02 SoC=1.0000
ep=0821 frame=015 slot=09 J_F=   -64.50 meanZ=36.02 SoC=1.0000
ep=0821 frame=016 slot=09 J_F=   452.40 meanZ=35.04 SoC=1.0000
ep=0821 frame=017 slot=09 J_F=   305.10 meanZ=34.58 SoC=1.0000
ep=0821 frame=018 slot=09 J_F=   -84.00 meanZ=32.72 SoC=1.0000
ep=0821 frame=019 slot=09 J_F=   350.50 meanZ=31.48 SoC=1.0000
ep=0821 frame=020 slot=09 J_F=   278.00 meanZ=29.46 SoC=1.0000
ep=0821 frame=021 slot=09 J_F=   363.80 meanZ=28.48 SoC=1.0000
ep=0821 frame=022 slot=09 J_F=   531.30 meanZ=28.58 SoC=1.0000
ep=0821 frame=023 slot=09 J_F=    19.40 meanZ=28.46 SoC=1.0000
ep=0821 frame=024 slot=09 J_F=   -77.00 meanZ=26.46 SoC=1.0000
ep=0821 frame=025 slot=09 J_F=   613.50 meanZ=26.70 SoC=1.0000
ep=0821 frame=026 slot=09 J_F=   500.00 meanZ=26.58 SoC=1.0000
ep=0821 frame=027 slot=09 J_F=   -25.10 meanZ=27.08 SoC=1.0000
ep=0821 frame=028 slot=09 J_F=   209.50 meanZ=25.52 SoC=1.0000
ep=0821 frame=029 slot=09 J_F=   533.80 meanZ=26.28 SoC=1.0000
hppo_rsu 822/850 QoE=0.45289 stall=0.0914 139.18s
ep=0822 frame=000 slot=09 J_F= -2962.50 meanZ=88.12 SoC=1.0000
ep=0822 frame=001 slot=09 J_F= -1006.00 meanZ=81.38 SoC=1.0000
ep=0822 frame=002 slot=09 J_F= -1086.50 meanZ=74.46 SoC=1.0000
ep=0822 frame=003 slot=09 J_F= -1020.50 meanZ=67.26 SoC=1.0000
ep=0822 frame=004 slot=09 J_F=    -9.50 meanZ=61.98 SoC=1.0000
ep=0822 frame=005 slot=09 J_F=    99.50 meanZ=58.28 SoC=1.0000
ep=0822 frame=006 slot=09 J_F=  -140.50 meanZ=54.02 SoC=1.0000
ep=0822 frame=007 slot=09 J_F=    35.00 meanZ=49.40 SoC=1.0000
ep=0822 frame=008 slot=09 J_F=   -10.50 meanZ=44.98 SoC=1.0000
ep=0822 frame=009 slot=09 J_F=   104.00 meanZ=42.22 SoC=1.0000
ep=0822 frame=010 slot=09 J_F=   -47.70 meanZ=39.32 SoC=1.0000
ep=0822 frame=011 slot=09 J_F=   875.60 meanZ=37.38 SoC=1.0000
ep=0822 frame=012 slot=09 J_F=   511.40 meanZ=38.06 SoC=1.0000
ep=0822 frame=013 slot=09 J_F=  -464.50 meanZ=37.28 SoC=1.0000
ep=0822 frame=014 slot=09 J_F=   620.90 meanZ=35.20 SoC=1.0000
ep=0822 frame=015 slot=09 J_F=   409.00 meanZ=34.18 SoC=1.0000
ep=0822 frame=016 slot=09 J_F=   784.00 meanZ=32.96 SoC=1.0000
ep=0822 frame=017 slot=09 J_F=   163.50 meanZ=31.08 SoC=1.0000
ep=0822 frame=018 slot=09 J_F=     8.90 meanZ=29.72 SoC=1.0000
ep=0822 frame=019 slot=09 J_F=   437.00 meanZ=29.74 SoC=1.0000
ep=0822 frame=020 slot=09 J_F=   240.80 meanZ=28.76 SoC=1.0000
ep=0822 frame=021 slot=09 J_F=   249.50 meanZ=28.46 SoC=1.0000
ep=0822 frame=022 slot=09 J_F=   809.00 meanZ=29.40 SoC=1.0000
ep=0822 frame=023 slot=09 J_F=   375.50 meanZ=29.00 SoC=1.0000
ep=0822 frame=024 slot=09 J_F=   866.00 meanZ=28.44 SoC=1.0000
ep=0822 frame=025 slot=09 J_F=   411.40 meanZ=29.30 SoC=1.0000
ep=0822 frame=026 slot=09 J_F=   356.60 meanZ=29.96 SoC=1.0000
ep=0822 frame=027 slot=09 J_F=   153.50 meanZ=29.10 SoC=1.0000
ep=0822 frame=028 slot=09 J_F=   254.60 meanZ=29.24 SoC=1.0000
ep=0822 frame=029 slot=09 J_F=   343.00 meanZ=28.82 SoC=1.0000
hppo_rsu 823/850 QoE=0.49373 stall=0.0739 137.28s
ep=0823 frame=000 slot=09 J_F= -2114.00 meanZ=88.38 SoC=1.0000
ep=0823 frame=001 slot=09 J_F=  -727.00 meanZ=82.46 SoC=1.0000
ep=0823 frame=002 slot=09 J_F= -1613.00 meanZ=75.54 SoC=1.0000
ep=0823 frame=003 slot=09 J_F= -1729.00 meanZ=68.60 SoC=1.0000
ep=0823 frame=004 slot=09 J_F= -1646.00 meanZ=60.18 SoC=1.0000
ep=0823 frame=005 slot=09 J_F=  -641.00 meanZ=54.84 SoC=1.0000
ep=0823 frame=006 slot=09 J_F=   118.90 meanZ=52.56 SoC=1.0000
ep=0823 frame=007 slot=09 J_F=  -214.50 meanZ=48.58 SoC=1.0000
ep=0823 frame=008 slot=09 J_F=  -359.50 meanZ=43.86 SoC=1.0000
ep=0823 frame=009 slot=09 J_F=   584.00 meanZ=44.22 SoC=1.0000
ep=0823 frame=010 slot=09 J_F=  -328.00 meanZ=39.10 SoC=1.0000
ep=0823 frame=011 slot=09 J_F=  -162.00 meanZ=36.98 SoC=1.0000
ep=0823 frame=012 slot=09 J_F=   180.50 meanZ=34.10 SoC=1.0000
ep=0823 frame=013 slot=09 J_F=   387.50 meanZ=33.72 SoC=1.0000
ep=0823 frame=014 slot=09 J_F=   353.50 meanZ=32.46 SoC=1.0000
ep=0823 frame=015 slot=09 J_F=   184.50 meanZ=32.44 SoC=1.0000
ep=0823 frame=016 slot=09 J_F=   131.00 meanZ=31.74 SoC=1.0000
ep=0823 frame=017 slot=09 J_F=   476.50 meanZ=30.98 SoC=1.0000
ep=0823 frame=018 slot=09 J_F=   770.00 meanZ=31.44 SoC=1.0000
ep=0823 frame=019 slot=09 J_F=   632.00 meanZ=33.06 SoC=1.0000
ep=0823 frame=020 slot=09 J_F=   706.50 meanZ=34.26 SoC=1.0000
ep=0823 frame=021 slot=09 J_F=   359.90 meanZ=33.18 SoC=1.0000
ep=0823 frame=022 slot=09 J_F=   833.00 meanZ=34.32 SoC=1.0000
ep=0823 frame=023 slot=09 J_F=   591.50 meanZ=34.82 SoC=1.0000
ep=0823 frame=024 slot=09 J_F=   823.50 meanZ=35.80 SoC=1.0000
ep=0823 frame=025 slot=09 J_F=   276.90 meanZ=34.66 SoC=1.0000
ep=0823 frame=026 slot=09 J_F=   814.50 meanZ=35.02 SoC=1.0000
ep=0823 frame=027 slot=09 J_F=   -54.50 meanZ=34.52 SoC=1.0000
ep=0823 frame=028 slot=09 J_F=    43.00 meanZ=34.64 SoC=1.0000
ep=0823 frame=029 slot=09 J_F=   323.00 meanZ=34.60 SoC=1.0000
hppo_rsu 824/850 QoE=0.42861 stall=0.0944 138.53s
ep=0824 frame=000 slot=09 J_F= -2781.50 meanZ=88.56 SoC=1.0000
ep=0824 frame=001 slot=09 J_F= -1374.00 meanZ=81.04 SoC=1.0000
ep=0824 frame=002 slot=09 J_F= -1400.50 meanZ=73.22 SoC=1.0000
ep=0824 frame=003 slot=09 J_F=  -995.00 meanZ=65.88 SoC=1.0000
ep=0824 frame=004 slot=09 J_F=  -427.50 meanZ=60.22 SoC=1.0000
ep=0824 frame=005 slot=09 J_F=    42.00 meanZ=53.68 SoC=1.0000
ep=0824 frame=006 slot=09 J_F=    89.50 meanZ=50.06 SoC=1.0000
ep=0824 frame=007 slot=09 J_F=   106.00 meanZ=46.56 SoC=1.0000
ep=0824 frame=008 slot=09 J_F=   224.00 meanZ=42.72 SoC=1.0000
ep=0824 frame=009 slot=09 J_F=   109.50 meanZ=41.46 SoC=1.0000
ep=0824 frame=010 slot=09 J_F=   201.50 meanZ=40.04 SoC=1.0000
ep=0824 frame=011 slot=09 J_F=  1102.40 meanZ=40.90 SoC=1.0000
ep=0824 frame=012 slot=09 J_F=   535.90 meanZ=40.18 SoC=1.0000
ep=0824 frame=013 slot=09 J_F=   683.00 meanZ=40.82 SoC=1.0000
ep=0824 frame=014 slot=09 J_F=  -353.60 meanZ=39.74 SoC=1.0000
ep=0824 frame=015 slot=09 J_F=    27.80 meanZ=39.18 SoC=1.0000
ep=0824 frame=016 slot=09 J_F=   185.40 meanZ=37.22 SoC=1.0000
ep=0824 frame=017 slot=09 J_F=   549.00 meanZ=37.36 SoC=1.0000
ep=0824 frame=018 slot=09 J_F=   344.50 meanZ=36.86 SoC=1.0000
ep=0824 frame=019 slot=09 J_F=  -150.10 meanZ=34.68 SoC=1.0000
ep=0824 frame=020 slot=09 J_F=   694.00 meanZ=32.82 SoC=1.0000
ep=0824 frame=021 slot=09 J_F=   848.90 meanZ=33.98 SoC=1.0000
ep=0824 frame=022 slot=09 J_F=   201.00 meanZ=33.06 SoC=1.0000
ep=0824 frame=023 slot=09 J_F=  -132.50 meanZ=32.04 SoC=1.0000
ep=0824 frame=024 slot=09 J_F=   316.50 meanZ=30.88 SoC=1.0000
ep=0824 frame=025 slot=09 J_F=   362.50 meanZ=29.96 SoC=1.0000
ep=0824 frame=026 slot=09 J_F=   171.00 meanZ=28.42 SoC=1.0000
ep=0824 frame=027 slot=09 J_F=   692.00 meanZ=29.06 SoC=1.0000
ep=0824 frame=028 slot=09 J_F=  -339.00 meanZ=27.68 SoC=1.0000
ep=0824 frame=029 slot=09 J_F=   661.30 meanZ=28.60 SoC=1.0000
ep=1000000 frame=000 slot=09 J_F= -2502.00 meanZ=88.84 SoC=1.0000
ep=1000000 frame=001 slot=09 J_F= -1694.00 meanZ=80.46 SoC=1.0000
ep=1000000 frame=002 slot=09 J_F= -1871.50 meanZ=72.68 SoC=1.0000
ep=1000000 frame=003 slot=09 J_F=  -857.50 meanZ=65.36 SoC=1.0000
ep=1000000 frame=004 slot=09 J_F=  -707.00 meanZ=59.58 SoC=1.0000
ep=1000000 frame=005 slot=09 J_F=  -163.00 meanZ=53.12 SoC=1.0000
ep=1000000 frame=006 slot=09 J_F=    55.50 meanZ=48.12 SoC=1.0000
ep=1000000 frame=007 slot=09 J_F=   167.90 meanZ=44.56 SoC=1.0000
ep=1000000 frame=008 slot=09 J_F=  -406.50 meanZ=40.02 SoC=1.0000
ep=1000000 frame=009 slot=09 J_F=  -101.00 meanZ=37.46 SoC=1.0000
ep=1000000 frame=010 slot=09 J_F=    -1.00 meanZ=34.88 SoC=1.0000
ep=1000000 frame=011 slot=09 J_F=   -30.00 meanZ=33.16 SoC=1.0000
ep=1000000 frame=012 slot=09 J_F=   295.90 meanZ=33.60 SoC=1.0000
ep=1000000 frame=013 slot=09 J_F=  -292.00 meanZ=33.62 SoC=1.0000
ep=1000000 frame=014 slot=09 J_F=   423.00 meanZ=33.04 SoC=1.0000
ep=1000000 frame=015 slot=09 J_F=   645.00 meanZ=32.50 SoC=1.0000
ep=1000000 frame=016 slot=09 J_F=   247.50 meanZ=31.72 SoC=1.0000
ep=1000000 frame=017 slot=09 J_F=   556.50 meanZ=31.12 SoC=1.0000
ep=1000000 frame=018 slot=09 J_F=   310.00 meanZ=30.02 SoC=1.0000
ep=1000000 frame=019 slot=09 J_F=   435.00 meanZ=29.26 SoC=1.0000
ep=1000000 frame=020 slot=09 J_F=   465.00 meanZ=29.72 SoC=1.0000
ep=1000000 frame=021 slot=09 J_F=   401.50 meanZ=29.56 SoC=1.0000
ep=1000000 frame=022 slot=09 J_F=   628.00 meanZ=29.92 SoC=1.0000
ep=1000000 frame=023 slot=09 J_F=   497.90 meanZ=30.52 SoC=1.0000
ep=1000000 frame=024 slot=09 J_F=   549.50 meanZ=31.40 SoC=1.0000
ep=1000000 frame=025 slot=09 J_F=   856.00 meanZ=30.90 SoC=1.0000
ep=1000000 frame=026 slot=09 J_F=   100.50 meanZ=30.64 SoC=1.0000
ep=1000000 frame=027 slot=09 J_F=   261.50 meanZ=30.80 SoC=1.0000
ep=1000000 frame=028 slot=09 J_F=   500.50 meanZ=31.94 SoC=1.0000
ep=1000000 frame=029 slot=09 J_F=   404.50 meanZ=32.94 SoC=1.0000
ep=1000001 frame=000 slot=09 J_F= -2408.50 meanZ=88.64 SoC=1.0000
ep=1000001 frame=001 slot=09 J_F=  -975.50 meanZ=81.72 SoC=1.0000
ep=1000001 frame=002 slot=09 J_F= -1261.00 meanZ=74.84 SoC=1.0000
ep=1000001 frame=003 slot=09 J_F=  -514.50 meanZ=68.38 SoC=1.0000
ep=1000001 frame=004 slot=09 J_F= -1110.00 meanZ=59.68 SoC=1.0000
ep=1000001 frame=005 slot=09 J_F=  -482.50 meanZ=52.62 SoC=1.0000
ep=1000001 frame=006 slot=09 J_F=  -396.00 meanZ=46.16 SoC=1.0000
ep=1000001 frame=007 slot=09 J_F=   252.50 meanZ=42.08 SoC=1.0000
ep=1000001 frame=008 slot=09 J_F=   329.50 meanZ=40.06 SoC=1.0000
ep=1000001 frame=009 slot=09 J_F=  -638.00 meanZ=37.42 SoC=1.0000
ep=1000001 frame=010 slot=09 J_F=   280.50 meanZ=36.00 SoC=1.0000
ep=1000001 frame=011 slot=09 J_F=   240.50 meanZ=34.98 SoC=1.0000
ep=1000001 frame=012 slot=09 J_F=   452.00 meanZ=34.88 SoC=1.0000
ep=1000001 frame=013 slot=09 J_F=   346.50 meanZ=34.42 SoC=1.0000
ep=1000001 frame=014 slot=09 J_F=   582.00 meanZ=35.38 SoC=1.0000
ep=1000001 frame=015 slot=09 J_F=   437.00 meanZ=35.30 SoC=1.0000
ep=1000001 frame=016 slot=09 J_F=   326.50 meanZ=35.18 SoC=1.0000
ep=1000001 frame=017 slot=09 J_F=    85.50 meanZ=36.14 SoC=1.0000
ep=1000001 frame=018 slot=09 J_F=   804.50 meanZ=36.44 SoC=1.0000
ep=1000001 frame=019 slot=09 J_F=   113.50 meanZ=36.66 SoC=1.0000
ep=1000001 frame=020 slot=09 J_F=   317.90 meanZ=34.76 SoC=1.0000
ep=1000001 frame=021 slot=09 J_F=    98.00 meanZ=33.08 SoC=1.0000
ep=1000001 frame=022 slot=09 J_F=   421.50 meanZ=32.78 SoC=1.0000
ep=1000001 frame=023 slot=09 J_F=   823.00 meanZ=33.92 SoC=1.0000
ep=1000001 frame=024 slot=09 J_F=   875.00 meanZ=34.22 SoC=1.0000
ep=1000001 frame=025 slot=09 J_F=   317.50 meanZ=33.02 SoC=1.0000
ep=1000001 frame=026 slot=09 J_F=   453.00 meanZ=33.76 SoC=1.0000
ep=1000001 frame=027 slot=09 J_F=   300.90 meanZ=33.26 SoC=1.0000
ep=1000001 frame=028 slot=09 J_F=   465.00 meanZ=33.24 SoC=1.0000
ep=1000001 frame=029 slot=09 J_F=   509.00 meanZ=33.66 SoC=1.0000
ep=1000002 frame=000 slot=09 J_F= -2024.50 meanZ=89.30 SoC=1.0000
ep=1000002 frame=001 slot=09 J_F= -2438.10 meanZ=81.58 SoC=1.0000
ep=1000002 frame=002 slot=09 J_F= -1676.50 meanZ=72.98 SoC=1.0000
ep=1000002 frame=003 slot=09 J_F= -1092.50 meanZ=65.58 SoC=1.0000
ep=1000002 frame=004 slot=09 J_F=  -165.00 meanZ=59.20 SoC=1.0000
ep=1000002 frame=005 slot=09 J_F=   310.50 meanZ=53.70 SoC=1.0000
ep=1000002 frame=006 slot=09 J_F=  -486.00 meanZ=49.00 SoC=1.0000
ep=1000002 frame=007 slot=09 J_F=   253.00 meanZ=46.02 SoC=1.0000
ep=1000002 frame=008 slot=09 J_F=    15.50 meanZ=41.84 SoC=1.0000
ep=1000002 frame=009 slot=09 J_F=  -473.50 meanZ=39.50 SoC=1.0000
ep=1000002 frame=010 slot=09 J_F=   372.50 meanZ=37.56 SoC=1.0000
ep=1000002 frame=011 slot=09 J_F=   339.00 meanZ=37.10 SoC=1.0000
ep=1000002 frame=012 slot=09 J_F=   555.00 meanZ=36.48 SoC=1.0000
ep=1000002 frame=013 slot=09 J_F=    11.50 meanZ=34.90 SoC=1.0000
ep=1000002 frame=014 slot=09 J_F=  -113.10 meanZ=33.66 SoC=1.0000
ep=1000002 frame=015 slot=09 J_F=   212.00 meanZ=32.96 SoC=1.0000
ep=1000002 frame=016 slot=09 J_F=   226.50 meanZ=33.58 SoC=1.0000
ep=1000002 frame=017 slot=09 J_F=    84.00 meanZ=33.20 SoC=1.0000
ep=1000002 frame=018 slot=09 J_F=   814.50 meanZ=32.70 SoC=1.0000
ep=1000002 frame=019 slot=09 J_F=   657.00 meanZ=33.88 SoC=1.0000
ep=1000002 frame=020 slot=09 J_F=   620.00 meanZ=33.84 SoC=1.0000
ep=1000002 frame=021 slot=09 J_F=   512.00 meanZ=34.74 SoC=1.0000
ep=1000002 frame=022 slot=09 J_F=   154.40 meanZ=34.26 SoC=1.0000
ep=1000002 frame=023 slot=09 J_F=   783.50 meanZ=34.96 SoC=1.0000
ep=1000002 frame=024 slot=09 J_F=   785.50 meanZ=35.00 SoC=1.0000
ep=1000002 frame=025 slot=09 J_F=   158.00 meanZ=35.62 SoC=1.0000
ep=1000002 frame=026 slot=09 J_F=  -141.00 meanZ=34.98 SoC=1.0000
ep=1000002 frame=027 slot=09 J_F=   349.50 meanZ=34.66 SoC=1.0000
ep=1000002 frame=028 slot=09 J_F=   260.90 meanZ=35.38 SoC=1.0000
ep=1000002 frame=029 slot=09 J_F=   433.90 meanZ=35.54 SoC=1.0000
ep=1000003 frame=000 slot=09 J_F= -3018.00 meanZ=88.60 SoC=1.0000
ep=1000003 frame=001 slot=09 J_F= -1338.50 meanZ=80.76 SoC=1.0000
ep=1000003 frame=002 slot=09 J_F= -2131.50 meanZ=73.18 SoC=1.0000
ep=1000003 frame=003 slot=09 J_F= -1222.50 meanZ=65.50 SoC=1.0000
ep=1000003 frame=004 slot=09 J_F=  -404.00 meanZ=59.34 SoC=1.0000
ep=1000003 frame=005 slot=09 J_F=  -519.50 meanZ=53.22 SoC=1.0000
ep=1000003 frame=006 slot=09 J_F=   -74.00 meanZ=47.88 SoC=1.0000
ep=1000003 frame=007 slot=09 J_F=   777.00 meanZ=47.70 SoC=1.0000
ep=1000003 frame=008 slot=09 J_F=  -187.00 meanZ=44.60 SoC=1.0000
ep=1000003 frame=009 slot=09 J_F=  -170.00 meanZ=43.06 SoC=1.0000
ep=1000003 frame=010 slot=09 J_F=   443.00 meanZ=40.74 SoC=1.0000
ep=1000003 frame=011 slot=09 J_F=   192.00 meanZ=37.96 SoC=1.0000
ep=1000003 frame=012 slot=09 J_F=   247.90 meanZ=37.34 SoC=1.0000
ep=1000003 frame=013 slot=09 J_F=   290.50 meanZ=35.80 SoC=1.0000
ep=1000003 frame=014 slot=09 J_F=  -123.50 meanZ=35.28 SoC=1.0000
ep=1000003 frame=015 slot=09 J_F=   203.50 meanZ=35.62 SoC=1.0000
ep=1000003 frame=016 slot=09 J_F=   167.50 meanZ=34.10 SoC=1.0000
ep=1000003 frame=017 slot=09 J_F=   208.00 meanZ=34.06 SoC=1.0000
ep=1000003 frame=018 slot=09 J_F=   379.00 meanZ=33.66 SoC=1.0000
ep=1000003 frame=019 slot=09 J_F=   104.00 meanZ=32.26 SoC=1.0000
ep=1000003 frame=020 slot=09 J_F=   578.50 meanZ=31.90 SoC=1.0000
ep=1000003 frame=021 slot=09 J_F=   271.50 meanZ=32.10 SoC=1.0000
ep=1000003 frame=022 slot=09 J_F=   388.50 meanZ=30.60 SoC=1.0000
ep=1000003 frame=023 slot=09 J_F=   116.00 meanZ=30.64 SoC=1.0000
ep=1000003 frame=024 slot=09 J_F=   281.50 meanZ=30.24 SoC=1.0000
ep=1000003 frame=025 slot=09 J_F=   374.00 meanZ=31.24 SoC=1.0000
ep=1000003 frame=026 slot=09 J_F=   493.00 meanZ=30.86 SoC=1.0000
ep=1000003 frame=027 slot=09 J_F=    47.50 meanZ=30.94 SoC=1.0000
ep=1000003 frame=028 slot=09 J_F=   206.40 meanZ=31.16 SoC=1.0000
ep=1000003 frame=029 slot=09 J_F=   862.50 meanZ=31.80 SoC=1.0000
ep=1000004 frame=000 slot=09 J_F= -2785.50 meanZ=87.94 SoC=1.0000
ep=1000004 frame=001 slot=09 J_F= -1480.50 meanZ=81.28 SoC=1.0000
ep=1000004 frame=002 slot=09 J_F= -1471.50 meanZ=74.20 SoC=1.0000
ep=1000004 frame=003 slot=09 J_F= -1405.00 meanZ=66.62 SoC=1.0000
ep=1000004 frame=004 slot=09 J_F=  -752.50 meanZ=58.40 SoC=1.0000
ep=1000004 frame=005 slot=09 J_F=  -690.00 meanZ=52.88 SoC=1.0000
ep=1000004 frame=006 slot=09 J_F=  -388.00 meanZ=47.34 SoC=1.0000
ep=1000004 frame=007 slot=09 J_F=  -249.00 meanZ=44.02 SoC=1.0000
ep=1000004 frame=008 slot=09 J_F=  -172.50 meanZ=41.86 SoC=1.0000
ep=1000004 frame=009 slot=09 J_F=   341.00 meanZ=39.94 SoC=1.0000
ep=1000004 frame=010 slot=09 J_F=    -3.50 meanZ=38.94 SoC=1.0000
ep=1000004 frame=011 slot=09 J_F=  -445.50 meanZ=35.74 SoC=1.0000
ep=1000004 frame=012 slot=09 J_F=   370.00 meanZ=35.34 SoC=1.0000
ep=1000004 frame=013 slot=09 J_F=   203.00 meanZ=35.16 SoC=1.0000
ep=1000004 frame=014 slot=09 J_F=  -438.50 meanZ=33.24 SoC=1.0000
ep=1000004 frame=015 slot=09 J_F=  1005.50 meanZ=33.30 SoC=1.0000
ep=1000004 frame=016 slot=09 J_F=   968.00 meanZ=32.42 SoC=1.0000
ep=1000004 frame=017 slot=09 J_F=   413.90 meanZ=33.18 SoC=1.0000
ep=1000004 frame=018 slot=09 J_F=   545.50 meanZ=34.08 SoC=1.0000
ep=1000004 frame=019 slot=09 J_F=   187.00 meanZ=33.08 SoC=1.0000
ep=1000004 frame=020 slot=09 J_F=   -59.60 meanZ=32.20 SoC=1.0000
ep=1000004 frame=021 slot=09 J_F=   281.40 meanZ=31.10 SoC=1.0000
ep=1000004 frame=022 slot=09 J_F=   631.00 meanZ=31.22 SoC=1.0000
ep=1000004 frame=023 slot=09 J_F=  -104.60 meanZ=30.72 SoC=1.0000
ep=1000004 frame=024 slot=09 J_F=   770.90 meanZ=32.84 SoC=1.0000
ep=1000004 frame=025 slot=09 J_F=   187.40 meanZ=31.58 SoC=1.0000
ep=1000004 frame=026 slot=09 J_F=   684.50 meanZ=31.78 SoC=1.0000
ep=1000004 frame=027 slot=09 J_F=   772.00 meanZ=32.56 SoC=1.0000
ep=1000004 frame=028 slot=09 J_F=   562.00 meanZ=33.56 SoC=1.0000
ep=1000004 frame=029 slot=09 J_F=   710.00 meanZ=33.52 SoC=1.0000
ep=1000005 frame=000 slot=09 J_F= -3268.50 meanZ=88.18 SoC=1.0000
ep=1000005 frame=001 slot=09 J_F= -1804.50 meanZ=80.62 SoC=1.0000
ep=1000005 frame=002 slot=09 J_F= -1460.50 meanZ=73.52 SoC=1.0000
ep=1000005 frame=003 slot=09 J_F=  -960.50 meanZ=66.06 SoC=1.0000
ep=1000005 frame=004 slot=09 J_F= -1041.60 meanZ=58.18 SoC=1.0000
ep=1000005 frame=005 slot=09 J_F=  -141.50 meanZ=53.28 SoC=1.0000
ep=1000005 frame=006 slot=09 J_F=  -322.50 meanZ=48.74 SoC=1.0000
ep=1000005 frame=007 slot=09 J_F=   121.00 meanZ=46.48 SoC=1.0000
ep=1000005 frame=008 slot=09 J_F=   -77.50 meanZ=42.84 SoC=1.0000
ep=1000005 frame=009 slot=09 J_F=   385.00 meanZ=40.64 SoC=1.0000
ep=1000005 frame=010 slot=09 J_F=   510.50 meanZ=38.24 SoC=1.0000
ep=1000005 frame=011 slot=09 J_F=   141.00 meanZ=37.28 SoC=1.0000
ep=1000005 frame=012 slot=09 J_F=   277.00 meanZ=37.18 SoC=1.0000
ep=1000005 frame=013 slot=09 J_F=  -119.50 meanZ=35.12 SoC=1.0000
ep=1000005 frame=014 slot=09 J_F=   523.50 meanZ=35.56 SoC=1.0000
ep=1000005 frame=015 slot=09 J_F=    94.50 meanZ=33.72 SoC=1.0000
ep=1000005 frame=016 slot=09 J_F=   381.00 meanZ=32.68 SoC=1.0000
ep=1000005 frame=017 slot=09 J_F=   208.80 meanZ=32.34 SoC=1.0000
ep=1000005 frame=018 slot=09 J_F=   764.50 meanZ=32.46 SoC=1.0000
ep=1000005 frame=019 slot=09 J_F=   -39.50 meanZ=31.78 SoC=1.0000
ep=1000005 frame=020 slot=09 J_F=   344.00 meanZ=31.04 SoC=1.0000
ep=1000005 frame=021 slot=09 J_F=   221.00 meanZ=30.78 SoC=1.0000
ep=1000005 frame=022 slot=09 J_F=   575.00 meanZ=30.18 SoC=1.0000
ep=1000005 frame=023 slot=09 J_F=   495.50 meanZ=30.08 SoC=1.0000
ep=1000005 frame=024 slot=09 J_F=   315.00 meanZ=31.20 SoC=1.0000
ep=1000005 frame=025 slot=09 J_F=   402.50 meanZ=32.38 SoC=1.0000
ep=1000005 frame=026 slot=09 J_F=   244.40 meanZ=30.14 SoC=1.0000
ep=1000005 frame=027 slot=09 J_F=   115.00 meanZ=29.38 SoC=1.0000
ep=1000005 frame=028 slot=09 J_F=   357.90 meanZ=29.40 SoC=1.0000
ep=1000005 frame=029 slot=09 J_F=   306.50 meanZ=28.72 SoC=1.0000
ep=1000006 frame=000 slot=09 J_F= -1858.50 meanZ=88.84 SoC=1.0000
ep=1000006 frame=001 slot=09 J_F= -1385.00 meanZ=81.84 SoC=1.0000
ep=1000006 frame=002 slot=09 J_F= -1535.50 meanZ=74.42 SoC=1.0000
ep=1000006 frame=003 slot=09 J_F= -1136.00 meanZ=67.20 SoC=1.0000
ep=1000006 frame=004 slot=09 J_F=  -913.50 meanZ=59.68 SoC=1.0000
ep=1000006 frame=005 slot=09 J_F=    90.50 meanZ=55.10 SoC=1.0000
ep=1000006 frame=006 slot=09 J_F=  -513.00 meanZ=50.54 SoC=1.0000
ep=1000006 frame=007 slot=09 J_F=   338.00 meanZ=47.90 SoC=1.0000
ep=1000006 frame=008 slot=09 J_F=   -68.00 meanZ=44.52 SoC=1.0000
ep=1000006 frame=009 slot=09 J_F=  -463.80 meanZ=41.34 SoC=1.0000
ep=1000006 frame=010 slot=09 J_F=   677.00 meanZ=41.58 SoC=1.0000
ep=1000006 frame=011 slot=09 J_F=  -199.50 meanZ=39.42 SoC=1.0000
ep=1000006 frame=012 slot=09 J_F=   254.50 meanZ=37.88 SoC=1.0000
ep=1000006 frame=013 slot=09 J_F=   702.50 meanZ=38.90 SoC=1.0000
ep=1000006 frame=014 slot=09 J_F=   153.50 meanZ=38.30 SoC=1.0000
ep=1000006 frame=015 slot=09 J_F=   497.00 meanZ=38.18 SoC=1.0000
ep=1000006 frame=016 slot=09 J_F=   541.50 meanZ=36.14 SoC=1.0000
ep=1000006 frame=017 slot=09 J_F=  -104.50 meanZ=35.92 SoC=1.0000
ep=1000006 frame=018 slot=09 J_F=   343.50 meanZ=35.56 SoC=1.0000
ep=1000006 frame=019 slot=09 J_F=   267.00 meanZ=34.94 SoC=1.0000
ep=1000006 frame=020 slot=09 J_F=    28.00 meanZ=34.80 SoC=1.0000
ep=1000006 frame=021 slot=09 J_F=   536.00 meanZ=34.44 SoC=1.0000
ep=1000006 frame=022 slot=09 J_F=   195.50 meanZ=33.08 SoC=1.0000
ep=1000006 frame=023 slot=09 J_F=   375.50 meanZ=33.82 SoC=1.0000
ep=1000006 frame=024 slot=09 J_F=   589.50 meanZ=33.22 SoC=1.0000
ep=1000006 frame=025 slot=09 J_F=   668.50 meanZ=33.64 SoC=1.0000
ep=1000006 frame=026 slot=09 J_F=    46.50 meanZ=34.30 SoC=1.0000
ep=1000006 frame=027 slot=09 J_F=   152.50 meanZ=34.52 SoC=1.0000
ep=1000006 frame=028 slot=09 J_F=   308.50 meanZ=34.80 SoC=1.0000
ep=1000006 frame=029 slot=09 J_F=   200.40 meanZ=34.56 SoC=1.0000
ep=1000007 frame=000 slot=09 J_F= -3703.50 meanZ=87.58 SoC=1.0000
ep=1000007 frame=001 slot=09 J_F= -1901.60 meanZ=79.62 SoC=1.0000
ep=1000007 frame=002 slot=09 J_F= -2069.00 meanZ=71.10 SoC=1.0000
ep=1000007 frame=003 slot=09 J_F=  -337.00 meanZ=64.34 SoC=1.0000
ep=1000007 frame=004 slot=09 J_F=  -897.00 meanZ=57.64 SoC=1.0000
ep=1000007 frame=005 slot=09 J_F=  -321.00 meanZ=52.42 SoC=1.0000
ep=1000007 frame=006 slot=09 J_F=  -280.50 meanZ=46.80 SoC=1.0000
ep=1000007 frame=007 slot=09 J_F=    69.00 meanZ=43.50 SoC=1.0000
ep=1000007 frame=008 slot=09 J_F=   309.00 meanZ=41.76 SoC=1.0000
ep=1000007 frame=009 slot=09 J_F=   236.50 meanZ=40.72 SoC=1.0000
ep=1000007 frame=010 slot=09 J_F=    -6.50 meanZ=39.28 SoC=1.0000
ep=1000007 frame=011 slot=09 J_F=   315.00 meanZ=38.68 SoC=1.0000
ep=1000007 frame=012 slot=09 J_F=   346.00 meanZ=38.58 SoC=1.0000
ep=1000007 frame=013 slot=09 J_F=   103.90 meanZ=38.44 SoC=1.0000
ep=1000007 frame=014 slot=09 J_F=   234.00 meanZ=38.42 SoC=1.0000
ep=1000007 frame=015 slot=09 J_F=   112.50 meanZ=38.38 SoC=1.0000
ep=1000007 frame=016 slot=09 J_F=   508.00 meanZ=37.42 SoC=1.0000
ep=1000007 frame=017 slot=09 J_F=   371.50 meanZ=37.38 SoC=1.0000
ep=1000007 frame=018 slot=09 J_F=   536.00 meanZ=36.80 SoC=1.0000
ep=1000007 frame=019 slot=09 J_F=   381.50 meanZ=35.90 SoC=1.0000
ep=1000007 frame=020 slot=09 J_F=   279.50 meanZ=35.86 SoC=1.0000
ep=1000007 frame=021 slot=09 J_F=   218.00 meanZ=35.44 SoC=1.0000
ep=1000007 frame=022 slot=09 J_F=   195.00 meanZ=34.54 SoC=1.0000
ep=1000007 frame=023 slot=09 J_F=   514.50 meanZ=36.08 SoC=1.0000
ep=1000007 frame=024 slot=09 J_F=  -237.00 meanZ=34.80 SoC=1.0000
ep=1000007 frame=025 slot=09 J_F=   853.00 meanZ=35.50 SoC=1.0000
ep=1000007 frame=026 slot=09 J_F=   233.90 meanZ=34.66 SoC=1.0000
ep=1000007 frame=027 slot=09 J_F=   369.00 meanZ=34.60 SoC=1.0000
ep=1000007 frame=028 slot=09 J_F=   148.00 meanZ=34.90 SoC=1.0000
ep=1000007 frame=029 slot=09 J_F=  -183.00 meanZ=33.00 SoC=1.0000
ep=1000008 frame=000 slot=09 J_F= -3447.00 meanZ=87.22 SoC=1.0000
ep=1000008 frame=001 slot=09 J_F= -2320.00 meanZ=78.68 SoC=1.0000
ep=1000008 frame=002 slot=09 J_F= -1752.00 meanZ=71.20 SoC=1.0000
ep=1000008 frame=003 slot=09 J_F=  -359.00 meanZ=64.62 SoC=1.0000
ep=1000008 frame=004 slot=09 J_F=  -341.00 meanZ=58.20 SoC=1.0000
ep=1000008 frame=005 slot=09 J_F=   335.00 meanZ=51.90 SoC=1.0000
ep=1000008 frame=006 slot=09 J_F=   -90.00 meanZ=47.74 SoC=1.0000
ep=1000008 frame=007 slot=09 J_F=  -145.50 meanZ=43.44 SoC=1.0000
ep=1000008 frame=008 slot=09 J_F=   202.00 meanZ=42.46 SoC=1.0000
ep=1000008 frame=009 slot=09 J_F=  -217.00 meanZ=39.36 SoC=1.0000
ep=1000008 frame=010 slot=09 J_F=  -137.50 meanZ=37.80 SoC=1.0000
ep=1000008 frame=011 slot=09 J_F=   370.50 meanZ=37.74 SoC=1.0000
ep=1000008 frame=012 slot=09 J_F=   166.00 meanZ=37.06 SoC=1.0000
ep=1000008 frame=013 slot=09 J_F=   235.50 meanZ=36.32 SoC=1.0000
ep=1000008 frame=014 slot=09 J_F=   308.00 meanZ=35.42 SoC=1.0000
ep=1000008 frame=015 slot=09 J_F=   239.10 meanZ=34.92 SoC=1.0000
ep=1000008 frame=016 slot=09 J_F=   272.00 meanZ=34.14 SoC=1.0000
ep=1000008 frame=017 slot=09 J_F=   628.00 meanZ=35.26 SoC=1.0000
ep=1000008 frame=018 slot=09 J_F=    67.50 meanZ=35.12 SoC=1.0000
ep=1000008 frame=019 slot=09 J_F=   180.00 meanZ=34.28 SoC=1.0000
ep=1000008 frame=020 slot=09 J_F=   107.50 meanZ=33.76 SoC=1.0000
ep=1000008 frame=021 slot=09 J_F=   141.00 meanZ=33.30 SoC=1.0000
ep=1000008 frame=022 slot=09 J_F=   175.00 meanZ=32.22 SoC=1.0000
ep=1000008 frame=023 slot=09 J_F=   873.50 meanZ=32.94 SoC=1.0000
ep=1000008 frame=024 slot=09 J_F=    48.00 meanZ=32.78 SoC=1.0000
ep=1000008 frame=025 slot=09 J_F=   292.50 meanZ=31.24 SoC=1.0000
ep=1000008 frame=026 slot=09 J_F=  -258.50 meanZ=30.04 SoC=1.0000
ep=1000008 frame=027 slot=09 J_F=   449.00 meanZ=29.12 SoC=1.0000
ep=1000008 frame=028 slot=09 J_F=   -36.00 meanZ=27.94 SoC=1.0000
ep=1000008 frame=029 slot=09 J_F=   618.50 meanZ=28.76 SoC=1.0000
ep=1000009 frame=000 slot=09 J_F= -3501.00 meanZ=87.40 SoC=1.0000
ep=1000009 frame=001 slot=09 J_F= -1422.60 meanZ=79.84 SoC=1.0000
ep=1000009 frame=002 slot=09 J_F= -1688.50 meanZ=72.08 SoC=1.0000
ep=1000009 frame=003 slot=09 J_F= -1072.10 meanZ=64.20 SoC=1.0000
ep=1000009 frame=004 slot=09 J_F=  -626.50 meanZ=57.32 SoC=1.0000
ep=1000009 frame=005 slot=09 J_F=  -277.00 meanZ=50.78 SoC=1.0000
ep=1000009 frame=006 slot=09 J_F=   151.00 meanZ=47.06 SoC=1.0000
ep=1000009 frame=007 slot=09 J_F=  -396.50 meanZ=44.00 SoC=1.0000
ep=1000009 frame=008 slot=09 J_F=  -160.50 meanZ=41.78 SoC=1.0000
ep=1000009 frame=009 slot=09 J_F=   111.50 meanZ=40.70 SoC=1.0000
ep=1000009 frame=010 slot=09 J_F=   187.00 meanZ=40.78 SoC=1.0000
ep=1000009 frame=011 slot=09 J_F=   366.50 meanZ=39.08 SoC=1.0000
ep=1000009 frame=012 slot=09 J_F=   372.50 meanZ=38.40 SoC=1.0000
ep=1000009 frame=013 slot=09 J_F=   356.50 meanZ=37.70 SoC=1.0000
ep=1000009 frame=014 slot=09 J_F=   559.00 meanZ=36.76 SoC=1.0000
ep=1000009 frame=015 slot=09 J_F=  1007.50 meanZ=36.78 SoC=1.0000
ep=1000009 frame=016 slot=09 J_F=   405.50 meanZ=36.18 SoC=1.0000
ep=1000009 frame=017 slot=09 J_F=   645.50 meanZ=35.56 SoC=1.0000
ep=1000009 frame=018 slot=09 J_F=   606.50 meanZ=35.64 SoC=1.0000
ep=1000009 frame=019 slot=09 J_F=   605.40 meanZ=36.56 SoC=1.0000
ep=1000009 frame=020 slot=09 J_F=  -533.00 meanZ=34.54 SoC=1.0000
ep=1000009 frame=021 slot=09 J_F=   320.90 meanZ=34.28 SoC=1.0000
ep=1000009 frame=022 slot=09 J_F=   411.90 meanZ=34.72 SoC=1.0000
ep=1000009 frame=023 slot=09 J_F=   -32.00 meanZ=34.14 SoC=1.0000
ep=1000009 frame=024 slot=09 J_F=   260.90 meanZ=32.96 SoC=1.0000
ep=1000009 frame=025 slot=09 J_F=   387.50 meanZ=32.64 SoC=1.0000
ep=1000009 frame=026 slot=09 J_F=   335.50 meanZ=33.30 SoC=1.0000
ep=1000009 frame=027 slot=09 J_F=   822.00 meanZ=33.64 SoC=1.0000
ep=1000009 frame=028 slot=09 J_F=    -1.10 meanZ=31.96 SoC=1.0000
ep=1000009 frame=029 slot=09 J_F=    91.90 meanZ=30.56 SoC=1.0000
hppo_rsu 825/850 QoE=0.45901 stall=0.0865 140.13s
ep=0825 frame=000 slot=09 J_F= -3452.00 meanZ=87.54 SoC=1.0000
ep=0825 frame=001 slot=09 J_F= -1325.10 meanZ=81.34 SoC=1.0000
ep=0825 frame=002 slot=09 J_F=  -903.00 meanZ=75.04 SoC=1.0000
ep=0825 frame=003 slot=09 J_F=  -326.50 meanZ=68.42 SoC=1.0000
ep=0825 frame=004 slot=09 J_F=  -487.00 meanZ=62.12 SoC=1.0000
ep=0825 frame=005 slot=09 J_F=   269.00 meanZ=56.00 SoC=1.0000
ep=0825 frame=006 slot=09 J_F=  -483.10 meanZ=51.34 SoC=1.0000
ep=0825 frame=007 slot=09 J_F=   150.80 meanZ=47.44 SoC=1.0000
ep=0825 frame=008 slot=09 J_F=  -536.00 meanZ=44.52 SoC=1.0000
ep=0825 frame=009 slot=09 J_F=  -106.50 meanZ=44.06 SoC=1.0000
ep=0825 frame=010 slot=09 J_F=  -213.60 meanZ=41.24 SoC=1.0000
ep=0825 frame=011 slot=09 J_F=   798.00 meanZ=40.26 SoC=1.0000
ep=0825 frame=012 slot=09 J_F=  -311.60 meanZ=38.06 SoC=1.0000
ep=0825 frame=013 slot=09 J_F=   446.00 meanZ=37.40 SoC=1.0000
ep=0825 frame=014 slot=09 J_F=   268.50 meanZ=36.06 SoC=1.0000
ep=0825 frame=015 slot=09 J_F=   328.00 meanZ=35.10 SoC=1.0000
ep=0825 frame=016 slot=09 J_F=   595.00 meanZ=34.60 SoC=1.0000
ep=0825 frame=017 slot=09 J_F=    41.00 meanZ=34.52 SoC=1.0000
ep=0825 frame=018 slot=09 J_F=   283.00 meanZ=33.92 SoC=1.0000
ep=0825 frame=019 slot=09 J_F=   643.00 meanZ=33.66 SoC=1.0000
ep=0825 frame=020 slot=09 J_F=   791.00 meanZ=34.38 SoC=1.0000
ep=0825 frame=021 slot=09 J_F=    99.40 meanZ=33.26 SoC=1.0000
ep=0825 frame=022 slot=09 J_F=  -497.60 meanZ=31.42 SoC=1.0000
ep=0825 frame=023 slot=09 J_F=   531.50 meanZ=31.04 SoC=1.0000
ep=0825 frame=024 slot=09 J_F=   724.00 meanZ=31.28 SoC=1.0000
ep=0825 frame=025 slot=09 J_F=   194.50 meanZ=31.84 SoC=1.0000
ep=0825 frame=026 slot=09 J_F=   610.00 meanZ=31.74 SoC=1.0000
ep=0825 frame=027 slot=09 J_F=   385.00 meanZ=31.50 SoC=1.0000
ep=0825 frame=028 slot=09 J_F=   522.00 meanZ=31.32 SoC=1.0000
ep=0825 frame=029 slot=09 J_F=   679.00 meanZ=32.02 SoC=1.0000
hppo_rsu 826/850 QoE=0.42337 stall=0.0987 138.77s
ep=0826 frame=000 slot=09 J_F= -3055.00 meanZ=88.70 SoC=1.0000
ep=0826 frame=001 slot=09 J_F= -2459.00 meanZ=81.00 SoC=1.0000
ep=0826 frame=002 slot=09 J_F=  -929.60 meanZ=73.92 SoC=1.0000
ep=0826 frame=003 slot=09 J_F= -1004.50 meanZ=66.32 SoC=1.0000
ep=0826 frame=004 slot=09 J_F=   129.50 meanZ=61.52 SoC=1.0000
ep=0826 frame=005 slot=09 J_F=  -367.60 meanZ=55.80 SoC=1.0000
ep=0826 frame=006 slot=09 J_F=   435.50 meanZ=52.08 SoC=1.0000
ep=0826 frame=007 slot=09 J_F=  -355.50 meanZ=48.42 SoC=1.0000
ep=0826 frame=008 slot=09 J_F=  -430.60 meanZ=45.62 SoC=1.0000
ep=0826 frame=009 slot=09 J_F=    68.50 meanZ=41.72 SoC=1.0000
ep=0826 frame=010 slot=09 J_F=  -113.50 meanZ=40.68 SoC=1.0000
ep=0826 frame=011 slot=09 J_F=   413.50 meanZ=38.84 SoC=1.0000
ep=0826 frame=012 slot=09 J_F=    47.90 meanZ=37.78 SoC=1.0000
ep=0826 frame=013 slot=09 J_F=   500.50 meanZ=36.64 SoC=1.0000
ep=0826 frame=014 slot=09 J_F=   959.80 meanZ=37.36 SoC=1.0000
ep=0826 frame=015 slot=09 J_F=   167.00 meanZ=36.94 SoC=1.0000
ep=0826 frame=016 slot=09 J_F=   514.50 meanZ=35.92 SoC=1.0000
ep=0826 frame=017 slot=09 J_F=   162.50 meanZ=34.62 SoC=1.0000
ep=0826 frame=018 slot=09 J_F=   663.00 meanZ=34.30 SoC=1.0000
ep=0826 frame=019 slot=09 J_F=   323.40 meanZ=34.14 SoC=1.0000
ep=0826 frame=020 slot=09 J_F=   217.90 meanZ=34.38 SoC=1.0000
ep=0826 frame=021 slot=09 J_F=    47.50 meanZ=34.04 SoC=1.0000
ep=0826 frame=022 slot=09 J_F=   102.90 meanZ=33.34 SoC=1.0000
ep=0826 frame=023 slot=09 J_F=  -138.70 meanZ=33.66 SoC=1.0000
ep=0826 frame=024 slot=09 J_F=   970.50 meanZ=34.22 SoC=1.0000
ep=0826 frame=025 slot=09 J_F=   770.50 meanZ=35.28 SoC=1.0000
ep=0826 frame=026 slot=09 J_F=  -128.00 meanZ=36.58 SoC=1.0000
ep=0826 frame=027 slot=09 J_F=   601.00 meanZ=35.78 SoC=1.0000
ep=0826 frame=028 slot=09 J_F=   256.10 meanZ=36.04 SoC=1.0000
ep=0826 frame=029 slot=09 J_F=   715.00 meanZ=36.94 SoC=1.0000
hppo_rsu 827/850 QoE=0.38178 stall=0.1125 137.11s
ep=0827 frame=000 slot=09 J_F= -3356.50 meanZ=88.76 SoC=1.0000
ep=0827 frame=001 slot=09 J_F= -1891.60 meanZ=80.48 SoC=1.0000
ep=0827 frame=002 slot=09 J_F= -1271.50 meanZ=72.98 SoC=1.0000
ep=0827 frame=003 slot=09 J_F= -1248.70 meanZ=65.78 SoC=1.0000
ep=0827 frame=004 slot=09 J_F=   -38.50 meanZ=60.38 SoC=1.0000
ep=0827 frame=005 slot=09 J_F=  -674.60 meanZ=54.44 SoC=1.0000
ep=0827 frame=006 slot=09 J_F=   226.00 meanZ=49.36 SoC=1.0000
ep=0827 frame=007 slot=09 J_F=   446.80 meanZ=48.42 SoC=1.0000
ep=0827 frame=008 slot=09 J_F=   -58.00 meanZ=44.28 SoC=1.0000
ep=0827 frame=009 slot=09 J_F=   -37.10 meanZ=41.58 SoC=1.0000
ep=0827 frame=010 slot=09 J_F=   833.50 meanZ=40.48 SoC=1.0000
ep=0827 frame=011 slot=09 J_F=  -453.00 meanZ=37.32 SoC=1.0000
ep=0827 frame=012 slot=09 J_F=    45.50 meanZ=35.84 SoC=1.0000
ep=0827 frame=013 slot=09 J_F=   224.50 meanZ=35.52 SoC=1.0000
ep=0827 frame=014 slot=09 J_F=   203.50 meanZ=34.40 SoC=1.0000
ep=0827 frame=015 slot=09 J_F=    92.00 meanZ=33.06 SoC=1.0000
ep=0827 frame=016 slot=09 J_F=   213.50 meanZ=31.66 SoC=1.0000
ep=0827 frame=017 slot=09 J_F=   101.50 meanZ=31.44 SoC=1.0000
ep=0827 frame=018 slot=09 J_F=   480.40 meanZ=30.82 SoC=1.0000
ep=0827 frame=019 slot=09 J_F=    11.00 meanZ=30.04 SoC=1.0000
ep=0827 frame=020 slot=09 J_F=   280.90 meanZ=29.32 SoC=1.0000
ep=0827 frame=021 slot=09 J_F=   740.50 meanZ=27.96 SoC=1.0000
ep=0827 frame=022 slot=09 J_F=  -408.00 meanZ=27.74 SoC=1.0000
ep=0827 frame=023 slot=09 J_F=   501.00 meanZ=27.68 SoC=1.0000
ep=0827 frame=024 slot=09 J_F=   564.50 meanZ=27.16 SoC=1.0000
ep=0827 frame=025 slot=09 J_F=   279.30 meanZ=25.98 SoC=1.0000
ep=0827 frame=026 slot=09 J_F=   255.50 meanZ=24.42 SoC=1.0000
ep=0827 frame=027 slot=09 J_F=   175.90 meanZ=24.44 SoC=1.0000
ep=0827 frame=028 slot=09 J_F=   806.50 meanZ=24.60 SoC=1.0000
ep=0827 frame=029 slot=09 J_F=   298.50 meanZ=25.06 SoC=1.0000
hppo_rsu 828/850 QoE=0.48182 stall=0.0812 138.82s
ep=0828 frame=000 slot=09 J_F= -3006.00 meanZ=87.76 SoC=1.0000
ep=0828 frame=001 slot=09 J_F= -2229.60 meanZ=79.54 SoC=1.0000
ep=0828 frame=002 slot=09 J_F= -2241.00 meanZ=70.54 SoC=1.0000
ep=0828 frame=003 slot=09 J_F=  -449.50 meanZ=65.00 SoC=1.0000
ep=0828 frame=004 slot=09 J_F=  -406.00 meanZ=58.64 SoC=1.0000
ep=0828 frame=005 slot=09 J_F=  -267.50 meanZ=52.74 SoC=1.0000
ep=0828 frame=006 slot=09 J_F=  -280.00 meanZ=47.62 SoC=1.0000
ep=0828 frame=007 slot=09 J_F=    89.00 meanZ=42.60 SoC=1.0000
ep=0828 frame=008 slot=09 J_F=   148.00 meanZ=40.40 SoC=1.0000
ep=0828 frame=009 slot=09 J_F=   -17.60 meanZ=38.18 SoC=1.0000
ep=0828 frame=010 slot=09 J_F=   193.00 meanZ=36.84 SoC=1.0000
ep=0828 frame=011 slot=09 J_F=   628.00 meanZ=35.80 SoC=1.0000
ep=0828 frame=012 slot=09 J_F=   154.50 meanZ=33.44 SoC=1.0000
ep=0828 frame=013 slot=09 J_F=   523.50 meanZ=33.40 SoC=1.0000
ep=0828 frame=014 slot=09 J_F=   106.00 meanZ=33.20 SoC=1.0000
ep=0828 frame=015 slot=09 J_F=   161.50 meanZ=32.20 SoC=1.0000
ep=0828 frame=016 slot=09 J_F=   123.00 meanZ=32.30 SoC=1.0000
ep=0828 frame=017 slot=09 J_F=   599.50 meanZ=31.42 SoC=1.0000
ep=0828 frame=018 slot=09 J_F=   639.50 meanZ=32.28 SoC=1.0000
ep=0828 frame=019 slot=09 J_F=   238.00 meanZ=30.66 SoC=1.0000
ep=0828 frame=020 slot=09 J_F=   472.00 meanZ=29.88 SoC=1.0000
ep=0828 frame=021 slot=09 J_F=    93.90 meanZ=28.96 SoC=1.0000
ep=0828 frame=022 slot=09 J_F=   791.50 meanZ=28.92 SoC=1.0000
ep=0828 frame=023 slot=09 J_F=   316.50 meanZ=28.18 SoC=1.0000
ep=0828 frame=024 slot=09 J_F=   304.80 meanZ=27.46 SoC=1.0000
ep=0828 frame=025 slot=09 J_F=   -48.60 meanZ=26.56 SoC=1.0000
ep=0828 frame=026 slot=09 J_F=   718.50 meanZ=25.58 SoC=1.0000
ep=0828 frame=027 slot=09 J_F=   120.00 meanZ=25.36 SoC=1.0000
ep=0828 frame=028 slot=09 J_F=   467.80 meanZ=25.20 SoC=1.0000
ep=0828 frame=029 slot=09 J_F=   940.90 meanZ=27.34 SoC=1.0000
hppo_rsu 829/850 QoE=0.45565 stall=0.0895 137.33s
ep=0829 frame=000 slot=09 J_F= -3297.50 meanZ=88.14 SoC=1.0000
ep=0829 frame=001 slot=09 J_F= -2063.00 meanZ=80.88 SoC=1.0000
ep=0829 frame=002 slot=09 J_F=  -703.50 meanZ=76.72 SoC=1.0000
ep=0829 frame=003 slot=09 J_F=  -447.50 meanZ=70.68 SoC=1.0000
ep=0829 frame=004 slot=09 J_F=  -967.10 meanZ=63.12 SoC=1.0000
ep=0829 frame=005 slot=09 J_F=  -416.10 meanZ=58.36 SoC=1.0000
ep=0829 frame=006 slot=09 J_F=   161.00 meanZ=54.52 SoC=1.0000
ep=0829 frame=007 slot=09 J_F=  -720.80 meanZ=49.82 SoC=1.0000
ep=0829 frame=008 slot=09 J_F=   -51.00 meanZ=46.28 SoC=1.0000
ep=0829 frame=009 slot=09 J_F=  -413.10 meanZ=42.68 SoC=1.0000
ep=0829 frame=010 slot=09 J_F=  -144.50 meanZ=40.96 SoC=1.0000
ep=0829 frame=011 slot=09 J_F=   156.00 meanZ=38.42 SoC=1.0000
ep=0829 frame=012 slot=09 J_F=   157.50 meanZ=35.36 SoC=1.0000
ep=0829 frame=013 slot=09 J_F=   317.30 meanZ=33.34 SoC=1.0000
ep=0829 frame=014 slot=09 J_F=   221.00 meanZ=31.98 SoC=1.0000
ep=0829 frame=015 slot=09 J_F=   257.00 meanZ=32.46 SoC=1.0000
ep=0829 frame=016 slot=09 J_F=   839.40 meanZ=32.66 SoC=1.0000
ep=0829 frame=017 slot=09 J_F=   779.50 meanZ=31.92 SoC=1.0000
ep=0829 frame=018 slot=09 J_F=    18.20 meanZ=32.30 SoC=1.0000
ep=0829 frame=019 slot=09 J_F=  -135.10 meanZ=31.34 SoC=1.0000
ep=0829 frame=020 slot=09 J_F=    11.90 meanZ=31.12 SoC=1.0000
ep=0829 frame=021 slot=09 J_F=   809.50 meanZ=31.38 SoC=1.0000
ep=0829 frame=022 slot=09 J_F=   495.00 meanZ=31.94 SoC=1.0000
ep=0829 frame=023 slot=09 J_F=   818.50 meanZ=32.26 SoC=1.0000
ep=0829 frame=024 slot=09 J_F=   926.50 meanZ=33.10 SoC=1.0000
ep=0829 frame=025 slot=09 J_F=   221.60 meanZ=32.32 SoC=1.0000
ep=0829 frame=026 slot=09 J_F=   634.50 meanZ=32.22 SoC=1.0000
ep=0829 frame=027 slot=09 J_F=   380.00 meanZ=31.62 SoC=1.0000
ep=0829 frame=028 slot=09 J_F=   308.00 meanZ=31.38 SoC=1.0000
ep=0829 frame=029 slot=09 J_F=   792.50 meanZ=31.78 SoC=1.0000
hppo_rsu 830/850 QoE=0.40067 stall=0.1082 138.97s
ep=0830 frame=000 slot=09 J_F= -2997.00 meanZ=88.66 SoC=1.0000
ep=0830 frame=001 slot=09 J_F= -1998.00 meanZ=79.66 SoC=1.0000
ep=0830 frame=002 slot=09 J_F= -1360.00 meanZ=72.74 SoC=1.0000
ep=0830 frame=003 slot=09 J_F=  -791.60 meanZ=66.18 SoC=1.0000
ep=0830 frame=004 slot=09 J_F=  -576.50 meanZ=61.26 SoC=1.0000
ep=0830 frame=005 slot=09 J_F=  -441.50 meanZ=56.50 SoC=1.0000
ep=0830 frame=006 slot=09 J_F=   205.40 meanZ=51.48 SoC=1.0000
ep=0830 frame=007 slot=09 J_F=   676.00 meanZ=49.88 SoC=1.0000
ep=0830 frame=008 slot=09 J_F=    49.20 meanZ=46.60 SoC=1.0000
ep=0830 frame=009 slot=09 J_F=  -604.80 meanZ=42.18 SoC=1.0000
ep=0830 frame=010 slot=09 J_F=   218.50 meanZ=39.82 SoC=1.0000
ep=0830 frame=011 slot=09 J_F=   151.30 meanZ=38.68 SoC=1.0000
ep=0830 frame=012 slot=09 J_F=    98.90 meanZ=36.14 SoC=1.0000
ep=0830 frame=013 slot=09 J_F=   630.90 meanZ=36.58 SoC=1.0000
ep=0830 frame=014 slot=09 J_F=   504.00 meanZ=36.76 SoC=1.0000
ep=0830 frame=015 slot=09 J_F=   406.70 meanZ=36.36 SoC=1.0000
ep=0830 frame=016 slot=09 J_F=   781.00 meanZ=36.64 SoC=1.0000
ep=0830 frame=017 slot=09 J_F=    72.40 meanZ=35.96 SoC=1.0000
ep=0830 frame=018 slot=09 J_F=   492.50 meanZ=34.30 SoC=1.0000
ep=0830 frame=019 slot=09 J_F=   345.00 meanZ=33.78 SoC=1.0000
ep=0830 frame=020 slot=09 J_F=    36.00 meanZ=32.20 SoC=1.0000
ep=0830 frame=021 slot=09 J_F=   394.00 meanZ=32.18 SoC=1.0000
ep=0830 frame=022 slot=09 J_F=   214.50 meanZ=31.08 SoC=1.0000
ep=0830 frame=023 slot=09 J_F=   243.00 meanZ=30.86 SoC=1.0000
ep=0830 frame=024 slot=09 J_F=   594.80 meanZ=30.40 SoC=1.0000
ep=0830 frame=025 slot=09 J_F=   245.90 meanZ=29.44 SoC=1.0000
ep=0830 frame=026 slot=09 J_F=   682.00 meanZ=30.72 SoC=1.0000
ep=0830 frame=027 slot=09 J_F=   306.90 meanZ=28.88 SoC=1.0000
ep=0830 frame=028 slot=09 J_F=   520.00 meanZ=28.74 SoC=1.0000
ep=0830 frame=029 slot=09 J_F=   211.50 meanZ=29.40 SoC=1.0000
hppo_rsu 831/850 QoE=0.48663 stall=0.0772 137.39s
ep=0831 frame=000 slot=09 J_F= -3177.00 meanZ=89.08 SoC=1.0000
ep=0831 frame=001 slot=09 J_F= -2085.00 meanZ=80.88 SoC=1.0000
ep=0831 frame=002 slot=09 J_F= -1597.30 meanZ=72.38 SoC=1.0000
ep=0831 frame=003 slot=09 J_F=  -791.50 meanZ=65.32 SoC=1.0000
ep=0831 frame=004 slot=09 J_F= -1137.00 meanZ=59.20 SoC=1.0000
ep=0831 frame=005 slot=09 J_F=    59.00 meanZ=54.06 SoC=1.0000
ep=0831 frame=006 slot=09 J_F=   404.50 meanZ=50.06 SoC=1.0000
ep=0831 frame=007 slot=09 J_F=   480.70 meanZ=48.00 SoC=1.0000
ep=0831 frame=008 slot=09 J_F=   211.90 meanZ=44.38 SoC=1.0000
ep=0831 frame=009 slot=09 J_F=   466.50 meanZ=44.12 SoC=1.0000
ep=0831 frame=010 slot=09 J_F=   178.90 meanZ=41.70 SoC=1.0000
ep=0831 frame=011 slot=09 J_F=   207.70 meanZ=40.74 SoC=1.0000
ep=0831 frame=012 slot=09 J_F=   -32.50 meanZ=39.06 SoC=1.0000
ep=0831 frame=013 slot=09 J_F=   781.30 meanZ=38.36 SoC=1.0000
ep=0831 frame=014 slot=09 J_F=   639.40 meanZ=38.52 SoC=1.0000
ep=0831 frame=015 slot=09 J_F=   -96.20 meanZ=38.00 SoC=1.0000
ep=0831 frame=016 slot=09 J_F=    79.00 meanZ=35.90 SoC=1.0000
ep=0831 frame=017 slot=09 J_F=  -522.50 meanZ=33.58 SoC=1.0000
ep=0831 frame=018 slot=09 J_F=   304.00 meanZ=32.52 SoC=1.0000
ep=0831 frame=019 slot=09 J_F=  -220.00 meanZ=32.40 SoC=1.0000
ep=0831 frame=020 slot=09 J_F=  -292.60 meanZ=31.12 SoC=1.0000
ep=0831 frame=021 slot=09 J_F=   616.40 meanZ=31.22 SoC=1.0000
ep=0831 frame=022 slot=09 J_F=   187.50 meanZ=29.94 SoC=1.0000
ep=0831 frame=023 slot=09 J_F=   543.90 meanZ=29.30 SoC=1.0000
ep=0831 frame=024 slot=09 J_F=   242.60 meanZ=28.48 SoC=1.0000
ep=0831 frame=025 slot=09 J_F=   462.40 meanZ=28.04 SoC=1.0000
ep=0831 frame=026 slot=09 J_F=   459.80 meanZ=29.44 SoC=1.0000
ep=0831 frame=027 slot=09 J_F=   161.50 meanZ=29.40 SoC=1.0000
ep=0831 frame=028 slot=09 J_F=   586.50 meanZ=28.88 SoC=1.0000
ep=0831 frame=029 slot=09 J_F=   403.90 meanZ=28.88 SoC=1.0000
hppo_rsu 832/850 QoE=0.45814 stall=0.0883 138.56s
ep=0832 frame=000 slot=09 J_F= -2570.10 meanZ=88.66 SoC=1.0000
ep=0832 frame=001 slot=09 J_F= -2133.10 meanZ=80.98 SoC=1.0000
ep=0832 frame=002 slot=09 J_F= -1688.00 meanZ=72.84 SoC=1.0000
ep=0832 frame=003 slot=09 J_F=  -823.50 meanZ=66.70 SoC=1.0000
ep=0832 frame=004 slot=09 J_F=  -621.50 meanZ=59.96 SoC=1.0000
ep=0832 frame=005 slot=09 J_F=  -122.80 meanZ=55.32 SoC=1.0000
ep=0832 frame=006 slot=09 J_F=   -40.00 meanZ=51.08 SoC=1.0000
ep=0832 frame=007 slot=09 J_F=   108.50 meanZ=47.66 SoC=1.0000
ep=0832 frame=008 slot=09 J_F=   427.90 meanZ=46.40 SoC=1.0000
ep=0832 frame=009 slot=09 J_F=   799.60 meanZ=44.42 SoC=1.0000
ep=0832 frame=010 slot=09 J_F=   384.30 meanZ=42.70 SoC=1.0000
ep=0832 frame=011 slot=09 J_F=   202.80 meanZ=40.98 SoC=1.0000
ep=0832 frame=012 slot=09 J_F=   364.40 meanZ=38.18 SoC=1.0000
ep=0832 frame=013 slot=09 J_F=  -495.50 meanZ=36.16 SoC=1.0000
ep=0832 frame=014 slot=09 J_F=   314.00 meanZ=35.00 SoC=1.0000
ep=0832 frame=015 slot=09 J_F=   159.50 meanZ=34.12 SoC=1.0000
ep=0832 frame=016 slot=09 J_F=   587.00 meanZ=32.38 SoC=1.0000
ep=0832 frame=017 slot=09 J_F=   454.00 meanZ=31.42 SoC=1.0000
ep=0832 frame=018 slot=09 J_F=   434.40 meanZ=31.70 SoC=1.0000
ep=0832 frame=019 slot=09 J_F=   332.40 meanZ=32.30 SoC=1.0000
ep=0832 frame=020 slot=09 J_F=    51.50 meanZ=32.32 SoC=1.0000
ep=0832 frame=021 slot=09 J_F=   578.40 meanZ=31.86 SoC=1.0000
ep=0832 frame=022 slot=09 J_F=   316.60 meanZ=32.46 SoC=1.0000
ep=0832 frame=023 slot=09 J_F=   551.90 meanZ=32.70 SoC=1.0000
ep=0832 frame=024 slot=09 J_F=   129.90 meanZ=32.46 SoC=1.0000
ep=0832 frame=025 slot=09 J_F=   429.50 meanZ=32.24 SoC=1.0000
ep=0832 frame=026 slot=09 J_F=   547.60 meanZ=32.94 SoC=1.0000
ep=0832 frame=027 slot=09 J_F=   315.90 meanZ=32.58 SoC=1.0000
ep=0832 frame=028 slot=09 J_F=   275.00 meanZ=32.84 SoC=1.0000
ep=0832 frame=029 slot=09 J_F=   671.50 meanZ=34.04 SoC=1.0000
hppo_rsu 833/850 QoE=0.42299 stall=0.0979 137.73s
ep=0833 frame=000 slot=09 J_F= -3750.60 meanZ=87.64 SoC=1.0000
ep=0833 frame=001 slot=09 J_F= -1661.50 meanZ=79.58 SoC=1.0000
ep=0833 frame=002 slot=09 J_F=  -638.30 meanZ=74.54 SoC=1.0000
ep=0833 frame=003 slot=09 J_F= -1320.00 meanZ=66.34 SoC=1.0000
ep=0833 frame=004 slot=09 J_F=  -799.00 meanZ=58.68 SoC=1.0000
ep=0833 frame=005 slot=09 J_F=  -891.00 meanZ=53.08 SoC=1.0000
ep=0833 frame=006 slot=09 J_F=   476.50 meanZ=50.74 SoC=1.0000
ep=0833 frame=007 slot=09 J_F=    43.50 meanZ=47.28 SoC=1.0000
ep=0833 frame=008 slot=09 J_F=    51.50 meanZ=44.24 SoC=1.0000
ep=0833 frame=009 slot=09 J_F=  -156.60 meanZ=41.88 SoC=1.0000
ep=0833 frame=010 slot=09 J_F=   -96.60 meanZ=40.36 SoC=1.0000
ep=0833 frame=011 slot=09 J_F=    47.90 meanZ=38.12 SoC=1.0000
ep=0833 frame=012 slot=09 J_F=   827.30 meanZ=38.20 SoC=1.0000
ep=0833 frame=013 slot=09 J_F=   777.50 meanZ=38.02 SoC=1.0000
ep=0833 frame=014 slot=09 J_F=   200.00 meanZ=38.44 SoC=1.0000
ep=0833 frame=015 slot=09 J_F=   203.00 meanZ=37.60 SoC=1.0000
ep=0833 frame=016 slot=09 J_F=   829.00 meanZ=39.16 SoC=1.0000
ep=0833 frame=017 slot=09 J_F=   216.50 meanZ=38.06 SoC=1.0000
ep=0833 frame=018 slot=09 J_F=   408.50 meanZ=38.06 SoC=1.0000
ep=0833 frame=019 slot=09 J_F=   483.50 meanZ=38.42 SoC=1.0000
ep=0833 frame=020 slot=09 J_F=   176.00 meanZ=37.22 SoC=1.0000
ep=0833 frame=021 slot=09 J_F=   279.40 meanZ=36.44 SoC=1.0000
ep=0833 frame=022 slot=09 J_F=   299.00 meanZ=36.40 SoC=1.0000
ep=0833 frame=023 slot=09 J_F=   179.00 meanZ=35.60 SoC=1.0000
ep=0833 frame=024 slot=09 J_F=  -167.50 meanZ=34.44 SoC=1.0000
ep=0833 frame=025 slot=09 J_F=   221.40 meanZ=33.32 SoC=1.0000
ep=0833 frame=026 slot=09 J_F=   375.70 meanZ=32.96 SoC=1.0000
ep=0833 frame=027 slot=09 J_F=   903.00 meanZ=36.20 SoC=1.0000
ep=0833 frame=028 slot=09 J_F=   547.00 meanZ=35.06 SoC=1.0000
ep=0833 frame=029 slot=09 J_F=   309.00 meanZ=36.58 SoC=1.0000
hppo_rsu 834/850 QoE=0.43208 stall=0.0923 138.73s
ep=0834 frame=000 slot=09 J_F= -2423.50 meanZ=89.24 SoC=1.0000
ep=0834 frame=001 slot=09 J_F= -2094.00 meanZ=80.98 SoC=1.0000
ep=0834 frame=002 slot=09 J_F= -1381.50 meanZ=73.78 SoC=1.0000
ep=0834 frame=003 slot=09 J_F= -1201.10 meanZ=65.48 SoC=1.0000
ep=0834 frame=004 slot=09 J_F=  -623.00 meanZ=59.84 SoC=1.0000
ep=0834 frame=005 slot=09 J_F=  -337.50 meanZ=55.20 SoC=1.0000
ep=0834 frame=006 slot=09 J_F=   110.00 meanZ=51.12 SoC=1.0000
ep=0834 frame=007 slot=09 J_F=    50.50 meanZ=47.44 SoC=1.0000
ep=0834 frame=008 slot=09 J_F=   -50.50 meanZ=43.84 SoC=1.0000
ep=0834 frame=009 slot=09 J_F=   807.50 meanZ=44.30 SoC=1.0000
ep=0834 frame=010 slot=09 J_F=   -46.50 meanZ=42.18 SoC=1.0000
ep=0834 frame=011 slot=09 J_F=   126.00 meanZ=40.68 SoC=1.0000
ep=0834 frame=012 slot=09 J_F=   478.00 meanZ=40.18 SoC=1.0000
ep=0834 frame=013 slot=09 J_F=   -78.10 meanZ=38.96 SoC=1.0000
ep=0834 frame=014 slot=09 J_F=  -431.50 meanZ=35.96 SoC=1.0000
ep=0834 frame=015 slot=09 J_F=   844.00 meanZ=37.04 SoC=1.0000
ep=0834 frame=016 slot=09 J_F=    42.00 meanZ=36.84 SoC=1.0000
ep=0834 frame=017 slot=09 J_F=   453.00 meanZ=36.54 SoC=1.0000
ep=0834 frame=018 slot=09 J_F=   -35.00 meanZ=35.02 SoC=1.0000
ep=0834 frame=019 slot=09 J_F=   552.90 meanZ=35.86 SoC=1.0000
ep=0834 frame=020 slot=09 J_F=   445.00 meanZ=34.78 SoC=1.0000
ep=0834 frame=021 slot=09 J_F=  -163.00 meanZ=33.96 SoC=1.0000
ep=0834 frame=022 slot=09 J_F=   273.00 meanZ=32.72 SoC=1.0000
ep=0834 frame=023 slot=09 J_F=   400.90 meanZ=32.90 SoC=1.0000
ep=0834 frame=024 slot=09 J_F=   831.50 meanZ=34.56 SoC=1.0000
ep=0834 frame=025 slot=09 J_F=   292.00 meanZ=33.80 SoC=1.0000
ep=0834 frame=026 slot=09 J_F=   598.50 meanZ=34.10 SoC=1.0000
ep=0834 frame=027 slot=09 J_F=   564.00 meanZ=34.42 SoC=1.0000
ep=0834 frame=028 slot=09 J_F=   335.50 meanZ=33.58 SoC=1.0000
ep=0834 frame=029 slot=09 J_F=   270.50 meanZ=33.10 SoC=1.0000
hppo_rsu 835/850 QoE=0.39557 stall=0.1087 137.44s
ep=0835 frame=000 slot=09 J_F= -3942.50 meanZ=88.38 SoC=1.0000
ep=0835 frame=001 slot=09 J_F= -1729.00 meanZ=81.10 SoC=1.0000
ep=0835 frame=002 slot=09 J_F= -1472.50 meanZ=73.44 SoC=1.0000
ep=0835 frame=003 slot=09 J_F= -1113.50 meanZ=66.70 SoC=1.0000
ep=0835 frame=004 slot=09 J_F=   559.00 meanZ=63.36 SoC=1.0000
ep=0835 frame=005 slot=09 J_F=  -279.50 meanZ=56.52 SoC=1.0000
ep=0835 frame=006 slot=09 J_F=   -42.00 meanZ=52.72 SoC=1.0000
ep=0835 frame=007 slot=09 J_F=  -370.00 meanZ=48.12 SoC=1.0000
ep=0835 frame=008 slot=09 J_F=  -727.60 meanZ=45.20 SoC=1.0000
ep=0835 frame=009 slot=09 J_F=   187.50 meanZ=41.70 SoC=1.0000
ep=0835 frame=010 slot=09 J_F=   527.00 meanZ=38.84 SoC=1.0000
ep=0835 frame=011 slot=09 J_F=   342.50 meanZ=36.20 SoC=1.0000
ep=0835 frame=012 slot=09 J_F=   668.00 meanZ=36.96 SoC=1.0000
ep=0835 frame=013 slot=09 J_F=   191.50 meanZ=37.82 SoC=1.0000
ep=0835 frame=014 slot=09 J_F=    22.40 meanZ=36.38 SoC=1.0000
ep=0835 frame=015 slot=09 J_F=   150.00 meanZ=35.32 SoC=1.0000
ep=0835 frame=016 slot=09 J_F=  -109.50 meanZ=34.64 SoC=1.0000
ep=0835 frame=017 slot=09 J_F=   276.00 meanZ=32.56 SoC=1.0000
ep=0835 frame=018 slot=09 J_F=  -131.00 meanZ=31.28 SoC=1.0000
ep=0835 frame=019 slot=09 J_F=   588.40 meanZ=29.94 SoC=1.0000
ep=0835 frame=020 slot=09 J_F=    73.50 meanZ=28.80 SoC=1.0000
ep=0835 frame=021 slot=09 J_F=    86.00 meanZ=29.02 SoC=1.0000
ep=0835 frame=022 slot=09 J_F=    59.00 meanZ=28.46 SoC=1.0000
ep=0835 frame=023 slot=09 J_F=   616.80 meanZ=28.04 SoC=1.0000
ep=0835 frame=024 slot=09 J_F=   251.50 meanZ=27.60 SoC=1.0000
ep=0835 frame=025 slot=09 J_F=   701.00 meanZ=28.54 SoC=1.0000
ep=0835 frame=026 slot=09 J_F=    27.00 meanZ=29.58 SoC=1.0000
ep=0835 frame=027 slot=09 J_F=   743.90 meanZ=30.08 SoC=1.0000
ep=0835 frame=028 slot=09 J_F=   543.50 meanZ=31.82 SoC=1.0000
ep=0835 frame=029 slot=09 J_F=   323.00 meanZ=32.64 SoC=1.0000
hppo_rsu 836/850 QoE=0.38916 stall=0.1122 138.28s
ep=0836 frame=000 slot=09 J_F= -2647.10 meanZ=88.92 SoC=1.0000
ep=0836 frame=001 slot=09 J_F= -1201.10 meanZ=82.28 SoC=1.0000
ep=0836 frame=002 slot=09 J_F= -2051.00 meanZ=74.16 SoC=1.0000
ep=0836 frame=003 slot=09 J_F= -1440.10 meanZ=66.18 SoC=1.0000
ep=0836 frame=004 slot=09 J_F=  -413.50 meanZ=59.56 SoC=1.0000
ep=0836 frame=005 slot=09 J_F=  -760.50 meanZ=55.48 SoC=1.0000
ep=0836 frame=006 slot=09 J_F=     7.90 meanZ=50.66 SoC=1.0000
ep=0836 frame=007 slot=09 J_F=  -189.50 meanZ=45.42 SoC=1.0000
ep=0836 frame=008 slot=09 J_F=    90.60 meanZ=44.16 SoC=1.0000
ep=0836 frame=009 slot=09 J_F=  -215.00 meanZ=41.82 SoC=1.0000
ep=0836 frame=010 slot=09 J_F=   918.50 meanZ=41.36 SoC=1.0000
ep=0836 frame=011 slot=09 J_F=  -107.40 meanZ=38.14 SoC=1.0000
ep=0836 frame=012 slot=09 J_F=   397.00 meanZ=36.60 SoC=1.0000
ep=0836 frame=013 slot=09 J_F=   486.90 meanZ=35.94 SoC=1.0000
ep=0836 frame=014 slot=09 J_F=   299.50 meanZ=35.60 SoC=1.0000
ep=0836 frame=015 slot=09 J_F=    55.00 meanZ=34.28 SoC=1.0000
ep=0836 frame=016 slot=09 J_F=  1205.00 meanZ=35.20 SoC=1.0000
ep=0836 frame=017 slot=09 J_F=   554.00 meanZ=35.74 SoC=1.0000
ep=0836 frame=018 slot=09 J_F=   -26.00 meanZ=34.30 SoC=1.0000
ep=0836 frame=019 slot=09 J_F=   548.00 meanZ=33.56 SoC=1.0000
ep=0836 frame=020 slot=09 J_F=   150.50 meanZ=32.10 SoC=1.0000
ep=0836 frame=021 slot=09 J_F=   138.00 meanZ=31.48 SoC=1.0000
ep=0836 frame=022 slot=09 J_F=   929.50 meanZ=31.70 SoC=1.0000
ep=0836 frame=023 slot=09 J_F=   657.30 meanZ=32.08 SoC=1.0000
ep=0836 frame=024 slot=09 J_F=   392.40 meanZ=31.04 SoC=1.0000
ep=0836 frame=025 slot=09 J_F=    -5.50 meanZ=30.44 SoC=1.0000
ep=0836 frame=026 slot=09 J_F=   769.50 meanZ=32.38 SoC=1.0000
ep=0836 frame=027 slot=09 J_F=   125.00 meanZ=32.74 SoC=1.0000
ep=0836 frame=028 slot=09 J_F=   209.30 meanZ=31.72 SoC=1.0000
ep=0836 frame=029 slot=09 J_F=   702.50 meanZ=32.56 SoC=1.0000
hppo_rsu 837/850 QoE=0.38025 stall=0.1152 137.66s
ep=0837 frame=000 slot=09 J_F= -3142.00 meanZ=88.64 SoC=1.0000
ep=0837 frame=001 slot=09 J_F= -1661.10 meanZ=80.64 SoC=1.0000
ep=0837 frame=002 slot=09 J_F= -1234.00 meanZ=74.42 SoC=1.0000
ep=0837 frame=003 slot=09 J_F=   290.00 meanZ=70.54 SoC=1.0000
ep=0837 frame=004 slot=09 J_F=  -950.00 meanZ=63.24 SoC=1.0000
ep=0837 frame=005 slot=09 J_F=  -299.50 meanZ=56.76 SoC=1.0000
ep=0837 frame=006 slot=09 J_F=  -596.00 meanZ=52.86 SoC=1.0000
ep=0837 frame=007 slot=09 J_F=  -395.00 meanZ=48.06 SoC=1.0000
ep=0837 frame=008 slot=09 J_F=   -76.50 meanZ=43.08 SoC=1.0000
ep=0837 frame=009 slot=09 J_F=   257.00 meanZ=40.86 SoC=1.0000
ep=0837 frame=010 slot=09 J_F=   430.50 meanZ=39.84 SoC=1.0000
ep=0837 frame=011 slot=09 J_F=   649.00 meanZ=37.06 SoC=1.0000
ep=0837 frame=012 slot=09 J_F=  -113.00 meanZ=34.50 SoC=1.0000
ep=0837 frame=013 slot=09 J_F=   -51.00 meanZ=33.20 SoC=1.0000
ep=0837 frame=014 slot=09 J_F=   576.50 meanZ=34.12 SoC=1.0000
ep=0837 frame=015 slot=09 J_F=   234.00 meanZ=33.00 SoC=1.0000
ep=0837 frame=016 slot=09 J_F=   226.50 meanZ=32.54 SoC=1.0000
ep=0837 frame=017 slot=09 J_F=   225.00 meanZ=32.72 SoC=1.0000
ep=0837 frame=018 slot=09 J_F=   244.80 meanZ=33.92 SoC=1.0000
ep=0837 frame=019 slot=09 J_F=   340.50 meanZ=33.94 SoC=1.0000
ep=0837 frame=020 slot=09 J_F=   125.00 meanZ=34.70 SoC=1.0000
ep=0837 frame=021 slot=09 J_F=   600.00 meanZ=36.24 SoC=1.0000
ep=0837 frame=022 slot=09 J_F=   589.50 meanZ=35.38 SoC=1.0000
ep=0837 frame=023 slot=09 J_F=   752.50 meanZ=35.36 SoC=1.0000
ep=0837 frame=024 slot=09 J_F=   446.00 meanZ=34.74 SoC=1.0000
ep=0837 frame=025 slot=09 J_F=   358.50 meanZ=34.74 SoC=1.0000
ep=0837 frame=026 slot=09 J_F=   -42.50 meanZ=35.54 SoC=1.0000
ep=0837 frame=027 slot=09 J_F=   537.50 meanZ=35.56 SoC=1.0000
ep=0837 frame=028 slot=09 J_F=   257.90 meanZ=34.36 SoC=1.0000
ep=0837 frame=029 slot=09 J_F=  -209.60 meanZ=33.70 SoC=1.0000
hppo_rsu 838/850 QoE=0.40299 stall=0.1050 138.95s
ep=0838 frame=000 slot=09 J_F= -2952.50 meanZ=88.92 SoC=1.0000
ep=0838 frame=001 slot=09 J_F= -1471.60 meanZ=80.70 SoC=1.0000
ep=0838 frame=002 slot=09 J_F=  -417.50 meanZ=75.00 SoC=1.0000
ep=0838 frame=003 slot=09 J_F=  -883.00 meanZ=67.70 SoC=1.0000
ep=0838 frame=004 slot=09 J_F=  -481.00 meanZ=61.40 SoC=1.0000
ep=0838 frame=005 slot=09 J_F=  -844.00 meanZ=54.50 SoC=1.0000
ep=0838 frame=006 slot=09 J_F=   -65.10 meanZ=49.30 SoC=1.0000
ep=0838 frame=007 slot=09 J_F=   249.00 meanZ=47.14 SoC=1.0000
ep=0838 frame=008 slot=09 J_F=   -37.00 meanZ=43.20 SoC=1.0000
ep=0838 frame=009 slot=09 J_F=  -348.50 meanZ=39.64 SoC=1.0000
ep=0838 frame=010 slot=09 J_F=   250.50 meanZ=39.42 SoC=1.0000
ep=0838 frame=011 slot=09 J_F=   214.80 meanZ=37.60 SoC=1.0000
ep=0838 frame=012 slot=09 J_F=   283.90 meanZ=36.00 SoC=1.0000
ep=0838 frame=013 slot=09 J_F=    30.00 meanZ=34.70 SoC=1.0000
ep=0838 frame=014 slot=09 J_F=   343.30 meanZ=33.60 SoC=1.0000
ep=0838 frame=015 slot=09 J_F=   764.50 meanZ=34.52 SoC=1.0000
ep=0838 frame=016 slot=09 J_F=   103.50 meanZ=34.16 SoC=1.0000
ep=0838 frame=017 slot=09 J_F=   -62.00 meanZ=34.48 SoC=1.0000
ep=0838 frame=018 slot=09 J_F=   606.00 meanZ=34.30 SoC=1.0000
ep=0838 frame=019 slot=09 J_F=   380.80 meanZ=34.24 SoC=1.0000
ep=0838 frame=020 slot=09 J_F=    89.10 meanZ=34.10 SoC=1.0000
ep=0838 frame=021 slot=09 J_F=   825.90 meanZ=34.30 SoC=1.0000
ep=0838 frame=022 slot=09 J_F=   209.50 meanZ=34.04 SoC=1.0000
ep=0838 frame=023 slot=09 J_F=   670.00 meanZ=35.70 SoC=1.0000
ep=0838 frame=024 slot=09 J_F=    36.30 meanZ=34.38 SoC=1.0000
ep=0838 frame=025 slot=09 J_F=   494.50 meanZ=35.94 SoC=1.0000
ep=0838 frame=026 slot=09 J_F=   388.50 meanZ=35.12 SoC=1.0000
ep=0838 frame=027 slot=09 J_F=   378.90 meanZ=33.38 SoC=1.0000
ep=0838 frame=028 slot=09 J_F=   977.00 meanZ=34.08 SoC=1.0000
ep=0838 frame=029 slot=09 J_F=   227.00 meanZ=33.38 SoC=1.0000
hppo_rsu 839/850 QoE=0.43164 stall=0.0954 137.58s
ep=0839 frame=000 slot=09 J_F= -2664.00 meanZ=88.54 SoC=1.0000
ep=0839 frame=001 slot=09 J_F=  -456.00 meanZ=82.30 SoC=1.0000
ep=0839 frame=002 slot=09 J_F= -1783.50 meanZ=75.58 SoC=1.0000
ep=0839 frame=003 slot=09 J_F=  -886.00 meanZ=67.98 SoC=1.0000
ep=0839 frame=004 slot=09 J_F=  -962.50 meanZ=61.48 SoC=1.0000
ep=0839 frame=005 slot=09 J_F=    93.40 meanZ=58.78 SoC=1.0000
ep=0839 frame=006 slot=09 J_F=  -763.00 meanZ=51.92 SoC=1.0000
ep=0839 frame=007 slot=09 J_F=  -355.00 meanZ=46.12 SoC=1.0000
ep=0839 frame=008 slot=09 J_F=   237.90 meanZ=44.84 SoC=1.0000
ep=0839 frame=009 slot=09 J_F=     4.50 meanZ=41.84 SoC=1.0000
ep=0839 frame=010 slot=09 J_F=   407.00 meanZ=38.50 SoC=1.0000
ep=0839 frame=011 slot=09 J_F=   362.90 meanZ=37.62 SoC=1.0000
ep=0839 frame=012 slot=09 J_F=  -192.00 meanZ=34.34 SoC=1.0000
ep=0839 frame=013 slot=09 J_F=   515.00 meanZ=33.50 SoC=1.0000
ep=0839 frame=014 slot=09 J_F=   407.50 meanZ=32.50 SoC=1.0000
ep=0839 frame=015 slot=09 J_F=   419.00 meanZ=32.08 SoC=1.0000
ep=0839 frame=016 slot=09 J_F=   -60.00 meanZ=31.46 SoC=1.0000
ep=0839 frame=017 slot=09 J_F=   287.00 meanZ=31.62 SoC=1.0000
ep=0839 frame=018 slot=09 J_F=   439.00 meanZ=32.44 SoC=1.0000
ep=0839 frame=019 slot=09 J_F=   146.50 meanZ=31.58 SoC=1.0000
ep=0839 frame=020 slot=09 J_F=   525.50 meanZ=32.54 SoC=1.0000
ep=0839 frame=021 slot=09 J_F=   482.00 meanZ=30.90 SoC=1.0000
ep=0839 frame=022 slot=09 J_F=   937.90 meanZ=30.00 SoC=1.0000
ep=0839 frame=023 slot=09 J_F=  1087.00 meanZ=30.52 SoC=1.0000
ep=0839 frame=024 slot=09 J_F=   407.70 meanZ=30.24 SoC=1.0000
ep=0839 frame=025 slot=09 J_F=   677.50 meanZ=29.74 SoC=1.0000
ep=0839 frame=026 slot=09 J_F=   156.50 meanZ=29.26 SoC=1.0000
ep=0839 frame=027 slot=09 J_F=   371.90 meanZ=29.02 SoC=1.0000
ep=0839 frame=028 slot=09 J_F=   346.50 meanZ=28.70 SoC=1.0000
ep=0839 frame=029 slot=09 J_F=   167.50 meanZ=28.98 SoC=1.0000
hppo_rsu 840/850 QoE=0.50078 stall=0.0705 139.06s
ep=0840 frame=000 slot=09 J_F= -3531.00 meanZ=87.88 SoC=1.0000
ep=0840 frame=001 slot=09 J_F= -1549.50 meanZ=80.50 SoC=1.0000
ep=0840 frame=002 slot=09 J_F= -1546.00 meanZ=73.18 SoC=1.0000
ep=0840 frame=003 slot=09 J_F= -1461.00 meanZ=66.36 SoC=1.0000
ep=0840 frame=004 slot=09 J_F=  -538.00 meanZ=59.70 SoC=1.0000
ep=0840 frame=005 slot=09 J_F=  -900.60 meanZ=53.74 SoC=1.0000
ep=0840 frame=006 slot=09 J_F=    92.50 meanZ=49.30 SoC=1.0000
ep=0840 frame=007 slot=09 J_F=  -202.00 meanZ=46.86 SoC=1.0000
ep=0840 frame=008 slot=09 J_F=  -314.00 meanZ=44.26 SoC=1.0000
ep=0840 frame=009 slot=09 J_F=   126.50 meanZ=41.70 SoC=1.0000
ep=0840 frame=010 slot=09 J_F=   286.50 meanZ=39.62 SoC=1.0000
ep=0840 frame=011 slot=09 J_F=   292.00 meanZ=40.22 SoC=1.0000
ep=0840 frame=012 slot=09 J_F=   509.90 meanZ=40.46 SoC=1.0000
ep=0840 frame=013 slot=09 J_F=  -193.50 meanZ=38.28 SoC=1.0000
ep=0840 frame=014 slot=09 J_F=   301.00 meanZ=35.78 SoC=1.0000
ep=0840 frame=015 slot=09 J_F=  -258.00 meanZ=33.24 SoC=1.0000
ep=0840 frame=016 slot=09 J_F=   196.00 meanZ=31.96 SoC=1.0000
ep=0840 frame=017 slot=09 J_F=   231.50 meanZ=31.98 SoC=1.0000
ep=0840 frame=018 slot=09 J_F=  -406.50 meanZ=29.90 SoC=1.0000
ep=0840 frame=019 slot=09 J_F=   -65.50 meanZ=29.06 SoC=1.0000
ep=0840 frame=020 slot=09 J_F=   694.50 meanZ=30.18 SoC=1.0000
ep=0840 frame=021 slot=09 J_F=   905.00 meanZ=30.56 SoC=1.0000
ep=0840 frame=022 slot=09 J_F=   537.00 meanZ=28.24 SoC=1.0000
ep=0840 frame=023 slot=09 J_F=   575.50 meanZ=28.44 SoC=1.0000
ep=0840 frame=024 slot=09 J_F=   149.00 meanZ=27.70 SoC=1.0000
ep=0840 frame=025 slot=09 J_F=   171.00 meanZ=27.68 SoC=1.0000
ep=0840 frame=026 slot=09 J_F=   840.00 meanZ=28.18 SoC=1.0000
ep=0840 frame=027 slot=09 J_F=   342.00 meanZ=28.80 SoC=1.0000
ep=0840 frame=028 slot=09 J_F=   333.50 meanZ=28.40 SoC=1.0000
ep=0840 frame=029 slot=09 J_F=   578.00 meanZ=29.46 SoC=1.0000
hppo_rsu 841/850 QoE=0.46094 stall=0.0855 137.14s
ep=0841 frame=000 slot=09 J_F= -3760.50 meanZ=87.88 SoC=1.0000
ep=0841 frame=001 slot=09 J_F= -1143.50 meanZ=81.02 SoC=1.0000
ep=0841 frame=002 slot=09 J_F= -1148.00 meanZ=74.00 SoC=1.0000
ep=0841 frame=003 slot=09 J_F= -1144.30 meanZ=67.64 SoC=1.0000
ep=0841 frame=004 slot=09 J_F=  -414.00 meanZ=60.80 SoC=1.0000
ep=0841 frame=005 slot=09 J_F=  -226.50 meanZ=54.90 SoC=1.0000
ep=0841 frame=006 slot=09 J_F=  -421.00 meanZ=50.28 SoC=1.0000
ep=0841 frame=007 slot=09 J_F=   466.50 meanZ=49.22 SoC=1.0000
ep=0841 frame=008 slot=09 J_F=   106.50 meanZ=46.56 SoC=1.0000
ep=0841 frame=009 slot=09 J_F=   176.50 meanZ=45.24 SoC=1.0000
ep=0841 frame=010 slot=09 J_F=  -284.00 meanZ=42.08 SoC=1.0000
ep=0841 frame=011 slot=09 J_F=   214.10 meanZ=40.90 SoC=1.0000
ep=0841 frame=012 slot=09 J_F=   -18.50 meanZ=39.02 SoC=1.0000
ep=0841 frame=013 slot=09 J_F=   595.50 meanZ=39.30 SoC=1.0000
ep=0841 frame=014 slot=09 J_F=  -719.50 meanZ=37.52 SoC=1.0000
ep=0841 frame=015 slot=09 J_F=   472.00 meanZ=37.44 SoC=1.0000
ep=0841 frame=016 slot=09 J_F=  -119.60 meanZ=34.88 SoC=1.0000
ep=0841 frame=017 slot=09 J_F=   318.00 meanZ=34.34 SoC=1.0000
ep=0841 frame=018 slot=09 J_F=   572.00 meanZ=34.62 SoC=1.0000
ep=0841 frame=019 slot=09 J_F=   560.50 meanZ=34.74 SoC=1.0000
ep=0841 frame=020 slot=09 J_F=   295.50 meanZ=34.86 SoC=1.0000
ep=0841 frame=021 slot=09 J_F=   244.40 meanZ=33.90 SoC=1.0000
ep=0841 frame=022 slot=09 J_F=   384.50 meanZ=32.28 SoC=1.0000
ep=0841 frame=023 slot=09 J_F=   549.00 meanZ=32.32 SoC=1.0000
ep=0841 frame=024 slot=09 J_F=   397.00 meanZ=31.46 SoC=1.0000
ep=0841 frame=025 slot=09 J_F=     0.30 meanZ=29.98 SoC=1.0000
ep=0841 frame=026 slot=09 J_F=   730.50 meanZ=30.12 SoC=1.0000
ep=0841 frame=027 slot=09 J_F=   688.50 meanZ=30.30 SoC=1.0000
ep=0841 frame=028 slot=09 J_F=   262.80 meanZ=29.74 SoC=1.0000
ep=0841 frame=029 slot=09 J_F=   312.40 meanZ=30.48 SoC=1.0000
hppo_rsu 842/850 QoE=0.41985 stall=0.1014 139.22s
ep=0842 frame=000 slot=09 J_F= -3362.50 meanZ=88.46 SoC=1.0000
ep=0842 frame=001 slot=09 J_F= -1483.00 meanZ=80.00 SoC=1.0000
ep=0842 frame=002 slot=09 J_F= -1189.00 meanZ=73.28 SoC=1.0000
ep=0842 frame=003 slot=09 J_F= -1304.50 meanZ=65.06 SoC=1.0000
ep=0842 frame=004 slot=09 J_F=   383.00 meanZ=60.02 SoC=1.0000
ep=0842 frame=005 slot=09 J_F=  -589.00 meanZ=53.74 SoC=1.0000
ep=0842 frame=006 slot=09 J_F=   -22.00 meanZ=47.88 SoC=1.0000
ep=0842 frame=007 slot=09 J_F=   447.50 meanZ=44.88 SoC=1.0000
ep=0842 frame=008 slot=09 J_F=  -462.00 meanZ=43.58 SoC=1.0000
ep=0842 frame=009 slot=09 J_F=   569.50 meanZ=41.50 SoC=1.0000
ep=0842 frame=010 slot=09 J_F=   191.00 meanZ=39.30 SoC=1.0000
ep=0842 frame=011 slot=09 J_F=    -9.00 meanZ=39.24 SoC=1.0000
ep=0842 frame=012 slot=09 J_F=   439.00 meanZ=38.26 SoC=1.0000
ep=0842 frame=013 slot=09 J_F=   122.50 meanZ=38.12 SoC=1.0000
ep=0842 frame=014 slot=09 J_F=   784.00 meanZ=39.26 SoC=1.0000
ep=0842 frame=015 slot=09 J_F=   395.50 meanZ=39.22 SoC=1.0000
ep=0842 frame=016 slot=09 J_F=  1021.50 meanZ=40.34 SoC=1.0000
ep=0842 frame=017 slot=09 J_F=   629.40 meanZ=39.90 SoC=1.0000
ep=0842 frame=018 slot=09 J_F=   344.00 meanZ=38.34 SoC=1.0000
ep=0842 frame=019 slot=09 J_F=   646.00 meanZ=37.66 SoC=1.0000
ep=0842 frame=020 slot=09 J_F=   284.50 meanZ=37.14 SoC=1.0000
ep=0842 frame=021 slot=09 J_F=  -169.50 meanZ=35.80 SoC=1.0000
ep=0842 frame=022 slot=09 J_F=   236.50 meanZ=33.54 SoC=1.0000
ep=0842 frame=023 slot=09 J_F=   583.00 meanZ=33.26 SoC=1.0000
ep=0842 frame=024 slot=09 J_F=   520.50 meanZ=34.68 SoC=1.0000
ep=0842 frame=025 slot=09 J_F=    20.80 meanZ=34.90 SoC=1.0000
ep=0842 frame=026 slot=09 J_F=   330.50 meanZ=34.82 SoC=1.0000
ep=0842 frame=027 slot=09 J_F=   997.50 meanZ=35.76 SoC=1.0000
ep=0842 frame=028 slot=09 J_F=  -399.50 meanZ=34.50 SoC=1.0000
ep=0842 frame=029 slot=09 J_F=   397.00 meanZ=33.26 SoC=1.0000
hppo_rsu 843/850 QoE=0.40849 stall=0.1035 137.89s
ep=0843 frame=000 slot=09 J_F= -1842.60 meanZ=89.26 SoC=1.0000
ep=0843 frame=001 slot=09 J_F= -1997.50 meanZ=81.38 SoC=1.0000
ep=0843 frame=002 slot=09 J_F= -1046.50 meanZ=73.70 SoC=1.0000
ep=0843 frame=003 slot=09 J_F=  -394.00 meanZ=68.52 SoC=1.0000
ep=0843 frame=004 slot=09 J_F=  -935.00 meanZ=60.90 SoC=1.0000
ep=0843 frame=005 slot=09 J_F=   -89.00 meanZ=55.04 SoC=1.0000
ep=0843 frame=006 slot=09 J_F=  -289.00 meanZ=49.58 SoC=1.0000
ep=0843 frame=007 slot=09 J_F=   109.50 meanZ=48.48 SoC=1.0000
ep=0843 frame=008 slot=09 J_F=   154.00 meanZ=45.78 SoC=1.0000
ep=0843 frame=009 slot=09 J_F=   656.00 meanZ=44.66 SoC=1.0000
ep=0843 frame=010 slot=09 J_F=   -58.00 meanZ=42.84 SoC=1.0000
ep=0843 frame=011 slot=09 J_F=   390.00 meanZ=41.38 SoC=1.0000
ep=0843 frame=012 slot=09 J_F=  -577.00 meanZ=39.16 SoC=1.0000
ep=0843 frame=013 slot=09 J_F=   -70.50 meanZ=36.68 SoC=1.0000
ep=0843 frame=014 slot=09 J_F=   796.50 meanZ=37.34 SoC=1.0000
ep=0843 frame=015 slot=09 J_F=    79.30 meanZ=36.46 SoC=1.0000
ep=0843 frame=016 slot=09 J_F=  -101.00 meanZ=35.78 SoC=1.0000
ep=0843 frame=017 slot=09 J_F=   889.00 meanZ=36.98 SoC=1.0000
ep=0843 frame=018 slot=09 J_F=  -228.00 meanZ=34.82 SoC=1.0000
ep=0843 frame=019 slot=09 J_F=    62.00 meanZ=33.62 SoC=1.0000
ep=0843 frame=020 slot=09 J_F=   102.00 meanZ=33.86 SoC=1.0000
ep=0843 frame=021 slot=09 J_F=   233.00 meanZ=31.64 SoC=1.0000
ep=0843 frame=022 slot=09 J_F=   315.50 meanZ=31.44 SoC=1.0000
ep=0843 frame=023 slot=09 J_F=   616.00 meanZ=30.48 SoC=1.0000
ep=0843 frame=024 slot=09 J_F=   -33.00 meanZ=29.70 SoC=1.0000
ep=0843 frame=025 slot=09 J_F=   114.70 meanZ=29.94 SoC=1.0000
ep=0843 frame=026 slot=09 J_F=   305.50 meanZ=31.56 SoC=1.0000
ep=0843 frame=027 slot=09 J_F=   380.00 meanZ=31.14 SoC=1.0000
ep=0843 frame=028 slot=09 J_F=   352.50 meanZ=30.56 SoC=1.0000
ep=0843 frame=029 slot=09 J_F=   158.00 meanZ=30.18 SoC=1.0000
hppo_rsu 844/850 QoE=0.40494 stall=0.1071 139.36s
ep=0844 frame=000 slot=09 J_F= -4096.00 meanZ=88.10 SoC=1.0000
ep=0844 frame=001 slot=09 J_F= -1243.40 meanZ=80.80 SoC=1.0000
ep=0844 frame=002 slot=09 J_F= -1179.50 meanZ=74.22 SoC=1.0000
ep=0844 frame=003 slot=09 J_F=  -570.50 meanZ=67.56 SoC=1.0000
ep=0844 frame=004 slot=09 J_F=  -710.50 meanZ=61.22 SoC=1.0000
ep=0844 frame=005 slot=09 J_F=   -99.00 meanZ=56.20 SoC=1.0000
ep=0844 frame=006 slot=09 J_F=    12.50 meanZ=52.36 SoC=1.0000
ep=0844 frame=007 slot=09 J_F=     8.00 meanZ=47.02 SoC=1.0000
ep=0844 frame=008 slot=09 J_F=  -176.50 meanZ=46.36 SoC=1.0000
ep=0844 frame=009 slot=09 J_F=   426.00 meanZ=43.78 SoC=1.0000
ep=0844 frame=010 slot=09 J_F=   248.00 meanZ=42.28 SoC=1.0000
ep=0844 frame=011 slot=09 J_F=   684.50 meanZ=42.20 SoC=1.0000
ep=0844 frame=012 slot=09 J_F=     2.20 meanZ=39.12 SoC=1.0000
ep=0844 frame=013 slot=09 J_F=   225.00 meanZ=36.58 SoC=1.0000
ep=0844 frame=014 slot=09 J_F=   207.50 meanZ=34.16 SoC=1.0000
ep=0844 frame=015 slot=09 J_F=   231.00 meanZ=31.64 SoC=1.0000
ep=0844 frame=016 slot=09 J_F=   926.50 meanZ=32.12 SoC=1.0000
ep=0844 frame=017 slot=09 J_F=   -27.50 meanZ=31.84 SoC=1.0000
ep=0844 frame=018 slot=09 J_F=  -157.20 meanZ=31.32 SoC=1.0000
ep=0844 frame=019 slot=09 J_F=   463.50 meanZ=29.64 SoC=1.0000
ep=0844 frame=020 slot=09 J_F=   122.50 meanZ=29.60 SoC=1.0000
ep=0844 frame=021 slot=09 J_F=    75.00 meanZ=28.24 SoC=1.0000
ep=0844 frame=022 slot=09 J_F=    17.50 meanZ=29.34 SoC=1.0000
ep=0844 frame=023 slot=09 J_F=   -28.50 meanZ=27.72 SoC=1.0000
ep=0844 frame=024 slot=09 J_F=   597.70 meanZ=28.52 SoC=1.0000
ep=0844 frame=025 slot=09 J_F=   -73.80 meanZ=27.78 SoC=1.0000
ep=0844 frame=026 slot=09 J_F=   421.00 meanZ=27.28 SoC=1.0000
ep=0844 frame=027 slot=09 J_F=   664.50 meanZ=26.88 SoC=1.0000
ep=0844 frame=028 slot=09 J_F=   176.60 meanZ=26.88 SoC=1.0000
ep=0844 frame=029 slot=09 J_F=   173.50 meanZ=26.90 SoC=1.0000
hppo_rsu 845/850 QoE=0.42808 stall=0.1006 137.57s
ep=0845 frame=000 slot=09 J_F= -2788.50 meanZ=88.78 SoC=1.0000
ep=0845 frame=001 slot=09 J_F= -1564.60 meanZ=80.42 SoC=1.0000
ep=0845 frame=002 slot=09 J_F=  -517.50 meanZ=74.02 SoC=1.0000
ep=0845 frame=003 slot=09 J_F= -1350.50 meanZ=67.56 SoC=1.0000
ep=0845 frame=004 slot=09 J_F=   -84.50 meanZ=62.10 SoC=1.0000
ep=0845 frame=005 slot=09 J_F=  -550.00 meanZ=56.44 SoC=1.0000
ep=0845 frame=006 slot=09 J_F=  -173.10 meanZ=51.98 SoC=1.0000
ep=0845 frame=007 slot=09 J_F=  -268.50 meanZ=49.54 SoC=1.0000
ep=0845 frame=008 slot=09 J_F=   280.00 meanZ=46.90 SoC=1.0000
ep=0845 frame=009 slot=09 J_F=  -328.70 meanZ=43.36 SoC=1.0000
ep=0845 frame=010 slot=09 J_F=   226.50 meanZ=42.06 SoC=1.0000
ep=0845 frame=011 slot=09 J_F=   392.50 meanZ=40.76 SoC=1.0000
ep=0845 frame=012 slot=09 J_F=   498.50 meanZ=40.18 SoC=1.0000
ep=0845 frame=013 slot=09 J_F=   475.40 meanZ=39.26 SoC=1.0000
ep=0845 frame=014 slot=09 J_F=   906.50 meanZ=39.18 SoC=1.0000
ep=0845 frame=015 slot=09 J_F=   395.00 meanZ=39.00 SoC=1.0000
ep=0845 frame=016 slot=09 J_F=   151.20 meanZ=39.18 SoC=1.0000
ep=0845 frame=017 slot=09 J_F=   -69.50 meanZ=36.48 SoC=1.0000
ep=0845 frame=018 slot=09 J_F=   251.00 meanZ=35.14 SoC=1.0000
ep=0845 frame=019 slot=09 J_F=   492.90 meanZ=33.68 SoC=1.0000
ep=0845 frame=020 slot=09 J_F=   680.50 meanZ=34.26 SoC=1.0000
ep=0845 frame=021 slot=09 J_F=   638.50 meanZ=33.34 SoC=1.0000
ep=0845 frame=022 slot=09 J_F=  1025.50 meanZ=33.98 SoC=1.0000
ep=0845 frame=023 slot=09 J_F=   309.90 meanZ=33.52 SoC=1.0000
ep=0845 frame=024 slot=09 J_F=   702.50 meanZ=33.30 SoC=1.0000
ep=0845 frame=025 slot=09 J_F=  -111.00 meanZ=31.84 SoC=1.0000
ep=0845 frame=026 slot=09 J_F=   680.00 meanZ=31.34 SoC=1.0000
ep=0845 frame=027 slot=09 J_F=   167.00 meanZ=31.70 SoC=1.0000
ep=0845 frame=028 slot=09 J_F=   357.50 meanZ=32.34 SoC=1.0000
ep=0845 frame=029 slot=09 J_F=   350.00 meanZ=31.16 SoC=1.0000
hppo_rsu 846/850 QoE=0.39127 stall=0.1117 138.89s
ep=0846 frame=000 slot=09 J_F= -2502.50 meanZ=88.26 SoC=1.0000
ep=0846 frame=001 slot=09 J_F= -1446.00 meanZ=81.52 SoC=1.0000
ep=0846 frame=002 slot=09 J_F= -1496.00 meanZ=73.56 SoC=1.0000
ep=0846 frame=003 slot=09 J_F=  -368.50 meanZ=67.20 SoC=1.0000
ep=0846 frame=004 slot=09 J_F=  -717.00 meanZ=60.88 SoC=1.0000
ep=0846 frame=005 slot=09 J_F= -1030.50 meanZ=54.38 SoC=1.0000
ep=0846 frame=006 slot=09 J_F=  -142.60 meanZ=51.18 SoC=1.0000
ep=0846 frame=007 slot=09 J_F=  -169.50 meanZ=48.18 SoC=1.0000
ep=0846 frame=008 slot=09 J_F=   773.50 meanZ=45.40 SoC=1.0000
ep=0846 frame=009 slot=09 J_F=   -76.00 meanZ=43.20 SoC=1.0000
ep=0846 frame=010 slot=09 J_F=   345.50 meanZ=41.46 SoC=1.0000
ep=0846 frame=011 slot=09 J_F=   145.50 meanZ=41.40 SoC=1.0000
ep=0846 frame=012 slot=09 J_F=   177.00 meanZ=39.70 SoC=1.0000
ep=0846 frame=013 slot=09 J_F=   248.50 meanZ=38.78 SoC=1.0000
ep=0846 frame=014 slot=09 J_F=   131.00 meanZ=37.80 SoC=1.0000
ep=0846 frame=015 slot=09 J_F=   331.50 meanZ=36.52 SoC=1.0000
ep=0846 frame=016 slot=09 J_F=   369.80 meanZ=35.20 SoC=1.0000
ep=0846 frame=017 slot=09 J_F=   559.00 meanZ=34.50 SoC=1.0000
ep=0846 frame=018 slot=09 J_F=   663.00 meanZ=34.38 SoC=1.0000
ep=0846 frame=019 slot=09 J_F=   596.00 meanZ=35.28 SoC=1.0000
ep=0846 frame=020 slot=09 J_F=   563.00 meanZ=35.64 SoC=1.0000
ep=0846 frame=021 slot=09 J_F=    45.50 meanZ=34.24 SoC=1.0000
ep=0846 frame=022 slot=09 J_F=   504.00 meanZ=33.08 SoC=1.0000
ep=0846 frame=023 slot=09 J_F=   104.50 meanZ=32.28 SoC=1.0000
ep=0846 frame=024 slot=09 J_F=   693.00 meanZ=30.40 SoC=1.0000
ep=0846 frame=025 slot=09 J_F=   331.90 meanZ=30.02 SoC=1.0000
ep=0846 frame=026 slot=09 J_F=   383.90 meanZ=28.48 SoC=1.0000
ep=0846 frame=027 slot=09 J_F=   213.50 meanZ=28.16 SoC=1.0000
ep=0846 frame=028 slot=09 J_F=   402.50 meanZ=28.22 SoC=1.0000
ep=0846 frame=029 slot=09 J_F=   102.00 meanZ=28.46 SoC=1.0000
hppo_rsu 847/850 QoE=0.44150 stall=0.0941 138.04s
ep=0847 frame=000 slot=09 J_F= -2786.00 meanZ=88.98 SoC=1.0000
ep=0847 frame=001 slot=09 J_F= -1786.50 meanZ=81.46 SoC=1.0000
ep=0847 frame=002 slot=09 J_F= -1732.00 meanZ=74.00 SoC=1.0000
ep=0847 frame=003 slot=09 J_F= -1178.50 meanZ=66.56 SoC=1.0000
ep=0847 frame=004 slot=09 J_F=  -981.00 meanZ=58.06 SoC=1.0000
ep=0847 frame=005 slot=09 J_F=  -181.00 meanZ=52.02 SoC=1.0000
ep=0847 frame=006 slot=09 J_F=  -116.00 meanZ=48.92 SoC=1.0000
ep=0847 frame=007 slot=09 J_F=    90.00 meanZ=47.18 SoC=1.0000
ep=0847 frame=008 slot=09 J_F=    19.70 meanZ=43.92 SoC=1.0000
ep=0847 frame=009 slot=09 J_F=   360.00 meanZ=39.78 SoC=1.0000
ep=0847 frame=010 slot=09 J_F=  -224.30 meanZ=36.66 SoC=1.0000
ep=0847 frame=011 slot=09 J_F=   347.00 meanZ=35.12 SoC=1.0000
ep=0847 frame=012 slot=09 J_F=   -24.50 meanZ=35.00 SoC=1.0000
ep=0847 frame=013 slot=09 J_F=   368.00 meanZ=34.14 SoC=1.0000
ep=0847 frame=014 slot=09 J_F=   231.00 meanZ=34.18 SoC=1.0000
ep=0847 frame=015 slot=09 J_F=   372.40 meanZ=32.86 SoC=1.0000
ep=0847 frame=016 slot=09 J_F=   558.00 meanZ=34.52 SoC=1.0000
ep=0847 frame=017 slot=09 J_F=  -614.50 meanZ=33.78 SoC=1.0000
ep=0847 frame=018 slot=09 J_F=   711.30 meanZ=33.16 SoC=1.0000
ep=0847 frame=019 slot=09 J_F=   650.00 meanZ=33.20 SoC=1.0000
ep=0847 frame=020 slot=09 J_F=   455.50 meanZ=34.22 SoC=1.0000
ep=0847 frame=021 slot=09 J_F=   160.00 meanZ=34.96 SoC=1.0000
ep=0847 frame=022 slot=09 J_F=   160.00 meanZ=33.90 SoC=1.0000
ep=0847 frame=023 slot=09 J_F=    71.90 meanZ=31.42 SoC=1.0000
ep=0847 frame=024 slot=09 J_F=   331.50 meanZ=31.82 SoC=1.0000
ep=0847 frame=025 slot=09 J_F=   155.50 meanZ=30.82 SoC=1.0000
ep=0847 frame=026 slot=09 J_F=   371.40 meanZ=32.02 SoC=1.0000
ep=0847 frame=027 slot=09 J_F=   225.00 meanZ=31.88 SoC=1.0000
ep=0847 frame=028 slot=09 J_F=   136.00 meanZ=30.72 SoC=1.0000
ep=0847 frame=029 slot=09 J_F=   238.50 meanZ=30.32 SoC=1.0000
hppo_rsu 848/850 QoE=0.41714 stall=0.1021 139.01s
ep=0848 frame=000 slot=09 J_F= -2993.00 meanZ=88.26 SoC=1.0000
ep=0848 frame=001 slot=09 J_F=  -610.50 meanZ=81.16 SoC=1.0000
ep=0848 frame=002 slot=09 J_F=  -903.00 meanZ=74.56 SoC=1.0000
ep=0848 frame=003 slot=09 J_F= -1054.00 meanZ=66.86 SoC=1.0000
ep=0848 frame=004 slot=09 J_F= -1116.50 meanZ=61.02 SoC=1.0000
ep=0848 frame=005 slot=09 J_F=  -329.50 meanZ=55.32 SoC=1.0000
ep=0848 frame=006 slot=09 J_F=   201.70 meanZ=51.06 SoC=1.0000
ep=0848 frame=007 slot=09 J_F=  -157.00 meanZ=46.90 SoC=1.0000
ep=0848 frame=008 slot=09 J_F=   -92.60 meanZ=42.64 SoC=1.0000
ep=0848 frame=009 slot=09 J_F=   685.00 meanZ=39.98 SoC=1.0000
ep=0848 frame=010 slot=09 J_F=   221.50 meanZ=38.24 SoC=1.0000
ep=0848 frame=011 slot=09 J_F=    58.00 meanZ=35.34 SoC=1.0000
ep=0848 frame=012 slot=09 J_F=   -14.70 meanZ=34.60 SoC=1.0000
ep=0848 frame=013 slot=09 J_F=   200.60 meanZ=34.34 SoC=1.0000
ep=0848 frame=014 slot=09 J_F=   411.00 meanZ=32.66 SoC=1.0000
ep=0848 frame=015 slot=09 J_F=    93.50 meanZ=30.72 SoC=1.0000
ep=0848 frame=016 slot=09 J_F=   546.40 meanZ=29.88 SoC=1.0000
ep=0848 frame=017 slot=09 J_F=   256.10 meanZ=27.72 SoC=1.0000
ep=0848 frame=018 slot=09 J_F=   213.50 meanZ=25.80 SoC=1.0000
ep=0848 frame=019 slot=09 J_F=    43.40 meanZ=24.72 SoC=1.0000
ep=0848 frame=020 slot=09 J_F=   452.00 meanZ=26.04 SoC=1.0000
ep=0848 frame=021 slot=09 J_F=   581.90 meanZ=25.60 SoC=1.0000
ep=0848 frame=022 slot=09 J_F=   199.60 meanZ=26.58 SoC=1.0000
ep=0848 frame=023 slot=09 J_F=   537.50 meanZ=27.40 SoC=1.0000
ep=0848 frame=024 slot=09 J_F=   505.70 meanZ=27.50 SoC=1.0000
ep=0848 frame=025 slot=09 J_F=    69.00 meanZ=27.40 SoC=1.0000
ep=0848 frame=026 slot=09 J_F=   775.00 meanZ=27.04 SoC=1.0000
ep=0848 frame=027 slot=09 J_F=   951.00 meanZ=27.70 SoC=1.0000
ep=0848 frame=028 slot=09 J_F=   362.00 meanZ=27.50 SoC=1.0000
ep=0848 frame=029 slot=09 J_F=    25.40 meanZ=26.42 SoC=1.0000
hppo_rsu 849/850 QoE=0.43756 stall=0.0979 137.11s
ep=0849 frame=000 slot=09 J_F= -2795.50 meanZ=88.10 SoC=1.0000
ep=0849 frame=001 slot=09 J_F= -1572.00 meanZ=81.16 SoC=1.0000
ep=0849 frame=002 slot=09 J_F= -2697.00 meanZ=71.44 SoC=1.0000
ep=0849 frame=003 slot=09 J_F= -1168.00 meanZ=63.98 SoC=1.0000
ep=0849 frame=004 slot=09 J_F=  -335.50 meanZ=59.44 SoC=1.0000
ep=0849 frame=005 slot=09 J_F=  -702.50 meanZ=53.68 SoC=1.0000
ep=0849 frame=006 slot=09 J_F=   200.50 meanZ=48.94 SoC=1.0000
ep=0849 frame=007 slot=09 J_F=  -135.50 meanZ=46.06 SoC=1.0000
ep=0849 frame=008 slot=09 J_F=   280.00 meanZ=43.48 SoC=1.0000
ep=0849 frame=009 slot=09 J_F=  -233.20 meanZ=41.36 SoC=1.0000
ep=0849 frame=010 slot=09 J_F=   695.50 meanZ=39.58 SoC=1.0000
ep=0849 frame=011 slot=09 J_F=   627.50 meanZ=38.60 SoC=1.0000
ep=0849 frame=012 slot=09 J_F=   820.00 meanZ=38.10 SoC=1.0000
ep=0849 frame=013 slot=09 J_F=   137.00 meanZ=37.78 SoC=1.0000
ep=0849 frame=014 slot=09 J_F=  -133.50 meanZ=36.66 SoC=1.0000
ep=0849 frame=015 slot=09 J_F=   988.50 meanZ=38.14 SoC=1.0000
ep=0849 frame=016 slot=09 J_F=   348.50 meanZ=38.10 SoC=1.0000
ep=0849 frame=017 slot=09 J_F=   329.00 meanZ=36.90 SoC=1.0000
ep=0849 frame=018 slot=09 J_F=   306.50 meanZ=36.32 SoC=1.0000
ep=0849 frame=019 slot=09 J_F=   475.00 meanZ=36.24 SoC=1.0000
ep=0849 frame=020 slot=09 J_F=    98.00 meanZ=35.20 SoC=1.0000
ep=0849 frame=021 slot=09 J_F=   172.50 meanZ=35.12 SoC=1.0000
ep=0849 frame=022 slot=09 J_F=   319.90 meanZ=33.44 SoC=1.0000
ep=0849 frame=023 slot=09 J_F=   404.00 meanZ=31.88 SoC=1.0000
ep=0849 frame=024 slot=09 J_F=   814.50 meanZ=32.52 SoC=1.0000
ep=0849 frame=025 slot=09 J_F=   949.50 meanZ=32.74 SoC=1.0000
ep=0849 frame=026 slot=09 J_F=   -13.50 meanZ=33.26 SoC=1.0000
ep=0849 frame=027 slot=09 J_F=   382.00 meanZ=31.84 SoC=1.0000
ep=0849 frame=028 slot=09 J_F=   508.50 meanZ=32.32 SoC=1.0000
ep=0849 frame=029 slot=09 J_F=   806.40 meanZ=31.90 SoC=1.0000
ep=1000000 frame=000 slot=09 J_F= -2502.00 meanZ=88.84 SoC=1.0000
ep=1000000 frame=001 slot=09 J_F= -1588.50 meanZ=80.74 SoC=1.0000
ep=1000000 frame=002 slot=09 J_F= -1978.50 meanZ=72.88 SoC=1.0000
ep=1000000 frame=003 slot=09 J_F=  -836.50 meanZ=65.48 SoC=1.0000
ep=1000000 frame=004 slot=09 J_F=  -825.00 meanZ=59.74 SoC=1.0000
ep=1000000 frame=005 slot=09 J_F=  -337.50 meanZ=53.26 SoC=1.0000
ep=1000000 frame=006 slot=09 J_F=    51.00 meanZ=48.74 SoC=1.0000
ep=1000000 frame=007 slot=09 J_F=   683.50 meanZ=45.98 SoC=1.0000
ep=1000000 frame=008 slot=09 J_F=  -364.60 meanZ=42.56 SoC=1.0000
ep=1000000 frame=009 slot=09 J_F=   218.50 meanZ=39.66 SoC=1.0000
ep=1000000 frame=010 slot=09 J_F=   296.50 meanZ=37.58 SoC=1.0000
ep=1000000 frame=011 slot=09 J_F=   238.00 meanZ=35.76 SoC=1.0000
ep=1000000 frame=012 slot=09 J_F=    59.50 meanZ=34.74 SoC=1.0000
ep=1000000 frame=013 slot=09 J_F=   195.00 meanZ=35.38 SoC=1.0000
ep=1000000 frame=014 slot=09 J_F=   582.00 meanZ=35.32 SoC=1.0000
ep=1000000 frame=015 slot=09 J_F=    35.00 meanZ=34.20 SoC=1.0000
ep=1000000 frame=016 slot=09 J_F=   218.00 meanZ=32.44 SoC=1.0000
ep=1000000 frame=017 slot=09 J_F=   565.40 meanZ=31.62 SoC=1.0000
ep=1000000 frame=018 slot=09 J_F=    -6.00 meanZ=30.76 SoC=1.0000
ep=1000000 frame=019 slot=09 J_F=   285.50 meanZ=31.36 SoC=1.0000
ep=1000000 frame=020 slot=09 J_F=   366.50 meanZ=32.30 SoC=1.0000
ep=1000000 frame=021 slot=09 J_F=   687.00 meanZ=32.64 SoC=1.0000
ep=1000000 frame=022 slot=09 J_F=   738.00 meanZ=32.26 SoC=1.0000
ep=1000000 frame=023 slot=09 J_F=    57.00 meanZ=33.22 SoC=1.0000
ep=1000000 frame=024 slot=09 J_F=   705.50 meanZ=34.34 SoC=1.0000
ep=1000000 frame=025 slot=09 J_F=   526.00 meanZ=33.54 SoC=1.0000
ep=1000000 frame=026 slot=09 J_F=    61.50 meanZ=32.88 SoC=1.0000
ep=1000000 frame=027 slot=09 J_F=   414.00 meanZ=32.92 SoC=1.0000
ep=1000000 frame=028 slot=09 J_F=   253.00 meanZ=33.38 SoC=1.0000
ep=1000000 frame=029 slot=09 J_F=   548.50 meanZ=33.42 SoC=1.0000
ep=1000001 frame=000 slot=09 J_F= -2408.50 meanZ=88.64 SoC=1.0000
ep=1000001 frame=001 slot=09 J_F= -1041.50 meanZ=81.78 SoC=1.0000
ep=1000001 frame=002 slot=09 J_F= -1294.00 meanZ=74.72 SoC=1.0000
ep=1000001 frame=003 slot=09 J_F=  -608.50 meanZ=67.88 SoC=1.0000
ep=1000001 frame=004 slot=09 J_F= -1148.50 meanZ=59.42 SoC=1.0000
ep=1000001 frame=005 slot=09 J_F=  -413.50 meanZ=52.62 SoC=1.0000
ep=1000001 frame=006 slot=09 J_F=  -811.00 meanZ=46.64 SoC=1.0000
ep=1000001 frame=007 slot=09 J_F=   150.50 meanZ=42.74 SoC=1.0000
ep=1000001 frame=008 slot=09 J_F=   271.50 meanZ=40.30 SoC=1.0000
ep=1000001 frame=009 slot=09 J_F=  -485.50 meanZ=37.96 SoC=1.0000
ep=1000001 frame=010 slot=09 J_F=   296.00 meanZ=36.78 SoC=1.0000
ep=1000001 frame=011 slot=09 J_F=   185.50 meanZ=35.56 SoC=1.0000
ep=1000001 frame=012 slot=09 J_F=   524.00 meanZ=35.06 SoC=1.0000
ep=1000001 frame=013 slot=09 J_F=   517.50 meanZ=34.28 SoC=1.0000
ep=1000001 frame=014 slot=09 J_F=   652.50 meanZ=35.72 SoC=1.0000
ep=1000001 frame=015 slot=09 J_F=   121.00 meanZ=34.66 SoC=1.0000
ep=1000001 frame=016 slot=09 J_F=   523.00 meanZ=35.32 SoC=1.0000
ep=1000001 frame=017 slot=09 J_F=   691.50 meanZ=35.98 SoC=1.0000
ep=1000001 frame=018 slot=09 J_F=   705.00 meanZ=36.52 SoC=1.0000
ep=1000001 frame=019 slot=09 J_F=   187.50 meanZ=36.76 SoC=1.0000
ep=1000001 frame=020 slot=09 J_F=   410.50 meanZ=35.76 SoC=1.0000
ep=1000001 frame=021 slot=09 J_F=   162.50 meanZ=34.42 SoC=1.0000
ep=1000001 frame=022 slot=09 J_F=   448.50 meanZ=33.74 SoC=1.0000
ep=1000001 frame=023 slot=09 J_F=   732.00 meanZ=34.84 SoC=1.0000
ep=1000001 frame=024 slot=09 J_F=   614.50 meanZ=35.22 SoC=1.0000
ep=1000001 frame=025 slot=09 J_F=    96.00 meanZ=34.32 SoC=1.0000
ep=1000001 frame=026 slot=09 J_F=   701.50 meanZ=35.16 SoC=1.0000
ep=1000001 frame=027 slot=09 J_F=    20.60 meanZ=34.50 SoC=1.0000
ep=1000001 frame=028 slot=09 J_F=   276.50 meanZ=34.24 SoC=1.0000
ep=1000001 frame=029 slot=09 J_F=   641.00 meanZ=34.64 SoC=1.0000
ep=1000002 frame=000 slot=09 J_F= -2024.50 meanZ=89.30 SoC=1.0000
ep=1000002 frame=001 slot=09 J_F= -2227.50 meanZ=81.82 SoC=1.0000
ep=1000002 frame=002 slot=09 J_F= -1595.50 meanZ=73.34 SoC=1.0000
ep=1000002 frame=003 slot=09 J_F= -1081.50 meanZ=65.92 SoC=1.0000
ep=1000002 frame=004 slot=09 J_F=  -423.00 meanZ=59.98 SoC=1.0000
ep=1000002 frame=005 slot=09 J_F=   334.00 meanZ=54.26 SoC=1.0000
ep=1000002 frame=006 slot=09 J_F=  -375.00 meanZ=50.12 SoC=1.0000
ep=1000002 frame=007 slot=09 J_F=    35.50 meanZ=46.60 SoC=1.0000
ep=1000002 frame=008 slot=09 J_F=  -245.50 meanZ=42.82 SoC=1.0000
ep=1000002 frame=009 slot=09 J_F=  -306.00 meanZ=39.26 SoC=1.0000
ep=1000002 frame=010 slot=09 J_F=   805.50 meanZ=38.00 SoC=1.0000
ep=1000002 frame=011 slot=09 J_F=   617.50 meanZ=37.22 SoC=1.0000
ep=1000002 frame=012 slot=09 J_F=   372.40 meanZ=35.14 SoC=1.0000
ep=1000002 frame=013 slot=09 J_F=  -282.00 meanZ=33.88 SoC=1.0000
ep=1000002 frame=014 slot=09 J_F=   122.50 meanZ=32.72 SoC=1.0000
ep=1000002 frame=015 slot=09 J_F=   781.00 meanZ=33.68 SoC=1.0000
ep=1000002 frame=016 slot=09 J_F=   531.50 meanZ=34.32 SoC=1.0000
ep=1000002 frame=017 slot=09 J_F=    34.00 meanZ=34.72 SoC=1.0000
ep=1000002 frame=018 slot=09 J_F=   661.50 meanZ=34.68 SoC=1.0000
ep=1000002 frame=019 slot=09 J_F=   586.50 meanZ=35.32 SoC=1.0000
ep=1000002 frame=020 slot=09 J_F=   541.50 meanZ=35.08 SoC=1.0000
ep=1000002 frame=021 slot=09 J_F=    -3.00 meanZ=33.66 SoC=1.0000
ep=1000002 frame=022 slot=09 J_F=    13.00 meanZ=34.60 SoC=1.0000
ep=1000002 frame=023 slot=09 J_F=   573.50 meanZ=34.88 SoC=1.0000
ep=1000002 frame=024 slot=09 J_F=    62.50 meanZ=33.60 SoC=1.0000
ep=1000002 frame=025 slot=09 J_F=   494.00 meanZ=34.12 SoC=1.0000
ep=1000002 frame=026 slot=09 J_F=   246.50 meanZ=32.28 SoC=1.0000
ep=1000002 frame=027 slot=09 J_F=   311.50 meanZ=31.70 SoC=1.0000
ep=1000002 frame=028 slot=09 J_F=   635.00 meanZ=32.50 SoC=1.0000
ep=1000002 frame=029 slot=09 J_F=   446.50 meanZ=32.74 SoC=1.0000
ep=1000003 frame=000 slot=09 J_F= -3018.00 meanZ=88.60 SoC=1.0000
ep=1000003 frame=001 slot=09 J_F= -1345.50 meanZ=80.86 SoC=1.0000
ep=1000003 frame=002 slot=09 J_F= -1915.00 meanZ=73.70 SoC=1.0000
ep=1000003 frame=003 slot=09 J_F= -1238.00 meanZ=66.06 SoC=1.0000
ep=1000003 frame=004 slot=09 J_F=  -514.00 meanZ=60.08 SoC=1.0000
ep=1000003 frame=005 slot=09 J_F=  -983.00 meanZ=54.18 SoC=1.0000
ep=1000003 frame=006 slot=09 J_F=   137.50 meanZ=50.62 SoC=1.0000
ep=1000003 frame=007 slot=09 J_F=   877.00 meanZ=49.54 SoC=1.0000
ep=1000003 frame=008 slot=09 J_F=  -200.50 meanZ=47.06 SoC=1.0000
ep=1000003 frame=009 slot=09 J_F=  -124.10 meanZ=44.96 SoC=1.0000
ep=1000003 frame=010 slot=09 J_F=   240.50 meanZ=42.90 SoC=1.0000
ep=1000003 frame=011 slot=09 J_F=  -471.50 meanZ=39.98 SoC=1.0000
ep=1000003 frame=012 slot=09 J_F=   210.00 meanZ=39.86 SoC=1.0000
ep=1000003 frame=013 slot=09 J_F=   391.60 meanZ=37.72 SoC=1.0000
ep=1000003 frame=014 slot=09 J_F=   263.00 meanZ=37.22 SoC=1.0000
ep=1000003 frame=015 slot=09 J_F=   733.50 meanZ=37.84 SoC=1.0000
ep=1000003 frame=016 slot=09 J_F=   371.00 meanZ=35.52 SoC=1.0000
ep=1000003 frame=017 slot=09 J_F=   -62.00 meanZ=34.48 SoC=1.0000
ep=1000003 frame=018 slot=09 J_F=   312.50 meanZ=33.98 SoC=1.0000
ep=1000003 frame=019 slot=09 J_F=   465.00 meanZ=33.18 SoC=1.0000
ep=1000003 frame=020 slot=09 J_F=   653.30 meanZ=32.52 SoC=1.0000
ep=1000003 frame=021 slot=09 J_F=  -274.50 meanZ=32.22 SoC=1.0000
ep=1000003 frame=022 slot=09 J_F=    -7.00 meanZ=31.78 SoC=1.0000
ep=1000003 frame=023 slot=09 J_F=   178.00 meanZ=31.62 SoC=1.0000
ep=1000003 frame=024 slot=09 J_F=   461.00 meanZ=30.56 SoC=1.0000
ep=1000003 frame=025 slot=09 J_F=   320.00 meanZ=31.04 SoC=1.0000
ep=1000003 frame=026 slot=09 J_F=   -20.50 meanZ=30.38 SoC=1.0000
ep=1000003 frame=027 slot=09 J_F=   244.00 meanZ=30.54 SoC=1.0000
ep=1000003 frame=028 slot=09 J_F=   774.40 meanZ=30.88 SoC=1.0000
ep=1000003 frame=029 slot=09 J_F=  1138.00 meanZ=31.94 SoC=1.0000
ep=1000004 frame=000 slot=09 J_F= -2785.50 meanZ=87.94 SoC=1.0000
ep=1000004 frame=001 slot=09 J_F= -1484.50 meanZ=81.32 SoC=1.0000
ep=1000004 frame=002 slot=09 J_F= -1488.50 meanZ=74.28 SoC=1.0000
ep=1000004 frame=003 slot=09 J_F= -1421.00 meanZ=66.78 SoC=1.0000
ep=1000004 frame=004 slot=09 J_F=  -789.50 meanZ=58.74 SoC=1.0000
ep=1000004 frame=005 slot=09 J_F=  -552.50 meanZ=53.16 SoC=1.0000
ep=1000004 frame=006 slot=09 J_F=  -770.00 meanZ=47.64 SoC=1.0000
ep=1000004 frame=007 slot=09 J_F=   162.50 meanZ=43.70 SoC=1.0000
ep=1000004 frame=008 slot=09 J_F=  -358.50 meanZ=41.98 SoC=1.0000
ep=1000004 frame=009 slot=09 J_F=   251.50 meanZ=39.22 SoC=1.0000
ep=1000004 frame=010 slot=09 J_F=   228.00 meanZ=39.24 SoC=1.0000
ep=1000004 frame=011 slot=09 J_F=   -47.50 meanZ=36.32 SoC=1.0000
ep=1000004 frame=012 slot=09 J_F=    14.50 meanZ=35.60 SoC=1.0000
ep=1000004 frame=013 slot=09 J_F=   386.50 meanZ=34.44 SoC=1.0000
ep=1000004 frame=014 slot=09 J_F=    37.00 meanZ=32.72 SoC=1.0000
ep=1000004 frame=015 slot=09 J_F=   731.00 meanZ=31.18 SoC=1.0000
ep=1000004 frame=016 slot=09 J_F=   357.00 meanZ=29.74 SoC=1.0000
ep=1000004 frame=017 slot=09 J_F=   449.00 meanZ=30.78 SoC=1.0000
ep=1000004 frame=018 slot=09 J_F=   391.50 meanZ=31.28 SoC=1.0000
ep=1000004 frame=019 slot=09 J_F=   516.50 meanZ=31.06 SoC=1.0000
ep=1000004 frame=020 slot=09 J_F=   113.80 meanZ=31.06 SoC=1.0000
ep=1000004 frame=021 slot=09 J_F=   432.50 meanZ=31.04 SoC=1.0000
ep=1000004 frame=022 slot=09 J_F=   759.50 meanZ=32.06 SoC=1.0000
ep=1000004 frame=023 slot=09 J_F=   172.50 meanZ=32.48 SoC=1.0000
ep=1000004 frame=024 slot=09 J_F=   578.00 meanZ=33.86 SoC=1.0000
ep=1000004 frame=025 slot=09 J_F=   -87.50 meanZ=33.64 SoC=1.0000
ep=1000004 frame=026 slot=09 J_F=   851.50 meanZ=34.42 SoC=1.0000
ep=1000004 frame=027 slot=09 J_F=   248.00 meanZ=34.42 SoC=1.0000
ep=1000004 frame=028 slot=09 J_F=   622.50 meanZ=35.46 SoC=1.0000
ep=1000004 frame=029 slot=09 J_F=   772.00 meanZ=35.18 SoC=1.0000
ep=1000005 frame=000 slot=09 J_F= -3268.50 meanZ=88.18 SoC=1.0000
ep=1000005 frame=001 slot=09 J_F= -1858.50 meanZ=80.56 SoC=1.0000
ep=1000005 frame=002 slot=09 J_F= -1615.50 meanZ=73.24 SoC=1.0000
ep=1000005 frame=003 slot=09 J_F=  -551.50 meanZ=66.32 SoC=1.0000
ep=1000005 frame=004 slot=09 J_F= -1103.50 meanZ=58.40 SoC=1.0000
ep=1000005 frame=005 slot=09 J_F=  -348.00 meanZ=53.14 SoC=1.0000
ep=1000005 frame=006 slot=09 J_F=  -116.00 meanZ=48.42 SoC=1.0000
ep=1000005 frame=007 slot=09 J_F=    26.00 meanZ=46.10 SoC=1.0000
ep=1000005 frame=008 slot=09 J_F=   -32.50 meanZ=42.04 SoC=1.0000
ep=1000005 frame=009 slot=09 J_F=   336.50 meanZ=39.58 SoC=1.0000
ep=1000005 frame=010 slot=09 J_F=   446.00 meanZ=37.16 SoC=1.0000
ep=1000005 frame=011 slot=09 J_F=   300.50 meanZ=36.42 SoC=1.0000
ep=1000005 frame=012 slot=09 J_F=   560.00 meanZ=36.96 SoC=1.0000
ep=1000005 frame=013 slot=09 J_F=  -454.00 meanZ=35.50 SoC=1.0000
ep=1000005 frame=014 slot=09 J_F=   613.50 meanZ=35.86 SoC=1.0000
ep=1000005 frame=015 slot=09 J_F=   424.00 meanZ=34.34 SoC=1.0000
ep=1000005 frame=016 slot=09 J_F=   118.50 meanZ=33.22 SoC=1.0000
ep=1000005 frame=017 slot=09 J_F=   495.50 meanZ=33.68 SoC=1.0000
ep=1000005 frame=018 slot=09 J_F=   313.90 meanZ=33.44 SoC=1.0000
ep=1000005 frame=019 slot=09 J_F=    20.00 meanZ=31.96 SoC=1.0000
ep=1000005 frame=020 slot=09 J_F=   343.00 meanZ=30.14 SoC=1.0000
ep=1000005 frame=021 slot=09 J_F=   224.00 meanZ=29.42 SoC=1.0000
ep=1000005 frame=022 slot=09 J_F=   207.50 meanZ=28.76 SoC=1.0000
ep=1000005 frame=023 slot=09 J_F=   546.00 meanZ=28.66 SoC=1.0000
ep=1000005 frame=024 slot=09 J_F=   -16.00 meanZ=28.44 SoC=1.0000
ep=1000005 frame=025 slot=09 J_F=   206.50 meanZ=29.02 SoC=1.0000
ep=1000005 frame=026 slot=09 J_F=   853.50 meanZ=28.26 SoC=1.0000
ep=1000005 frame=027 slot=09 J_F=   349.50 meanZ=28.10 SoC=1.0000
ep=1000005 frame=028 slot=09 J_F=   146.00 meanZ=27.74 SoC=1.0000
ep=1000005 frame=029 slot=09 J_F=   585.50 meanZ=27.10 SoC=1.0000
ep=1000006 frame=000 slot=09 J_F= -1858.50 meanZ=88.84 SoC=1.0000
ep=1000006 frame=001 slot=09 J_F= -1216.50 meanZ=82.06 SoC=1.0000
ep=1000006 frame=002 slot=09 J_F= -1642.60 meanZ=74.48 SoC=1.0000
ep=1000006 frame=003 slot=09 J_F= -1151.00 meanZ=67.14 SoC=1.0000
ep=1000006 frame=004 slot=09 J_F= -1033.50 meanZ=59.26 SoC=1.0000
ep=1000006 frame=005 slot=09 J_F=  -220.00 meanZ=54.74 SoC=1.0000
ep=1000006 frame=006 slot=09 J_F=  -453.00 meanZ=49.76 SoC=1.0000
ep=1000006 frame=007 slot=09 J_F=   187.00 meanZ=47.40 SoC=1.0000
ep=1000006 frame=008 slot=09 J_F=    41.50 meanZ=44.16 SoC=1.0000
ep=1000006 frame=009 slot=09 J_F=  -410.10 meanZ=41.98 SoC=1.0000
ep=1000006 frame=010 slot=09 J_F=   199.50 meanZ=41.78 SoC=1.0000
ep=1000006 frame=011 slot=09 J_F=  -127.00 meanZ=40.66 SoC=1.0000
ep=1000006 frame=012 slot=09 J_F=   237.50 meanZ=38.30 SoC=1.0000
ep=1000006 frame=013 slot=09 J_F=   831.40 meanZ=39.22 SoC=1.0000
ep=1000006 frame=014 slot=09 J_F=   301.50 meanZ=37.98 SoC=1.0000
ep=1000006 frame=015 slot=09 J_F=   123.00 meanZ=36.82 SoC=1.0000
ep=1000006 frame=016 slot=09 J_F=   581.00 meanZ=36.26 SoC=1.0000
ep=1000006 frame=017 slot=09 J_F=   224.50 meanZ=36.22 SoC=1.0000
ep=1000006 frame=018 slot=09 J_F=   511.00 meanZ=35.26 SoC=1.0000
ep=1000006 frame=019 slot=09 J_F=   231.50 meanZ=34.64 SoC=1.0000
ep=1000006 frame=020 slot=09 J_F=   195.50 meanZ=34.24 SoC=1.0000
ep=1000006 frame=021 slot=09 J_F=   540.50 meanZ=34.80 SoC=1.0000
ep=1000006 frame=022 slot=09 J_F=   292.50 meanZ=33.46 SoC=1.0000
ep=1000006 frame=023 slot=09 J_F=   241.00 meanZ=33.68 SoC=1.0000
ep=1000006 frame=024 slot=09 J_F=   680.00 meanZ=33.84 SoC=1.0000
ep=1000006 frame=025 slot=09 J_F=   598.50 meanZ=33.60 SoC=1.0000
ep=1000006 frame=026 slot=09 J_F=   -47.50 meanZ=33.40 SoC=1.0000
ep=1000006 frame=027 slot=09 J_F=    68.50 meanZ=34.32 SoC=1.0000
ep=1000006 frame=028 slot=09 J_F=   310.50 meanZ=34.72 SoC=1.0000
ep=1000006 frame=029 slot=09 J_F=   552.00 meanZ=34.62 SoC=1.0000
ep=1000007 frame=000 slot=09 J_F= -3703.50 meanZ=87.58 SoC=1.0000
ep=1000007 frame=001 slot=09 J_F= -1934.50 meanZ=79.40 SoC=1.0000
ep=1000007 frame=002 slot=09 J_F= -2138.00 meanZ=70.80 SoC=1.0000
ep=1000007 frame=003 slot=09 J_F=  -255.50 meanZ=64.38 SoC=1.0000
ep=1000007 frame=004 slot=09 J_F=  -980.00 meanZ=57.90 SoC=1.0000
ep=1000007 frame=005 slot=09 J_F=  -326.00 meanZ=52.60 SoC=1.0000
ep=1000007 frame=006 slot=09 J_F=   -57.50 meanZ=47.60 SoC=1.0000
ep=1000007 frame=007 slot=09 J_F=   121.50 meanZ=44.68 SoC=1.0000
ep=1000007 frame=008 slot=09 J_F=   236.50 meanZ=43.96 SoC=1.0000
ep=1000007 frame=009 slot=09 J_F=   599.50 meanZ=43.90 SoC=1.0000
ep=1000007 frame=010 slot=09 J_F=   359.50 meanZ=42.50 SoC=1.0000
ep=1000007 frame=011 slot=09 J_F=   375.00 meanZ=41.56 SoC=1.0000
ep=1000007 frame=012 slot=09 J_F=   358.00 meanZ=41.38 SoC=1.0000
ep=1000007 frame=013 slot=09 J_F=   -55.00 meanZ=40.48 SoC=1.0000
ep=1000007 frame=014 slot=09 J_F=   -97.00 meanZ=39.68 SoC=1.0000
ep=1000007 frame=015 slot=09 J_F=   217.00 meanZ=38.96 SoC=1.0000
ep=1000007 frame=016 slot=09 J_F=   571.50 meanZ=38.04 SoC=1.0000
ep=1000007 frame=017 slot=09 J_F=  -138.00 meanZ=37.70 SoC=1.0000
ep=1000007 frame=018 slot=09 J_F=   211.50 meanZ=36.88 SoC=1.0000
ep=1000007 frame=019 slot=09 J_F=   253.50 meanZ=35.84 SoC=1.0000
ep=1000007 frame=020 slot=09 J_F=   534.00 meanZ=36.02 SoC=1.0000
ep=1000007 frame=021 slot=09 J_F=   632.00 meanZ=37.10 SoC=1.0000
ep=1000007 frame=022 slot=09 J_F=   414.50 meanZ=36.64 SoC=1.0000
ep=1000007 frame=023 slot=09 J_F=   287.50 meanZ=37.12 SoC=1.0000
ep=1000007 frame=024 slot=09 J_F=   106.00 meanZ=36.18 SoC=1.0000
ep=1000007 frame=025 slot=09 J_F=   566.00 meanZ=36.06 SoC=1.0000
ep=1000007 frame=026 slot=09 J_F=  -176.00 meanZ=35.22 SoC=1.0000
ep=1000007 frame=027 slot=09 J_F=   296.00 meanZ=34.52 SoC=1.0000
ep=1000007 frame=028 slot=09 J_F=    71.00 meanZ=34.18 SoC=1.0000
ep=1000007 frame=029 slot=09 J_F=  -242.00 meanZ=32.36 SoC=1.0000
ep=1000008 frame=000 slot=09 J_F= -3444.00 meanZ=87.28 SoC=1.0000
ep=1000008 frame=001 slot=09 J_F= -2320.00 meanZ=78.68 SoC=1.0000
ep=1000008 frame=002 slot=09 J_F= -1761.00 meanZ=71.20 SoC=1.0000
ep=1000008 frame=003 slot=09 J_F=  -379.00 meanZ=64.34 SoC=1.0000
ep=1000008 frame=004 slot=09 J_F=  -427.00 meanZ=58.22 SoC=1.0000
ep=1000008 frame=005 slot=09 J_F=    61.00 meanZ=51.92 SoC=1.0000
ep=1000008 frame=006 slot=09 J_F=  -340.50 meanZ=48.06 SoC=1.0000
ep=1000008 frame=007 slot=09 J_F=    37.50 meanZ=43.40 SoC=1.0000
ep=1000008 frame=008 slot=09 J_F=   172.50 meanZ=41.92 SoC=1.0000
ep=1000008 frame=009 slot=09 J_F=  -228.00 meanZ=38.64 SoC=1.0000
ep=1000008 frame=010 slot=09 J_F=   304.00 meanZ=36.58 SoC=1.0000
ep=1000008 frame=011 slot=09 J_F=   305.50 meanZ=35.52 SoC=1.0000
ep=1000008 frame=012 slot=09 J_F=    10.00 meanZ=34.08 SoC=1.0000
ep=1000008 frame=013 slot=09 J_F=   134.00 meanZ=33.96 SoC=1.0000
ep=1000008 frame=014 slot=09 J_F=   378.50 meanZ=33.46 SoC=1.0000
ep=1000008 frame=015 slot=09 J_F=   438.50 meanZ=32.42 SoC=1.0000
ep=1000008 frame=016 slot=09 J_F=   490.50 meanZ=32.08 SoC=1.0000
ep=1000008 frame=017 slot=09 J_F=   215.00 meanZ=32.50 SoC=1.0000
ep=1000008 frame=018 slot=09 J_F=   296.50 meanZ=32.26 SoC=1.0000
ep=1000008 frame=019 slot=09 J_F=    18.90 meanZ=30.78 SoC=1.0000
ep=1000008 frame=020 slot=09 J_F=    85.00 meanZ=29.88 SoC=1.0000
ep=1000008 frame=021 slot=09 J_F=    48.00 meanZ=29.54 SoC=1.0000
ep=1000008 frame=022 slot=09 J_F=   459.50 meanZ=29.36 SoC=1.0000
ep=1000008 frame=023 slot=09 J_F=   853.00 meanZ=30.94 SoC=1.0000
ep=1000008 frame=024 slot=09 J_F=   378.00 meanZ=32.16 SoC=1.0000
ep=1000008 frame=025 slot=09 J_F=   649.00 meanZ=31.60 SoC=1.0000
ep=1000008 frame=026 slot=09 J_F=   405.50 meanZ=31.26 SoC=1.0000
ep=1000008 frame=027 slot=09 J_F=   269.00 meanZ=30.62 SoC=1.0000
ep=1000008 frame=028 slot=09 J_F=   447.00 meanZ=30.04 SoC=1.0000
ep=1000008 frame=029 slot=09 J_F=   261.60 meanZ=29.80 SoC=1.0000
ep=1000009 frame=000 slot=09 J_F= -3501.00 meanZ=87.40 SoC=1.0000
ep=1000009 frame=001 slot=09 J_F= -1425.50 meanZ=79.92 SoC=1.0000
ep=1000009 frame=002 slot=09 J_F= -1648.50 meanZ=72.58 SoC=1.0000
ep=1000009 frame=003 slot=09 J_F= -1291.00 meanZ=64.58 SoC=1.0000
ep=1000009 frame=004 slot=09 J_F=  -981.00 meanZ=56.98 SoC=1.0000
ep=1000009 frame=005 slot=09 J_F=  -423.50 meanZ=50.52 SoC=1.0000
ep=1000009 frame=006 slot=09 J_F=   410.50 meanZ=46.32 SoC=1.0000
ep=1000009 frame=007 slot=09 J_F=  -174.50 meanZ=43.06 SoC=1.0000
ep=1000009 frame=008 slot=09 J_F=   257.40 meanZ=40.50 SoC=1.0000
ep=1000009 frame=009 slot=09 J_F=   364.00 meanZ=40.14 SoC=1.0000
ep=1000009 frame=010 slot=09 J_F=   160.50 meanZ=39.42 SoC=1.0000
ep=1000009 frame=011 slot=09 J_F=   158.00 meanZ=37.12 SoC=1.0000
ep=1000009 frame=012 slot=09 J_F=   376.50 meanZ=36.70 SoC=1.0000
ep=1000009 frame=013 slot=09 J_F=   299.00 meanZ=35.10 SoC=1.0000
ep=1000009 frame=014 slot=09 J_F=   151.50 meanZ=33.40 SoC=1.0000
ep=1000009 frame=015 slot=09 J_F=   434.50 meanZ=33.12 SoC=1.0000
ep=1000009 frame=016 slot=09 J_F=  -133.50 meanZ=31.88 SoC=1.0000
ep=1000009 frame=017 slot=09 J_F=   702.10 meanZ=31.76 SoC=1.0000
ep=1000009 frame=018 slot=09 J_F=   762.80 meanZ=32.62 SoC=1.0000
ep=1000009 frame=019 slot=09 J_F=   935.60 meanZ=34.24 SoC=1.0000
ep=1000009 frame=020 slot=09 J_F=   -80.50 meanZ=32.60 SoC=1.0000
ep=1000009 frame=021 slot=09 J_F=   381.30 meanZ=32.68 SoC=1.0000
ep=1000009 frame=022 slot=09 J_F=  -162.00 meanZ=32.78 SoC=1.0000
ep=1000009 frame=023 slot=09 J_F=    40.60 meanZ=32.42 SoC=1.0000
ep=1000009 frame=024 slot=09 J_F=   192.50 meanZ=31.00 SoC=1.0000
ep=1000009 frame=025 slot=09 J_F=   261.50 meanZ=29.96 SoC=1.0000
ep=1000009 frame=026 slot=09 J_F=    74.00 meanZ=30.74 SoC=1.0000
ep=1000009 frame=027 slot=09 J_F=   828.50 meanZ=30.86 SoC=1.0000
ep=1000009 frame=028 slot=09 J_F=   390.00 meanZ=30.26 SoC=1.0000
ep=1000009 frame=029 slot=09 J_F=   329.00 meanZ=29.40 SoC=1.0000
hppo_rsu 850/850 QoE=0.46465 stall=0.0830 141.61s
{
  "valid": true,
  "physics_checks_passed": 232796,
  "physics_checks_failed": {},
  "errors": []
}
{
  "valid": true,
  "physics_checks_passed": 239592,
  "physics_checks_failed": {},
  "errors": []
}
{
  "valid": true,
  "physics_checks_passed": 239575,
  "physics_checks_failed": {},
  "errors": []
}
{
  "valid": true,
  "physics_checks_passed": 239675,
  "physics_checks_failed": {},
  "errors": []
}
{
  "valid": true,
  "physics_checks_passed": 239031,
  "physics_checks_failed": {},
  "errors": []
}
{
  "valid": true,
  "physics_checks_passed": 238922,
  "physics_checks_failed": {},
  "errors": []
}
{
  "valid": true,
  "physics_checks_passed": 238995,
  "physics_checks_failed": {},
  "errors": []
}
{
  "valid": true,
  "physics_checks_passed": 239625,
  "physics_checks_failed": {},
  "errors": []
}
{
  "valid": true,
  "physics_checks_passed": 239025,
  "physics_checks_failed": {},
  "errors": []
}
{
  "valid": true,
  "physics_checks_passed": 239258,
  "physics_checks_failed": {},
  "errors": []
}
{
  "valid": true,
  "physics_checks_passed": 238135,
  "physics_checks_failed": {},
  "errors": []
}
{
  "valid": true,
  "physics_checks_passed": 239014,
  "physics_checks_failed": {},
  "errors": []
}
{
  "valid": true,
  "physics_checks_passed": 238883,
  "physics_checks_failed": {},
  "errors": []
}
{
  "valid": true,
  "physics_checks_passed": 239317,
  "physics_checks_failed": {},
  "errors": []
}
{
  "valid": true,
  "physics_checks_passed": 239329,
  "physics_checks_failed": {},
  "errors": []
}
{
  "valid": true,
  "physics_checks_passed": 239525,
  "physics_checks_failed": {},
  "errors": []
}
{
  "valid": true,
  "physics_checks_passed": 239200,
  "physics_checks_failed": {},
  "errors": []
}
{
  "valid": true,
  "physics_checks_passed": 239166,
  "physics_checks_failed": {},
  "errors": []
}
{
  "valid": true,
  "physics_checks_passed": 238670,
  "physics_checks_failed": {},
  "errors": []
}
{
  "valid": true,
  "physics_checks_passed": 239302,
  "physics_checks_failed": {},
  "errors": []
}
{
  "valid": true,
  "physics_checks_passed": 238996,
  "physics_checks_failed": {},
  "errors": []
}
{
  "valid": true,
  "physics_checks_passed": 239748,
  "physics_checks_failed": {},
  "errors": []
}
{
  "valid": true,
  "physics_checks_passed": 239736,
  "physics_checks_failed": {},
  "errors": []
}
{
  "valid": true,
  "physics_checks_passed": 239019,
  "physics_checks_failed": {},
  "errors": []
}
{
  "valid": true,
  "physics_checks_passed": 239215,
  "physics_checks_failed": {},
  "errors": []
}
{
  "valid": true,
  "physics_checks_passed": 239735,
  "physics_checks_failed": {},
  "errors": []
}
{
  "valid": true,
  "physics_checks_passed": 239546,
  "physics_checks_failed": {},
  "errors": []
}
{
  "valid": true,
  "physics_checks_passed": 239245,
  "physics_checks_failed": {},
  "errors": []
}
{
  "valid": true,
  "physics_checks_passed": 239166,
  "physics_checks_failed": {},
  "errors": []
}
{
  "valid": true,
  "physics_checks_passed": 239361,
  "physics_checks_failed": {},
  "errors": []
}
{
  "valid": true,
  "physics_checks_passed": 239366,
  "physics_checks_failed": {},
  "errors": []
}
{
  "valid": true,
  "physics_checks_passed": 239585,
  "physics_checks_failed": {},
  "errors": []
}
{
  "valid": true,
  "physics_checks_passed": 239304,
  "physics_checks_failed": {},
  "errors": []
}
{
  "valid": true,
  "physics_checks_passed": 239464,
  "physics_checks_failed": {},
  "errors": []
}
{
  "valid": true,
  "physics_checks_passed": 239589,
  "physics_checks_failed": {},
  "errors": []
}
{
  "valid": true,
  "checkpoint_completed_episodes": 850,
  "traced_episodes_checked": 35
}
