episode,avg_qoe_per_user_slot,stall_ratio,stall_events_per_user_slot,scheduled_ratio,service_rate,chunks_per_user_slot,quality_utility_per_chunk,degradation_per_chunk,avg_quality_level_per_chunk,switch_user_slot_rate,avg_playback_queue,large_Q_exceed_rate,max_playback_queue,policy_loss,value_loss,entropy,approx_kl,clipfrac,grad_norm,explained_variance_preupdate,elapsed_sec
0,0.8188208333333346,0.020416666666666666,0.005833333333333334,0.7041666666666667,0.45208333333333334,1.2575,0.7570145791915184,0.24298542080848257,2.3313452617627566,0.3329166666666667,43.428333333333335,0.09458333333333334,151.0,0.0015018640784546732,553.1893821716309,6.8674027681350704,0.0007672627456486225,0.0,32.05949339866638,0.000689387321472168,1.783015489578247
1,0.8919305555555564,0.007916666666666667,0.005416666666666667,0.7,0.4791666666666667,1.32375,0.7611898016997167,0.23881019830028327,2.356940509915014,0.35375,47.009166666666665,0.08083333333333333,149.0,0.00558647233992815,640.6677047729493,6.946659576892853,0.00029062544635962697,0.0,50.67442770004273,0.0023550987243652344,3.243603229522705
2,0.9076625000000004,0.00875,0.002916666666666667,0.7083333333333334,0.4766666666666667,1.32375,0.7741233868429338,0.22587661315706653,2.4422411079634876,0.3625,52.53375,0.11291666666666667,175.0,-0.008825065870769321,638.3757125854493,7.093772375583649,0.00034792971273418517,0.0,74.25169954299926,0.0016213059425354004,4.458119630813599
3,0.9919291666666671,0.005,0.0008333333333333334,0.7291666666666666,0.5179166666666667,1.43625,0.7714331302581958,0.22856686974180457,2.4223962866260518,0.38208333333333333,68.43083333333334,0.20625,230.0,-0.00866783345118165,733.6702285766602,7.400684726238251,0.00023681412785663268,0.0,101.83086166381835,0.002546072006225586,5.618870973587036
4,0.8756694444444444,0.008333333333333333,0.0020833333333333333,0.7,0.47541666666666665,1.31125,0.7575278042580238,0.2424721957419764,2.3339688592310135,0.3620833333333333,53.54875,0.10375,134.0,-0.004324204148724675,580.0116401672364,6.8549115538597105,0.0002534500610636314,0.0,101.70998725891113,0.014833390712738037,6.787811756134033
5,0.8886833333333332,0.009583333333333333,0.00375,0.6916666666666667,0.47125,1.2970833333333334,0.772515258592997,0.22748474140700295,2.429489238676518,0.3491666666666667,51.90291666666667,0.08208333333333333,135.0,0.015900819399394094,588.1057807922364,7.000586569309235,0.00010428183595649898,0.0,111.02414131164551,0.019224166870117188,7.958749532699585
6,0.9173152777777777,0.006666666666666667,0.0025,0.6875,0.48875,1.34125,0.7635570052811435,0.23644299471885685,2.3684374029201614,0.34875,56.170833333333334,0.18083333333333335,182.0,-0.003678208275232464,600.796711730957,7.044208896160126,-0.00021183652279432863,0.0,120.79768657684326,0.001002967357635498,9.130936861038208
7,0.9305930555555557,0.004166666666666667,0.0016666666666666668,0.7083333333333334,0.49541666666666667,1.3666666666666667,0.7658810975609756,0.23411890243902428,2.391158536585366,0.3829166666666667,65.74666666666667,0.17791666666666667,170.0,0.005916389171034098,606.5491989135742,7.070562958717346,-3.83317303203512e-05,0.0,125.52534675598145,0.00042498111724853516,10.273941040039062
8,0.9020597222222223,0.0075,0.0025,0.675,0.4716666666666667,1.305,0.7776532567049802,0.22234674329501916,2.4655172413793105,0.35625,54.83208333333334,0.16125,205.0,0.0003232802962884307,580.3296180725098,6.881547772884369,-6.216485016921069e-05,0.0,123.89811820983887,0.0008951425552368164,11.424942016601562
9,0.8789333333333336,0.016666666666666666,0.005833333333333334,0.7125,0.47541666666666665,1.3141666666666667,0.7653582752060862,0.2346417247939125,2.381737476220672,0.34458333333333335,53.903333333333336,0.11125,145.0,-0.0006954175420105458,527.37310256958,7.053701043128967,1.5444900782313198e-06,0.0,120.51086559295655,0.000731050968170166,12.55929446220398
10,0.879419444444445,0.004166666666666667,0.0016666666666666668,0.6708333333333333,0.4633333333333333,1.2879166666666666,0.7631640245875124,0.23683597541248785,2.3684891620834683,0.35333333333333333,45.84583333333333,0.07833333333333334,141.0,0.004769361868966371,530.0408325195312,6.861651825904846,0.00039274157024919986,0.0,117.90829505920411,0.03675001859664917,13.717136144638062
11,1.0016388888888887,0.0033333333333333335,0.0016666666666666668,0.75,0.5216666666666666,1.4404166666666667,0.7730980619033846,0.2269019380966158,2.4341914955163437,0.38708333333333333,70.39375,0.28833333333333333,197.0,-0.004896098515018821,677.9825775146485,7.27440699338913,0.000150973040581448,0.0,141.01962242126464,0.00021529197692871094,14.87962293624878
12,0.9883819444444442,0.00375,0.00125,0.7166666666666667,0.5133333333333333,1.4325,0.7671465968586385,0.23285340314136127,2.393542757417103,0.3854166666666667,61.0675,0.16625,182.0,0.00339445824502036,651.5592758178711,7.259992253780365,-0.0001881268177385209,0.0,137.7980640411377,0.00041854381561279297,16.038440704345703
13,0.8676444444444447,0.0175,0.00625,0.6791666666666667,0.4683333333333333,1.2945833333333334,0.7704151915030583,0.2295848084969425,2.4158352108142904,0.3491666666666667,49.74333333333333,0.12666666666666668,178.0,-0.0014474497176706791,498.69614868164064,6.749126660823822,0.00022105226562416647,0.0,117.78653240203857,0.014913558959960938,17.194717168807983
14,0.9682069444444449,0.006666666666666667,0.0016666666666666668,0.7041666666666667,0.5025,1.4041666666666666,0.7728575667655784,0.22714243323442135,2.434718100890208,0.37833333333333335,64.98583333333333,0.22583333333333333,230.0,-0.012868750700727105,629.2205474853515,6.94422755241394,-0.00014095966180320828,0.0,135.9252986907959,0.0002630949020385742,18.334205389022827
15,0.9172611111111115,0.00375,0.0016666666666666668,0.6916666666666667,0.4825,1.3333333333333333,0.7657062499999993,0.23429375,2.3840625,0.3545833333333333,51.91291666666667,0.06125,148.0,-0.01121172234416008,559.4889038085937,6.84066561460495,-2.2539527344633824e-05,0.0,126.66543331146241,0.00021886825561523438,19.514222145080566
16,0.9706944444444455,0.004583333333333333,0.00125,0.7041666666666667,0.50375,1.395,0.7741935483870961,0.22580645161290336,2.4408602150537635,0.37416666666666665,69.61166666666666,0.19541666666666666,228.0,0.004500540718436241,606.433317565918,7.026793074607849,0.00010926054601441137,0.0,134.19512214660645,0.000156402587890625,20.685373067855835
17,0.9527236111111118,0.007916666666666667,0.0020833333333333333,0.7166666666666667,0.5020833333333333,1.3925,0.7692609216038302,0.23073907839617006,2.4087372830640335,0.37333333333333335,66.49458333333334,0.23291666666666666,158.0,-0.009173873974941672,592.8611038208007,7.164257872104645,0.00016268662481024875,0.0,132.45890159606932,9.28044319152832e-05,21.864164352416992
18,0.8981944444444447,0.007083333333333333,0.00375,0.6875,0.47458333333333336,1.3025,0.7731925783749203,0.22680742162507975,2.432181701855406,0.34708333333333335,54.52625,0.10708333333333334,141.0,-0.006434109434485436,532.6665573120117,6.930486679077148,-0.0003708306365297176,0.0,119.67111206054688,0.03519392013549805,23.01308012008667
19,0.8967472222222233,0.009583333333333333,0.002916666666666667,0.6625,0.47291666666666665,1.3066666666666666,0.7730739795918367,0.22692602040816345,2.4333545918367347,0.3458333333333333,49.79833333333333,0.12833333333333333,169.0,-0.0018130689160898328,520.7352142333984,6.667782199382782,-6.960172086110106e-05,0.0,119.62985668182372,0.01073235273361206,24.182334899902344
20,0.9379750000000006,0.00125,0.0004166666666666667,0.675,0.49375,1.3608333333333333,0.7615248009797929,0.23847519902020842,2.355786895284752,0.36291666666666667,58.4125,0.13833333333333334,153.0,-0.0020941901486366985,571.0084808349609,6.970632767677307,-6.493494220194407e-06,0.0,126.2324254989624,0.047177910804748535,25.325806856155396
21,0.9293083333333342,0.006666666666666667,0.002916666666666667,0.6791666666666667,0.48791666666666667,1.3466666666666667,0.7717636138613858,0.22823638613861374,2.421720297029703,0.36375,54.897083333333335,0.15041666666666667,158.0,-0.003451957670040429,565.9720314025878,6.8947772026062015,0.0003395935826119967,0.0,123.40559558868408,0.0487065315246582,26.478103637695312
22,0.9457583333333344,0.008333333333333333,0.0020833333333333333,0.6916666666666667,0.50375,1.3845833333333333,0.7682275052663254,0.23177249473367437,2.3981342160698165,0.37625,64.58166666666666,0.18083333333333335,164.0,0.0039935082662850615,573.877547454834,7.154031312465667,-0.0001125052571296692,0.0,128.2958541870117,0.042175352573394775,27.652047634124756
23,0.990704166666667,0.004166666666666667,0.0016666666666666668,0.7,0.5204166666666666,1.4320833333333334,0.769767238871108,0.23023276112889146,2.40791387838231,0.3875,72.39458333333333,0.28208333333333335,244.0,-0.003233011264819652,609.5233917236328,7.122151112556457,0.0003289085783762857,0.0,134.89005355834962,5.7220458984375e-05,28.816845417022705
24,0.9499416666666677,0.00125,0.0008333333333333334,0.6916666666666667,0.49291666666666667,1.3604166666666666,0.7726983154670746,0.22730168453292507,2.4278713629402757,0.365,67.33125,0.2925,192.0,0.008505219267681241,547.2805786132812,6.884705340862274,-2.692842608666979e-05,0.0,126.23814659118652,9.816884994506836e-05,29.958423614501953
25,0.9937625000000007,0.0033333333333333335,0.00125,0.7208333333333333,0.5175,1.4229166666666666,0.7724831625183021,0.2275168374816985,2.4266471449487557,0.38125,66.34041666666667,0.24958333333333332,179.0,0.009635252179577947,592.9911987304688,7.0661045670509335,-9.929609077516944e-05,0.0,134.14716987609864,8.738040924072266e-05,31.318535566329956
26,0.9533375000000008,0.004583333333333333,0.00125,0.6916666666666667,0.5016666666666667,1.37,0.7770711678832113,0.22292883211678835,2.45985401459854,0.3825,66.69625,0.21,180.0,0.002403421141207218,541.2037384033204,6.9445143103599545,0.0005736288647312903,0.0,126.66175498962403,4.500150680541992e-05,32.479305267333984
27,1.0635833333333329,0.0033333333333333335,0.0016666666666666668,0.7375,0.5483333333333333,1.5208333333333333,0.776876712328767,0.22312328767123313,2.461095890410959,0.40958333333333335,82.11458333333333,0.38166666666666665,205.0,-0.0026891333356616086,693.0140731811523,7.281987595558166,0.000125026582099963,0.0,145.1652561187744,6.139278411865234e-05,33.60923147201538
28,1.000040277777778,0.004166666666666667,0.00125,0.7166666666666667,0.5220833333333333,1.445,0.769155132641292,0.23084486735870813,2.404555940023068,0.385,72.80708333333334,0.24541666666666667,206.0,-0.005059535591863095,596.0190399169921,7.046266543865204,0.00022698454704368488,0.0,134.07906017303466,4.601478576660156e-05,34.77261686325073
29,0.9854777777777789,0.00875,0.002916666666666667,0.7041666666666667,0.52125,1.4329166666666666,0.7734748473393428,0.22652515266065718,2.435300959581274,0.39125,79.51958333333333,0.3475,193.0,-0.002639724942855537,580.4468406677246,7.131660783290863,-0.0006020287721185014,0.0,130.5547882080078,0.00011259317398071289,35.944759368896484
30,1.0285555555555563,0.00625,0.00125,0.7083333333333334,0.5345833333333333,1.48125,0.776849507735584,0.22315049226441622,2.457665260196906,0.4075,81.37875,0.3283333333333333,189.0,0.0033336279448121786,634.6801544189453,7.052711391448975,2.654265517776366e-06,0.0,136.82939376831055,5.906820297241211e-05,37.10949373245239
31,0.9438958333333337,0.0020833333333333333,0.0004166666666666667,0.6708333333333333,0.48625,1.3425,0.774006828057107,0.22599317194289265,2.436374922408442,0.3575,57.19958333333334,0.17833333333333334,174.0,0.005198588757775724,532.8122177124023,6.77526957988739,-3.782602434512228e-05,0.0,118.80097579956055,0.02689540386199951,38.26661729812622
32,1.0045236111111118,0.0,0.0,0.7166666666666667,0.5154166666666666,1.4308333333333334,0.7734973791496794,0.22650262085032055,2.435352358765288,0.3779166666666667,67.37291666666667,0.22583333333333333,236.0,-0.004081756109371781,573.4210845947266,6.964587533473969,0.0008529949351213873,0.0,131.55088119506837,5.6624412536621094e-05,39.426315784454346
33,1.0550083333333338,0.005,0.0025,0.7166666666666667,0.5479166666666667,1.5054166666666666,0.7791364517021869,0.22086354829781354,2.4707998892886796,0.41333333333333333,82.98833333333333,0.38166666666666665,203.0,-0.008708537789061666,666.0257446289063,6.891636562347412,-0.0004894684796454384,0.0,140.440864944458,4.762411117553711e-05,40.567578077316284
34,1.0264708333333339,0.0033333333333333335,0.00125,0.7166666666666667,0.5408333333333334,1.47625,0.772941010443127,0.22705898955687284,2.431555179226644,0.4033333333333333,77.60208333333334,0.27291666666666664,234.0,-0.003890451299957931,602.7181427001954,7.050155353546143,0.00042728051776066425,0.0,134.92212142944337,3.981590270996094e-05,41.70984697341919
35,1.0073527777777782,0.00375,0.0016666666666666668,0.7208333333333333,0.5258333333333334,1.4516666666666667,0.7712342135476469,0.22876578645235368,2.4184845005740527,0.3954166666666667,77.5625,0.34125,179.0,-0.0035503963474184273,572.8620414733887,7.051616704463958,-7.128113502403721e-05,0.0,130.83565616607666,2.014636993408203e-05,42.872881174087524
36,1.0479597222222214,0.00375,0.0004166666666666667,0.7208333333333333,0.5433333333333333,1.4875,0.7829887955182068,0.2170112044817926,2.500280112044818,0.39916666666666667,80.85333333333334,0.3304166666666667,203.0,-0.0019629808608442544,617.192106628418,6.821152007579803,-7.005120714893564e-05,0.0,137.12751693725585,4.708766937255859e-06,44.034146308898926
37,0.9797625000000009,0.009583333333333333,0.0020833333333333333,0.6833333333333333,0.5145833333333333,1.4041666666666666,0.7796528189910975,0.22034718100890205,2.4753709198813056,0.3625,68.03833333333333,0.24541666666666667,174.0,0.004647029913030565,569.1591018676758,6.826578891277313,0.00030315260682982624,0.0,124.05793571472168,0.12599962949752808,45.16584801673889
38,1.0632388888888895,0.0033333333333333335,0.0020833333333333333,0.7166666666666667,0.55,1.5129166666666667,0.7773175433764794,0.2226824566235199,2.459928394381713,0.40791666666666665,86.93083333333334,0.38916666666666666,205.0,0.006855143141001463,637.9701644897461,6.644655334949493,0.000776208691240754,0.0,137.90194149017333,2.7000904083251953e-05,46.332409620285034
39,1.0180166666666666,0.0033333333333333335,0.00125,0.6875,0.52625,1.4470833333333333,0.7779268643823781,0.22207313561762188,2.466455513964872,0.3858333333333333,80.11416666666666,0.3283333333333333,205.0,-0.00016859837342053652,575.2789642333985,6.885473573207856,0.0006016282160999254,0.0,130.29534168243407,1.537799835205078e-05,47.49169850349426
40,1.01371388888889,0.0025,0.0008333333333333334,0.7,0.5220833333333333,1.4379166666666667,0.7844334975369457,0.21556650246305403,2.509417560127499,0.405,70.96125,0.24,194.0,-0.01044629591051489,553.6745704650879,6.906457149982453,0.0006251599932511453,0.0,127.88335952758788,0.05515098571777344,48.65908694267273
41,1.0733555555555552,0.005833333333333334,0.0016666666666666668,0.7125,0.5529166666666666,1.5133333333333334,0.7869548458149779,0.21304515418502218,2.5245044052863435,0.40208333333333335,74.175,0.2941666666666667,202.0,-0.005212164437398315,639.4059829711914,6.735810840129853,0.00031659149390179665,0.0,138.29720935821533,2.6524066925048828e-05,49.796021938323975
42,1.038965277777778,0.0016666666666666668,0.00125,0.6833333333333333,0.5283333333333333,1.45625,0.7852217453505007,0.21477825464949943,2.512160228898426,0.3908333333333333,76.60458333333334,0.30083333333333334,195.0,0.0004310987889766693,593.2948120117187,6.674769878387451,-0.00013556932099163533,0.0,132.14519748687744,2.5033950805664062e-06,50.98520636558533
43,1.0363944444444448,0.0008333333333333334,0.0008333333333333334,0.7208333333333333,0.535,1.4595833333333332,0.785378247216672,0.21462175278332862,2.5138452754781615,0.4066666666666667,71.11208333333333,0.25,198.0,0.0002903781831264496,572.0661750793457,7.076625454425812,-0.0001473782564062276,0.0,130.88101558685304,1.4424324035644531e-05,52.15164494514465
44,1.081670833333334,0.00375,0.0004166666666666667,0.7041666666666667,0.56375,1.5441666666666667,0.7784700485698871,0.22152995143011356,2.467889908256881,0.41583333333333333,85.73041666666667,0.3725,192.0,-0.01542948242276907,641.7461013793945,6.741021072864532,0.000285363649163628,0.0,138.61409454345704,1.996755599975586e-05,53.30497479438782
45,1.0801638888888887,0.005833333333333334,0.0016666666666666668,0.7166666666666667,0.5533333333333333,1.5241666666666667,0.7880153089119737,0.21198469108802626,2.533624931656643,0.4083333333333333,86.36416666666666,0.40875,197.0,0.005259827757254243,638.8211212158203,6.901684272289276,5.9647452508215794e-05,0.0,135.66434726715087,0.018206536769866943,54.47252416610718
46,0.9898430555555552,0.002916666666666667,0.0008333333333333334,0.65,0.5041666666666667,1.3816666666666666,0.7886881785283474,0.2113118214716527,2.53437876960193,0.3625,63.943333333333335,0.2125,211.0,0.012421652278862893,537.123235321045,6.542032611370087,0.00029569978069048374,0.0,120.69319896697998,0.03968167304992676,55.634458780288696
47,1.0063055555555562,0.006666666666666667,0.002916666666666667,0.6833333333333333,0.5233333333333333,1.4295833333333334,0.7849897988924521,0.2150102011075488,2.512678519382104,0.3829166666666667,67.80916666666667,0.2808333333333333,183.0,0.0037647185381501913,534.6658370971679,6.74886417388916,0.0008510152692906559,0.0,124.57696857452393,1.9252300262451172e-05,56.81033802032471
48,1.029847222222222,0.0033333333333333335,0.0008333333333333334,0.6875,0.5258333333333334,1.4441666666666666,0.7886035776110791,0.21139642238892095,2.5375072129255627,0.38166666666666665,65.91458333333334,0.21,169.0,0.012398651297553442,564.7647918701172,6.739824938774109,2.9917926713096677e-05,0.0,125.80795516967774,0.04583477973937988,57.957767486572266
49,1.0325083333333325,0.0033333333333333335,0.0016666666666666668,0.6958333333333333,0.525,1.4508333333333334,0.7869098219414126,0.2130901780585871,2.523836875358989,0.3904166666666667,69.91541666666667,0.2629166666666667,189.0,0.004378941934555769,537.4153701782227,6.686768329143524,-0.00025304885348305107,0.0,126.65677738189697,7.569789886474609e-06,59.12340950965881
50,1.0892041666666663,0.007083333333333333,0.0025,0.725,0.5583333333333333,1.5320833333333332,0.7889828664672284,0.21101713353277116,2.5384824585259724,0.40208333333333335,87.35333333333334,0.40125,222.0,-0.0009727456374093891,625.8822158813476,6.853718638420105,-0.0002903368615079671,0.0,136.72874279022216,1.4722347259521484e-05,60.4625198841095
51,1.112027777777778,0.0004166666666666667,0.0004166666666666667,0.7125,0.5616666666666666,1.5425,0.7921934089681253,0.2078065910318746,2.561858454889249,0.40875,88.13625,0.36,272.0,0.006299091735854745,648.7885513305664,6.79603533744812,0.0010089666213843884,0.0,138.4807243347168,1.8537044525146484e-05,61.614691495895386
52,0.9972888888888892,0.01375,0.005,0.6833333333333333,0.5183333333333333,1.4229166666666666,0.7903836017569539,0.2096163982430453,2.5455344070278185,0.38416666666666666,67.33,0.2725,181.0,0.007436348567716777,499.19238433837893,6.615089762210846,-0.00012811642900487641,0.0,119.3944543838501,1.919269561767578e-05,62.75969481468201
53,1.094726388888889,0.00125,0.0004166666666666667,0.7125,0.5533333333333333,1.5233333333333334,0.788842997811816,0.211157002188184,2.538566739606127,0.39875,82.58,0.32625,230.0,-0.006844246620312333,602.6335037231445,6.792767417430878,0.0007003052160143852,0.0,134.61191444396974,1.341104507446289e-05,63.91835069656372
54,1.076269444444444,0.0020833333333333333,0.0008333333333333334,0.6833333333333333,0.5479166666666667,1.4820833333333334,0.7986730390778749,0.20132696092212543,2.599662637053697,0.40958333333333335,77.53625,0.31666666666666665,203.0,0.006548731122165918,627.1363357543945,6.6811300158500675,-0.0002565041057096096,0.0,129.6477674484253,0.05797547101974487,65.06230473518372
55,1.0311069444444438,0.007083333333333333,0.0020833333333333333,0.6583333333333333,0.53125,1.4570833333333333,0.7878152702316276,0.21218472976837308,2.5310265942236203,0.3875,70.15375,0.26875,205.0,-0.007547128404257819,566.3027282714844,6.366209089756012,0.000756265535892453,0.0,124.77981395721436,1.4007091522216797e-05,66.23915505409241
56,1.0894499999999994,0.005833333333333334,0.0016666666666666668,0.7166666666666667,0.5570833333333334,1.5229166666666667,0.7923885088919287,0.207611491108071,2.558686730506156,0.40375,77.99333333333334,0.28958333333333336,227.0,0.004571696161292493,593.848681640625,6.988756465911865,-0.00018044737516902386,0.0,131.36072483062745,0.026706039905548096,67.4128942489624
57,1.1034513888888888,0.0008333333333333334,0.0008333333333333334,0.6875,0.5541666666666667,1.5258333333333334,0.7944975423265974,0.20550245767340242,2.5737302020753687,0.4075,91.3575,0.39,208.0,0.008907725848257542,639.662183380127,6.6845497488975525,-0.00021153779816813768,0.0,132.9537052154541,8.940696716308594e-06,68.57539057731628
58,1.1215486111111104,0.002916666666666667,0.0008333333333333334,0.7166666666666667,0.57,1.5683333333333334,0.7892003188097759,0.21079968119022333,2.5393198724760895,0.42,90.14375,0.3904166666666667,268.0,0.004336691915523261,622.5823760986328,6.780735898017883,0.0004419248827616684,0.0,136.56039981842042,1.0728836059570312e-05,69.73450446128845
59,1.0888180555555558,0.0016666666666666668,0.0004166666666666667,0.6958333333333333,0.5458333333333333,1.5033333333333334,0.7958231707317078,0.2041768292682927,2.582039911308204,0.40125,81.52041666666666,0.3179166666666667,217.0,0.009146939357742667,577.3157485961914,6.790972423553467,0.00031355921819340435,0.0,129.55594139099122,5.7220458984375e-06,70.89360785484314
60,1.1002027777777772,0.002916666666666667,0.0008333333333333334,0.7041666666666667,0.5579166666666666,1.5254166666666666,0.7954984976782298,0.20450150232177,2.5815350996995354,0.41291666666666665,89.83833333333334,0.43916666666666665,221.0,0.0025028945179656147,607.6621536254883,6.7619068145751955,0.00018208680412499235,0.0,131.75052909851075,9.179115295410156e-06,72.07771110534668
61,1.1603638888888896,0.00125,0.0008333333333333334,0.725,0.5725,1.5920833333333333,0.79365087673384,0.20634912326616076,2.56241821512693,0.4075,94.86833333333334,0.4525,236.0,0.0012609551660716534,649.3080932617188,6.7395907759666445,-0.0005216028890572489,0.0,140.38254051208497,6.198883056640625e-06,73.23780035972595
62,1.1555069444444441,0.0,0.0,0.7083333333333334,0.5733333333333334,1.5754166666666667,0.7987437185929643,0.2012562814070351,2.6011637133033587,0.4083333333333333,92.07666666666667,0.4141666666666667,236.0,-0.0014972166158258916,654.3518905639648,6.596104943752289,-0.0006059572314143225,0.0,139.13634490966797,8.58306884765625e-06,74.40728378295898
63,1.0615861111111118,0.00125,0.0008333333333333334,0.65,0.5241666666666667,1.4445833333333333,0.8023190077877127,0.19768099221228735,2.626189789443323,0.37125,77.43958333333333,0.3154166666666667,196.0,0.008111665071919561,591.8893142700196,6.523119699954987,-2.7136603353028477e-05,0.0,121.04287605285644,0.09544193744659424,75.57592821121216
64,1.1580208333333333,0.004166666666666667,0.0016666666666666668,0.725,0.58,1.59,0.7993317610062894,0.20066823899371083,2.604559748427673,0.40625,100.48541666666667,0.50375,244.0,-0.0013422960648313165,656.2089996337891,6.842275989055634,-7.114281906979158e-05,0.0,139.64589500427246,1.1801719665527344e-05,76.7390398979187
65,1.1636666666666668,0.0,0.0,0.7291666666666666,0.5725,1.5654166666666667,0.8097684322597816,0.19023156774021815,2.673143465531009,0.41375,88.92708333333333,0.35125,283.0,-0.0026140608824789524,640.3468048095704,6.746097981929779,0.0006286895106313751,0.0,138.539302444458,3.993511199951172e-06,77.90232443809509
66,1.0927861111111108,0.0016666666666666668,0.0004166666666666667,0.6833333333333333,0.5404166666666667,1.4870833333333333,0.8034519473241803,0.19654805267581954,2.636312692630989,0.37958333333333333,74.16666666666667,0.27125,186.0,-0.012939107790589332,571.164094543457,6.573902332782746,-0.00014895352651365102,0.0,127.28225135803223,0.03795146942138672,79.07955002784729
67,1.139845833333334,0.004583333333333333,0.0016666666666666668,0.6833333333333333,0.5720833333333334,1.56,0.8037206196581193,0.1962793803418803,2.635149572649573,0.41041666666666665,94.28166666666667,0.47125,252.0,0.0028644797392189504,653.7712265014649,6.535265922546387,0.00047107851423788816,0.0,135.6705223083496,1.0251998901367188e-05,80.24280023574829
68,1.0783888888888895,0.005,0.0016666666666666668,0.6916666666666667,0.5333333333333333,1.45875,0.8137103684661517,0.18628963153384745,2.704370179948586,0.3879166666666667,75.8925,0.29125,228.0,-0.006215187057387083,552.6824172973633,6.6268271684646605,-0.00043066097277915104,0.0,125.24471073150634,5.4836273193359375e-06,81.3965516090393
69,1.1057736111111103,0.004583333333333333,0.0016666666666666668,0.7083333333333334,0.5579166666666666,1.5133333333333334,0.8058067180616738,0.19419328193832613,2.6481277533039647,0.40541666666666665,81.91541666666667,0.3695833333333333,246.0,-0.011507847718894482,571.4257034301758,6.769213092327118,-0.00037602977899950927,0.0,128.94127807617187,8.046627044677734e-06,82.58270287513733
70,1.2106361111111112,0.0020833333333333333,0.0008333333333333334,0.725,0.595,1.62625,0.8120317704330009,0.1879682295669998,2.6907507045862156,0.4216666666666667,102.48958333333333,0.4583333333333333,251.0,-0.0034855376463383434,703.859097290039,6.717020797729492,0.00034634265648492146,0.0,144.75091056823732,8.52346420288086e-06,83.73673939704895
71,1.1894180555555551,0.0,0.0,0.7125,0.585,1.6008333333333333,0.8100650702758977,0.18993492972410195,2.678292555960437,0.4216666666666667,99.69875,0.46875,240.0,0.006086166738532484,667.1782165527344,6.715997183322907,0.0009890180683214567,0.0,139.41242866516114,0.09680819511413574,84.89455676078796
72,1.1272625000000003,0.0075,0.0016666666666666668,0.7083333333333334,0.5629166666666666,1.5279166666666666,0.8153613307881105,0.18463866921188982,2.7131169893646034,0.4041666666666667,84.87208333333334,0.41291666666666665,219.0,0.0014604316325858234,602.7917541503906,6.541384387016296,0.00030295108335849364,0.0,131.61517162322997,6.9141387939453125e-06,86.05481123924255
73,1.2023875000000004,0.0,0.0,0.7333333333333333,0.5883333333333334,1.6258333333333332,0.8060558687852377,0.19394413121476173,2.6504356740133264,0.42791666666666667,98.86583333333333,0.495,228.0,-0.004599049704847857,655.8878997802734,6.673498213291168,5.6373843108303845e-05,0.0,140.7198715209961,5.066394805908203e-06,87.23061108589172
74,1.1770666666666667,0.0016666666666666668,0.0008333333333333334,0.7041666666666667,0.5733333333333334,1.57,0.8155414012738854,0.1844585987261147,2.711783439490446,0.40208333333333335,92.25708333333333,0.44625,238.0,0.0037995003629475834,633.9195701599122,6.438972699642181,0.0008611673663835972,0.0,135.58596801757812,3.635883331298828e-06,88.41773891448975
75,1.1594625000000007,0.00375,0.0016666666666666668,0.7166666666666667,0.57125,1.5570833333333334,0.8147471233609846,0.18525287663901502,2.7093925608777094,0.4066666666666667,87.19375,0.34833333333333333,245.0,-0.005261026485823095,600.587353515625,6.539396262168884,0.000305360033235047,0.0,132.5959888458252,3.874301910400391e-06,89.76612496376038
76,1.104347222222223,0.0020833333333333333,0.0008333333333333334,0.6791666666666667,0.5433333333333333,1.4829166666666667,0.8128968811463899,0.1871031188536104,2.69570103961787,0.38333333333333336,77.42541666666666,0.3125,185.0,0.002720326115377247,538.8204643249512,6.365669178962707,0.00037545764571405015,0.0,123.26710758209228,2.5033950805664062e-06,90.9185950756073
77,1.1768541666666659,0.0033333333333333335,0.0016666666666666668,0.7333333333333333,0.57875,1.5816666666666668,0.8112355110642775,0.18876448893572176,2.6825605900948366,0.4058333333333333,93.16041666666666,0.44416666666666665,252.0,-0.011167899332940578,615.0661834716797,6.6177506923675535,0.0007286297186510637,0.0,135.6263032913208,2.6226043701171875e-06,92.08500146865845
78,1.1400499999999996,0.004583333333333333,0.0025,0.6833333333333333,0.5583333333333333,1.5279166666666666,0.8121407144805013,0.18785928551949824,2.6891191709844557,0.37875,86.1925,0.38125,261.0,-0.011850615544244648,596.9968551635742,6.290195572376251,-1.8394659855403005e-05,0.0,128.27629299163817,0.0274505615234375,93.23983120918274
79,1.145226388888889,0.00125,0.0008333333333333334,0.6916666666666667,0.5604166666666667,1.5329166666666667,0.8118265833106828,0.18817341668931778,2.6874150584397936,0.39458333333333334,85.61208333333333,0.3325,310.0,-0.008507741568610071,585.7796051025391,6.477148318290711,0.0004214337561279535,0.0,128.7539258956909,4.351139068603516e-06,94.40894031524658
80,1.1973416666666683,0.0008333333333333334,0.0004166666666666667,0.7041666666666667,0.5779166666666666,1.5916666666666666,0.8154764397905763,0.18452356020942418,2.712041884816754,0.39958333333333335,91.87541666666667,0.39875,241.0,-0.0008396961493417621,639.9433822631836,6.4527597546577455,-4.2320864667999555e-05,0.0,136.35077133178712,2.6226043701171875e-06,95.57193922996521
81,1.157730555555556,0.008333333333333333,0.0016666666666666668,0.6916666666666667,0.56375,1.5375,0.8251273712737124,0.17487262872628703,2.7775067750677507,0.3904166666666667,89.52291666666666,0.4066666666666667,253.0,-0.00591526793432422,595.8933120727539,6.33801189661026,-0.00024208635622926522,0.0,129.90779056549073,3.874301910400391e-06,96.75343084335327
82,1.1506736111111122,0.0004166666666666667,0.0004166666666666667,0.7166666666666667,0.5679166666666666,1.53,0.8153458605664484,0.18465413943355127,2.712962962962963,0.39416666666666667,83.15166666666667,0.35,250.0,7.522357627749443e-05,555.618276977539,6.408188462257385,0.000691944221398444,0.0,127.65134239196777,3.874301910400391e-06,97.92463159561157
83,1.2558527777777777,0.0008333333333333334,0.0004166666666666667,0.7166666666666667,0.59625,1.645,0.8206382978723399,0.17936170212765964,2.74468085106383,0.38916666666666666,104.49958333333333,0.49166666666666664,277.0,0.002698506123851985,690.2412719726562,6.2954518556594845,-0.0003034154200577177,0.0,143.62317237854003,4.172325134277344e-06,99.08838653564453
84,1.3267986111111112,0.0033333333333333335,0.00125,0.7375,0.635,1.7433333333333334,0.8216180688336526,0.17838193116634798,2.7526290630975145,0.4216666666666667,119.21375,0.59125,291.0,-0.0006501327734440565,804.389631652832,6.48468017578125,0.0006642956283030799,0.0,156.02607841491698,6.377696990966797e-06,100.25303149223328
85,1.2069458333333338,0.0008333333333333334,0.0004166666666666667,0.7291666666666666,0.5866666666666667,1.5925,0.8191182626896903,0.18088173731030868,2.7341705913134486,0.40708333333333335,95.91041666666666,0.42875,280.0,0.0015904608881101012,610.4432769775391,6.5401308059692385,0.00012646430222957862,0.0,134.87462272644044,3.874301910400391e-06,101.39490818977356
86,1.189201388888889,0.0004166666666666667,0.0004166666666666667,0.7166666666666667,0.5691666666666667,1.5583333333333333,0.823596256684492,0.1764037433155079,2.7636363636363637,0.3933333333333333,97.83416666666666,0.46791666666666665,227.0,0.008395869145169854,596.8793121337891,6.407179987430572,0.0002960739162517712,0.0,130.5774034500122,1.4901161193847656e-06,102.53917741775513
87,1.114065277777776,0.004583333333333333,0.00125,0.6833333333333333,0.54625,1.4883333333333333,0.8158146696528545,0.18418533034714446,2.7144456886898096,0.37666666666666665,86.16583333333334,0.39125,233.0,0.004757804749533534,515.4555473327637,6.184998893737793,0.0007548240797859762,0.0,118.187109375,2.7418136596679688e-06,103.69136452674866
88,1.2981513888888891,0.00125,0.0008333333333333334,0.7333333333333333,0.6175,1.6983333333333333,0.8232899901864571,0.17671000981354285,2.7612855740922475,0.41291666666666665,106.48791666666666,0.5054166666666666,264.0,9.780116379261017e-05,727.7697479248047,6.439842081069946,-0.0006002506270306185,0.0,148.34855613708496,2.5033950805664062e-06,104.85604286193848
89,1.2217500000000008,0.0008333333333333334,0.0008333333333333334,0.725,0.5829166666666666,1.60375,0.8192257729280329,0.18077422707196658,2.7344764873993244,0.38375,93.3075,0.42041666666666666,235.0,0.003027273761108518,607.0825881958008,6.561993956565857,-0.00017661447927821427,0.0,135.1304874420166,9.5367431640625e-07,106.011479139328
90,1.2225986111111118,0.0,0.0,0.7208333333333333,0.5754166666666667,1.5966666666666667,0.822434759916493,0.1775652400835073,2.7536534446764094,0.38666666666666666,95.19208333333333,0.39625,260.0,-0.0062979403883218765,616.8010223388671,6.255113637447357,-0.0003519609531622336,0.0,134.32190017700196,2.682209014892578e-06,107.18485832214355
91,1.309870833333333,0.0020833333333333333,0.00125,0.7291666666666666,0.6195833333333334,1.6954166666666666,0.8286286556893577,0.1713713443106413,2.795772917178668,0.39416666666666667,108.95875,0.5104166666666666,268.0,-0.004935405403375626,735.3964172363281,6.451159155368805,-0.0010975791774399113,0.0,148.97294082641602,2.9802322387695312e-06,108.364661693573
92,1.2533263888888884,0.006666666666666667,0.0008333333333333334,0.7416666666666667,0.6025,1.6479166666666667,0.8253223767383062,0.17467762326169403,2.7767383059418456,0.39916666666666667,102.86375,0.5054166666666666,274.0,0.0006378292571753263,653.0673797607421,6.4316982388496395,-0.00024413291830569506,0.0,139.38800220489503,3.635883331298828e-06,109.53083872795105
93,1.2095750000000005,0.0,0.0,0.7,0.5695833333333333,1.5675,0.8258851674641152,0.17411483253588522,2.7791068580542264,0.36125,90.66083333333333,0.39625,250.0,-0.004570392519235611,585.4925933837891,6.324311935901642,-9.31641163333552e-05,0.0,130.66351089477538,1.0728836059570312e-06,110.70669746398926
94,1.1958805555555563,0.0020833333333333333,0.0004166666666666667,0.6916666666666667,0.5775,1.5695833333333333,0.8211521104327044,0.1788478895672949,2.745951685691532,0.38916666666666666,94.21041666666666,0.4241666666666667,215.0,0.0032129152677953243,585.7422500610352,6.1355169177055355,-0.00044806230871472506,0.0,128.24397315979004,1.8477439880371094e-06,111.8686134815216
95,1.1916583333333333,0.004583333333333333,0.0025,0.7041666666666667,0.5804166666666667,1.5825,0.8167403896787778,0.18325961032122182,2.7177461822011586,0.3875,89.85083333333333,0.4083333333333333,232.0,0.0010036655701696872,563.659270477295,6.181266450881958,0.0016220386372879148,0.0,126.83710060119628,2.9802322387695312e-06,113.0343542098999
96,1.2712763888888887,0.004583333333333333,0.0025,0.7208333333333333,0.60375,1.6554166666666668,0.8276440976592002,0.17235590234080034,2.790838157563554,0.3883333333333333,101.14375,0.47541666666666665,294.0,0.007448695949278772,672.4145355224609,6.014333832263946,0.0006426422041840851,0.0,139.33809833526612,3.5762786865234375e-06,114.18042206764221
97,1.2449999999999997,0.002916666666666667,0.00125,0.725,0.5916666666666667,1.6204166666666666,0.8236050398560034,0.17639496014399586,2.760863975314991,0.3670833333333333,95.95,0.41791666666666666,299.0,-0.0038228177465498446,616.3257614135742,6.149558341503143,-0.0010333698330214248,0.0,135.12903156280518,2.0265579223632812e-06,115.33072590827942
98,1.3113138888888887,0.0,0.0,0.7375,0.6154166666666666,1.6925,0.8279960610536681,0.17200393894633176,2.79123584441162,0.39666666666666667,107.39083333333333,0.525,262.0,-0.008469848777167499,702.034945678711,6.359605133533478,0.00043271309114061295,0.0,145.1236873626709,1.9669532775878906e-06,116.47971725463867
99,1.3121152777777778,0.0020833333333333333,0.00125,0.7375,0.6195833333333334,1.7058333333333333,0.8248436736687833,0.17515632633121628,2.7681973619931606,0.3954166666666667,113.63,0.55875,291.0,0.00442999042570591,688.6068069458008,6.351451444625854,0.00029883222135822506,0.0,144.03179931640625,2.5033950805664062e-06,117.62633967399597
100,1.2145486111111115,0.0,0.0,0.6833333333333333,0.5645833333333333,1.55125,0.8313859790491536,0.1686140209508459,2.8122481869460114,0.33666666666666667,85.26875,0.39416666666666667,226.0,0.003830257593654096,598.0487007141113,5.977722156047821,-0.0007515984376368579,0.0,125.84247188568115,0.010452091693878174,118.97964930534363
101,1.2154833333333335,0.00125,0.0004166666666666667,0.7083333333333334,0.5704166666666667,1.5741666666666667,0.825611434621493,0.17438856537850708,2.774219163578613,0.3641666666666667,96.9125,0.4675,294.0,-0.003533523960504681,566.4590484619141,5.897272408008575,0.00047714044339954855,0.0,127.75373668670655,1.5497207641601562e-06,120.14631390571594
102,1.2259916666666673,0.005833333333333334,0.0020833333333333333,0.725,0.5858333333333333,1.595,0.8274242424242428,0.17257575757575752,2.7873563218390807,0.36083333333333334,87.19291666666666,0.38708333333333333,222.0,-0.0017558844760060311,567.7480422973633,6.066330695152283,-0.0001262594036234077,0.0,129.1879041671753,1.3113021850585938e-06,121.30952405929565
103,1.201188888888889,0.00375,0.00125,0.6875,0.5758333333333333,1.565,0.8257507987220445,0.17424920127795535,2.777156549520767,0.36625,89.88,0.43,235.0,0.012311737798154355,566.7454086303711,5.8989393472671505,0.0004454061847354751,0.0,124.12927684783935,1.7881393432617188e-06,122.47283244132996
104,1.240559722222222,0.0004166666666666667,0.0004166666666666667,0.7125,0.58375,1.5991666666666666,0.8288196977592499,0.1711803022407504,2.79833246482543,0.365,99.47375,0.49333333333333335,249.0,-0.0020674017956480383,592.3651298522949,5.974402678012848,0.0006736241150065326,0.0,129.777152633667,1.430511474609375e-06,123.66056609153748
105,1.2071499999999993,0.0008333333333333334,0.0008333333333333334,0.6916666666666667,0.5691666666666667,1.5525,0.8293505099302202,0.17064949006978,2.801663982823403,0.3491666666666667,91.56958333333333,0.41125,259.0,-0.0037614285945892336,562.5876914978028,5.873021709918976,0.00014771655987715348,0.0,123.69321632385254,1.9669532775878906e-06,124.82805752754211
106,1.3058083333333332,0.0008333333333333334,0.0008333333333333334,0.7333333333333333,0.6179166666666667,1.6825,0.8274987617632492,0.17250123823675087,2.7872709262010895,0.37333333333333335,105.2475,0.5029166666666667,274.0,0.004358823876827955,649.6527938842773,6.2739032983779905,0.00037482192856259645,0.0,139.35016136169435,1.430511474609375e-06,125.99502110481262
107,1.154630555555556,0.0008333333333333334,0.0004166666666666667,0.6541666666666667,0.5358333333333334,1.47,0.8351133786848068,0.16488662131519274,2.8381519274376417,0.3275,82.20583333333333,0.3641666666666667,192.0,-0.000809241714887321,509.0961433410645,5.823905730247498,0.0004205544788419502,0.0,113.69974918365479,0.01500391960144043,127.17560696601868
108,1.2295833333333335,0.0,0.0,0.7041666666666667,0.5733333333333334,1.5875,0.8261154855643044,0.17388451443569558,2.7774278215223096,0.36875,107.5225,0.56625,217.0,-0.011796680558472872,599.5147720336914,5.8675588965415955,0.00040741924167377876,0.0,126.09633560180664,1.9669532775878906e-06,128.34552121162415
109,1.249279166666666,0.005416666666666667,0.0008333333333333334,0.7125,0.5883333333333334,1.6145833333333333,0.8301341935483867,0.16986580645161287,2.8061935483870966,0.35791666666666666,96.31875,0.45708333333333334,236.0,-0.006422878196462989,588.0209083557129,6.037958204746246,-0.0005829617846757173,0.0,130.519144821167,1.4901161193847656e-06,129.49959635734558
110,1.3190277777777772,0.0,0.0,0.725,0.61,1.6816666666666666,0.8325074331020811,0.16749256689791878,2.8213577799801786,0.3645833333333333,106.32541666666667,0.5083333333333333,267.0,-0.005316851567476988,661.3783645629883,5.803124034404755,0.00034231914323754606,0.0,139.48481826782228,8.344650268554688e-07,130.64578533172607
111,1.1781444444444436,0.0025,0.0016666666666666668,0.6958333333333333,0.5595833333333333,1.5170833333333333,0.828860203240868,0.17113979675913216,2.7951112331776984,0.33208333333333334,80.18083333333334,0.3095833333333333,237.0,0.016453459463082253,497.3972877502441,5.753650629520417,0.00022648040030617266,0.0,115.6953577041626,1.430511474609375e-06,131.79455828666687
112,1.3218013888888895,0.0016666666666666668,0.00125,0.725,0.61,1.6745833333333333,0.837394874346853,0.16260512565314753,2.8531973127643693,0.35833333333333334,102.52541666666667,0.4820833333333333,265.0,-0.010858186567202211,657.2797241210938,5.889562964439392,-0.00021284944377839566,0.0,138.96879615783692,1.1920928955078125e-06,132.94438695907593
113,1.1522013888888896,0.015,0.0025,0.6833333333333333,0.5545833333333333,1.51,0.8304221854304638,0.1695778145695364,2.8054635761589406,0.32666666666666666,78.02791666666667,0.3695833333333333,220.0,-0.0026875903946347534,483.45253677368163,5.6854367852211,0.0007627984814462252,0.0,112.62637672424316,2.5033950805664062e-06,134.10078477859497
114,1.3213166666666667,0.0,0.0,0.7416666666666667,0.6145833333333334,1.6795833333333334,0.8333316794839992,0.1666683205160011,2.825353510295212,0.35875,107.37125,0.5058333333333334,247.0,0.006886840192601084,624.4311386108399,5.84904807806015,0.00041229664420825427,0.0,136.6075071334839,8.940696716308594e-07,135.25040102005005
115,1.2884486111111113,0.004583333333333333,0.00125,0.7208333333333333,0.5908333333333333,1.6283333333333334,0.8403556806550662,0.15964431934493345,2.8748720573183215,0.32875,94.98833333333333,0.4275,254.0,-0.0001778200501576066,605.5078811645508,5.843780720233918,-0.0003024338744580746,0.0,131.3286476135254,0.02239048480987549,136.4178307056427
116,1.293161111111111,0.0004166666666666667,0.0004166666666666667,0.725,0.5975,1.6404166666666666,0.8352603505207012,0.16473964947929903,2.840487680975362,0.33791666666666664,97.99208333333333,0.5025,229.0,0.0014063482172787189,594.9012145996094,5.876809704303741,0.00025886736693792045,0.0,131.7274808883667,8.940696716308594e-07,137.58186650276184
117,1.2655180555555554,0.00625,0.0016666666666666668,0.6958333333333333,0.5866666666666667,1.61125,0.8370597362296351,0.1629402637703647,2.8510473235065943,0.32625,81.9075,0.35083333333333333,241.0,0.0034249789314344525,588.8312355041504,5.610374271869659,-0.0006005776725942269,0.0,127.25075416564941,1.2516975402832031e-06,138.7321765422821
118,1.2808680555555552,0.004583333333333333,0.0016666666666666668,0.7083333333333334,0.59625,1.6270833333333334,0.8352752880921894,0.16472471190781046,2.8381562099871958,0.31916666666666665,98.21583333333334,0.48625,287.0,0.006758229108527303,576.7771476745605,5.757205367088318,0.0007826609187759459,0.0,128.66476593017578,7.748603820800781e-07,139.8730447292328
119,1.258926388888889,0.0004166666666666667,0.0004166666666666667,0.7041666666666667,0.5841666666666666,1.5941666666666667,0.8320935703084159,0.1679064296915838,2.817302665969681,0.29791666666666666,94.42708333333333,0.43833333333333335,240.0,-0.009823085553944112,553.6758613586426,5.499151885509491,-0.00039569479449710345,0.0,125.68315887451172,8.940696716308594e-07,141.02603936195374
120,1.1523291666666668,0.0,0.0,0.6666666666666666,0.545,1.4745833333333334,0.827942921729302,0.17205707827069794,2.7894885560892906,0.3129166666666667,84.87416666666667,0.39625,204.0,0.00621652053669095,466.1500411987305,5.340867340564728,0.0012622329697478563,0.0,106.19030494689942,0.10372549295425415,142.15272569656372
121,1.3192722222222222,0.0008333333333333334,0.0004166666666666667,0.7208333333333333,0.61375,1.6704166666666667,0.8324819156896985,0.16751808431030202,2.819156896981791,0.32375,105.10666666666667,0.48625,255.0,-0.006201994838193059,610.475862121582,5.430918550491333,0.00042374933836981655,0.0,133.62520084381103,4.76837158203125e-07,143.2956805229187
122,1.2271930555555555,0.0,0.0,0.6916666666666667,0.56375,1.54375,0.8349338731443982,0.16506612685560065,2.8337381916329285,0.28708333333333336,84.92375,0.3516666666666667,235.0,0.003920764662325382,504.4111503601074,5.487947154045105,-0.000192982263979502,0.0,116.97061862945557,1.2516975402832031e-06,144.4397954940796
123,1.2196486111111107,0.00625,0.0025,0.6875,0.5633333333333334,1.5408333333333333,0.8395051379123857,0.1604948620876149,2.8664142779881017,0.2916666666666667,83.43125,0.37875,212.0,0.0021263602189719676,510.25621871948243,5.498529243469238,-0.00033718446793500333,0.0,116.78076305389405,0.03862887620925903,145.58325743675232
124,1.2877583333333333,0.0,0.0,0.7125,0.5941666666666666,1.6295833333333334,0.8334492457172075,0.1665507542827922,2.8253643569419586,0.32708333333333334,100.04833333333333,0.4825,312.0,-0.0012316735927015543,564.8050804138184,5.571993041038513,0.00038179999974090605,0.0,126.41278114318848,6.556510925292969e-07,146.7331199645996
125,1.2080152777777775,0.009166666666666667,0.0020833333333333333,0.675,0.56375,1.5366666666666666,0.8392272234273314,0.16077277657266809,2.8655097613882865,0.29041666666666666,83.21083333333333,0.35875,252.0,0.008666344219818711,472.3198776245117,5.352868902683258,0.00038081352395238357,0.0,113.60919876098633,5.364418029785156e-07,148.03822708129883
126,1.347427777777779,0.0,0.0,0.7291666666666666,0.6158333333333333,1.6866666666666668,0.8384782608695648,0.16152173913043485,2.859189723320158,0.31583333333333335,104.56166666666667,0.50625,243.0,0.0017521132598631085,619.931974029541,5.642601466178894,0.00010764030739665031,0.0,134.72024955749512,4.172325134277344e-07,149.18778777122498
127,1.3469847222222238,0.0020833333333333333,0.00125,0.7416666666666667,0.62125,1.70625,0.8340488400488403,0.16595115995115978,2.831013431013431,0.3204166666666667,108.77333333333333,0.5129166666666667,281.0,-0.004447354690637439,616.8419754028321,5.613922476768494,0.000914263712184038,0.0,134.91957092285156,7.748603820800781e-07,150.34496474266052
128,1.281597222222222,0.007916666666666667,0.0016666666666666668,0.7166666666666667,0.5995833333333334,1.6308333333333334,0.8350792028615228,0.16492079713847735,2.835462442514052,0.3020833333333333,95.9325,0.455,257.0,-0.0038920429069548845,555.9554969787598,5.443585455417633,-0.00012986438159714452,0.0,124.88835105895996,1.0728836059570312e-06,151.51521944999695
129,1.300658333333333,0.004166666666666667,0.00125,0.7333333333333333,0.6025,1.6366666666666667,0.8402698574338086,0.15973014256619145,2.871181262729124,0.31416666666666665,108.01916666666666,0.51125,278.0,0.0034518270753324033,571.5927749633789,5.533938956260681,-0.00041067705751629546,0.0,125.20949668884278,4.172325134277344e-07,152.67988204956055
130,1.3061847222222223,0.0,0.0,0.7291666666666666,0.6041666666666666,1.6316666666666666,0.8402732379979571,0.15972676200204297,2.871297242083759,0.30666666666666664,99.7225,0.47291666666666665,241.0,-0.0009957587346434594,573.8928024291993,5.514338886737823,7.796119898557663e-05,0.0,126.24955177307129,8.940696716308594e-07,153.81866145133972
131,1.2507388888888888,0.00375,0.0020833333333333333,0.6958333333333333,0.57875,1.58,0.8380643459915612,0.1619356540084389,2.8557489451476794,0.3125,82.52875,0.35541666666666666,241.0,-0.000553229684010148,512.6134216308594,5.461737811565399,2.4052755907177926e-05,0.0,117.23256797790528,5.364418029785156e-07,154.9546139240265
132,1.2583861111111105,0.0033333333333333335,0.0020833333333333333,0.6958333333333333,0.5775,1.5795833333333333,0.8407966235821681,0.1592033764178316,2.87470324452651,0.30333333333333334,98.91666666666667,0.4116666666666667,243.0,0.004931120132096112,510.57256469726565,5.322146856784821,0.0002319966173672583,0.0,116.97453994750977,5.960464477539062e-07,156.12780809402466
133,1.1656694444444442,0.002916666666666667,0.0016666666666666668,0.6875,0.53625,1.46875,0.8370042553191495,0.16299574468085107,2.8485106382978724,0.27416666666666667,71.26125,0.2966666666666667,221.0,-0.009434753831010311,396.5375701904297,5.3357123851776125,0.0004039575323986355,0.0,101.4602207183838,5.364418029785156e-07,157.2846941947937
134,1.267243055555554,0.0025,0.0008333333333333334,0.6958333333333333,0.5808333333333333,1.5845833333333332,0.8389560872995003,0.16104391270049964,2.8608992900341836,0.27166666666666667,86.28375,0.3595833333333333,287.0,-0.012681576190516353,519.1797912597656,5.443507063388824,0.0006140396781120216,0.0,118.43694324493408,7.748603820800781e-07,158.45193719863892
135,1.2560013888888892,0.00625,0.002916666666666667,0.6958333333333333,0.5829166666666666,1.5825,0.8423038441284887,0.1576961558715114,2.8849394418114795,0.305,94.05375,0.41291666666666665,307.0,0.013757632789202034,496.2738784790039,5.541862535476684,-0.00046812254295218735,0.0,116.19183769226075,4.76837158203125e-07,159.6110541820526
136,1.2646791666666677,0.00125,0.0004166666666666667,0.7125,0.5883333333333334,1.5979166666666667,0.8365658409387224,0.1634341590612777,2.844850065189048,0.3308333333333333,96.64375,0.40708333333333335,289.0,0.009742585755884648,491.716967010498,5.72193421125412,0.0001023151577101089,0.0,115.13457012176514,3.5762786865234375e-07,160.76582169532776
137,1.2518027777777785,0.00125,0.0004166666666666667,0.7083333333333334,0.5791666666666667,1.56875,0.8398831341301459,0.16011686586985402,2.8666666666666667,0.3025,92.30541666666667,0.45375,212.0,0.01271411518100649,457.34946212768557,5.378188490867615,0.0010474578317371196,0.0,112.46825828552247,1.1920928955078125e-07,161.90355491638184
138,1.2887430555555552,0.004166666666666667,0.00125,0.7291666666666666,0.5966666666666667,1.62125,0.8404394757131842,0.15956052428681577,2.87124132613724,0.32,99.495,0.465,261.0,-0.0035967479925602674,537.1522224426269,5.584207761287689,-7.6387823355617e-05,0.0,120.7802131652832,5.960464477539062e-07,163.06139206886292
139,1.332618055555556,0.0025,0.0008333333333333334,0.725,0.6145833333333334,1.6675,0.8420664667666171,0.1579335332333833,2.8818090954522737,0.3225,108.72541666666666,0.5416666666666666,306.0,0.003306627389974892,575.6515289306641,5.646170282363892,0.00046637561947591164,0.0,125.79295959472657,7.152557373046875e-07,164.21319770812988
140,1.2132958333333337,0.0033333333333333335,0.0025,0.6875,0.555,1.53,0.840253267973857,0.15974673202614392,2.871732026143791,0.30666666666666664,77.57375,0.32958333333333334,248.0,-0.002150874468497932,429.1076095581055,5.401019954681397,-0.0004511661689321045,0.0,106.02084064483643,0.015720665454864502,165.3525264263153
141,1.2752902777777788,0.0008333333333333334,0.0004166666666666667,0.6916666666666667,0.5845833333333333,1.6070833333333334,0.8386129115893185,0.1613870884106818,2.8620689655172415,0.3325,99.3175,0.43041666666666667,255.0,-0.0009490035008639097,507.9181823730469,5.486908006668091,0.0004865474082180299,0.0,114.9168104171753,2.384185791015625e-07,166.49149250984192
142,1.2560319444444443,0.0016666666666666668,0.00125,0.7125,0.57875,1.5866666666666667,0.836084558823529,0.16391544117647047,2.841386554621849,0.3179166666666667,97.81833333333333,0.5208333333333334,272.0,-0.005692819909017999,455.7524833679199,5.595274758338928,-6.558508321177214e-05,0.0,111.85350646972657,0.02363210916519165,167.63028264045715
143,1.2761861111111112,0.00125,0.0004166666666666667,0.6875,0.5825,1.61125,0.838293250581847,0.1617067494181537,2.859581070597362,0.3333333333333333,93.47666666666667,0.44708333333333333,256.0,0.006843469711020589,495.3164596557617,5.635607063770294,8.16597144876141e-05,0.0,113.8164218902588,1.7881393432617188e-07,168.77752232551575
144,1.2640027777777783,0.0008333333333333334,0.0008333333333333334,0.7041666666666667,0.5829166666666666,1.59625,0.8368415557295745,0.1631584442704255,2.846776298616549,0.33375,90.67791666666666,0.3729166666666667,246.0,0.006512330775149166,465.54406509399416,5.635664117336273,0.0001272045250516385,0.0,110.9241132736206,2.384185791015625e-07,169.91408252716064
145,1.2885347222222234,0.0025,0.0016666666666666668,0.7125,0.59625,1.6291666666666667,0.8375063938618929,0.1624936061381073,2.8539641943734013,0.3308333333333333,95.85,0.4429166666666667,231.0,0.005730807245709002,494.0505935668945,5.680651271343232,6.308103875198867e-05,0.0,115.4941888809204,0.02006995677947998,171.08190274238586
146,1.308052777777778,0.0,0.0,0.7166666666666667,0.6016666666666667,1.6525,0.8350126071608674,0.16498739283913272,2.8345940494200708,0.33916666666666667,100.3175,0.4575,255.0,-0.00017003592802211642,496.18701248168946,5.695002484321594,7.637217495357618e-05,0.0,116.81066856384277,4.172325134277344e-07,172.22279357910156
147,1.2057763888888884,0.005416666666666667,0.0016666666666666668,0.6833333333333333,0.565,1.54125,0.8342876453095435,0.1657123546904569,2.829954041632874,0.3254166666666667,86.94208333333333,0.38875,215.0,-0.0055231914389878515,406.51423263549805,5.520867669582367,-0.0002702331788896117,0.0,102.26504917144776,0.019531965255737305,173.3818531036377
148,1.292486111111111,0.0,0.0,0.7208333333333333,0.5954166666666667,1.6366666666666667,0.8339613034623214,0.16603869653767817,2.8276476578411405,0.3425,98.42791666666666,0.4866666666666667,272.0,-0.005268443236127495,465.45525588989256,5.650934052467346,-0.0003503144422211335,0.0,113.78182868957519,1.1920928955078125e-07,174.52974796295166
149,1.2976708333333324,0.0016666666666666668,0.0004166666666666667,0.7291666666666666,0.6041666666666666,1.65,0.8344469696969697,0.16555303030303026,2.8325757575757575,0.35125,106.085,0.5204166666666666,274.0,0.0055991180939599875,463.5095390319824,5.8841274857521055,-0.0003108311015239451,0.0,113.76463470458984,1.1920928955078125e-07,175.67630290985107
150,1.1906597222222224,0.0,0.0,0.6833333333333333,0.5545833333333333,1.5066666666666666,0.8352461283185842,0.16475387168141584,2.836283185840708,0.3145833333333333,81.87833333333333,0.3641666666666667,224.0,-0.0063422597799217325,368.05833129882814,5.533347201347351,-0.0001524927676655352,0.0,96.86357307434082,1.7881393432617188e-07,177.01166605949402
151,1.296408333333334,0.00125,0.0008333333333333334,0.7333333333333333,0.5966666666666667,1.6304166666666666,0.8402453360592895,0.15975466394071036,2.871709685663174,0.32625,97.18791666666667,0.43416666666666665,259.0,0.005063445167616009,450.8080657958984,5.857349324226379,0.0005265297621008358,0.0,112.5763011932373,-1.1920928955078125e-07,178.15531659126282
152,1.2178319444444443,0.005,0.0004166666666666667,0.7083333333333334,0.5679166666666666,1.5545833333333334,0.8343956043956047,0.16560439560439563,2.832216563923881,0.31666666666666665,93.445,0.43916666666666665,305.0,-0.003858083439990878,400.35880584716796,5.692676615715027,0.0007319507345528109,0.0,99.18817501068115,5.960464477539063e-08,179.31035375595093
153,1.2258666666666653,0.0,0.0,0.6791666666666667,0.5625,1.5466666666666666,0.8375754310344828,0.16242456896551727,2.8542564655172415,0.32416666666666666,89.72125,0.3975,239.0,-0.009043441410176456,396.67724456787107,5.57346955537796,0.0019346715291248984,0.0,99.99855709075928,0.016490817070007324,180.4501655101776
154,1.2393541666666663,0.002916666666666667,0.0008333333333333334,0.7,0.5816666666666667,1.5870833333333334,0.8307823575741665,0.1692176424258335,2.8059858230506696,0.3433333333333333,84.48083333333334,0.3258333333333333,287.0,-0.003959465632215142,401.511971282959,5.647062611579895,0.00047382548509631304,0.0,102.64298763275147,1.1920928955078125e-07,181.5977327823639
155,1.2938416666666657,0.0,0.0,0.7125,0.6,1.6241666666666668,0.838178553104156,0.16182144689584393,2.85479733196511,0.32208333333333333,94.26958333333333,0.4175,273.0,-0.011308417748659849,431.0829360961914,5.667320585250854,0.0002543355119996704,0.0,109.97855625152587,0.0,182.75100016593933
156,1.3495208333333328,0.002916666666666667,0.00125,0.725,0.6245833333333334,1.71,0.8364644249512669,0.16353557504873298,2.844785575048733,0.35125,115.31958333333333,0.5741666666666667,257.0,0.00422613623086363,524.2157722473145,5.510668623447418,0.0006700473983073607,0.0,118.79719638824463,3.5762786865234375e-07,183.90245270729065
157,1.3476430555555554,0.00125,0.0008333333333333334,0.7333333333333333,0.6258333333333334,1.69625,0.8368975681650698,0.16310243183493012,2.845246868091378,0.33458333333333334,110.63125,0.5079166666666667,337.0,0.0030019909609109163,490.80428619384764,5.756796288490295,0.00030596690776292236,0.0,116.98114376068115,1.1920928955078125e-07,185.05711317062378
158,1.2686944444444448,0.0016666666666666668,0.0008333333333333334,0.7083333333333334,0.5841666666666666,1.6,0.8370312500000001,0.1629687500000001,2.846875,0.31875,88.15166666666667,0.38708333333333333,254.0,-0.007537497719749808,413.33460540771483,5.472539210319519,0.0004997130978154019,0.0,104.96657180786133,1.1920928955078125e-07,186.2344732284546
159,1.2761069444444442,0.0033333333333333335,0.0020833333333333333,0.7083333333333334,0.5925,1.6116666666666666,0.8354420889348501,0.16455791106515008,2.8350568769389866,0.30583333333333335,92.00916666666667,0.44583333333333336,252.0,-0.006755237746983766,417.4893943786621,5.471866977214813,5.341974347174983e-05,0.0,105.80038986206054,1.7881393432617188e-07,187.40035009384155
160,1.2529444444444446,0.005,0.0016666666666666668,0.6958333333333333,0.5766666666666667,1.5804166666666666,0.8387556024255209,0.16124439757447936,2.8584234115475877,0.30583333333333335,90.6025,0.4295833333333333,217.0,-0.005567110516130925,398.1806076049805,5.464645433425903,-0.00010320665508629645,0.0,101.63037185668945,1.7881393432617188e-07,188.55435800552368
161,1.2732138888888895,0.0033333333333333335,0.0008333333333333334,0.7,0.5808333333333333,1.5966666666666667,0.8407828810020884,0.15921711899791216,2.873695198329854,0.3,94.42541666666666,0.4820833333333333,232.0,-0.0020879971329122783,421.8967964172363,5.316706752777099,-0.0001353102288703667,0.0,103.41876678466797,0.020021438598632812,189.70309162139893
162,1.2575611111111111,0.0025,0.00125,0.7,0.5754166666666667,1.57625,0.8376896642876028,0.16231033571239753,2.851176315093841,0.28,91.91875,0.37666666666666665,243.0,-0.0061146748252213,394.8523399353027,5.433157360553741,-0.00024972146547952434,0.0,100.27888622283936,5.960464477539063e-08,190.84944581985474
163,1.3615305555555546,0.00125,0.0004166666666666667,0.7333333333333333,0.6266666666666667,1.7079166666666667,0.8380922176140522,0.1619077823859478,2.856062454257136,0.32,112.00125,0.5425,247.0,-0.0027121901512145996,498.4563705444336,5.4993973016738895,0.0009149560602963902,0.0,116.30423679351807,2.980232238769531e-07,192.01895928382874
164,1.306915277777778,0.00375,0.0016666666666666668,0.7,0.6,1.645,0.8381281661600807,0.161871833839919,2.855116514690983,0.3075,108.37291666666667,0.51875,267.0,-0.005029315548017621,459.7300964355469,5.394967949390411,0.0005992731064907275,0.0,107.6855655670166,5.960464477539063e-08,193.15148043632507
165,1.2290097222222212,0.002916666666666667,0.0008333333333333334,0.675,0.5658333333333333,1.5504166666666668,0.834934157484547,0.1650658425154528,2.833915614082236,0.27875,92.20583333333333,0.43916666666666665,246.0,-0.0022187262307852506,388.10463638305663,5.111979115009308,0.0003296092632808723,0.0,93.71545181274413,0.020253121852874756,194.27976775169373
166,1.3207749999999996,0.0020833333333333333,0.0004166666666666667,0.7125,0.6008333333333333,1.6475,0.839873545776429,0.16012645422357102,2.8677288821446636,0.2825,103.75541666666666,0.44458333333333333,277.0,-0.006503109447658062,456.259587097168,5.042730653285981,-8.572063234169035e-06,0.0,108.21225757598877,1.7881393432617188e-07,195.42816948890686
167,1.3005416666666665,0.0020833333333333333,0.0004166666666666667,0.7291666666666666,0.6016666666666667,1.6354166666666667,0.836,0.16399999999999992,2.8394904458598726,0.2991666666666667,99.84833333333333,0.47,264.0,-0.0014594636391848325,401.52784271240233,5.4326363682746885,7.4951123679056765e-06,0.0,104.71536865234376,1.1920928955078125e-07,196.5899624824524
168,1.3360152777777763,0.0004166666666666667,0.0004166666666666667,0.7041666666666667,0.6020833333333333,1.6583333333333334,0.841273869346734,0.15872613065326646,2.8751256281407036,0.29125,97.45375,0.43083333333333335,274.0,0.0013832671800628304,453.09405212402345,5.391383635997772,0.0002774490325464285,0.0,109.39356899261475,0.0,197.72899389266968
169,1.3133069444444452,0.0008333333333333334,0.0008333333333333334,0.7041666666666667,0.5920833333333333,1.6383333333333334,0.8374287894201423,0.16257121057985763,2.8491861648016275,0.2783333333333333,93.55291666666666,0.43916666666666665,228.0,-0.008473619911819696,435.8865051269531,5.404802238941192,0.0001447204514988698,0.0,105.91278438568115,2.384185791015625e-07,198.87853288650513
170,1.3036958333333335,0.0025,0.0008333333333333334,0.7291666666666666,0.6016666666666667,1.6429166666666666,0.8344838955110323,0.165516104488968,2.8293177783413643,0.29833333333333334,100.08625,0.505,254.0,-0.00054964036680758,419.4752426147461,5.359574645757675,-0.00041126074975181834,0.0,104.53240242004395,1.1920928955078125e-07,200.01631498336792
171,1.2792263888888888,0.0020833333333333333,0.0008333333333333334,0.7041666666666667,0.5891666666666666,1.6120833333333333,0.8351796329800985,0.16482036701990183,2.835616438356164,0.295,94.00583333333333,0.38916666666666666,297.0,0.0073269640794023875,371.7175323486328,5.31901524066925,7.521774095948785e-05,0.0,98.34608726501465,1.1920928955078125e-07,201.19448471069336
172,1.2261902777777793,0.005416666666666667,0.0025,0.675,0.5683333333333334,1.5495833333333333,0.8373729497176661,0.16262705028233396,2.8491529981177734,0.28875,92.29541666666667,0.45625,262.0,0.014980439422652125,348.78613090515137,5.055807590484619,0.0006425660736567807,0.0,89.28414258956909,0.024401724338531494,202.37225127220154
173,1.3060583333333329,0.0,0.0,0.7,0.5954166666666667,1.635,0.8361467889908257,0.16385321100917422,2.8402140672782874,0.29375,98.49791666666667,0.46208333333333335,242.0,-0.003105963743291795,408.5308410644531,5.159221589565277,-2.2662756782665384e-05,0.0,101.89877815246582,5.960464477539063e-08,203.54179191589355
174,1.339825,0.00125,0.0004166666666666667,0.7166666666666667,0.61375,1.6816666666666666,0.8351288404360752,0.16487115956392484,2.83201189296333,0.29791666666666666,109.16708333333334,0.525,289.0,-0.007888148468919099,438.54005126953126,5.267656314373016,-0.00029369797484832814,0.0,107.2273759841919,0.0,204.6942958831787
175,1.3169027777777782,0.0,0.0,0.7208333333333333,0.6045833333333334,1.6391666666666667,0.8390696492119984,0.16093035078800208,2.8579054397559736,0.28708333333333336,97.90458333333333,0.445,262.0,0.0013822901528328657,408.64443893432616,5.2668535828590395,-0.0002021096122916788,0.0,103.33970623016357,1.1920928955078125e-07,206.0145697593689
176,1.317890277777778,0.0016666666666666668,0.0008333333333333334,0.7291666666666666,0.60375,1.6491666666666667,0.8374861040929771,0.16251389590702384,2.8494188984335524,0.28958333333333336,101.80666666666667,0.47833333333333333,276.0,0.0026927294209599497,398.525772857666,5.389408087730407,0.00031358168562292124,0.0,102.32440414428712,1.1920928955078125e-07,207.181414604187
177,1.228886111111111,0.0033333333333333335,0.0016666666666666668,0.6875,0.5629166666666666,1.5383333333333333,0.8371235102925244,0.16287648970747554,2.8450704225352115,0.26416666666666666,89.64375,0.42833333333333334,218.0,-0.012804823089390993,346.6963775634766,5.358128309249878,-0.00030777339607084285,0.0,87.3780418395996,0.0,208.3401072025299
178,1.3905569444444446,0.0004166666666666667,0.0004166666666666667,0.7416666666666667,0.63375,1.7420833333333334,0.8348887825878981,0.1651112174121024,2.83042334369768,0.305,115.67625,0.5320833333333334,282.0,-0.003029425675049424,463.0076057434082,5.398601102828979,1.5061603335198015e-05,0.0,112.90907573699951,2.384185791015625e-07,209.50263094902039
179,1.2194777777777777,0.0025,0.00125,0.6666666666666666,0.5658333333333333,1.5316666666666667,0.8359847660500537,0.1640152339499455,2.8405875952121873,0.27,87.725,0.4008333333333333,228.0,0.0055889938026666645,356.6906967163086,5.137672245502472,-9.164285547740292e-05,0.0,85.1924337387085,0.0558968186378479,210.65187454223633
180,1.2972958333333324,0.00125,0.0008333333333333334,0.7333333333333333,0.5995833333333334,1.6379166666666667,0.8318519460697016,0.16814805393029758,2.809463240905622,0.30333333333333334,98.72208333333333,0.4558333333333333,250.0,-0.0020712795667350292,358.30017776489257,5.283715677261353,-0.00041587347914173733,0.0,97.54972248077392,1.1920928955078125e-07,211.80839133262634
181,1.3580805555555542,0.0,0.0,0.7291666666666666,0.6166666666666667,1.6945833333333333,0.8351512171133515,0.16484878288664856,2.830833538234571,0.2916666666666667,111.14666666666666,0.5558333333333333,267.0,-0.001472378522157669,412.0924247741699,5.515361416339874,9.296382595493923e-05,0.0,105.82119235992431,0.0,212.97181129455566
182,1.285279166666667,0.0016666666666666668,0.0008333333333333334,0.6875,0.5891666666666666,1.605,0.8370119418483916,0.16298805815160963,2.8455347871235723,0.265,96.41333333333333,0.46625,254.0,-0.003817980922758579,361.7792572021484,5.005133104324341,-0.00021819410649186465,0.0,93.74674701690674,1.7881393432617188e-07,214.15107893943787
183,1.2989333333333328,0.0008333333333333334,0.0008333333333333334,0.6875,0.58875,1.615,0.8396388028895774,0.16036119711042304,2.863519091847265,0.26916666666666667,94.36625,0.4083333333333333,248.0,-0.012212625099346041,363.93572463989256,4.860285294055939,0.0010388340873760172,0.0,95.70294589996338,0.03623431921005249,215.31458449363708
184,1.2944999999999995,0.00625,0.002916666666666667,0.6916666666666667,0.58875,1.62,0.8408693415637855,0.15913065843621405,2.8721707818930042,0.27291666666666664,99.66333333333333,0.49375,244.0,0.004979399079456925,379.40436096191405,4.998302263021469,0.0004801188479177654,0.0,94.55095691680908,5.960464477539063e-08,216.48996329307556
185,1.234183333333333,0.0016666666666666668,0.0008333333333333334,0.6791666666666667,0.5570833333333334,1.5320833333333332,0.8395539842262715,0.16044601577372855,2.8612999728039163,0.24708333333333332,87.02958333333333,0.38,235.0,-0.004456961795222014,323.5346046447754,5.0240323662757875,8.643859182484448e-05,0.0,84.0695143699646,5.960464477539063e-08,217.66990542411804
186,1.3763083333333341,0.0008333333333333334,0.0008333333333333334,0.725,0.6275,1.7066666666666668,0.8397558593750006,0.16024414062500006,2.86376953125,0.2733333333333333,110.545,0.5170833333333333,294.0,0.011084048659540713,434.3939750671387,5.107730531692505,0.00018969021766679361,0.0,106.61741218566894,1.7881393432617188e-07,218.81909561157227
187,1.365413888888888,0.0,0.0,0.7208333333333333,0.60625,1.69375,0.8374317343173437,0.1625682656826569,2.848708487084871,0.25583333333333336,102.3025,0.47208333333333335,288.0,0.007855703169479967,410.0393356323242,5.070639038085938,0.00016406135036959313,0.0,103.72074375152587,1.1920928955078125e-07,219.97132968902588
188,1.320361111111111,0.0,0.0,0.6916666666666667,0.595,1.6366666666666667,0.8394093686354382,0.16059063136456206,2.859470468431772,0.27416666666666667,95.92958333333333,0.44125,252.0,-0.005417792359367013,402.9602340698242,4.984415948390961,-0.0004506235949520487,0.0,95.79101390838623,0.026677966117858887,221.13481616973877
189,1.2387166666666658,0.005416666666666667,0.0033333333333333335,0.6833333333333333,0.57,1.5525,0.8370692431561997,0.16293075684380026,2.845410628019324,0.24458333333333335,90.82875,0.4583333333333333,223.0,-0.007537181209772825,330.24175720214845,4.881938874721527,-2.3134144976211245e-05,0.0,83.1846583366394,0.0,222.29791498184204
190,1.2935999999999999,0.0016666666666666668,0.0008333333333333334,0.6833333333333333,0.5808333333333333,1.595,0.8423824451410662,0.15761755485893408,2.8824451410658307,0.23541666666666666,87.85916666666667,0.41791666666666666,195.0,0.007645510835573077,364.73283767700195,4.8909383654594425,-0.00020526582520687952,0.0,90.64938926696777,0.02429807186126709,223.4664032459259
191,1.3224569444444438,0.0020833333333333333,0.0004166666666666667,0.7041666666666667,0.60125,1.6470833333333332,0.8365115102453834,0.16348848975461674,2.8413862888945105,0.25083333333333335,96.73833333333333,0.4554166666666667,242.0,-0.006677014799788594,379.789688873291,4.891119050979614,-0.00024960202390502675,0.0,94.93400154113769,2.384185791015625e-07,224.61281871795654
192,1.3483402777777764,0.004166666666666667,0.0020833333333333333,0.6958333333333333,0.6095833333333334,1.6816666666666666,0.8382928642220022,0.16170713577799806,2.8538156590683847,0.2625,101.9575,0.48583333333333334,268.0,-0.0035640547052025796,404.55975036621095,4.881219327449799,0.00011098653340013698,0.0,99.93194370269775,0.032583415508270264,225.75463199615479
193,1.3057597222222226,0.0020833333333333333,0.0008333333333333334,0.725,0.5925,1.6204166666666666,0.83903059912574,0.1609694008742607,2.8590897402931343,0.24375,102.635,0.5270833333333333,258.0,0.009901929320767522,342.05990371704104,5.048089385032654,5.804719548905268e-05,0.0,90.76817836761475,5.960464477539063e-08,226.89005661010742
194,1.2726736111111108,0.0004166666666666667,0.0004166666666666667,0.675,0.5720833333333334,1.5658333333333334,0.8437333688131983,0.1562666311868014,2.89196381053752,0.23291666666666666,90.06,0.4175,256.0,-0.010583843709900976,341.24511337280273,4.858809530735016,-0.0003758079998078756,0.0,85.74751262664795,0.011906683444976807,228.0566029548645
195,1.332870833333333,0.0004166666666666667,0.0004166666666666667,0.7166666666666667,0.5929166666666666,1.6391666666666667,0.8444051855617691,0.1555948144382309,2.8962887646161666,0.2554166666666667,98.385,0.4691666666666667,254.0,0.001985945459455252,346.21626739501954,4.895763003826142,-0.00021361483632063028,0.0,94.09150371551513,0.0,229.21858763694763
196,1.2123124999999997,0.004166666666666667,0.0008333333333333334,0.6916666666666667,0.5566666666666666,1.505,0.8424833887043189,0.15751661129568104,2.882059800664452,0.23666666666666666,80.52625,0.3275,239.0,-0.0045325820799916984,248.41776657104492,4.858030933141708,3.0650710505142344e-05,0.0,74.59259815216065,0.0,230.3923363685608
197,1.2544194444444448,0.0016666666666666668,0.00125,0.675,0.5725,1.5575,0.8405403959336545,0.15945960406634554,2.868111289459604,0.25916666666666666,91.90791666666667,0.43875,253.0,0.006209943047724664,309.5234767913818,4.914990794658661,0.0003567687548638787,0.0,80.35244512557983,0.008511602878570557,231.56817936897278
198,1.3458374999999998,0.0,0.0,0.7333333333333333,0.6033333333333334,1.64875,0.8462244124336615,0.1537755875663383,2.9082638362395756,0.25416666666666665,103.28208333333333,0.51375,237.0,0.0007860098034143448,358.47061080932616,5.160828483104706,-0.00017393521750364016,0.0,94.15946769714355,0.0,232.73991227149963
199,1.2873263888888888,0.00375,0.00125,0.6916666666666667,0.5866666666666667,1.5908333333333333,0.8448795180722889,0.15512048192771072,2.8988999476165533,0.24833333333333332,91.84958333333333,0.3616666666666667,252.0,0.004324187710881233,325.7968574523926,4.8371958374977115,-0.00019883511995431036,0.0,85.20031433105468,5.960464477539063e-08,233.90707635879517
200,1.3359708333333338,0.0,0.0,0.7125,0.5975,1.6433333333333333,0.8417418864097362,0.1582581135902637,2.877028397565923,0.23708333333333334,99.84458333333333,0.46208333333333335,246.0,-0.007884372398257256,353.4276039123535,4.948398101329803,-6.571494304807857e-05,0.0,92.31623039245605,-1.1920928955078125e-07,235.24234557151794
201,1.3021166666666664,0.0,0.0,0.6916666666666667,0.5829166666666666,1.5908333333333333,0.845751702462022,0.15424829753797792,2.905185961236249,0.21375,92.48583333333333,0.3954166666666667,257.0,0.004224362480454147,337.17837142944336,4.812089043855667,0.0002065180931822397,0.0,84.8054856300354,0.0,236.40728664398193
202,1.3168972222222217,0.007083333333333333,0.0016666666666666668,0.7208333333333333,0.6008333333333333,1.6366666666666667,0.8417057026476586,0.15829429735234204,2.875763747454175,0.23958333333333334,105.21208333333334,0.5275,234.0,-0.00770115137565881,358.2323257446289,5.044897019863129,-0.00023892076133051886,0.0,89.54129486083984,0.0,237.5648319721222
203,1.349325000000001,0.007083333333333333,0.0016666666666666668,0.7166666666666667,0.6058333333333333,1.6791666666666667,0.8428982630272951,0.15710173697270471,2.8863523573200993,0.25333333333333335,104.08708333333334,0.49916666666666665,253.0,-0.0038853276055306196,342.6932197570801,5.016288697719574,0.0004363940577604808,0.0,92.7895112991333,0.0,238.73300194740295
204,1.3146458333333337,0.002916666666666667,0.00125,0.6916666666666667,0.595,1.6270833333333334,0.84101152368758,0.1589884763124199,2.872215108834827,0.23833333333333334,100.42916666666666,0.53375,247.0,-0.004631856619380414,330.58933715820314,4.737860494852066,2.8223390108905734e-05,0.0,88.42998600006104,0.022092700004577637,239.90808415412903
205,1.4025375000000004,0.0004166666666666667,0.0004166666666666667,0.7375,0.62375,1.7225,0.8407329462989845,0.15926705370101607,2.8686502177068216,0.22583333333333333,109.16291666666666,0.49083333333333334,264.0,0.0025272538885474207,374.5762351989746,4.9901011228561405,-0.0004392042581457645,0.0,100.13937511444092,0.0,241.05487251281738
206,1.298041666666666,0.00375,0.00125,0.6916666666666667,0.5866666666666667,1.6133333333333333,0.8399535123966944,0.16004648760330567,2.864669421487603,0.2475,104.77708333333334,0.4995833333333333,329.0,0.0032986104022711517,322.75281219482423,4.909548926353454,-0.00013047661874452388,0.0,82.01281414031982,0.0,242.2018575668335
207,1.3107152777777766,0.002916666666666667,0.0008333333333333334,0.7041666666666667,0.5820833333333333,1.62125,0.8398997686969931,0.160100231303007,2.8650732459521975,0.21958333333333332,94.58125,0.41083333333333333,268.0,0.0016796951415017248,311.0283290863037,4.906343615055084,0.00011579236161196604,0.0,84.33801898956298,5.960464477539063e-08,243.371812582016
208,1.2747944444444448,0.0,0.0,0.6791666666666667,0.57375,1.56875,0.8421885790172641,0.15781142098273573,2.8799468791500664,0.23166666666666666,83.97666666666667,0.375,225.0,-0.0009379579685628414,284.5568164825439,4.645579612255096,-0.00034602958112373017,0.0,77.37517404556274,0.0,244.54252171516418
209,1.2765513888888878,0.0020833333333333333,0.0004166666666666667,0.6958333333333333,0.58375,1.58,0.8410838607594933,0.15891613924050632,2.8718354430379747,0.24125,86.90416666666667,0.36541666666666667,230.0,-0.0024683447554707527,273.60700874328614,4.843774890899658,-0.0011428548998082988,0.0,77.88499698638915,0.0,245.70599913597107
210,1.3307527777777788,0.00125,0.0008333333333333334,0.7333333333333333,0.5991666666666666,1.6475,0.8391856348002021,0.16081436519979764,2.859129994941831,0.24541666666666667,100.8325,0.47791666666666666,270.0,-0.004844422428868711,313.31725082397463,4.857372200489044,-7.595748957101023e-05,0.0,85.71327075958251,0.0,246.86271286010742
211,1.2738930555555552,0.0004166666666666667,0.0004166666666666667,0.6875,0.5820833333333333,1.5858333333333334,0.8355254860746181,0.16447451392538104,2.8352601156069364,0.24375,93.63375,0.4508333333333333,242.0,-0.012926707323640586,282.81235122680664,4.816009700298309,0.0007820921290658589,0.0,76.80756454467773,-1.1920928955078125e-07,248.02725076675415
212,1.363715277777778,0.0016666666666666668,0.0008333333333333334,0.725,0.6154166666666666,1.68375,0.8409428359317006,0.1590571640683001,2.8715664439495177,0.24125,108.52041666666666,0.515,255.0,-0.0017879631835967303,348.46231842041016,4.855070126056671,-0.0003913714217560482,0.0,89.61858539581299,0.0,249.18194723129272
213,1.3631263888888887,0.0008333333333333334,0.0008333333333333334,0.7125,0.6083333333333333,1.6658333333333333,0.8450900450225122,0.1549099549774888,2.8979489744872438,0.22333333333333333,98.23375,0.475,251.0,-0.00633918191306293,326.14794006347654,4.931212985515595,-5.6240832054754716e-05,0.0,89.73005867004395,0.0,250.34995317459106
214,1.3272374999999992,0.002916666666666667,0.0008333333333333334,0.6916666666666667,0.5958333333333333,1.63625,0.8422128851540618,0.1577871148459384,2.8803157626687037,0.22291666666666668,105.03833333333333,0.44916666666666666,277.0,0.0036130089312791823,312.72930908203125,4.700503849983216,-6.521121395053342e-06,0.0,83.24459896087646,0.0,251.51210498809814
215,1.3179680555555555,0.0004166666666666667,0.0004166666666666667,0.7208333333333333,0.5891666666666666,1.6141666666666667,0.8442927207021171,0.15570727929788342,2.8941662364481155,0.22583333333333333,102.72458333333333,0.54375,252.0,-0.00020668033976107837,287.4964916229248,4.883654308319092,-7.445647788699717e-05,0.0,80.21667938232422,1.7881393432617188e-07,252.6891062259674
216,1.3778847222222221,0.0016666666666666668,0.0008333333333333334,0.7375,0.62625,1.6995833333333332,0.842262809512136,0.15773719048786483,2.88060799215494,0.25166666666666665,113.74916666666667,0.5158333333333334,269.0,-0.003254169039428234,326.503670501709,4.92554332613945,6.154374477773672e-05,0.0,90.23527183532715,0.0,253.84677147865295
217,1.3277236111111117,0.0016666666666666668,0.0004166666666666667,0.7125,0.5966666666666667,1.6366666666666667,0.8422530549898178,0.15774694501018333,2.8806008146639512,0.23875,100.92291666666667,0.46458333333333335,257.0,-0.00646944073960185,311.50696029663084,4.720999085903168,-0.00017192095292557498,0.0,81.24309902191162,0.0,255.01137709617615
218,1.3940888888888892,0.0004166666666666667,0.0004166666666666667,0.7208333333333333,0.61375,1.7120833333333334,0.8418057921635443,0.15819420783645635,2.876612314431735,0.235,109.67458333333333,0.48833333333333334,300.0,-0.010273808892816306,358.10648880004885,4.665861451625824,-0.0001580169109729468,0.0,91.61179065704346,0.0,256.1865472793579
219,1.3206166666666668,0.0016666666666666668,0.0004166666666666667,0.7041666666666667,0.5933333333333334,1.63125,0.840607918263091,0.1593920817369092,2.870242656449553,0.22875,101.45166666666667,0.40791666666666665,290.0,-0.007660271879285574,303.7069980621338,4.912718987464904,-0.00015055742042022758,0.0,79.36824836730958,0.0,257.3457660675049
220,1.3260777777777777,0.0004166666666666667,0.0004166666666666667,0.7291666666666666,0.5975,1.625,0.8430564102564108,0.15694358974358988,2.885128205128205,0.2175,100.07791666666667,0.44875,257.0,0.00031783850863575935,267.3522159576416,4.898208022117615,0.0002001261200348381,0.0,79.00494155883788,0.0,258.4998576641083
221,1.3850888888888884,0.0004166666666666667,0.0004166666666666667,0.7083333333333334,0.6154166666666666,1.6929166666666666,0.8452818114693579,0.15471818853064243,2.9005660841742555,0.23041666666666666,111.90416666666667,0.5095833333333334,299.0,-0.00038060303777456286,331.15588455200196,4.818213498592376,0.00018684955648495816,0.0,87.66444606781006,0.0,259.64527344703674
222,1.310415277777777,0.0004166666666666667,0.0004166666666666667,0.7291666666666666,0.5925,1.6179166666666667,0.8409296935359261,0.15907030646407416,2.8720061807880506,0.24125,96.63041666666666,0.4404166666666667,260.0,0.011612751404754817,242.19320983886718,5.06769231557846,0.0007963099626067561,0.0,75.13566513061524,-1.1920928955078125e-07,260.8053216934204
223,1.3232791666666675,0.002916666666666667,0.00125,0.7041666666666667,0.5954166666666667,1.63625,0.8415762668703842,0.1584237331296154,2.8759867583396996,0.23791666666666667,103.75875,0.5145833333333333,255.0,-0.003316432423889637,269.4971557617188,4.824232912063598,0.0001790580317901913,0.0,77.35614490509033,0.0,261.95147156715393
224,1.2061305555555553,0.007083333333333333,0.0025,0.6541666666666667,0.54875,1.4975,0.8435948803561498,0.15640511964385084,2.889259877573734,0.21666666666666667,72.80958333333334,0.29541666666666666,207.0,-0.006960654910653829,223.49800300598145,4.728439396619796,-0.0011309467736282386,0.0,58.262600612640384,0.01923447847366333,263.10259461402893
225,1.3470722222222224,0.0004166666666666667,0.0004166666666666667,0.7166666666666667,0.61,1.6508333333333334,0.8460726905603232,0.15392730943967706,2.907874810701666,0.24291666666666667,100.21708333333333,0.4579166666666667,300.0,-0.007594111328944564,275.60073471069336,4.7338410258293155,0.0002477323519997299,0.0,79.92111587524414,0.0,264.4466781616211
226,1.2934499999999989,0.00125,0.0008333333333333334,0.7125,0.5825,1.5925,0.8425641025641025,0.15743589743589748,2.882522239665097,0.23083333333333333,93.67458333333333,0.41791666666666666,277.0,5.432306788861751e-05,230.60776710510254,4.865999114513397,0.0007688764308113605,0.0,70.06316938400269,1.1920928955078125e-07,265.6306459903717
227,1.3253208333333328,0.0025,0.0008333333333333334,0.6875,0.5966666666666667,1.63625,0.8419327731092439,0.1580672268907562,2.878533231474408,0.23708333333333334,93.19833333333334,0.43166666666666664,260.0,0.006592331873252988,309.7528160095215,4.723475754261017,0.00022965284588281066,0.0,75.62525119781495,0.0286407470703125,266.7889633178711
228,1.3605458333333336,0.0,0.0,0.7166666666666667,0.60625,1.66375,0.845932882544453,0.15406711745554716,2.90633608815427,0.23583333333333334,106.80416666666666,0.5220833333333333,260.0,-0.00536791505292058,288.43231239318845,4.9100430607795715,-6.830281690781704e-05,0.0,80.41745796203614,5.960464477539063e-08,267.9384639263153
229,1.3271069444444443,0.0016666666666666668,0.0004166666666666667,0.7166666666666667,0.5941666666666666,1.63,0.842635480572597,0.1573645194274028,2.882924335378323,0.21958333333333332,93.5825,0.43083333333333335,229.0,0.017318877461366355,284.72572593688966,4.81983870267868,0.000513567559664807,0.0,74.17215905189514,-1.1920928955078125e-07,269.0924940109253
230,1.3406888888888882,0.002916666666666667,0.00125,0.725,0.5995833333333334,1.64125,0.8459812135059659,0.15401878649403403,2.906067529829906,0.21041666666666667,96.57,0.46375,248.0,0.0056545156054198745,263.72853507995603,4.811918783187866,-0.00012811962169507752,0.0,76.93933200836182,0.0,270.2364149093628
231,1.2598402777777775,0.008333333333333333,0.0033333333333333335,0.675,0.5729166666666666,1.56125,0.8455964771817456,0.15440352281825453,2.903923138510809,0.21708333333333332,82.41833333333334,0.35875,233.0,0.0032337552402168512,243.1758777618408,4.648884415626526,0.0002265072260343004,0.0,63.73138055801392,0.043119847774505615,271.3875527381897
232,1.3491208333333338,0.0016666666666666668,0.0016666666666666668,0.7083333333333334,0.6033333333333334,1.6558333333333333,0.844335681932562,0.15566431806743836,2.89582284851535,0.22958333333333333,105.57541666666667,0.5183333333333333,251.0,-0.002685293182730675,273.7754497528076,4.821944296360016,0.0009969296126655536,0.000390625,75.8981598854065,5.960464477539063e-08,272.52604031562805
233,1.3217541666666675,0.0,0.0,0.7083333333333334,0.595,1.6145833333333333,0.8476670967741942,0.15233290322580648,2.9179354838709677,0.23375,90.77583333333334,0.4166666666666667,265.0,0.009679578081704675,247.715811920166,4.9695299625396725,-0.0004026134411105886,0.0,70.65215520858764,0.0,273.66380739212036
234,1.3410819444444444,0.00125,0.0008333333333333334,0.7,0.6033333333333334,1.6470833333333332,0.845542625853782,0.15445737414621802,2.9028585884138627,0.24791666666666667,97.25458333333333,0.4425,268.0,-0.0018849408719688655,276.8178230285645,4.774612009525299,4.351566021796316e-05,0.0,73.7607642173767,1.1920928955078125e-07,274.8180465698242
235,1.304888888888889,0.0004166666666666667,0.0004166666666666667,0.6833333333333333,0.58625,1.59625,0.8467501957713401,0.15324980422866097,2.9115113547376663,0.23125,92.09666666666666,0.4479166666666667,222.0,0.0017030976538080721,265.3238864898682,4.813407826423645,0.00023469069274142384,0.0,67.03906927108764,0.0,275.97886204719543
236,1.3284138888888888,0.0,0.0,0.7041666666666667,0.59375,1.6266666666666667,0.8442264344262295,0.15577356557377048,2.895235655737705,0.22208333333333333,101.09041666666667,0.4816666666666667,248.0,0.00027205662336200477,250.95710868835448,5.015480279922485,0.0004709439075668342,0.0,70.23300418853759,0.031142055988311768,277.1058032512665
237,1.2577847222222218,0.007083333333333333,0.0020833333333333333,0.6875,0.5733333333333334,1.5645833333333334,0.8439014647137152,0.1560985352862849,2.892143808255659,0.24791666666666667,86.43625,0.40041666666666664,258.0,-0.003156990528805181,204.56334915161133,4.751848316192627,-3.28606187395053e-05,0.0,59.295495700836184,-1.1920928955078125e-07,278.2603759765625
238,1.303945833333334,0.0008333333333333334,0.0004166666666666667,0.6958333333333333,0.5879166666666666,1.6066666666666667,0.8446498962655609,0.15535010373444,2.8965248962655603,0.25958333333333333,93.71833333333333,0.36,318.0,0.005148183275014162,245.63879737854003,5.035629463195801,-0.0006995691481279209,0.0,65.35762462615966,-1.1920928955078125e-07,279.41096091270447
239,1.410461111111111,0.00125,0.0008333333333333334,0.7208333333333333,0.6358333333333334,1.7416666666666667,0.8430478468899528,0.15695215311004795,2.8866028708133973,0.275,118.35833333333333,0.5858333333333333,271.0,0.00150802549906075,311.58400955200193,5.037327456474304,-0.00032615490345051513,0.0,81.6887544631958,0.0,280.5746304988861
240,1.3913041666666663,0.0008333333333333334,0.0004166666666666667,0.7333333333333333,0.625,1.71875,0.8426981818181823,0.15730181818181818,2.8843636363636365,0.28,115.55833333333334,0.5808333333333333,267.0,-0.0070708824205212295,294.70527000427245,5.120136082172394,0.00020593251174432224,0.0,79.17009582519532,5.960464477539063e-08,281.7569901943207
241,1.3867291666666668,0.0,0.0,0.7208333333333333,0.6216666666666667,1.7116666666666667,0.841565238558909,0.1584347614410906,2.877555988315482,0.2629166666666667,116.81041666666667,0.52875,330.0,-0.00034137102775275705,280.58365058898926,4.841386640071869,0.00016875836881808938,0.0,76.61200437545776,0.0,282.92637300491333
242,1.3483361111111114,0.00625,0.00125,0.7333333333333333,0.6091666666666666,1.6741666666666666,0.8434146341463419,0.15658536585365862,2.8897461423593827,0.25083333333333335,110.84,0.5341666666666667,301.0,0.005375870317220688,248.40880393981934,5.16869729757309,2.4799907259875907e-05,0.0,71.07301959991455,5.960464477539063e-08,284.07585859298706
243,1.330930555555554,0.0016666666666666668,0.0004166666666666667,0.7416666666666667,0.6075,1.645,0.8425531914893615,0.1574468085106382,2.884498480243161,0.2520833333333333,103.24791666666667,0.5116666666666667,247.0,0.003074296354316175,220.7590675354004,5.40812908411026,0.00031349949713330714,0.0,67.64681339263916,1.1920928955078125e-07,285.24153685569763
244,1.324193055555556,0.00125,0.0008333333333333334,0.7083333333333334,0.5995833333333334,1.6420833333333333,0.8413422989089063,0.15865770109109378,2.8751585891905607,0.26708333333333334,97.01708333333333,0.4125,264.0,0.015015537547878922,215.5110767364502,5.060533142089843,6.761859985999763e-05,0.0,64.60515899658203,1.1920928955078125e-07,286.3862886428833
245,1.300868055555554,0.0020833333333333333,0.0008333333333333334,0.7208333333333333,0.5916666666666667,1.6104166666666666,0.8439197930142306,0.15608020698576971,2.8941785252263905,0.26125,99.45833333333333,0.45958333333333334,222.0,-0.001789974025450647,212.42793769836425,5.0703419089317325,9.096416761167347e-05,0.0,61.34232702255249,0.0,287.5419270992279
246,1.4014569444444454,0.0025,0.0020833333333333333,0.725,0.6279166666666667,1.73875,0.8420393002635989,0.1579606997364006,2.8801821231727773,0.28208333333333335,112.99291666666667,0.5016666666666667,327.0,-4.352889955043793e-05,275.34208221435546,5.057636094093323,-6.717293581459671e-05,0.0,77.88997068405152,5.960464477539063e-08,288.6880214214325
247,1.2607138888888885,0.00375,0.0008333333333333334,0.7041666666666667,0.57125,1.5641666666666667,0.8432019179541822,0.1567980820458178,2.887320191795418,0.25083333333333335,90.64708333333333,0.4116666666666667,250.0,0.0010389917995780706,202.52458076477052,5.045190989971161,0.00019776332010223996,0.0,53.86326560974121,2.980232238769531e-07,289.8539683818817
248,1.2895625000000008,0.0016666666666666668,0.0008333333333333334,0.6958333333333333,0.58625,1.5995833333333334,0.843175306069289,0.15682469393071113,2.8874706954936182,0.2775,92.09416666666667,0.39666666666666667,290.0,-0.0012669332325458526,178.11717929840088,4.951987183094024,0.0002251046200399287,0.0,57.63769111633301,0.0,291.0230519771576
249,1.3525763888888889,0.0016666666666666668,0.00125,0.7333333333333333,0.6116666666666667,1.68375,0.8414625092798818,0.15853749072011877,2.8760207869339274,0.29333333333333333,108.14916666666667,0.4675,284.0,0.010170389665290713,237.20037765502929,5.3983060121536255,-9.030023284140043e-05,0.0,67.24223146438598,1.7881393432617188e-07,292.18621826171875
250,1.3667486111111118,0.00375,0.0004166666666666667,0.7416666666666667,0.6183333333333333,1.705,0.8405498533724342,0.15945014662756596,2.8702346041055717,0.28291666666666665,108.56416666666667,0.5220833333333333,255.0,-0.00291233928874135,215.14550018310547,5.321525192260742,9.184007562907936e-05,0.0,69.98487939834595,1.1920928955078125e-07,293.53395915031433
251,1.2742486111111109,0.0020833333333333333,0.0008333333333333334,0.6958333333333333,0.5779166666666666,1.5816666666666668,0.8435273972602748,0.15647260273972607,2.8904109589041096,0.2758333333333333,87.7225,0.36875,245.0,0.0026191259268671272,187.65784034729003,5.203763794898987,7.707173899689224e-05,0.0,54.09844236373901,5.960464477539063e-08,294.7167775630951
252,1.275745833333334,0.0020833333333333333,0.0004166666666666667,0.7,0.5825,1.5929166666666668,0.8395997907402565,0.16040020925974363,2.863981166623071,0.27958333333333335,96.07958333333333,0.4508333333333333,231.0,-0.009027508459985257,188.94778022766113,5.0404776453971865,0.00016519453711225652,0.0,53.7512167930603,0.02143460512161255,295.90116333961487
253,1.389216666666665,0.0,0.0,0.725,0.6325,1.72375,0.8407348320038676,0.15926516799613252,2.8721295624848926,0.29375,114.90166666666667,0.5716666666666667,287.0,0.006034675729461014,259.89135932922363,5.1954984903335575,0.00021981264580972493,0.0,70.71267890930176,0.0,297.042115688324
254,1.305002777777778,0.0004166666666666667,0.0004166666666666667,0.6958333333333333,0.58875,1.6195833333333334,0.843154103421662,0.15684589657833803,2.8886030357602266,0.2875,99.27791666666667,0.4870833333333333,239.0,0.004907859861850739,199.41156349182128,4.982368016242981,0.00022991564983385616,0.0,56.3715124130249,0.0,298.18316316604614
255,1.2791416666666668,0.0025,0.0016666666666666668,0.7041666666666667,0.5816666666666667,1.5883333333333334,0.8435047219307454,0.156495278069255,2.891395592864638,0.2675,88.73208333333334,0.38958333333333334,247.0,0.0031655735918320717,187.79457740783693,4.896926903724671,-9.726796779432333e-05,0.0,52.53581113815308,0.0,299.33799862861633
256,1.291927777777778,0.0,0.0,0.7083333333333334,0.5895833333333333,1.6058333333333332,0.8415827711468601,0.15841722885313964,2.879346133886871,0.28458333333333335,98.03291666666667,0.45125,237.0,0.005069063371047377,183.9832551956177,5.142537927627563,0.0013544234603614313,0.0,53.26075601577759,-1.1920928955078125e-07,300.47589349746704
257,1.3061180555555565,0.00125,0.0004166666666666667,0.6916666666666667,0.5829166666666666,1.60125,0.8492974238875876,0.15070257611241217,2.929742388758782,0.2554166666666667,97.83583333333333,0.47791666666666666,217.0,-0.0034312793985009195,206.08620986938476,4.966826522350312,0.0004168747953372076,0.0,55.40032138824463,0.0,301.61108589172363
258,1.328505555555555,0.0020833333333333333,0.00125,0.7166666666666667,0.6004166666666667,1.6425,0.8454033485540342,0.15459665144596663,2.902587519025875,0.27875,97.22375,0.4529166666666667,278.0,-0.009907400282099844,209.4715263366699,5.043147563934326,0.000860618679143954,0.0,59.79096355438232,0.0,302.7439568042755
259,1.3966624999999993,0.0008333333333333334,0.0004166666666666667,0.7333333333333333,0.6304166666666666,1.7291666666666667,0.8418048192771085,0.15819518072289152,2.87855421686747,0.28041666666666665,113.98541666666667,0.5341666666666667,292.0,-0.00945792687125504,225.08233947753905,5.330124819278717,0.0001019331451971084,0.0,69.45719594955445,0.0,303.897358417511
260,1.2939555555555553,0.00125,0.0004166666666666667,0.6833333333333333,0.5754166666666667,1.5825,0.8474618220115849,0.15253817798841485,2.9149552395997893,0.2325,90.61541666666666,0.4141666666666667,207.0,-0.0030313937459141016,199.67871894836426,4.741083574295044,0.0005916375064771273,0.0,51.998017120361325,0.02145671844482422,305.0363564491272
261,1.2200388888888887,0.0016666666666666668,0.0004166666666666667,0.6916666666666667,0.5579166666666666,1.5045833333333334,0.8452672389919694,0.15473276100803096,2.901412351149266,0.24,77.94958333333334,0.2945833333333333,221.0,0.0039041868411004545,147.4515832901001,4.99909827709198,0.00011192841120646335,0.0,39.811904191970825,0.012012124061584473,306.21405386924744
262,1.3149916666666668,0.0004166666666666667,0.0004166666666666667,0.7041666666666667,0.5904166666666667,1.6133333333333333,0.8445196280991735,0.15548037190082648,2.896177685950413,0.23708333333333334,93.03458333333333,0.3770833333333333,247.0,-0.006649465835653246,181.99416542053223,5.0946308135986325,-0.0008109013069770299,0.0,54.293902206420896,0.0,307.3908085823059
263,1.3921847222222208,0.0,0.0,0.725,0.6308333333333334,1.7108333333333334,0.8438650754992697,0.15613492450073052,2.8906478324403313,0.26416666666666666,108.74708333333334,0.5183333333333333,281.0,-0.0023329442832618953,235.28431930541993,4.844672775268554,0.00010737985940068029,0.0,66.18610734939575,5.960464477539063e-08,308.5491921901703
264,1.2828999999999986,0.0020833333333333333,0.0004166666666666667,0.7041666666666667,0.5845833333333333,1.5854166666666667,0.8429592641261499,0.15704073587385015,2.8851511169513797,0.24708333333333332,89.00916666666667,0.39,265.0,0.0038652647286653518,171.72993850708008,4.924326610565186,1.544584156363271e-05,0.0,48.128539419174196,0.0,309.7139518260956
265,1.2282736111111108,0.004583333333333333,0.00125,0.6666666666666666,0.56,1.53,0.8414188453159042,0.1585811546840958,2.8760893246187362,0.24333333333333335,89.80291666666666,0.44083333333333335,216.0,-0.0032528502633795142,160.94094104766845,4.789960122108459,0.00034550319905974903,0.0,38.35170154571533,0.006542623043060303,310.86806631088257
266,1.334844444444445,0.0,0.0,0.6916666666666667,0.5929166666666666,1.635,0.8469571865443425,0.15304281345565748,2.9128440366972477,0.25666666666666665,91.82208333333334,0.38458333333333333,255.0,-0.00539605082012713,193.5238971710205,4.983645194768906,7.284930716195958e-05,0.0,54.720049667358396,5.960464477539063e-08,312.03065943717957
267,1.286851388888889,0.0,0.0,0.6875,0.5725,1.5841666666666667,0.8452419779063655,0.15475802209363487,2.9024197790636506,0.255,93.92125,0.4033333333333333,276.0,0.0034316332195885478,183.29027366638184,4.883146977424621,0.0004693659306212794,0.0,46.173383474349976,5.960464477539063e-08,313.180682182312
268,1.2848458333333326,0.005,0.0008333333333333334,0.6916666666666667,0.5816666666666667,1.5941666666666667,0.843865656037637,0.15613434396236278,2.8907475169890224,0.2579166666666667,97.36541666666666,0.43041666666666667,238.0,0.01007552796509117,194.87982788085938,4.928329485654831,-0.0001866485323262168,0.0,45.82921435534954,0.0,314.33514428138733
269,1.3090763888888879,0.0,0.0,0.7291666666666666,0.5870833333333333,1.61,0.8450957556935823,0.1549042443064183,2.9003623188405796,0.25833333333333336,96.02541666666667,0.425,251.0,-0.007022919983137399,168.76055660247803,5.010650682449341,0.0009969610269763506,0.0,48.57167749404907,0.0,315.49178767204285
270,1.2252611111111098,0.005416666666666667,0.0016666666666666668,0.6708333333333333,0.5608333333333333,1.5129166666666667,0.8464500137703111,0.15354998622968882,2.907463508675296,0.23833333333333334,81.49458333333334,0.3258333333333333,215.0,0.012256935518234969,177.74569416046143,4.784200072288513,-0.0001385561074130237,0.0,36.310011529922484,0.010327577590942383,316.6303653717041
271,1.230888888888889,0.0,0.0,0.6541666666666667,0.5525,1.5033333333333334,0.8483370288248336,0.15166297117516628,2.9223946784922394,0.22791666666666666,84.31916666666666,0.3375,206.0,-0.012352860090322793,173.00944728851317,4.738127040863037,9.838556870818138e-05,0.0,35.6666305065155,0.016455769538879395,317.7860450744629
272,1.2955138888888877,0.006666666666666667,0.0020833333333333333,0.6958333333333333,0.5858333333333333,1.6008333333333333,0.8462779802186352,0.1537220197813638,2.907339927121291,0.235,101.00625,0.495,215.0,0.008981315419077873,196.6221408843994,4.847157442569733,0.00010832712650881149,0.0,45.99375343322754,0.007290482521057129,318.9347577095032
273,1.3399194444444449,0.0,0.0,0.7291666666666666,0.5991666666666666,1.6441666666666668,0.8449417131272181,0.15505828687278253,2.89863152559554,0.2504166666666667,103.50958333333334,0.52625,282.0,-0.0022565911058336496,179.28623809814454,4.694384616613388,0.00015044164174469188,0.0,51.86320037841797,0.0,320.0775649547577
274,1.3746055555555554,0.0016666666666666668,0.0008333333333333334,0.7,0.61,1.6745833333333333,0.8500174172679767,0.1499825827320229,2.933067927345111,0.23583333333333334,105.6375,0.49666666666666665,231.0,0.002941324794664979,231.00958099365235,4.917893350124359,1.3691806816495956e-05,0.0,57.49016704559326,0.0,321.23039650917053
275,1.3554805555555556,0.002916666666666667,0.0008333333333333334,0.7083333333333334,0.6104166666666667,1.6716666666666666,0.8433000997008967,0.15669990029910266,2.8873379860418744,0.24375,111.25041666666667,0.5529166666666666,285.0,-0.006357465730980038,190.98974990844727,4.799021553993225,-3.1762011712999086e-05,0.0,54.560457134246825,0.0,322.57020020484924
276,1.3723097222222225,0.002916666666666667,0.0020833333333333333,0.7291666666666666,0.6145833333333334,1.6858333333333333,0.844836875926842,0.1551631240731587,2.8969352446861096,0.23875,108.4175,0.5333333333333333,264.0,-0.009669580729678273,194.44263343811036,4.966750490665436,0.00017525625335110818,0.0,56.35175724029541,0.0,323.6945357322693
277,1.3011958333333336,0.0016666666666666668,0.0008333333333333334,0.7,0.5895833333333333,1.5991666666666666,0.8438952579468474,0.1561047420531526,2.889265242313705,0.2325,96.34458333333333,0.48041666666666666,248.0,-0.0004911070689558982,163.2923879623413,4.785012698173523,0.0005116627687357323,0.0,43.00401153564453,0.0,324.8477113246918
278,1.373205555555556,0.0,0.0,0.7166666666666667,0.61125,1.6795833333333334,0.8442967005705783,0.15570329942942207,2.8943190275365915,0.22166666666666668,105.75458333333333,0.52375,282.0,-0.005839659087359905,183.50710849761964,4.89222754240036,-0.0007388607176835648,0.0,54.44331645965576,-1.1920928955078125e-07,325.99560499191284
279,1.3907874999999998,0.0,0.0,0.7083333333333334,0.6191666666666666,1.6945833333333333,0.8458052618637819,0.1541947381362183,2.902876813375953,0.22208333333333333,111.08208333333333,0.5545833333333333,278.0,0.0028950141742825506,197.38767890930177,4.947841155529022,8.860281159286387e-05,0.0,56.07811613082886,0.0,327.1623766422272
280,1.410727777777779,0.0016666666666666668,0.00125,0.725,0.6245833333333334,1.72625,0.8469901037895247,0.15300989621047553,2.912865073618151,0.24541666666666667,111.7525,0.5204166666666666,298.0,-0.013125607976689935,202.56679306030273,4.739262175559998,0.0005888073952519335,0.0,60.667888927459714,0.0,328.3495354652405
281,1.3361041666666666,0.002916666666666667,0.00125,0.7166666666666667,0.5979166666666667,1.6379166666666667,0.8477868226914277,0.15221317730857295,2.91859577715594,0.23666666666666666,97.82291666666667,0.4675,274.0,-0.003463225229643285,166.0072229385376,4.734128892421722,0.0001735638046255872,0.0,48.69373197555542,-1.1920928955078125e-07,329.4999256134033
282,1.3978513888888884,0.002916666666666667,0.0008333333333333334,0.7333333333333333,0.6329166666666667,1.7241666666666666,0.8415925567907202,0.15840744320928007,2.874577090381827,0.2425,109.15291666666667,0.51,281.0,-0.003971371706575156,177.37007102966308,4.825167274475097,0.00013297178593347781,0.0,56.82239656448364,0.0,330.6559154987335
283,1.3779930555555553,0.0,0.0,0.725,0.6158333333333333,1.6791666666666667,0.8467369727047142,0.15326302729528535,2.910421836228288,0.2275,106.40041666666667,0.54875,282.0,-0.009698216104879975,180.91292495727538,4.769119191169739,-6.657250547732474e-05,0.0,53.4621762752533,-1.1920928955078125e-07,331.81373620033264
284,1.3610986111111114,0.0004166666666666667,0.0004166666666666667,0.7,0.6083333333333333,1.6625,0.844729323308271,0.15527067669172948,2.8977443609022555,0.215,106.31208333333333,0.5145833333333333,259.0,0.0029694316152017565,181.34877967834473,4.646048301458359,0.0003845589249976911,0.0,49.676280689239505,0.0,332.9582691192627
285,1.424222222222222,0.0004166666666666667,0.0004166666666666667,0.7375,0.6366666666666667,1.75,0.8428095238095248,0.1571904761904763,2.8847619047619046,0.24708333333333332,117.15458333333333,0.57875,307.0,-0.008112192759290338,224.17060317993165,4.764657640457154,0.0002373814095335547,0.0,59.63881387710571,0.0,334.12991523742676
286,1.3008305555555553,0.0008333333333333334,0.0004166666666666667,0.7083333333333334,0.5804166666666667,1.5945833333333332,0.8450901489417298,0.1549098510582701,2.899660308335511,0.22541666666666665,99.1525,0.46125,263.0,0.017355488194152714,165.9949827194214,4.832441759109497,-1.4475686384685105e-05,0.0,37.23792051076889,0.0,335.29736948013306
287,1.3855208333333326,0.0008333333333333334,0.0004166666666666667,0.7166666666666667,0.6145833333333334,1.6866666666666668,0.848505434782608,0.15149456521739135,2.9221837944664033,0.22791666666666666,107.17125,0.49333333333333335,260.0,0.0060711485566571355,192.39364624023438,4.689568829536438,-6.672510226053418e-05,0.0,51.26454887390137,0.0,336.4502909183502
288,1.448155555555556,0.0,0.0,0.7375,0.64,1.7620833333333332,0.8481295814613384,0.15187041853866162,2.9207850555686923,0.235,121.27041666666666,0.6083333333333333,276.0,-0.00803688713349402,200.55780296325685,4.8968587756156925,-0.00010744497703853994,0.0,61.2380352973938,0.0,337.5868763923645
289,1.3977722222222229,0.0004166666666666667,0.0004166666666666667,0.7083333333333334,0.6233333333333333,1.7070833333333333,0.8450866487673916,0.15491335123260921,2.8979741274103,0.23125,107.12666666666667,0.4575,350.0,-0.0048779682663735,189.73229293823243,4.733407092094422,-0.00021303337707649915,0.0,52.90923128128052,-1.1920928955078125e-07,338.7293939590454
290,1.3166388888888896,0.0016666666666666668,0.0004166666666666667,0.7041666666666667,0.5875,1.6058333333333332,0.848365334717177,0.15163466528282307,2.921120913336793,0.22041666666666668,99.88291666666667,0.44666666666666666,312.0,0.00011706473305821419,154.5632122039795,4.679216682910919,-2.35363666433841e-05,0.0,39.57512831687927,0.00607752799987793,339.8865146636963
291,1.4193402777777777,0.0008333333333333334,0.0008333333333333334,0.7291666666666666,0.6316666666666667,1.73625,0.8451523878089758,0.15484761219102483,2.900167986561075,0.235,113.06041666666667,0.5129166666666667,289.0,0.015105622680857777,196.96124534606935,4.69638854265213,0.00010855373245703959,0.0,54.13255155086517,0.0,341.03946137428284
292,1.3328500000000003,0.004583333333333333,0.0016666666666666668,0.6958333333333333,0.6033333333333334,1.6425,0.8433130390664645,0.15668696093353626,2.8863521055301877,0.22166666666666668,97.095,0.4841666666666667,235.0,0.009871007245965301,169.02780418395997,4.6033567667007445,0.00030459896852335077,0.0,40.0930938243866,0.013877809047698975,342.169620513916
293,1.2316388888888883,0.0020833333333333333,0.0008333333333333334,0.6416666666666667,0.5504166666666667,1.5020833333333334,0.8485714285714288,0.15142857142857133,2.9220527045769766,0.20625,87.7575,0.37666666666666665,228.0,-0.0011316009797155858,175.17229022979737,4.595433384180069,-0.000937006701133214,0.0,22.979474169015884,0.0,343.30099081993103
294,1.40844861111111,0.004583333333333333,0.0020833333333333333,0.7375,0.6379166666666667,1.73625,0.8440388768898487,0.15596112311015117,2.8920086393088553,0.23833333333333334,115.18041666666667,0.5508333333333333,295.0,0.009667153190821409,193.70264358520507,4.685915338993072,-5.035828726249747e-05,0.0,52.667381048202515,0.0,344.44219756126404
295,1.3439958333333328,0.002916666666666667,0.0008333333333333334,0.7166666666666667,0.6,1.6479166666666667,0.8459140328697853,0.15408596713021494,2.9051833122629582,0.22208333333333333,99.69458333333333,0.41083333333333333,269.0,-0.001780521884211339,149.13536167144775,4.868863868713379,1.7986167222261429e-06,0.0,40.620695734024046,0.0,345.59268712997437
296,1.2771111111111115,0.00125,0.00125,0.6833333333333333,0.57125,1.5658333333333334,0.8431080361894635,0.15689196381053774,2.8842469398616286,0.20875,89.9,0.43291666666666667,241.0,0.0008199592586606741,169.25464344024658,4.611304211616516,2.9382188222371043e-05,0.0,29.17778627872467,0.010960161685943604,346.754376411438
297,1.302555555555556,0.0016666666666666668,0.00125,0.7083333333333334,0.5854166666666667,1.5966666666666667,0.8459812108559498,0.15401878914405012,2.9065762004175366,0.22375,97.29333333333334,0.4345833333333333,261.0,0.001564752496778965,156.05014667510986,4.893996393680572,8.814184511720668e-05,0.0,32.09467055797577,0.0,347.90714168548584
298,1.399676388888889,0.002916666666666667,0.0004166666666666667,0.7291666666666666,0.625,1.705,0.8498020527859239,0.1501979472140763,2.9303519061583576,0.23291666666666666,110.38875,0.52625,313.0,0.006283162604086101,175.0915033340454,4.70796171426773,-8.348498158738948e-05,0.0,48.04343194961548,0.0,349.0628249645233
299,1.3129388888888893,0.0033333333333333335,0.0008333333333333334,0.7083333333333334,0.59,1.6129166666666668,0.8447997933350555,0.15520020666494452,2.8971841901317488,0.21833333333333332,96.4825,0.41291666666666665,283.0,0.004592988174408674,137.1577091217041,4.795768392086029,0.0001893136213766411,0.0,34.312662267684935,0.0,350.2192380428314
300,1.3721416666666664,0.005416666666666667,0.00125,0.7291666666666666,0.6195833333333334,1.6833333333333333,0.8475594059405942,0.1524405940594062,2.9155940594059406,0.22458333333333333,102.11375,0.46166666666666667,320.0,0.0062329861335456375,167.02665157318114,4.938343787193299,0.00026744998431240676,0.0,43.86420750617981,0.0,355.3904228210449
301,1.3953652777777776,0.0,0.0,0.7041666666666667,0.6245833333333334,1.71125,0.844706598490382,0.15529340150961782,2.8960311663014364,0.25833333333333336,109.35708333333334,0.48875,341.0,0.00027921636356040833,157.215984916687,4.666693264245987,-1.81834993782104e-05,0.0,45.20493984222412,0.0,356.54961705207825
302,1.2873680555555551,0.005416666666666667,0.0020833333333333333,0.6708333333333333,0.5779166666666666,1.58125,0.8496310935441371,0.1503689064558631,2.930961791831357,0.23375,91.69333333333333,0.42333333333333334,207.0,-0.006748146703466773,158.94333000183104,4.749101459980011,-0.001136473473161459,0.0,30.722636532783508,0.03313767910003662,357.705278635025
303,1.2676708333333326,0.0,0.0,0.6916666666666667,0.5641666666666667,1.5408333333333333,0.849624121146566,0.1503758788534342,2.9310438074634937,0.21416666666666667,94.45083333333334,0.49833333333333335,237.0,0.002583313873037696,149.0829231262207,4.5951359331607815,0.0006024351809173822,0.0,22.952472114562987,1.1920928955078125e-07,358.8608150482178
304,1.2694916666666674,0.0,0.0,0.6583333333333333,0.5704166666666667,1.555,0.8478778135048232,0.1521221864951768,2.9188102893890675,0.25125,88.32,0.39208333333333334,205.0,0.005438717408105731,152.21147441864014,4.608049523830414,-0.0004365098649941501,0.0,24.53587852716446,0.03399038314819336,360.01805210113525
305,1.3441430555555558,0.0,0.0,0.7125,0.6033333333333334,1.6341666666666668,0.8499770525242226,0.1500229474757777,2.9329423763386027,0.23708333333333334,102.30083333333333,0.49333333333333335,235.0,0.002511308528482914,167.7180414199829,4.755994689464569,-0.00013212162775744218,0.0,34.40824391841888,1.1920928955078125e-07,361.18178510665894
306,1.321116666666667,0.0,0.0,0.7083333333333334,0.5879166666666666,1.6158333333333332,0.8463589479112945,0.1536410520887054,2.9082001031459517,0.23583333333333334,99.87333333333333,0.48791666666666667,223.0,-0.00285241556703113,151.45644359588624,4.864192295074463,3.4479345777072014e-05,0.0,30.030233812332153,0.0,362.34977865219116
307,1.310620833333334,0.0008333333333333334,0.0004166666666666667,0.6875,0.58625,1.6079166666666667,0.8464602228556619,0.15353977714433792,2.9087846592381448,0.24958333333333332,98.91916666666667,0.495,242.0,0.00023511413019150496,153.1368194580078,4.720178866386414,-0.0001181280254968442,0.0,28.06494209766388,0.0,363.4987323284149
308,1.268902777777778,0.00625,0.0025,0.6791666666666667,0.5779166666666666,1.575,0.8447619047619049,0.15523809523809523,2.8984126984126983,0.2475,87.0975,0.37833333333333335,255.0,-0.0004330153577029705,146.28059120178222,4.664864039421081,-0.00013690433843294159,0.0,21.606413343548773,3.5762786865234375e-07,364.67366337776184
309,1.3725180555555552,0.00125,0.0004166666666666667,0.7208333333333333,0.61625,1.6858333333333333,0.8444661393969355,0.1555338606030647,2.8954522985664854,0.24833333333333332,106.265,0.5233333333333333,251.0,0.0064023725222796205,151.95378875732422,5.0668741106987,-2.6320884353481232e-05,0.0,38.115720224380496,2.384185791015625e-07,365.85978174209595
310,1.3524402777777762,0.0008333333333333334,0.0004166666666666667,0.725,0.6095833333333334,1.66,0.8464332329317265,0.1535667670682731,2.9086345381526106,0.25916666666666666,106.96166666666667,0.5204166666666666,277.0,-0.002150309830904007,137.6460189819336,4.904350352287293,0.00012276833986106793,0.0,33.82153534889221,2.384185791015625e-07,367.00888776779175
311,1.364940277777777,0.004166666666666667,0.00125,0.7333333333333333,0.6120833333333333,1.6675,0.8504972513743135,0.14950274862568713,2.9367816091954024,0.22833333333333333,100.06458333333333,0.46291666666666664,248.0,-0.0025522979558445513,124.49511280059815,5.07199479341507,-0.0001754840683133807,0.0,36.47825446128845,1.7881393432617188e-07,368.15387749671936
312,1.329295833333334,0.005833333333333334,0.0025,0.7166666666666667,0.6020833333333333,1.64125,0.8459786747905557,0.15402132520944395,2.9063214013709064,0.24041666666666667,99.16458333333334,0.42583333333333334,296.0,-0.004924661060795188,134.52384881973268,4.808348023891449,7.68828991567716e-05,0.0,30.058003628253935,1.1920928955078125e-07,369.3076193332672
313,1.3480124999999996,0.0033333333333333335,0.0016666666666666668,0.7291666666666666,0.61,1.6658333333333333,0.8428539269634812,0.15714607303651806,2.884442221110555,0.24916666666666668,108.87416666666667,0.5229166666666667,243.0,0.0007325578946620226,126.88943462371826,4.847674918174744,-1.2895501276943832e-05,0.0,31.09019265174866,0.0,370.4657018184662
314,1.3347416666666663,0.0033333333333333335,0.00125,0.7166666666666667,0.5979166666666667,1.6525,0.8441452344931918,0.15585476550680796,2.893343419062027,0.2704166666666667,101.1825,0.4845833333333333,253.0,0.0001630860147997737,108.66275177001953,4.826531887054443,-0.0009583897578522738,0.0,28.073379826545715,1.1920928955078125e-07,371.60046577453613
315,1.3594263888888887,0.0004166666666666667,0.0004166666666666667,0.7041666666666667,0.6029166666666667,1.6641666666666666,0.8457160741111674,0.1542839258888331,2.902854281422133,0.2475,99.36041666666667,0.42583333333333334,308.0,-0.0034014170058071615,124.42260475158692,4.758708333969116,0.00011779328779084607,0.0,32.08481216430664,5.960464477539063e-08,372.7716085910797
316,1.404008333333333,0.0,0.0,0.75,0.62,1.7133333333333334,0.8476702334630354,0.15232976653696498,2.916828793774319,0.2525,112.55041666666666,0.5241666666666667,283.0,0.004735440295189619,132.7551643371582,5.069200444221496,0.000246572137871226,0.0,37.80865454673767,5.960464477539063e-08,373.92473316192627
317,1.3457055555555553,0.0,0.0,0.7,0.6033333333333334,1.65125,0.8444007065354531,0.15559929346454712,2.8945243502397173,0.2475,103.71,0.5104166666666666,236.0,0.002278759959153831,137.03618755340577,4.840107882022858,1.3840881729265675e-05,0.0,28.20085699558258,1.1920928955078125e-07,375.0802593231201
318,1.236326388888889,0.0033333333333333335,0.0008333333333333334,0.6833333333333333,0.5604166666666667,1.52375,0.8440935192780965,0.15590648072190322,2.8917145200984415,0.22791666666666666,96.28833333333333,0.4708333333333333,241.0,-0.0017686379607766867,147.52653789520264,4.90491155385971,0.000523916034217109,0.0,22.530558294057847,0.13595598936080933,376.2342309951782
319,1.3644986111111121,0.004583333333333333,0.0008333333333333334,0.6958333333333333,0.6029166666666667,1.6695833333333334,0.8464262540554033,0.15357374594459702,2.9079111554779136,0.20416666666666666,99.22791666666667,0.46375,238.0,-0.0021175644593313336,157.90642261505127,4.792356777191162,-0.0006185612772242166,0.0,31.077674388885498,5.960464477539062e-07,377.3898947238922
320,1.3065416666666658,0.0,0.0,0.675,0.5845833333333333,1.6016666666666666,0.8447450572320501,0.15525494276795007,2.8967221644120706,0.235,89.34083333333334,0.3983333333333333,246.0,-0.005854280176572501,148.28897380828857,4.683158880472183,5.811572336824611e-05,0.0,22.190000736713408,0.03823333978652954,378.55849385261536
321,1.349984722222222,0.002916666666666667,0.0004166666666666667,0.6958333333333333,0.6045833333333334,1.65375,0.8455857898715043,0.1544142101284958,2.9032501889644746,0.21875,99.6675,0.46625,274.0,-0.006023838208056987,139.29534797668458,4.789076578617096,0.0002594226665678434,0.0,28.49525444507599,4.76837158203125e-07,379.7069435119629
322,1.2521708333333328,0.0033333333333333335,0.0008333333333333334,0.6708333333333333,0.5616666666666666,1.5404166666666668,0.8439843116040033,0.15601568839599675,2.8901812280227213,0.21583333333333332,89.77333333333333,0.4266666666666667,198.0,0.0007090940373018384,152.08930072784423,4.684418570995331,-0.0002537095730076544,0.0,14.45286591053009,0.071522057056427,380.8789715766907
323,1.3106138888888892,0.0016666666666666668,0.00125,0.6916666666666667,0.5883333333333334,1.6058333333333332,0.8466891541255848,0.15331084587441615,2.911261027503892,0.23,98.84041666666667,0.46416666666666667,272.0,-0.004132252180716023,152.899169921875,4.779742562770844,0.0011436178858275526,0.0026041666977107527,20.02585175037384,2.980232238769531e-07,382.0563597679138
324,1.3715097222222226,0.0033333333333333335,0.00125,0.7208333333333333,0.6216666666666667,1.6933333333333334,0.8454207677165365,0.1545792322834645,2.9018208661417324,0.27166666666666667,108.55541666666667,0.5120833333333333,275.0,-0.001873079501092434,116.04653453826904,4.836876630783081,-0.0001668113759251355,0.0,29.995859742164612,4.172325134277344e-07,383.21481370925903
325,1.3436763888888905,0.0,0.0,0.7083333333333334,0.6033333333333334,1.6475,0.8450910470409718,0.15490895295902896,2.898330804248862,0.2504166666666667,99.97208333333333,0.4404166666666667,291.0,0.0054872572422027584,127.58264904022217,4.913270568847656,-2.1327566355466842e-05,0.0,23.32347172498703,1.7881393432617188e-07,384.57447934150696
326,1.3474597222222222,0.0004166666666666667,0.0004166666666666667,0.725,0.6066666666666667,1.6629166666666666,0.84078426459534,0.15921573540466064,2.8709596592332747,0.25416666666666665,100.20416666666667,0.48083333333333333,246.0,-0.0004413984948769212,117.97909355163574,4.9872606039047245,0.0002530288551497506,0.0,24.066891741752624,2.980232238769531e-07,385.7465569972992
327,1.2902569444444438,0.004583333333333333,0.00125,0.7,0.5920833333333333,1.60125,0.8442492844132189,0.15575071558678122,2.894353369763206,0.2633333333333333,96.87375,0.44083333333333335,250.0,-0.013457855279557406,110.0529658317566,4.91473788022995,0.00047152748256849006,0.0,16.16056407094002,2.980232238769531e-07,386.91416573524475
328,1.3370458333333326,0.0004166666666666667,0.0004166666666666667,0.6958333333333333,0.59875,1.6429166666666666,0.8437509510524988,0.15624904894750194,2.8901851382196297,0.24166666666666667,101.2025,0.4895833333333333,267.0,-0.009492687322199345,163.30480308532714,4.740367823839188,0.00020229979472787817,0.0,24.415696477890016,0.08967489004135132,388.06004190444946
329,1.2727430555555554,0.0033333333333333335,0.0016666666666666668,0.6708333333333333,0.5758333333333333,1.5775,0.842511885895404,0.15748811410459573,2.880348652931854,0.25833333333333336,91.80708333333334,0.40458333333333335,255.0,-0.0021856661885976793,126.23999052047729,4.764959180355072,0.0030535673664417117,0.000390625,11.582354997098445,4.172325134277344e-07,389.2252459526062
330,1.3561277777777774,0.0,0.0,0.7125,0.60375,1.66,0.8463955823293173,0.15360441767068275,2.9093875502008033,0.24333333333333335,99.38458333333334,0.47333333333333333,268.0,-0.008571823849342764,121.82617015838623,4.795630443096161,0.0013453006336931138,0.0,23.467930483818055,0.0,390.37887835502625
331,1.4053500000000003,0.002916666666666667,0.0008333333333333334,0.7291666666666666,0.6308333333333334,1.7366666666666666,0.84077255278311,0.15922744721689072,2.867802303262956,0.25166666666666665,118.00125,0.5770833333333333,286.0,0.00039185695350170137,125.67722244262696,4.822589957714081,0.00013675899099325762,0.0,30.92692278623581,4.172325134277344e-07,391.5568377971649
332,1.3226166666666663,0.00125,0.0008333333333333334,0.6916666666666667,0.5966666666666667,1.6183333333333334,0.8454634397528314,0.15453656024716797,2.901132852729145,0.22,103.21,0.46875,261.0,0.009413518197834491,149.5743143081665,4.750873690843582,0.0006880243512568995,0.0,18.02840982079506,0.07347279787063599,392.7216796875
333,1.3031930555555553,0.005,0.00125,0.7,0.5904166666666667,1.6129166666666668,0.8427615603203307,0.15723843967966933,2.8840092999225004,0.22625,89.84875,0.36541666666666667,255.0,-0.006346225994639099,118.10925741195679,4.753543639183045,0.0004485349651076831,0.0,14.469496005773545,3.5762786865234375e-07,393.8793590068817
334,1.3272513888888888,0.00125,0.0004166666666666667,0.7125,0.5991666666666666,1.63625,0.8416271963330788,0.1583728036669213,2.875477463712758,0.23625,100.60083333333333,0.46,309.0,0.0015202807728201151,125.80707216262817,4.823470574617386,-0.00014844371617073193,0.0,17.433999659121035,4.172325134277344e-07,395.04223561286926
335,1.3610222222222228,0.0016666666666666668,0.0008333333333333334,0.7125,0.615,1.6879166666666667,0.8384645766477413,0.16153542335225884,2.853369538385584,0.2608333333333333,109.15916666666666,0.5620833333333334,303.0,0.001458860852289945,112.69407320022583,4.96820696592331,-0.00039994100807234646,0.0,22.15686192512512,5.960464477539062e-07,396.2036237716675
336,1.3551888888888874,0.004166666666666667,0.0008333333333333334,0.7125,0.6091666666666666,1.675,0.8420696517412938,0.15793034825870644,2.8781094527363185,0.24041666666666667,109.665,0.5020833333333333,270.0,-0.008900436665862798,111.20395240783691,4.918559700250626,1.7104235985243578e-05,0.0,21.078509092330933,6.556510925292969e-07,397.37452244758606
337,1.3458916666666658,0.0008333333333333334,0.0004166666666666667,0.7208333333333333,0.6129166666666667,1.6704166666666667,0.8386480419057123,0.16135195809428776,2.8550760788226492,0.27,110.76291666666667,0.575,292.0,-0.00627288508694619,119.4415530204773,5.03023728132248,8.272109407698735e-05,0.0,17.925602865219116,7.748603820800781e-07,398.55749130249023
338,1.2735833333333326,0.002916666666666667,0.0008333333333333334,0.6833333333333333,0.5808333333333333,1.5825,0.8406003159557663,0.1593996840442339,2.868088467614534,0.25458333333333333,87.43375,0.4170833333333333,212.0,-0.005233925208449364,138.9447081565857,4.934791707992554,-0.0008051797733060085,0.0,9.769097674638033,3.5762786865234375e-07,399.72863388061523
339,1.3767236111111096,0.0,0.0,0.7083333333333334,0.61875,1.6991666666666667,0.8412138303089751,0.1587861696910249,2.872486512996567,0.26458333333333334,113.76625,0.5758333333333333,272.0,0.00395637743640691,151.82654495239257,5.084379160404206,-0.000515163131058216,0.0,22.354022440314292,1.3709068298339844e-06,400.8664698600769
340,1.3279722222222217,0.0033333333333333335,0.00125,0.7208333333333333,0.5983333333333334,1.6504166666666666,0.8403938399394086,0.15960616006059075,2.8672052511991923,0.265,102.24291666666667,0.46458333333333335,262.0,-0.0006288670934736729,112.57112007141113,4.947852504253388,0.00012457010307116435,0.0,15.327344647049904,1.430511474609375e-06,402.0411784648895
341,1.3950486111111107,0.0004166666666666667,0.0004166666666666667,0.725,0.6283333333333333,1.7291666666666667,0.8389036144578316,0.1610963855421687,2.8571084337349397,0.27625,113.03666666666666,0.53125,284.0,-0.0002970605157315731,122.36398267745972,5.04030339717865,0.0007403379451716319,0.0,23.876735317707062,5.602836608886719e-06,403.19466757774353
342,1.3377694444444448,0.0,0.0,0.7291666666666666,0.61125,1.6416666666666666,0.8436497461928938,0.15635025380710654,2.8890862944162436,0.24166666666666667,99.69333333333333,0.50125,228.0,-0.0020472925156354905,109.58243551254273,5.082396507263184,6.743947328686772e-05,0.0,237.7670090675354,1.3947486877441406e-05,404.36638832092285
343,1.4375319444444437,0.0008333333333333334,0.0004166666666666667,0.7375,0.6495833333333333,1.7729166666666667,0.8442796709753232,0.15572032902467695,2.8954171562867215,0.28791666666666665,125.75041666666667,0.6045833333333334,293.0,-0.0051481867209076885,378.37906913757325,5.049259781837463,-4.2418670000188284e-05,0.0,841.5067134857178,0.04907834529876709,405.53796672821045
344,1.314629166666667,0.004166666666666667,0.0016666666666666668,0.7125,0.59375,1.6358333333333333,0.8399414161996949,0.16005858380030571,2.862455425369333,0.26,92.76625,0.43,250.0,-0.008700115722604096,106.73124275207519,5.064135110378265,-1.8219773664895911e-06,0.0,100.27612671852111,0.28873491287231445,406.713431596756
345,1.3903555555555558,0.0,0.0,0.7166666666666667,0.6216666666666667,1.7129166666666666,0.8423789832157632,0.15762101678423737,2.8800778399416203,0.26916666666666667,111.18458333333334,0.48125,287.0,0.008038684725761414,94.68024044036865,4.780618417263031,1.9573203007894336e-05,0.0,110.81542201042176,0.4084480404853821,407.88691449165344
346,1.3615499999999994,0.0008333333333333334,0.0008333333333333334,0.6958333333333333,0.60875,1.6845833333333333,0.8389116992332433,0.1610883007667575,2.8575315359881275,0.24583333333333332,103.95708333333333,0.50625,249.0,-0.015480673778802157,127.00337200164795,4.873819494247437,-5.930856145823782e-05,0.0,103.19797358512878,0.35425740480422974,409.06168580055237
347,1.396509722222222,0.002916666666666667,0.0008333333333333334,0.7208333333333333,0.6283333333333333,1.7233333333333334,0.8425507736943908,0.1574492263056094,2.8822533849129592,0.25083333333333335,111.97666666666667,0.52875,301.0,-0.009527138364501298,120.35203876495362,5.008892560005188,4.2929267419822284e-05,0.0,164.91396770477294,0.15926223993301392,410.21893095970154
348,1.3843624999999997,0.0,0.0,0.725,0.62,1.69875,0.8439955849889632,0.15600441501103735,2.891832229580574,0.25416666666666665,111.55625,0.5041666666666667,284.0,0.0029533832799643277,117.90200786590576,4.953011775016785,-2.3194728782982565e-05,0.0,98.4354552268982,0.2222251296043396,411.39799904823303
349,1.2965152777777766,0.0033333333333333335,0.0004166666666666667,0.6833333333333333,0.585,1.6066666666666667,0.8414081950207468,0.15859180497925293,2.8729253112033195,0.24458333333333335,101.11375,0.46458333333333335,280.0,-0.007756284193601459,134.888569355011,4.71649621129036,-6.812640276621096e-06,0.0,100.17591490745545,0.21043866872787476,412.54804968833923
350,1.339243055555555,0.00375,0.0008333333333333334,0.7291666666666666,0.6104166666666667,1.6516666666666666,0.8438067608476287,0.15619323915237118,2.890010090817356,0.24208333333333334,102.73375,0.5308333333333334,233.0,0.008297329861670732,87.47598142623902,5.051752185821533,-1.3474514707922935e-05,0.0,114.07028527259827,0.17517751455307007,413.9904189109802
351,1.3223555555555546,0.0016666666666666668,0.00125,0.7125,0.6029166666666667,1.63375,0.8436164243815348,0.15638357561846464,2.889313950522826,0.2658333333333333,99.86333333333333,0.47583333333333333,284.0,0.0090767900692299,130.7092809677124,4.9533210635185245,1.6808556119940475e-05,0.0,154.58725819587707,0.22904598712921143,415.15400290489197
352,1.3141430555555553,0.0,0.0,0.7041666666666667,0.5904166666666667,1.615,0.8438106295149647,0.15618937048503612,2.8913828689370487,0.24375,98.89333333333333,0.46,276.0,0.013737207558006049,104.20976390838624,4.8277363061904905,4.1942329471567066e-05,0.0,127.70725302696228,0.39389342069625854,416.3447697162628
353,1.4054347222222214,0.0025,0.00125,0.7208333333333333,0.6258333333333334,1.735,0.8422694524495687,0.15773054755043228,2.8796829971181555,0.25666666666666665,108.56833333333333,0.4395833333333333,332.0,0.0022057398920878766,96.63205471038819,4.897515070438385,8.910072028811556e-06,0.0,140.50709800720216,0.4181821346282959,417.5387840270996
354,1.299169444444444,0.00125,0.0008333333333333334,0.7,0.58875,1.6041666666666667,0.8426857142857145,0.15731428571428563,2.883116883116883,0.25375,101.61708333333333,0.4691666666666667,263.0,0.0024475799174979327,98.89212713241577,4.922370564937592,2.8758464395650663e-06,0.0,72.11616854667663,0.12382882833480835,418.6889886856079
355,1.3881222222222227,0.0025,0.0004166666666666667,0.7333333333333333,0.6233333333333333,1.7125,0.8432262773722631,0.15677372262773734,2.886131386861314,0.2579166666666667,112.0725,0.5345833333333333,280.0,-0.009334972687065601,89.58586196899414,5.015985774993896,4.6256616769824175e-06,0.0,143.83630056381224,0.5591896772384644,419.8458888530731
356,1.3755194444444432,0.002916666666666667,0.0008333333333333334,0.7291666666666666,0.6166666666666667,1.7004166666666667,0.8425827003185491,0.15741729968145066,2.8833619210977703,0.25375,114.08625,0.5470833333333334,272.0,-0.005513954372145235,88.76598892211913,5.118575954437256,6.76351295112454e-06,0.0,98.86297903060913,0.5319685935974121,421.00188660621643
357,1.3548916666666673,0.0004166666666666667,0.0004166666666666667,0.7166666666666667,0.6141666666666666,1.67625,0.8397315436241618,0.16026845637583895,2.8627889634601043,0.25916666666666666,100.02041666666666,0.47125,235.0,-0.009447558131068946,92.85056295394898,4.887937653064728,-8.78546416060999e-08,0.0,108.12917108535767,0.2829415202140808,422.1609287261963
358,1.266145833333333,0.0008333333333333334,0.0008333333333333334,0.6875,0.5775,1.5625,0.8426000000000005,0.15739999999999996,2.8824,0.245,85.31541666666666,0.35791666666666666,219.0,0.008364028460346163,107.61720695495606,4.8231931865215305,-0.00016205534484470263,0.0,111.68893623352051,0.10418856143951416,423.2963876724243
359,1.4280722222222233,0.0016666666666666668,0.00125,0.7291666666666666,0.6354166666666666,1.7604166666666667,0.8426130177514791,0.15738698224852077,2.8833136094674554,0.2625,117.2325,0.52125,293.0,-0.007717061787843704,143.1476414680481,5.010742259025574,3.664909509097925e-05,0.0,676.8252864360809,0.42077088356018066,424.4424021244049
360,1.3058263888888881,0.005,0.00125,0.6916666666666667,0.59125,1.6195833333333334,0.8416902495497814,0.15830975045021892,2.8759969127862104,0.23791666666666667,103.19166666666666,0.4845833333333333,234.0,-0.0029821378644555806,77.17840614318848,4.950023221969604,-5.2320134636829606e-05,0.0,107.60188593864441,0.6234899759292603,425.59531593322754
361,1.341501388888889,0.0008333333333333334,0.0008333333333333334,0.7083333333333334,0.60625,1.6491666666666667,0.8443077311773631,0.15569226882263779,2.8933804951995956,0.25833333333333336,100.58416666666666,0.42291666666666666,292.0,0.004698421293869615,128.82451305389404,4.944402348995209,8.846102089137276e-05,0.0,120.00616998672486,0.11928606033325195,426.7560076713562
362,1.283204166666667,0.010416666666666666,0.0020833333333333333,0.6958333333333333,0.5866666666666667,1.6116666666666666,0.8398888314374361,0.16011116856256474,2.8642709410548086,0.24708333333333332,87.17041666666667,0.3933333333333333,266.0,-0.0015815911872778087,104.76833028793335,4.843125176429749,-0.00015506637209909967,0.0,46.10765476226807,0.11331748962402344,427.92845821380615
363,1.3437597222222222,0.0016666666666666668,0.00125,0.725,0.6029166666666667,1.6541666666666666,0.8432468513853902,0.15675314861460976,2.8866498740554154,0.24083333333333334,103.56291666666667,0.51375,234.0,-0.006913697149138897,74.62215614318848,5.116835713386536,1.4240325435821433e-05,0.0,72.97583985328674,0.5055931806564331,429.08410477638245
364,1.3917152777777784,0.002916666666666667,0.0008333333333333334,0.7208333333333333,0.6233333333333333,1.7104166666666667,0.8452984165651651,0.1547015834348356,2.9010962241169307,0.24833333333333332,110.27083333333333,0.53125,270.0,-0.0074096280615776776,78.46981029510498,5.034382057189942,-2.0381419562909287e-05,0.0,108.58313870429993,0.5436289310455322,430.2684190273285
365,1.437297222222222,0.0,0.0,0.7333333333333333,0.6429166666666667,1.77375,0.8410101010101009,0.15898989898989901,2.8722104768616394,0.2654166666666667,126.86041666666667,0.5883333333333334,369.0,-0.011832947260700166,131.55999526977538,4.882765698432922,9.75459497567499e-06,0.0,218.30934867858886,0.6021295785903931,431.44968843460083
366,1.3472222222222212,0.004166666666666667,0.00125,0.7041666666666667,0.6083333333333333,1.6679166666666667,0.843492380714464,0.15650761928553586,2.8888333749687733,0.25583333333333336,105.02,0.4820833333333333,293.0,0.00048046745359897614,103.58182249069213,5.001483619213104,6.45696505671367e-05,0.0,91.57752637863159,0.2720245122909546,432.61859154701233
367,1.3512444444444456,0.002916666666666667,0.0008333333333333334,0.7125,0.60625,1.6733333333333333,0.8425846613545813,0.15741533864541823,2.88296812749004,0.26208333333333333,104.76041666666667,0.48583333333333334,295.0,0.004427514551207423,98.41182117462158,4.907433366775512,2.453386114211753e-05,0.0,115.19936885833741,0.38824063539505005,433.77487325668335
368,1.37312361111111,0.0,0.0,0.725,0.6129166666666667,1.7020833333333334,0.838269277845777,0.16173072215422282,2.8531211750305996,0.26375,112.77666666666667,0.5604166666666667,256.0,-0.00919887968339026,84.09400939941406,5.193233096599579,3.864001500915037e-05,0.0,95.50313906669616,0.5419925451278687,434.93711018562317
369,1.2997888888888882,0.00125,0.0004166666666666667,0.6875,0.5870833333333333,1.60125,0.843393182409576,0.1566068175904241,2.8886286755139214,0.24666666666666667,97.06375,0.42625,242.0,0.007787529600318521,111.77285823822021,4.914492911100387,-7.213869685074314e-06,0.0,120.03384189605713,0.31770652532577515,436.09698271751404
370,1.321269444444445,0.0004166666666666667,0.0004166666666666667,0.7083333333333334,0.6,1.6304166666666666,0.8410120112445695,0.15898798875543058,2.8701763352926144,0.25,99.50833333333334,0.49125,249.0,0.0033126043155789374,79.8893256187439,5.145876777172089,9.481515735387803e-06,0.0,116.75259590148926,0.4538506269454956,437.2473819255829
371,1.4276416666666665,0.0008333333333333334,0.0004166666666666667,0.7375,0.6370833333333333,1.74875,0.8474720038122463,0.1525279961877531,2.916130569454372,0.26666666666666666,114.71166666666667,0.5229166666666667,300.0,-0.0055462547636125235,80.57719221115113,5.049706733226776,4.381784247016185e-05,0.0,184.17597312927245,0.6783511638641357,438.39898324012756
372,1.3177819444444439,0.009166666666666667,0.0025,0.7083333333333334,0.60375,1.6475,0.8419347496206376,0.1580652503793627,2.8770864946889225,0.25916666666666666,100.50333333333333,0.4816666666666667,255.0,0.005084726097993553,93.96582355499268,4.978787088394165,0.0001254414206414367,0.0,130.19607377052307,0.30972349643707275,439.56308674812317
373,1.3093152777777768,0.0,0.0,0.6916666666666667,0.58625,1.60875,0.8430950530950526,0.15690494690494686,2.884744884744885,0.2425,100.80375,0.4970833333333333,271.0,0.0018597355578094722,106.04214353561402,4.904715871810913,-9.127777666435577e-05,0.0,95.69461946487426,0.283780038356781,440.7247316837311
374,1.413133333333332,0.00375,0.0016666666666666668,0.7458333333333333,0.63375,1.7391666666666667,0.8458361284139909,0.15416387158600867,2.9056061332055583,0.2525,114.30333333333333,0.5420833333333334,272.0,-0.002147350460290909,68.2888313293457,5.112008726596832,6.889768701512366e-06,0.0,164.68910851478577,0.6835824847221375,441.8804488182068
375,1.391820833333332,0.00625,0.0016666666666666668,0.725,0.63375,1.7391666666666667,0.8383732630570194,0.16162673694298035,2.8540967896502156,0.26416666666666666,116.68375,0.585,310.0,-0.002148937914171256,93.77015008926392,4.9334556579589846,0.0001329880044067977,0.0,83.5973204612732,0.4758831858634949,443.23335123062134
376,1.3600569444444446,0.0016666666666666668,0.0008333333333333334,0.6916666666666667,0.6066666666666667,1.6704166666666667,0.8444674482414559,0.15553255175854322,2.895734597156398,0.23541666666666666,112.95333333333333,0.585,252.0,0.0023734413320198656,113.94547004699707,4.931173801422119,1.6608151645414183e-05,0.0,117.81428127288818,0.19935446977615356,444.388662815094
377,1.3042541666666674,0.0004166666666666667,0.0004166666666666667,0.7083333333333334,0.5879166666666666,1.6075,0.8437558320373254,0.156244167962675,2.890357698289269,0.26,93.83208333333333,0.42625,242.0,0.002184862014837563,75.79667329788208,4.979378521442413,-3.41930594004225e-05,0.0,83.12633085250854,0.39370936155319214,445.5628809928894
378,1.282177777777777,0.0,0.0,0.675,0.5741666666666667,1.5683333333333334,0.8459245483528159,0.1540754516471841,2.90356004250797,0.2325,96.9,0.4625,275.0,-0.0060913581401109695,85.55195226669312,4.771553528308869,7.66688674048055e-05,0.0,97.80376267433167,0.5593866109848022,446.74816274642944
379,1.3108500000000007,0.0016666666666666668,0.00125,0.6875,0.5920833333333333,1.6241666666666668,0.8412108773730121,0.15878912262698802,2.8724987172909184,0.2604166666666667,101.27125,0.46166666666666667,264.0,0.0038159499992616473,84.34911718368531,4.749009096622467,0.0001957533877430251,0.0,75.38848419189453,0.48292917013168335,447.89939188957214
380,1.385665277777778,0.004583333333333333,0.00125,0.7375,0.6220833333333333,1.7191666666666667,0.8429301987396995,0.15706980126030048,2.884876393601551,0.27958333333333335,112.97,0.5525,266.0,0.005906548188067973,70.24728879928588,5.144827508926392,1.034171727951616e-05,0.0,171.05863652229309,0.6777206063270569,449.0617334842682
381,1.332022222222222,0.004583333333333333,0.0008333333333333334,0.7166666666666667,0.59375,1.6391666666666667,0.8469801728520593,0.15301982714794093,2.9133197763091,0.23666666666666666,101.215,0.49541666666666667,248.0,-0.002958013163879514,67.03089141845703,4.9435546875,6.029520463926019e-05,0.0,99.86337041854858,0.5320571660995483,450.23874068260193
382,1.3506666666666662,0.00125,0.0008333333333333334,0.6958333333333333,0.6008333333333333,1.6583333333333334,0.8443718592964832,0.15562814070351763,2.89321608040201,0.24541666666666667,102.87041666666667,0.5091666666666667,280.0,-0.008609154261648655,98.67594680786132,4.897885358333587,-5.037430673837661e-06,0.0,93.18059363365174,0.5281216502189636,451.4210433959961
383,1.3651263888888892,0.0,0.0,0.7083333333333334,0.61,1.6820833333333334,0.843192965073075,0.15680703492692596,2.8860540004954176,0.2733333333333333,100.12708333333333,0.4529166666666667,245.0,-0.005544933350756764,70.00610074996948,4.868943190574646,1.1477509633550654e-05,0.0,138.11384506225585,0.5484604835510254,452.5981869697571
384,1.261544444444444,0.0020833333333333333,0.0004166666666666667,0.6833333333333333,0.5745833333333333,1.5616666666666668,0.8428601921024547,0.15713980789754525,2.8834044823906084,0.25583333333333336,89.65666666666667,0.42833333333333334,241.0,-0.0033847715239971876,105.75734205245972,4.902039051055908,-9.736014703776164e-06,0.0,143.28598370552064,0.21281039714813232,453.7624032497406
385,1.3927527777777782,0.002916666666666667,0.0016666666666666668,0.7208333333333333,0.61875,1.715,0.844373177842566,0.15562682215743437,2.8943148688046647,0.2504166666666667,111.71166666666667,0.5358333333333334,271.0,0.003480073157697916,118.2935245513916,4.932863819599151,3.589782863855362e-05,0.0,289.3851637840271,0.5203028321266174,454.91992950439453
386,1.3310277777777781,0.0033333333333333335,0.0016666666666666668,0.6958333333333333,0.6,1.64625,0.8425208807896735,0.1574791192103265,2.882308276385725,0.25166666666666665,101.0225,0.46291666666666664,244.0,0.006445629487279803,92.98270483016968,4.938219475746155,-3.658481946331449e-05,0.0,98.60983800888062,0.3308566212654114,456.07799100875854
387,1.2900680555555555,0.00375,0.0008333333333333334,0.7166666666666667,0.5904166666666667,1.6016666666666666,0.8412669094693029,0.15873309053069715,2.8722684703433923,0.25458333333333333,99.05541666666667,0.39708333333333334,283.0,0.004928280040621758,106.3786244392395,4.87073267698288,8.423195026807662e-05,0.0,96.62887723445893,0.08716630935668945,457.252316236496
388,1.266694444444445,0.002916666666666667,0.00125,0.6833333333333333,0.5720833333333334,1.5675,0.842477405635301,0.15752259436469973,2.879851143009038,0.24708333333333332,79.29083333333334,0.3375,247.0,0.008239106158725917,123.12370834350585,4.930775308609009,0.000299094988804427,0.0,52.26595766544342,0.03496551513671875,458.4342837333679
389,1.3223458333333329,0.0004166666666666667,0.0004166666666666667,0.6875,0.5945833333333334,1.6275,0.8445033282130053,0.1554966717869944,2.8960573476702507,0.25708333333333333,95.05458333333333,0.4504166666666667,246.0,-0.002132618613541126,114.61496791839599,4.938158023357391,4.744321722682798e-05,0.0,82.74849610328674,0.3391149044036865,459.5940718650818
390,1.3426555555555564,0.00125,0.0004166666666666667,0.7125,0.6066666666666667,1.655,0.8440433031218528,0.155956696878147,2.891742195367573,0.2604166666666667,106.62708333333333,0.5325,219.0,-0.0023154618917033075,73.47532024383545,4.918401527404785,-0.00012014528401778079,0.0,68.46878132820129,0.5559994578361511,460.76910495758057
391,1.4069361111111107,0.0025,0.0008333333333333334,0.7375,0.63875,1.7458333333333333,0.8400906921241048,0.15990930787589494,2.8651551312649164,0.275,117.99708333333334,0.545,298.0,-0.00243269894272089,68.17657260894775,5.001679491996765,-0.00013775299448752775,0.0,177.45189867019653,0.77658611536026,461.92529821395874
392,1.3689277777777777,0.0020833333333333333,0.00125,0.7166666666666667,0.6191666666666666,1.6770833333333333,0.847269565217392,0.15273043478260864,2.9135403726708073,0.24833333333333332,108.60958333333333,0.50125,289.0,-0.001425284903962165,69.53440055847167,5.20017819404602,6.009163371345494e-05,0.0,106.06245546340942,0.5401656031608582,463.075222492218
393,1.2608305555555555,0.008333333333333333,0.0020833333333333333,0.6708333333333333,0.57125,1.5633333333333332,0.846257995735608,0.15374200426439225,2.9077825159914714,0.22791666666666666,85.95166666666667,0.35541666666666666,282.0,-0.002503456687554717,112.72620391845703,4.814026725292206,-0.00010166588890569983,0.0,59.60110738277435,0.28038954734802246,464.21642565727234
394,1.4466791666666665,0.0033333333333333335,0.0008333333333333334,0.7458333333333333,0.64875,1.7904166666666668,0.8415243192925301,0.15847568070747048,2.874563649057482,0.26208333333333333,121.23208333333334,0.5341666666666667,301.0,0.002281417208723724,90.4381025314331,5.013960492610932,-7.956116411378389e-05,0.0,224.38620300292968,0.5725991725921631,465.3460781574249
395,1.3389888888888888,0.010833333333333334,0.0033333333333333335,0.6916666666666667,0.6070833333333333,1.6729166666666666,0.8446425902864261,0.15535740971357398,2.8971357409713576,0.2654166666666667,117.76083333333334,0.595,278.0,0.004134864453226328,118.82010822296142,4.95153638124466,8.580104622524232e-06,0.0,105.03707113265992,0.31258875131607056,466.4960606098175
396,1.2479736111111104,0.004583333333333333,0.0020833333333333333,0.6791666666666667,0.56625,1.5466666666666666,0.8432031249999998,0.15679687499999997,2.8871228448275863,0.23291666666666666,86.26375,0.3804166666666667,229.0,-0.004224124329630286,105.0310396194458,4.769876313209534,-8.047791379794943e-06,0.0,97.00830509662629,0.1461580991744995,467.6378905773163
397,1.4018305555555544,0.005416666666666667,0.0016666666666666668,0.7041666666666667,0.6304166666666666,1.7283333333333333,0.8482545805207327,0.15174541947926723,2.9218900675024106,0.275,114.35791666666667,0.5420833333333334,270.0,-0.007768556382507086,83.27390975952149,4.915957343578339,-0.0001282334324059775,0.0,177.7008189678192,0.7363555431365967,468.77815079689026
398,1.3920597222222213,0.0,0.0,0.725,0.6241666666666666,1.7095833333333332,0.8451401413599804,0.15485985864001958,2.8993419449183526,0.27291666666666664,112.22625,0.5133333333333333,284.0,0.003420758433640003,92.12139444351196,5.05065244436264,7.853610168240265e-06,0.0,157.522367811203,0.4398285150527954,469.92547249794006
399,1.370881944444444,0.0,0.0,0.7125,0.6145833333333334,1.6916666666666667,0.8416133004926107,0.1583866995073893,2.8753694581280786,0.26458333333333334,107.85041666666666,0.5025,264.0,0.008073342102579772,97.49251003265381,4.91998792886734,-1.9993136083940045e-05,0.0,76.31393003463745,0.458074152469635,471.08433508872986
400,1.3376777777777782,0.00125,0.0004166666666666667,0.7041666666666667,0.5995833333333334,1.645,0.8451773049645399,0.154822695035461,2.9002026342451876,0.25833333333333336,108.29291666666667,0.5154166666666666,267.0,-0.0019175157882273196,89.77032623291015,4.9937096118927,-3.902412190655013e-05,0.0,120.47120537757874,0.5028204321861267,472.4505536556244
401,1.3614888888888885,0.0020833333333333333,0.0008333333333333334,0.7166666666666667,0.6058333333333333,1.6720833333333334,0.8455619237478189,0.15443807625218045,2.901569897832046,0.25083333333333335,112.23083333333334,0.5720833333333334,262.0,0.005485921073704958,68.84381799697876,5.086801624298095,-0.00016829540618346073,0.0,110.25885305404663,0.6591432094573975,473.62174701690674
402,1.3422361111111107,0.0,0.0,0.7041666666666667,0.6041666666666666,1.6475,0.8426150733434506,0.15738492665655038,2.8826504805260496,0.23208333333333334,105.55166666666666,0.5145833333333333,254.0,-0.001575032784603536,101.92310905456543,4.869262230396271,6.039307118044235e-05,0.0,138.57557780742644,0.39079391956329346,474.7902834415436
403,1.3238138888888882,0.0020833333333333333,0.00125,0.6958333333333333,0.6008333333333333,1.63875,0.8418052377320111,0.1581947622679887,2.8766844647851513,0.2604166666666667,103.40625,0.4825,260.0,0.004491869849152863,88.99252262115479,4.822679948806763,0.00010737303284713562,0.0,110.83308854103089,0.4361203908920288,475.939439535141
404,1.2749319444444447,0.0,0.0,0.6666666666666666,0.5695833333333333,1.5620833333333333,0.8444038410242731,0.15559615897572682,2.8935716190984264,0.22916666666666666,89.25041666666667,0.4008333333333333,242.0,-0.0038368280977010725,107.7197452545166,4.801264369487763,3.1240518001141024e-05,0.0,144.86419780254363,0.3109017610549927,477.09117889404297
405,1.345219444444445,0.0,0.0,0.7041666666666667,0.6,1.6458333333333333,0.846293670886076,0.153706329113924,2.907848101265823,0.2425,99.97416666666666,0.5054166666666666,251.0,-0.012427563732489943,70.63907709121705,4.813588625192642,-1.3361825403990224e-05,0.0,163.78406019210814,0.6236088871955872,478.24871253967285
406,1.2667125000000006,0.005416666666666667,0.00125,0.6875,0.5775,1.5770833333333334,0.8412443857331579,0.15875561426684281,2.8734478203434612,0.24666666666666667,88.41958333333334,0.3925,230.0,-0.005191100388765335,96.29453973770141,4.958762955665589,-2.4835640169840188e-05,0.0,76.76946334838867,0.326443076133728,479.3916656970978
407,1.377415277777777,0.0016666666666666668,0.0008333333333333334,0.7,0.6208333333333333,1.705,0.8400855327468236,0.15991446725317707,2.864613880742913,0.26,108.68083333333334,0.51125,317.0,-0.004332159960176796,109.01191921234131,4.975248801708221,7.609599269926548e-05,0.0,119.65661029815674,0.4187009930610657,480.54286193847656
408,1.4110555555555555,0.0025,0.00125,0.725,0.6329166666666667,1.7404166666666667,0.8439549916207801,0.15604500837921964,2.8915489585827148,0.2704166666666667,117.775,0.5729166666666666,267.0,-0.0028749928344041107,65.86377096176147,5.1144677102565765,-2.360434336878825e-07,0.0,143.9609179496765,0.7018883228302002,481.6967730522156
409,1.3226944444444428,0.0016666666666666668,0.0008333333333333334,0.6875,0.5929166666666666,1.62875,0.8444103351240728,0.15558966487592743,2.8943463801483755,0.25458333333333333,95.24458333333334,0.4775,242.0,0.0103434655116871,118.66124725341797,4.791483908891678,9.478622523602098e-05,0.0,116.22302057743073,0.12434953451156616,482.8402876853943
410,1.296063888888889,0.0033333333333333335,0.0004166666666666667,0.6875,0.5833333333333334,1.5941666666666667,0.8467642446419245,0.15323575535807638,2.911395713538944,0.23708333333333334,94.2025,0.4608333333333333,227.0,-0.00400912273908034,99.00944023132324,4.830790972709655,-5.929512044531293e-05,0.0,98.80138962268829,0.4612317681312561,483.9757089614868
411,1.3591930555555558,0.0004166666666666667,0.0004166666666666667,0.7083333333333334,0.61375,1.6683333333333332,0.8457117882117887,0.15428821178821175,2.903346653346653,0.255,108.945,0.5275,263.0,-0.004677397198975086,60.80550737380982,4.892977631092071,-1.35926682560239e-05,0.0,121.82993874549865,0.7522246241569519,485.117151260376
412,1.3519097222222216,0.0004166666666666667,0.0004166666666666667,0.7125,0.6045833333333334,1.66875,0.8430087390761555,0.15699126092384524,2.8848938826466917,0.26708333333333334,101.72333333333333,0.46875,247.0,0.0006913460558280349,72.34822444915771,4.873130202293396,8.011682257347275e-05,0.0,145.38423037528992,0.4876936674118042,486.27045726776123
413,1.3985999999999992,0.0,0.0,0.7125,0.6220833333333333,1.7133333333333334,0.8471887159533075,0.15281128404669272,2.9153696498054473,0.265,113.08041666666666,0.5608333333333333,327.0,0.0012630556244403123,89.16097402572632,4.998621737957,-5.182404929655604e-05,0.0,123.62715401649476,0.4943252205848694,487.4393455982208
414,1.3687333333333325,0.0004166666666666667,0.0004166666666666667,0.7208333333333333,0.6179166666666667,1.6808333333333334,0.846172533465543,0.15382746653445714,2.908031730292514,0.26458333333333334,103.56166666666667,0.49875,281.0,-0.001504401018610224,86.59067258834838,4.824217617511749,0.00013309850583027584,0.0,90.58945069313049,0.5061686038970947,488.5942053794861
415,1.2796250000000011,0.00375,0.0020833333333333333,0.6875,0.57375,1.5808333333333333,0.8439905113336852,0.15600948866631512,2.892198207696363,0.23625,96.97291666666666,0.43333333333333335,275.0,0.0038132355781272053,95.13109035491944,4.7857790231704715,-3.387468223081669e-06,0.0,138.93753066062928,0.4219924807548523,489.7544617652893
416,1.3880819444444445,0.004166666666666667,0.00125,0.725,0.62375,1.7095833333333332,0.8461442846697541,0.15385571533024625,2.9071411162563976,0.25416666666666665,116.3025,0.6083333333333333,259.0,-0.005817693192511797,56.5895453453064,5.095929431915283,0.000121750231119222,0.0,151.68458318710327,0.7055460214614868,490.88602209091187
417,1.3811666666666662,0.0008333333333333334,0.0004166666666666667,0.7208333333333333,0.61625,1.70375,0.8430667644900953,0.15693323550990454,2.8862802641232577,0.2654166666666667,112.22541666666666,0.55625,236.0,0.0033959852997213604,70.46150827407837,5.013651168346405,0.0001530117355287075,0.0,113.11017136573791,0.6393300890922546,492.0654516220093
418,1.3355583333333338,0.0008333333333333334,0.0004166666666666667,0.7041666666666667,0.5966666666666667,1.635,0.845652395514782,0.1543476044852192,2.9041794087665647,0.22958333333333333,96.97416666666666,0.46125,254.0,-0.0018170247785747051,75.84596586227417,4.862139582633972,2.6245244043821003e-05,0.0,111.87226483821868,0.4295833706855774,493.21397709846497
419,1.3123000000000005,0.0,0.0,0.7083333333333334,0.5904166666666667,1.6154166666666667,0.8455042558679392,0.1544957441320608,2.9035336600464277,0.2633333333333333,105.78083333333333,0.5241666666666667,247.0,-0.004806893522618339,80.70368909835815,4.8145467162132265,-0.00011020891106454656,0.0,120.77857041358948,0.6173744201660156,494.3746473789215
420,1.3216819444444443,0.0,0.0,0.6958333333333333,0.595,1.6208333333333333,0.8461105398457586,0.15388946015424157,2.9074550128534704,0.2525,99.52458333333334,0.4708333333333333,255.0,0.0030436938628554343,91.65551900863647,5.004302549362182,5.093747531645931e-05,0.0,149.71185874938965,0.3774172067642212,495.52963399887085
421,1.3891472222222225,0.004166666666666667,0.00125,0.7166666666666667,0.6195833333333334,1.7058333333333333,0.8457791890571569,0.1542208109428432,2.904494382022472,0.22791666666666666,113.75666666666666,0.5633333333333334,312.0,-0.008734332071617246,63.36794023513794,4.866606819629669,-0.0005169055880287488,0.0,131.92648606300355,0.6495364308357239,496.6687560081482
422,1.4311249999999993,0.0,0.0,0.7208333333333333,0.6379166666666667,1.7508333333333332,0.8470252260828176,0.15297477391718228,2.913136601618277,0.25916666666666666,118.33333333333333,0.55625,304.0,0.008328908355906606,88.78191146850585,4.882757937908172,9.57574685912732e-05,0.0,163.9796021938324,0.5630008578300476,497.8039128780365
423,1.349077777777779,0.002916666666666667,0.00125,0.7166666666666667,0.60625,1.6625,0.8448922305764415,0.15510776942355878,2.8972431077694236,0.25833333333333336,112.41333333333333,0.5616666666666666,266.0,-0.005734603572636843,61.82622594833374,4.824191129207611,-9.236857349605997e-05,0.0,119.81989006996155,0.6328402757644653,498.95784068107605
424,1.3295000000000008,0.005,0.00125,0.6958333333333333,0.5991666666666666,1.64125,0.8435643564356436,0.15643564356435646,2.888042650418888,0.22833333333333333,97.4125,0.43583333333333335,272.0,0.009051175694912672,66.46669130325317,4.790193200111389,0.0002819815785187529,0.0,112.10984926223755,0.6195833683013916,500.1128993034363
425,1.3327249999999995,0.00625,0.0025,0.725,0.6,1.64375,0.848299112801014,0.15170088719898592,2.9221799746514576,0.24708333333333332,104.70875,0.5275,261.0,0.0004413996823132038,79.67482061386109,5.029589366912842,4.5592027163365856e-05,0.0,176.96863055229187,0.5019986629486084,501.49492359161377
426,1.4157986111111116,0.0008333333333333334,0.0004166666666666667,0.7416666666666667,0.63125,1.7375,0.8462230215827348,0.15377697841726623,2.9079136690647482,0.2658333333333333,122.56333333333333,0.6041666666666666,286.0,-0.006759351724758745,89.9691333770752,5.056376838684082,1.7890670278575271e-07,0.0,217.2753095626831,0.6830710172653198,502.63744711875916
427,1.3125499999999997,0.0,0.0,0.7125,0.5920833333333333,1.61125,0.8444840961986038,0.1555159038013966,2.896043444530644,0.24541666666666667,101.5525,0.4575,284.0,0.004330247640609741,87.70357704162598,4.689226055145264,-3.699149547173874e-05,0.0,107.55801243782044,0.4227927327156067,503.788809299469
428,1.198187500000001,0.010416666666666666,0.0033333333333333335,0.6333333333333333,0.54125,1.49375,0.8463458856345879,0.15365411436541135,2.908507670850767,0.22833333333333333,80.91333333333333,0.3025,232.0,0.0064122095238417385,180.46419429779053,4.657163518667221,0.0006686470203931094,0.0,112.40239737033843,0.0669088363647461,504.94894790649414
429,1.3857902777777769,0.00125,0.0008333333333333334,0.7125,0.6158333333333333,1.6995833333333332,0.8456067663643055,0.15439323363569515,2.902917381711204,0.24791666666666667,108.2275,0.48041666666666666,353.0,-0.00619880324229598,96.94862365722656,4.815192449092865,-2.4274612951558083e-05,0.0,340.61924679279326,0.4985649585723877,506.09758043289185
430,1.2871416666666662,0.005,0.0020833333333333333,0.6708333333333333,0.5733333333333334,1.5891666666666666,0.8440325117986367,0.15596748820136347,2.8922391190351338,0.225,87.04625,0.40375,245.0,0.0027923677815124394,117.97110414505005,4.720088303089142,-0.000155351201283338,0.0,114.53277683258057,0.1947738528251648,507.2334520816803
431,1.3361291666666666,0.004166666666666667,0.0008333333333333334,0.6958333333333333,0.5995833333333334,1.6358333333333333,0.8500280183392768,0.14997198166072342,2.9335201222618443,0.23458333333333334,101.97333333333333,0.5116666666666667,259.0,-0.009763165842741728,86.54332113265991,4.864024329185486,-1.4829589167675294e-05,0.0,133.76190128326417,0.4852495789527893,508.3382248878479
432,1.423354166666667,0.0016666666666666668,0.0008333333333333334,0.7208333333333333,0.6270833333333333,1.7458333333333333,0.8455966587112179,0.15440334128878289,2.903102625298329,0.2529166666666667,115.89791666666666,0.5341666666666667,281.0,0.007304557948373258,60.16797494888306,4.823090136051178,4.1972488179453646e-05,0.0,193.82115578651428,0.6735517978668213,509.47183895111084
433,1.3646361111111112,0.0,0.0,0.7208333333333333,0.60625,1.6745833333333333,0.8428614083105247,0.15713859168947517,2.884299577009206,0.23708333333333334,110.25041666666667,0.5083333333333333,292.0,-0.009502057556528599,65.056902551651,4.806811034679413,-0.0006475806367234327,0.0,90.31077570915222,0.6162528395652771,510.6153848171234
434,1.41225,0.0004166666666666667,0.0004166666666666667,0.7375,0.6283333333333333,1.7308333333333332,0.8466297544535385,0.15337024554646123,2.9099662975445355,0.2704166666666667,114.10208333333334,0.515,284.0,-0.0021605147048830986,71.68469362258911,4.847128868103027,-1.4804585953243077e-05,0.0,149.9957546710968,0.4905077815055847,511.7643928527832
435,1.4134944444444444,0.0,0.0,0.7291666666666666,0.63125,1.7229166666666667,0.849629987908102,0.15037001209189838,2.9313180169286577,0.25,108.295,0.4708333333333333,298.0,-0.0010111534036695957,65.44844131469726,4.825822055339813,-7.722809277765919e-05,0.0,104.96459469795226,0.46247541904449463,512.9148166179657
436,1.3112722222222224,0.0,0.0,0.6958333333333333,0.5933333333333334,1.6058333333333332,0.846190970420343,0.15380902957965759,2.906590555267255,0.24333333333333335,100.55541666666667,0.485,221.0,0.0012565095443278552,99.69020977020264,4.784528934955597,-8.354893361683935e-06,0.0,178.6127206802368,0.29521334171295166,514.0591464042664
437,1.384820833333333,0.00375,0.0008333333333333334,0.7166666666666667,0.6233333333333333,1.70875,0.8445671787368938,0.15543282126310667,2.8966105827846866,0.25583333333333336,119.41708333333334,0.6045833333333334,284.0,-0.001174120372161269,66.27406396865845,4.846879923343659,3.5752184794546336e-05,0.0,143.44787378311156,0.7596905827522278,515.2193369865417
438,1.3658958333333324,0.0008333333333333334,0.0008333333333333334,0.7041666666666667,0.60375,1.6654166666666668,0.8474230673004757,0.15257693269952466,2.9149362021516136,0.22625,104.66666666666667,0.48541666666666666,268.0,-0.002046407479792833,74.40587878227234,4.781081593036651,-3.69864987078472e-05,0.0,121.19807133674621,0.5132722854614258,516.376434803009
439,1.3867972222222216,0.0,0.0,0.7041666666666667,0.6145833333333334,1.69125,0.8472480906627247,0.1527519093372753,2.9137718649913773,0.23708333333333334,112.80666666666667,0.5579166666666666,263.0,-0.002918628044426441,62.76667232513428,4.791629540920257,1.2483649697969668e-05,0.0,129.8387219429016,0.6852997541427612,517.5256776809692
440,1.4366916666666676,0.0,0.0,0.7333333333333333,0.6320833333333333,1.7433333333333334,0.85039674952199,0.1496032504780114,2.9349904397705546,0.24375,119.76375,0.5716666666666667,285.0,0.0017536626430228353,71.25953540802001,4.7553483068943025,-0.00020102108628634597,0.0,134.34184098243713,0.7323598861694336,518.6799509525299
441,1.3812930555555558,0.0016666666666666668,0.0008333333333333334,0.7333333333333333,0.615,1.68,0.8502653769841279,0.14973462301587293,2.9347718253968256,0.22791666666666666,112.60583333333334,0.5804166666666667,254.0,0.007974291057325899,77.9034062385559,4.625865280628204,9.040295408340171e-05,0.0,148.4676664829254,0.640813946723938,519.8508296012878
442,1.3538763888888885,0.0016666666666666668,0.0008333333333333334,0.7166666666666667,0.6066666666666667,1.6666666666666667,0.8437425000000003,0.1562575,2.8895,0.25583333333333336,106.87958333333333,0.475,284.0,-0.004796144412830472,84.13439493179321,4.898771125078201,0.0001085896215045068,0.0,140.94042692184448,0.4966115951538086,521.0086858272552
443,1.2891166666666667,0.0016666666666666668,0.0016666666666666668,0.6833333333333333,0.5770833333333333,1.5795833333333333,0.8473700870482722,0.15262991295172765,2.916117119493537,0.23208333333333334,95.51375,0.42583333333333334,250.0,-0.009205378172919155,92.04156913757325,4.607661402225494,2.584483818282024e-05,0.0,186.04995183944703,0.358051598072052,522.1532499790192
444,1.4556208333333323,0.0,0.0,0.7416666666666667,0.6433333333333333,1.7825,0.8443174380551662,0.1556825619448341,2.895745675549322,0.24708333333333332,123.7925,0.5908333333333333,307.0,-0.014867857052013277,73.63868799209595,4.84507588148117,-1.016739770420827e-06,0.0,351.4834306240082,0.6638295650482178,523.3017082214355
445,1.3965097222222218,0.0,0.0,0.7125,0.615,1.7004166666666667,0.8490051457975982,0.15099485420240144,2.9269786816956627,0.23916666666666667,115.54583333333333,0.5070833333333333,270.0,-0.007451896369457245,110.88129663467407,4.78718124628067,-0.00012231976786551967,0.0,143.61300477981567,0.4956100583076477,524.4425806999207
446,1.2557749999999996,0.005833333333333334,0.0025,0.6916666666666667,0.5754166666666667,1.5479166666666666,0.8489528936742939,0.15104710632570661,2.926514131897712,0.2375,90.91125,0.4041666666666667,288.0,-0.005482633085921407,110.88396701812744,4.785856986045838,-0.0002981239123073465,0.0,151.92924909591676,0.1786714792251587,525.5905344486237
447,1.3505569444444452,0.00375,0.0008333333333333334,0.7333333333333333,0.6133333333333333,1.6633333333333333,0.8474874749499008,0.15251252505010018,2.9158316633266534,0.25833333333333336,101.74625,0.45166666666666666,280.0,-0.0038443950237706304,57.823712015151976,4.7427635312080385,0.0010464220787980594,0.0,156.1094664812088,0.6147155165672302,526.7361810207367
448,1.379368055555555,0.0025,0.0016666666666666668,0.7166666666666667,0.61375,1.6833333333333333,0.8480569306930694,0.15194306930693077,2.9185643564356436,0.23,105.87958333333333,0.5133333333333333,252.0,0.0004967805463820696,74.68602447509765,4.897366869449615,-0.00011013714756700211,0.0,136.13368692398072,0.4713292121887207,527.8666803836823
449,1.3278666666666659,0.004166666666666667,0.00125,0.7125,0.6004166666666667,1.6316666666666666,0.8454749744637388,0.15452502553626157,2.90194075587334,0.22333333333333333,100.125,0.46291666666666664,224.0,0.0023879282176494598,72.88532409667968,4.631734502315521,-0.00025884831602525084,0.0,122.52954225540161,0.5507376790046692,529.0063862800598
450,1.2684736111111121,0.0008333333333333334,0.0004166666666666667,0.6666666666666666,0.5670833333333334,1.5433333333333332,0.8488579913606916,0.1511420086393088,2.924406047516199,0.20541666666666666,86.46333333333334,0.36291666666666667,241.0,-0.002122721169143915,123.2688307762146,4.573525857925415,-3.197782934876159e-05,0.0,161.06556992530824,0.33254826068878174,530.3056674003601
451,1.3763291666666662,0.00625,0.0008333333333333334,0.7416666666666667,0.6141666666666666,1.6891666666666667,0.8494548593981258,0.15054514060187477,2.9289590527873703,0.24166666666666667,112.00833333333334,0.55125,246.0,-0.006287444476038217,79.3620228767395,4.752240073680878,-0.0002617311217363749,0.0,237.2037244319916,0.5707917213439941,531.4300303459167
452,1.2997236111111106,0.0016666666666666668,0.00125,0.675,0.5820833333333333,1.5941666666666667,0.8459670674333508,0.15403293256664916,2.905645582854156,0.23208333333333334,99.25541666666666,0.48791666666666667,275.0,0.0010348177514970303,98.57090606689454,4.667647063732147,-1.422635577910114e-05,0.0,190.7162109375,0.3803297281265259,532.5853042602539
453,1.3636541666666662,0.004166666666666667,0.0004166666666666667,0.7125,0.6041666666666666,1.67125,0.8472375966093246,0.1527624033906756,2.913487908252306,0.22375,106.38208333333333,0.5120833333333333,264.0,0.0019783847499638798,83.22564172744751,4.665539002418518,0.00012507573655966552,0.0,149.8130383491516,0.4247325658798218,533.7462377548218
454,1.3941222222222218,0.00625,0.0008333333333333334,0.725,0.6183333333333333,1.7075,0.8488433382137632,0.15115666178623735,2.9238653001464128,0.22291666666666668,108.29083333333334,0.5154166666666666,271.0,0.004232812998816371,79.66819682121277,4.9047445297241214,3.771752308239229e-05,0.0,121.87260165214539,0.4758527874946594,534.9180843830109
455,1.3635763888888885,0.00375,0.00125,0.7,0.6016666666666667,1.66125,0.851830950589416,0.14816904941058437,2.946325558063707,0.23,105.64875,0.5241666666666667,273.0,-0.011167863337323069,81.03361940383911,4.677946144342423,-0.0004423586840857752,0.0,112.67853026390075,0.532416820526123,536.0878298282623
456,1.3567319444444446,0.0,0.0,0.7125,0.6020833333333333,1.6516666666666666,0.8474999999999997,0.15249999999999997,2.9149848637739657,0.22791666666666666,102.76666666666667,0.5104166666666666,265.0,0.002568104478996247,93.1348337173462,4.6246419787406925,9.019361186801689e-06,0.0,81.83314464092254,0.41335374116897583,537.2294228076935
457,1.361034722222222,0.004583333333333333,0.0016666666666666668,0.7083333333333334,0.6066666666666667,1.66625,0.8496249062265563,0.15037509377344327,2.9309827456864217,0.23375,106.29166666666667,0.49333333333333335,262.0,-0.013832207210361958,68.75865964889526,4.735718482732773,-0.0001799503183519846,0.0,88.23214011192321,0.6623339653015137,538.3823368549347
458,1.4021791666666656,0.0025,0.00125,0.725,0.6254166666666666,1.7091666666666667,0.8513481228668942,0.14865187713310576,2.9436860068259385,0.24583333333333332,113.90625,0.5495833333333333,261.0,0.003693778952583671,45.89693374633789,4.672708106040955,4.990694287698716e-06,0.0,127.67975206375122,0.7930408716201782,539.5323531627655
459,1.3766930555555545,0.0,0.0,0.7291666666666666,0.6095833333333334,1.6770833333333333,0.8486285714285718,0.15137142857142846,2.924472049689441,0.23583333333333334,112.25416666666666,0.5195833333333333,285.0,-0.00032355270814150573,70.75372915267944,4.825940930843354,-0.00023190479987533763,0.0,137.7196617603302,0.6279147863388062,540.6894702911377
460,1.2400888888888886,0.00375,0.0008333333333333334,0.6583333333333333,0.555,1.5175,0.8482646897309171,0.15173531026908296,2.9222954420647995,0.19916666666666666,81.42708333333333,0.3375,224.0,-0.0022063810378313065,140.07180404663086,4.619461661577224,4.9313965428154914e-05,0.0,167.98775272369386,0.13115942478179932,541.8488118648529
461,1.3837111111111107,0.0,0.0,0.7208333333333333,0.6191666666666666,1.6904166666666667,0.8476066058664037,0.15239339413359632,2.917919645057925,0.2520833333333333,108.97708333333334,0.5466666666666666,258.0,-0.0008808987680822611,59.11990232467652,4.8085995554924015,1.281897226590445e-05,0.0,211.386097240448,0.6726510524749756,543.0112979412079
462,1.4353777777777779,0.0,0.0,0.7333333333333333,0.6333333333333333,1.7445833333333334,0.8495915930260328,0.15040840697396707,2.930260329591593,0.24416666666666667,116.88458333333334,0.5920833333333333,262.0,-0.004305508360266686,75.59894828796386,4.976959466934204,-6.669042631983757e-05,0.0,252.21886110305786,0.6479290723800659,544.1399104595184
463,1.3508097222222213,0.010416666666666666,0.002916666666666667,0.7,0.6083333333333333,1.6733333333333333,0.8481349601593633,0.1518650398406375,2.921065737051793,0.24083333333333334,97.65458333333333,0.42916666666666664,294.0,-0.005789119098335504,98.57646141052246,4.69769446849823,2.5501938944216816e-05,0.0,98.3470230102539,0.26943033933639526,545.2810385227203
464,1.3548249999999995,0.0033333333333333335,0.0004166666666666667,0.7083333333333334,0.6075,1.6570833333333332,0.8501584108624599,0.14984158913754098,2.9348755343223534,0.24333333333333335,101.7425,0.46458333333333335,265.0,-0.004301033494994044,78.7820692062378,4.686575496196747,-0.00034657357027754185,0.0,119.78892860412597,0.4537287950515747,546.442307472229
465,1.3675458333333348,0.0,0.0,0.7,0.6045833333333334,1.6620833333333334,0.8511180747054409,0.14888192529455999,2.9420907495612934,0.24125,99.47791666666667,0.4166666666666667,274.0,-0.00210107306484133,99.51715831756592,4.6580784797668455,0.00017212689999723807,0.0,124.24662299156189,0.28388160467147827,547.5983996391296
466,1.366869444444445,0.0016666666666666668,0.0004166666666666667,0.7041666666666667,0.60875,1.67125,0.8477486910994765,0.15225130890052363,2.918474195961107,0.23541666666666666,106.38083333333333,0.5275,273.0,-0.00398475097026676,87.55469522476196,4.642839431762695,-6.453161076933612e-05,0.0,110.53610873222351,0.5007998943328857,548.7464287281036
467,1.2956972222222223,0.002916666666666667,0.0008333333333333334,0.6875,0.57875,1.58625,0.8480010506960871,0.15199894930391386,2.918571053322826,0.22541666666666665,92.5875,0.42625,274.0,0.004021601472049952,79.77092638015748,4.62232791185379,-0.00013683896177099086,0.0,127.50027532577515,0.5397098064422607,549.9119999408722
468,1.2578458333333329,0.0,0.0,0.7041666666666667,0.56125,1.5316666666666667,0.8477502720348201,0.1522497279651795,2.9192056583242656,0.20083333333333334,88.69458333333333,0.37166666666666665,218.0,0.002787598199211061,94.52873544692993,4.852452433109283,7.980015707289567e-05,0.0,194.29062175750732,0.42147767543792725,551.0802390575409
469,1.3912402777777777,0.0016666666666666668,0.0008333333333333334,0.7375,0.6220833333333333,1.7004166666666667,0.8480298946336676,0.15197010536633176,2.920117618230826,0.23833333333333334,110.38375,0.5404166666666667,265.0,-0.006663070758804679,62.377641916275024,4.866032195091248,-7.00570318258542e-05,0.0,198.78787434101105,0.6411917209625244,552.2319841384888
470,1.3586930555555552,0.0004166666666666667,0.0004166666666666667,0.7208333333333333,0.6079166666666667,1.6570833333333332,0.8482599949710828,0.1517400050289162,2.9210460145838573,0.23791666666666667,109.22791666666667,0.5341666666666667,282.0,-0.0031506479252129795,69.38319463729859,4.747229015827179,-1.3497038889909162e-05,0.0,161.14393091201782,0.6521254777908325,553.380086183548
471,1.3396541666666657,0.007916666666666667,0.00125,0.7208333333333333,0.5995833333333334,1.6470833333333332,0.8496508980521128,0.15034910194788773,2.9314444725524917,0.21916666666666668,101.75083333333333,0.46958333333333335,236.0,0.0047812061849981545,59.585089635849,4.727547585964203,-4.131223613512703e-06,0.0,123.89437894821167,0.661597490310669,554.5307295322418
472,1.406794444444445,0.0016666666666666668,0.0008333333333333334,0.7208333333333333,0.62625,1.7091666666666667,0.8508386153096057,0.14916138469039497,2.939785470502194,0.22375,106.62333333333333,0.5179166666666667,289.0,-0.002161339018493891,49.41977725028992,4.703170561790467,-0.00010327116369808209,0.0,138.3506896495819,0.6724693775177002,555.6700820922852
473,1.4577972222222224,0.0,0.0,0.7416666666666667,0.6429166666666667,1.7870833333333334,0.8451573793425046,0.15484262065749593,2.9006761482863137,0.26375,127.46625,0.6058333333333333,296.0,-7.84900039434433e-05,46.3537344455719,4.869250094890594,0.0006572580547071994,0.0,244.53796062469482,0.8755266070365906,556.8331551551819
474,1.3232249999999994,0.0,0.0,0.6833333333333333,0.5891666666666666,1.6133333333333333,0.8498811983471072,0.15011880165289268,2.9333677685950414,0.24125,88.25416666666666,0.38666666666666666,261.0,0.004077279823832214,104.44630002975464,4.573340207338333,0.00021882617584196852,0.0,130.94538115262986,0.08443379402160645,557.9763011932373
475,1.4412194444444444,0.0,0.0,0.7416666666666667,0.6391666666666667,1.75625,0.8491720047449589,0.15082799525504167,2.928351126927639,0.25666666666666665,116.5175,0.5529166666666666,276.0,-0.004937674818938831,85.164479970932,4.838513827323913,9.78885218501091e-06,0.0,511.18901386260984,0.5110621452331543,559.3126928806305
476,1.364847222222221,0.00125,0.0008333333333333334,0.7,0.6079166666666667,1.6641666666666666,0.8499749624436652,0.15002503755633456,2.9344016024036055,0.23625,100.40833333333333,0.4479166666666667,278.0,0.0026289847679436206,91.33520898818969,4.781245696544647,-5.5439877905882894e-05,0.0,136.8211035490036,0.42677026987075806,560.4682159423828
477,1.3512305555555548,0.0033333333333333335,0.0016666666666666668,0.6875,0.5975,1.6458333333333333,0.8506632911392398,0.14933670886075956,2.93873417721519,0.21541666666666667,102.30208333333333,0.5079166666666667,284.0,-0.0040546448435634375,90.4961464881897,4.661261105537415,0.00025100071434280835,0.0,135.85104694366456,0.33917397260665894,561.6139588356018
478,1.3599611111111103,0.002916666666666667,0.0004166666666666667,0.7208333333333333,0.6075,1.6608333333333334,0.8497842448569993,0.15021575514300048,2.9325137982940293,0.2375,103.36958333333334,0.45958333333333334,295.0,-0.00621344312094152,71.02016777992249,4.772053074836731,0.00011959223447775003,0.0,174.48216905593873,0.5935661792755127,562.7688682079315
479,1.339761111111111,0.0004166666666666667,0.0004166666666666667,0.7,0.5983333333333334,1.6333333333333333,0.8496836734693884,0.1503163265306124,2.931887755102041,0.245,100.465,0.4725,247.0,-0.006279089162126184,86.8602168083191,4.854319715499878,-9.1684842345785e-05,0.0,145.39503326416016,0.4982593059539795,563.9345338344574
480,1.3132333333333326,0.0025,0.00125,0.7083333333333334,0.5904166666666667,1.6108333333333333,0.8471960682876358,0.15280393171236428,2.9138644593895497,0.23,94.90208333333334,0.41291666666666665,270.0,0.01250719460658729,82.19697856903076,4.784602248668671,0.0002026103735261131,0.0,134.76396431922913,0.4800236225128174,565.0995497703552
481,1.358916666666666,0.005,0.00125,0.7083333333333334,0.6054166666666667,1.6675,0.8470514742628688,0.15294852573713152,2.912543728135932,0.225,102.72291666666666,0.48125,310.0,-0.0025981887709349396,77.5672679901123,4.692355191707611,2.473096174071543e-06,0.0,184.6241903781891,0.5327185392379761,566.2714014053345
482,1.3815763888888886,0.002916666666666667,0.0008333333333333334,0.7125,0.6133333333333333,1.69125,0.8467479674796752,0.1532520325203252,2.910569105691057,0.23083333333333333,110.51,0.5241666666666667,250.0,-0.0066646385006606575,77.61503200531006,4.738592469692231,6.744579222868196e-05,0.0,176.03580784797668,0.5754844546318054,567.4236626625061
483,1.3714569444444438,0.0016666666666666668,0.0004166666666666667,0.7041666666666667,0.6075,1.6708333333333334,0.8502069825436408,0.14979301745635917,2.9356608478802992,0.23583333333333334,104.75875,0.5375,265.0,-0.008295877138152719,88.29123849868775,4.804742062091828,0.000144967189135059,0.0,151.56938185691834,0.3502125144004822,568.5765402317047
484,1.3604000000000007,0.0016666666666666668,0.0008333333333333334,0.7,0.6008333333333333,1.6545833333333333,0.8500277008310251,0.14997229916897503,2.9335180055401664,0.22375,104.67666666666666,0.4979166666666667,297.0,-0.0002576009137555957,68.52603511810302,4.647948843240738,-7.455554077751003e-05,0.0,137.04077124595642,0.5445477366447449,569.7369914054871
485,1.3588083333333332,0.01,0.0025,0.7083333333333334,0.6120833333333333,1.6754166666666668,0.8496990798308879,0.1503009201691122,2.9303655807013183,0.23708333333333334,108.58791666666667,0.5254166666666666,251.0,-0.0030776583589613438,74.02566103935241,4.854249954223633,0.00011984830125584267,0.0,215.31708407402039,0.6877598166465759,570.8943173885345
486,1.4393902777777778,0.004166666666666667,0.00125,0.7333333333333333,0.6404166666666666,1.7679166666666666,0.8460688192316759,0.15393118076832432,2.9076125382983737,0.24166666666666667,122.04375,0.6079166666666667,290.0,0.004160814289934933,53.84883141517639,4.659915363788604,0.0001437725150026381,0.0,255.94062118530275,0.7190494537353516,572.0599949359894
487,1.3492597222222231,0.0,0.0,0.6833333333333333,0.5970833333333333,1.625,0.8561256410256415,0.14387435897435905,2.9758974358974357,0.22291666666666668,98.4475,0.48333333333333334,254.0,0.0009841789025813342,120.57575464248657,4.388573086261749,-0.00027954710385529323,0.0,230.9685911178589,0.21618807315826416,573.2319521903992
488,1.3972541666666662,0.0004166666666666667,0.0004166666666666667,0.6916666666666667,0.62,1.6995833333333332,0.8494508457955389,0.15054915420446194,2.9296396175533217,0.23375,109.52833333333334,0.46291666666666664,318.0,-0.003467180603183806,107.49751482009887,4.513656961917877,0.00013369787484407425,0.0,106.21811821460724,0.33070093393325806,574.3838257789612
489,1.354011111111111,0.006666666666666667,0.0020833333333333333,0.7041666666666667,0.6045833333333334,1.6495833333333334,0.8536145491285678,0.1463854508714322,2.9580702197524626,0.21208333333333335,106.85875,0.5320833333333334,238.0,-0.004842245916370303,69.12851734161377,4.571461272239685,-0.00029138271129340864,0.0,141.73532962799072,0.6774058938026428,575.5368540287018
490,1.3805999999999994,0.0016666666666666668,0.0004166666666666667,0.7041666666666667,0.61,1.6741666666666666,0.8507814833250376,0.14921851667496266,2.9392732702837234,0.20833333333333334,104.88083333333333,0.50375,284.0,-0.0015351837035268545,89.31689157485962,4.721684634685516,-0.00031389153300551695,0.0,140.78824019432068,0.40414202213287354,576.7150106430054
491,1.4253152777777773,0.0,0.0,0.7083333333333334,0.6208333333333333,1.7254166666666666,0.8519898575223381,0.14801014247766248,2.946872736054093,0.23375,112.02791666666667,0.53125,314.0,-0.004861102561699226,86.0894676208496,4.523978793621064,-0.00043220942225161705,0.0,142.1559696674347,0.4991832971572876,577.8662414550781
492,1.339601388888888,0.002916666666666667,0.0008333333333333334,0.6958333333333333,0.5979166666666667,1.6358333333333333,0.8484997452878252,0.15150025471217524,2.922058074375955,0.22291666666666668,103.51208333333334,0.48833333333333334,269.0,0.005939555168151855,93.39212951660156,4.678331887722015,0.0003937242203392088,0.0,131.272540807724,0.47915589809417725,579.0152659416199
493,1.393141666666667,0.0020833333333333333,0.0016666666666666668,0.7208333333333333,0.6179166666666667,1.6920833333333334,0.8518936222605272,0.14810637773947302,2.9477961093326766,0.23,106.12208333333334,0.5129166666666667,267.0,-0.0007303792517632246,59.00434813499451,4.729028356075287,0.00011971734165854287,0.0,106.29942178726196,0.6152782440185547,580.1698741912842
494,1.4037152777777784,0.0,0.0,0.7083333333333334,0.6208333333333333,1.6983333333333333,0.8511408243375861,0.148859175662414,2.940137389597645,0.21916666666666668,111.58958333333334,0.53375,253.0,-0.004876378062181175,61.14814643859863,4.691509854793549,-0.00010820469105965458,0.0,127.2468730211258,0.6365857124328613,581.3299145698547
495,1.3573694444444446,0.0004166666666666667,0.0004166666666666667,0.6958333333333333,0.6045833333333334,1.64875,0.8512812736921909,0.14871872630780889,2.9431387414708112,0.23208333333333334,105.81166666666667,0.48833333333333334,285.0,-0.017148838378489017,89.6204421043396,4.517766171693802,0.0001235082290804712,0.0,196.30341815948486,0.5702487230300903,582.4872109889984
496,1.2571527777777785,0.00875,0.0025,0.6583333333333333,0.55875,1.5383333333333333,0.8533315276273022,0.1466684723726977,2.9566630552546047,0.19833333333333333,88.02333333333333,0.41583333333333333,229.0,0.0033895344939082863,164.3128335952759,4.491178852319718,1.8684472524910235e-05,0.0,210.26522226333617,0.16565728187561035,583.6417810916901
497,1.4636333333333325,0.0025,0.0004166666666666667,0.7375,0.6479166666666667,1.79125,0.8462944870900206,0.15370551290997905,2.9078855547801816,0.24541666666666667,122.85875,0.5791666666666667,318.0,0.009619719395413995,74.38437113761901,4.742604005336761,-7.1331226536131e-06,0.0,485.2599988937378,0.579677939414978,584.7709414958954
498,1.4368708333333338,0.0004166666666666667,0.0004166666666666667,0.7208333333333333,0.6308333333333334,1.7395833333333333,0.8505365269461082,0.14946347305389227,2.936047904191617,0.21791666666666668,113.275,0.49625,313.0,-0.0033882660636663786,81.03839464187622,4.708289682865143,2.5296088642789984e-05,0.0,184.52515001296996,0.5428154468536377,585.9171555042267
499,1.3436374999999994,0.0025,0.0004166666666666667,0.7166666666666667,0.59875,1.625,0.8519820512820513,0.14801794871794877,2.9456410256410255,0.19458333333333333,96.97791666666667,0.45708333333333334,268.0,-0.008878618525341154,71.86653232574463,4.456428945064545,-0.0004509361933742184,0.0,162.6930552005768,0.536766529083252,587.0623383522034
500,1.400231944444444,0.0004166666666666667,0.0004166666666666667,0.7041666666666667,0.6175,1.6895833333333334,0.8534870530209614,0.1465129469790384,2.956596794081381,0.21625,111.49041666666666,0.5125,266.0,0.004245059797540307,74.05601224899291,4.572069662809372,7.310215005418286e-06,0.0,148.86006088256835,0.5099942088127136,588.3623473644257
501,1.4464638888888888,0.0016666666666666668,0.0004166666666666667,0.7166666666666667,0.6370833333333333,1.75375,0.851551437396056,0.14844856260394373,2.9439296745070087,0.22541666666666665,120.50666666666666,0.60375,324.0,-0.00020679943263530732,84.62081127166748,4.6067861199378966,-1.0239597395411693e-05,0.0,180.53053922653197,0.560711681842804,589.5160641670227
502,1.4298249999999997,0.00125,0.0008333333333333334,0.7208333333333333,0.63375,1.7429166666666667,0.8467798230934738,0.15322017690652648,2.9120248625388476,0.21833333333333332,113.87541666666667,0.5433333333333333,269.0,0.0074750096537172794,78.5428807258606,4.611312925815582,-7.086591831466649e-05,0.0,206.74771604537963,0.553223729133606,590.6695737838745
503,1.3415069444444452,0.0,0.0,0.6833333333333333,0.58625,1.6175,0.8530267903142711,0.14697320968572905,2.95311695002576,0.20416666666666666,90.29666666666667,0.44125,260.0,-0.01786268928553909,104.49498319625854,4.59254652261734,3.408206079029697e-05,0.0,178.67191700935365,0.15239626169204712,591.803314447403
504,1.4040763888888883,0.0,0.0,0.7041666666666667,0.6158333333333333,1.695,0.8517576204523108,0.14824237954768926,2.945181907571288,0.20458333333333334,105.22916666666667,0.48833333333333334,303.0,-0.006712821894325316,130.406325340271,4.4223495602607725,0.0001888776838313788,0.0,213.34674186706542,0.2796509265899658,592.9423010349274
505,1.4291,0.0033333333333333335,0.0004166666666666667,0.7333333333333333,0.6295833333333334,1.7383333333333333,0.8513518696069025,0.14864813039309685,2.943672099712368,0.2275,111.67833333333333,0.5366666666666666,276.0,-0.003088886709883809,60.60957455635071,4.657320439815521,-9.99351657810621e-05,0.0,208.9368061542511,0.6538893580436707,594.0816764831543
506,1.3751138888888894,0.01125,0.0020833333333333333,0.7166666666666667,0.62375,1.7041666666666666,0.8465623471882644,0.15343765281173596,2.9097799511002447,0.23083333333333333,100.40416666666667,0.46708333333333335,288.0,0.003390395657334011,110.39712429046631,4.6490171492099766,0.00022151606899569742,0.0,167.41694626808166,0.35121166706085205,595.2095267772675
507,1.3867638888888887,0.0025,0.0008333333333333334,0.7083333333333334,0.6133333333333333,1.6920833333333334,0.8485348436345734,0.15146515636542704,2.923171632602807,0.22875,110.03875,0.5304166666666666,282.0,-0.0050176568794995545,57.71264548301697,4.4800097167491915,0.0004450337175512686,0.0,152.91579933166503,0.6133278012275696,596.3806512355804
508,1.3793416666666671,0.004583333333333333,0.002916666666666667,0.7083333333333334,0.6091666666666666,1.6779166666666667,0.8509858455425876,0.1490141544574125,2.9396573131363297,0.2075,107.51458333333333,0.5025,262.0,-0.00509836848359555,80.2916015625,4.511617588996887,-6.551417955051875e-05,0.0,191.24962224960328,0.5578145980834961,597.5218207836151
509,1.280131944444445,0.0,0.0,0.6708333333333333,0.5695833333333333,1.5483333333333333,0.8517626480086121,0.14823735199138852,2.946178686759957,0.19625,86.22166666666666,0.33625,255.0,0.0020687790820375085,102.89521427154541,4.340748071670532,-6.81731083318482e-06,0.0,137.53638439178468,0.4277101755142212,598.6596386432648
510,1.4438972222222224,0.00125,0.0008333333333333334,0.7333333333333333,0.6358333333333334,1.7591666666666668,0.8481809568924688,0.15181904310753203,2.9220748460445285,0.22666666666666666,115.42833333333333,0.5529166666666666,288.0,-0.020874751429073513,51.261615085601804,4.8163463234901425,-8.698746896698139e-05,0.0,249.3631999015808,0.6550447344779968,599.8019065856934
511,1.431723611111112,0.0016666666666666668,0.00125,0.7291666666666666,0.6283333333333333,1.7345833333333334,0.8521426855632956,0.1478573144367043,2.947633917847706,0.22333333333333333,114.62791666666666,0.5479166666666667,293.0,-0.0015065716346725822,72.89425530433655,4.596355354785919,0.00010779870790429413,0.0,203.17365436553956,0.5989291071891785,600.9597129821777
512,1.3989027777777772,0.0033333333333333335,0.00125,0.7208333333333333,0.6204166666666666,1.70625,0.848766788766789,0.15123321123321123,2.9247863247863246,0.21833333333333332,114.93375,0.5620833333333334,283.0,-0.003976845857687294,55.061462020874025,4.583549451828003,-0.00015050357542349956,0.0,153.25250301361083,0.7179825305938721,602.1123735904694
513,1.3850513888888896,0.0033333333333333335,0.0004166666666666667,0.7,0.6108333333333333,1.6795833333333334,0.8515976184569586,0.14840238154304147,2.9441825849665095,0.20041666666666666,113.48791666666666,0.48333333333333334,310.0,-0.012347023002803326,107.73858766555786,4.391999047994614,7.959076538099907e-05,0.0,225.51780993938445,0.3965066075325012,603.2663884162903
514,1.370430555555555,0.0,0.0,0.6875,0.6025,1.6545833333333333,0.8521027449005285,0.14789725509947108,2.9481238982624025,0.20416666666666666,111.52958333333333,0.5895833333333333,254.0,-0.005081705399788916,122.78868856430054,4.440804970264435,5.316231412280104e-05,0.0,233.62326650619508,0.3830275535583496,604.4353985786438
515,1.3502527777777786,0.0008333333333333334,0.0004166666666666667,0.7041666666666667,0.5983333333333334,1.64375,0.8464993662864386,0.15350063371356135,2.908998732572877,0.19958333333333333,105.96208333333334,0.5158333333333334,262.0,0.009025942324660719,67.23524408340454,4.611567211151123,-0.0001347289729892509,0.0,197.72149143218994,0.679700493812561,605.5824644565582
516,1.4076847222222217,0.0020833333333333333,0.0004166666666666667,0.7166666666666667,0.62125,1.71,0.8495638401559458,0.15043615984405462,2.9303118908382064,0.21166666666666667,107.31291666666667,0.48,266.0,-0.008978923317044973,79.07767877578735,4.570063996315002,0.0002962638774079096,0.0,165.6137267112732,0.5341783761978149,606.7505490779877
517,1.4137444444444454,0.002916666666666667,0.0016666666666666668,0.7125,0.6266666666666667,1.7170833333333333,0.8518126668284404,0.14818733317156027,2.945158942004368,0.22875,113.915,0.5416666666666666,288.0,0.007708124397322535,70.18066158294678,4.568761801719665,-6.029633950674906e-05,0.0,184.1093400478363,0.5718182325363159,607.9121510982513
518,1.404926388888889,0.00625,0.00125,0.725,0.6258333333333334,1.71625,0.8520247632920621,0.14797523670793883,2.947560087399854,0.2325,110.75416666666666,0.5075,275.0,-0.0018797784112393856,49.61885242462158,4.574288302659989,1.7194077372550965e-06,0.0,162.01712064743043,0.6765462160110474,609.0516579151154
519,1.3553097222222221,0.0033333333333333335,0.0008333333333333334,0.6666666666666666,0.5975,1.6491666666666667,0.8502804446690242,0.14971955533097522,2.9350682162708437,0.2125,105.17416666666666,0.5166666666666667,282.0,-0.003735574521124363,110.26653957366943,4.391891765594482,-4.4723474093188995e-05,0.0,235.04583144187927,0.31958144903182983,610.1981294155121
520,1.3792569444444434,0.0004166666666666667,0.0004166666666666667,0.7,0.6116666666666667,1.68,0.8474826388888893,0.15251736111111108,2.9154265873015874,0.22791666666666666,110.22916666666667,0.5679166666666666,244.0,-0.007094799191690981,82.60246133804321,4.620881593227386,-1.5892818191787227e-05,0.0,206.42939710617065,0.5994902849197388,611.3585617542267
521,1.4034694444444447,0.0033333333333333335,0.0008333333333333334,0.7291666666666666,0.6258333333333334,1.7033333333333334,0.8504549902152638,0.14954500978473576,2.9359099804305284,0.20041666666666666,110.13333333333334,0.5079166666666667,302.0,-0.0041617170674726365,56.38227310180664,4.492883276939392,-0.00011990602906735149,0.0,223.21978001594545,0.6900089383125305,612.5314121246338
522,1.4003277777777774,0.0004166666666666667,0.0004166666666666667,0.7208333333333333,0.6158333333333333,1.6983333333333333,0.8491462217860644,0.15085377821393534,2.9268891069676153,0.21625,117.04541666666667,0.5820833333333333,273.0,0.0006982454564422369,57.77290391921997,4.748550200462342,-0.000294053008838091,0.0,159.00954713821412,0.7537383437156677,613.6983923912048
523,1.3824277777777774,0.0004166666666666667,0.0004166666666666667,0.7125,0.6129166666666667,1.6770833333333333,0.8491080745341617,0.15089192546583854,2.9272049689440993,0.21333333333333335,106.71791666666667,0.4845833333333333,267.0,0.007169777853414416,64.18821878433228,4.526726084947586,-7.570100351586006e-05,0.0,177.48667755126954,0.6272944211959839,614.8410608768463
524,1.427083333333333,0.0033333333333333335,0.0016666666666666668,0.7291666666666666,0.6275,1.72625,0.8534878107651458,0.14651218923485396,2.9567945932898865,0.20916666666666667,115.08708333333334,0.5616666666666666,252.0,0.009158379025757312,42.01008677482605,4.6130795776844025,-0.00012547750884550624,0.0,229.38833770751953,0.7607161402702332,615.9787783622742
525,1.398648611111112,0.0020833333333333333,0.0008333333333333334,0.7083333333333334,0.6183333333333333,1.69875,0.8502796173657104,0.1497203826342899,2.93598233995585,0.21291666666666667,103.87083333333334,0.4554166666666667,313.0,-0.007945642760023474,88.21831693649293,4.5135782063007355,0.00013633480775752105,0.0,124.92267870903015,0.3991595506668091,617.4144320487976
526,1.334876388888889,0.0008333333333333334,0.0004166666666666667,0.675,0.5833333333333334,1.6120833333333333,0.8539338330317915,0.1460661669682089,2.9607133626260014,0.21083333333333334,89.41583333333334,0.4033333333333333,233.0,-0.005665544467046857,118.79799480438233,4.492548882961273,-1.4697037840960546e-06,0.0,156.88740363121033,0.12570494413375854,618.6076431274414
527,1.355447222222222,0.002916666666666667,0.0008333333333333334,0.6916666666666667,0.6020833333333333,1.65125,0.8496694423416603,0.1503305576583397,2.931617461519051,0.21333333333333335,107.62208333333334,0.4870833333333333,260.0,-0.007449674140661955,84.91796989440918,4.454775339365005,2.337034438824048e-05,0.0,235.28667521476746,0.5525071620941162,619.7762093544006
528,1.3984263888888881,0.0033333333333333335,0.00125,0.7208333333333333,0.6170833333333333,1.7054166666666666,0.8482506718788175,0.15174932812118258,2.921573418030784,0.20916666666666667,118.23666666666666,0.5804166666666667,274.0,0.007896948559209704,57.66315083503723,4.637592005729675,-0.000339015458303038,0.0,238.56389694213868,0.7569466233253479,620.9457783699036
529,1.4312458333333329,0.0020833333333333333,0.0008333333333333334,0.7166666666666667,0.6295833333333334,1.7379166666666668,0.8501534404219622,0.14984655957803888,2.9338288180292498,0.21791666666666668,115.72541666666666,0.5758333333333333,287.0,-0.004444975330261514,72.59107599258422,4.603146052360534,0.00014980221531004644,0.0,165.65305495262146,0.49675655364990234,622.1035363674164
530,1.4355027777777778,0.0008333333333333334,0.0008333333333333334,0.7208333333333333,0.6291666666666667,1.7375,0.8533669064748203,0.14663309352517997,2.9568345323741005,0.235,114.3275,0.5491666666666667,260.0,0.0007996815955266356,39.242939257621764,4.631129240989685,0.0009276369762574177,0.0,240.46969509124756,0.7758226990699768,623.2763044834137
531,1.3891472222222214,0.0020833333333333333,0.0008333333333333334,0.7083333333333334,0.61375,1.69375,0.8470159901599015,0.15298400984009844,2.9116851168511686,0.21416666666666667,110.21041666666666,0.5370833333333334,234.0,-0.00043323077261447906,69.80051460266114,4.567193025350571,-8.139946294249966e-06,0.0,201.18566122055054,0.500347375869751,624.4315750598907
532,1.4235958333333327,0.0004166666666666667,0.0004166666666666667,0.7041666666666667,0.6245833333333334,1.7254166666666666,0.8488601787007964,0.151139821299203,2.924414392658778,0.21083333333333334,116.76708333333333,0.5508333333333333,278.0,0.007547835586592555,61.14473376274109,4.646256977319718,-0.00013603245129161222,0.0,230.18007125854493,0.715010941028595,625.5885848999023
533,1.400309722222222,0.0004166666666666667,0.0004166666666666667,0.7,0.61875,1.7029166666666666,0.8487668216295571,0.15123317837044295,2.925373134328358,0.22875,104.33041666666666,0.46708333333333335,320.0,0.002936982887331396,108.5884874343872,4.457659101486206,0.0003830105342785828,0.0,193.07140707969666,0.313329815864563,626.7497479915619
534,1.4049250000000002,0.01,0.0020833333333333333,0.7333333333333333,0.6308333333333334,1.7225,0.8516739235607165,0.14832607643928403,2.945089501693275,0.21875,110.09166666666667,0.495,307.0,0.008780208264943213,56.306923389434814,4.5412301301956175,0.00010624538736010436,0.0,181.88885231018065,0.6331839561462402,627.9045283794403
535,1.4689972222222207,0.00125,0.0004166666666666667,0.7333333333333333,0.6458333333333334,1.78375,0.8516141088530718,0.1483858911469283,2.9451062835786033,0.24416666666666667,119.54,0.55625,340.0,0.0052452503121458,85.83798713684082,4.548660546541214,-0.0001459817256545648,0.0,328.09261045455935,0.4518206715583801,629.0508897304535
536,1.3538805555555546,0.006666666666666667,0.0025,0.6875,0.5991666666666666,1.6533333333333333,0.8510534274193552,0.14894657258064511,2.941280241935484,0.20208333333333334,101.22166666666666,0.4320833333333333,301.0,-0.007321588520426303,87.94203186035156,4.4662445187568665,0.0002200522107159486,0.0,159.84038000106813,0.3234511613845825,630.1954100131989
537,1.3842833333333338,0.00125,0.00125,0.6958333333333333,0.6104166666666667,1.68625,0.8463750926612311,0.1536249073387695,2.9073387694588586,0.21166666666666667,99.34916666666666,0.4691666666666667,251.0,-0.008523601782508194,100.33042411804199,4.641133195161819,-0.00018273273644808796,0.0,173.71244564056397,0.5217821598052979,631.3405621051788
538,1.4220347222222223,0.002916666666666667,0.0008333333333333334,0.7083333333333334,0.63375,1.73,0.8524927745664742,0.14750722543352587,2.9515895953757227,0.24083333333333334,113.735,0.5670833333333334,262.0,-0.0019133226945996285,54.76887149810791,4.773248779773712,0.00019271443743491546,0.0,254.4306906223297,0.6870521903038025,632.4860723018646
539,1.388281944444443,0.0,0.0,0.6916666666666667,0.6016666666666667,1.6645833333333333,0.8562478097622023,0.1437521902377972,2.977221526908636,0.18958333333333333,106.95916666666666,0.54875,261.0,0.00022062286734580994,79.52289543151855,4.54774289727211,0.0003553758511202432,0.0,209.89268074035644,0.585378110408783,633.6286177635193
540,1.3240652777777784,0.0,0.0,0.6583333333333333,0.5783333333333334,1.5954166666666667,0.8557299556019854,0.14427004439801522,2.973361190911465,0.21541666666666667,92.02,0.38958333333333334,278.0,0.01668360682670027,155.75353107452392,4.337738698720932,-7.719622635704582e-05,0.0,219.64420013427736,0.302312433719635,634.7662081718445
541,1.3130777777777776,0.004166666666666667,0.0016666666666666668,0.675,0.59125,1.5995833333333334,0.8504089606668406,0.1495910393331598,2.9361812972128156,0.19833333333333333,105.58083333333333,0.5404166666666667,229.0,-0.01198977129533887,111.18395280838013,4.502188265323639,3.779574062718893e-05,0.0,164.7625680446625,0.4363439679145813,635.9138672351837
542,1.3950722222222212,0.006666666666666667,0.0016666666666666668,0.7041666666666667,0.6258333333333334,1.7091666666666667,0.8485714285714286,0.15142857142857152,2.923695758166748,0.21041666666666667,113.94041666666666,0.5520833333333334,284.0,-0.0001301448792219162,92.98322343826294,4.603407597541809,-0.00022286434323177674,0.0,185.6168273448944,0.5899828672409058,637.06902384758
543,1.4788763888888885,0.0,0.0,0.725,0.6516666666666666,1.7916666666666667,0.8501093023255819,0.14989069767441868,2.934186046511628,0.2325,125.33375,0.5616666666666666,291.0,-0.0013481956906616689,47.77313303947449,4.602901220321655,-4.013969328298117e-05,0.0,325.7150155067444,0.8299063444137573,638.2340459823608
544,1.3382444444444437,0.0075,0.0008333333333333334,0.6833333333333333,0.59125,1.6333333333333333,0.8527091836734703,0.1472908163265306,2.951530612244898,0.20791666666666667,95.4025,0.38708333333333333,293.0,0.005386325903236866,78.36394062042237,4.419331848621368,-0.00014424649707507343,0.0,226.80722579956054,0.440030038356781,639.4037065505981
545,1.4363111111111113,0.0020833333333333333,0.0004166666666666667,0.7208333333333333,0.6358333333333334,1.755,0.8474548907882244,0.1525451092117759,2.91690408357075,0.2375,123.30208333333333,0.5854166666666667,295.0,-0.001949944393709302,45.53663396835327,4.599750900268555,3.989001888839994e-05,0.0,234.21114616394044,0.822689414024353,640.5658724308014
546,1.3342902777777779,0.004583333333333333,0.0016666666666666668,0.6916666666666667,0.5925,1.6325,0.8482976008167434,0.1517023991832569,2.9213884635017866,0.21666666666666667,98.1175,0.4675,257.0,0.0030892247799783946,97.68030395507813,4.601761102676392,1.0549569560680539e-05,0.0,200.7071916103363,0.467526912689209,641.7259614467621
547,1.3800069444444438,0.0008333333333333334,0.0008333333333333334,0.7041666666666667,0.6066666666666667,1.66875,0.8527715355805237,0.14722846441947576,2.952808988764045,0.21458333333333332,110.65833333333333,0.5454166666666667,266.0,-0.007081029244000092,46.29049491882324,4.578550171852112,-9.150446167041081e-05,0.0,150.72347583770753,0.7304491996765137,642.8816649913788
548,1.4142777777777777,0.006666666666666667,0.0020833333333333333,0.7041666666666667,0.6341666666666667,1.7241666666666666,0.8526099565007254,0.14739004349927498,2.9509424842919283,0.22208333333333333,110.36625,0.5183333333333333,306.0,0.004385521914809942,66.08215341567993,4.466082227230072,-0.00021327453177946153,0.0,251.1540762901306,0.6293519735336304,644.0259382724762
549,1.4381430555555563,0.0,0.0,0.7166666666666667,0.6333333333333333,1.7420833333333334,0.8511624013393929,0.14883759866060745,2.9402056924180817,0.2375,122.00833333333334,0.5766666666666667,264.0,0.004980896273627878,101.84642534255981,4.575764149427414,0.00010745635590865276,0.0,396.4083812713623,0.5198074579238892,645.1693685054779
550,1.450120833333334,0.004583333333333333,0.0008333333333333334,0.7333333333333333,0.6445833333333333,1.7758333333333334,0.8479094321914596,0.15209056780854052,2.918113561708118,0.2425,123.12666666666667,0.5779166666666666,314.0,0.0036887152120471,49.78579988479614,4.730950236320496,-6.882548150315415e-05,0.0,289.5678728103638,0.731196939945221,646.501131772995
551,1.375558333333333,0.0,0.0,0.6958333333333333,0.6070833333333333,1.6716666666666666,0.8491625124626127,0.15083748753738782,2.9284646061814557,0.22458333333333333,101.7325,0.43875,261.0,-0.009483833517879247,85.19864768981934,4.557543808221817,6.187416875036433e-05,0.0,219.06036033630372,0.40437620878219604,647.6648235321045
552,1.3804694444444439,0.009166666666666667,0.00125,0.7083333333333334,0.6154166666666666,1.6916666666666667,0.8515911330049264,0.148408866995074,2.9445812807881775,0.21208333333333335,112.83125,0.55875,270.0,0.00858801743015647,48.61044220924377,4.475765210390091,-7.397614826913923e-05,0.0,266.8195736885071,0.8054431080818176,648.813040971756
553,1.358458333333333,0.0004166666666666667,0.0004166666666666667,0.6875,0.6029166666666667,1.6425,0.8520547945205474,0.1479452054794521,2.948249619482496,0.20625,104.54166666666667,0.5066666666666667,269.0,-0.006182284757960588,91.08414716720581,4.538899219036102,-5.576342300628312e-06,0.0,298.1374026298523,0.4507792592048645,649.9600975513458
554,1.4416083333333334,0.0,0.0,0.7208333333333333,0.6354166666666666,1.7508333333333332,0.8488481675392673,0.15115183246073302,2.92574964302713,0.23,117.55166666666666,0.5595833333333333,308.0,0.0025898600928485394,150.84461631774903,4.577997851371765,-6.573352220584638e-05,0.0,835.9279388427734,0.24023228883743286,651.1060228347778
555,1.4372722222222236,0.004583333333333333,0.0016666666666666668,0.725,0.6379166666666667,1.755,0.8498622981956321,0.1501377018043686,2.9332858499525165,0.22833333333333333,122.655,0.6141666666666666,285.0,-9.762810077518224e-06,52.707230997085574,4.733017468452454,0.00032157735167857025,0.0,324.1254900932312,0.7996956706047058,652.2577855587006
556,1.3982902777777775,0.002916666666666667,0.0016666666666666668,0.7125,0.6175,1.70125,0.8504114621601764,0.14958853783982373,2.9360764144011755,0.22,111.415,0.5345833333333333,263.0,-0.007908939709886908,50.377484512329104,4.336316937208176,9.175026862067171e-05,0.0,198.6515218734741,0.7264938950538635,653.4382531642914
557,1.3926277777777782,0.002916666666666667,0.00125,0.6958333333333333,0.6116666666666667,1.6904166666666667,0.851525757949224,0.14847424205077653,2.944540300714814,0.21,112.82583333333334,0.5629166666666666,260.0,-0.0007397715002298355,108.68329343795776,4.398245006799698,-1.9929150585085154e-05,0.0,255.82990016937256,0.32422786951065063,654.6089277267456
558,1.4738013888888901,0.0008333333333333334,0.0004166666666666667,0.7208333333333333,0.65,1.7845833333333334,0.8506397385010506,0.14936026149894932,2.9378939995330375,0.22083333333333333,122.70541666666666,0.60125,299.0,0.0015045766020193696,48.158585929870604,4.418963921070099,-0.00015640250858268702,0.0,299.86603035926817,0.7732502222061157,655.7542729377747
559,1.3688597222222219,0.00125,0.0004166666666666667,0.6791666666666667,0.6079166666666667,1.66125,0.8503712064208679,0.14962879357913225,2.9357913217958367,0.21583333333333332,106.98458333333333,0.5404166666666667,244.0,0.004181380849331617,89.4424162864685,4.303750598430634,-2.5499674183038224e-05,0.0,247.43088254928588,0.4285995364189148,656.8848853111267
560,1.4674472222222217,0.0,0.0,0.7291666666666666,0.6408333333333334,1.7683333333333333,0.852978322337417,0.1470216776625824,2.954995287464656,0.20833333333333334,119.29541666666667,0.57625,312.0,-0.0061286380514502525,51.53276205062866,4.441827112436295,0.0003415290882912814,0.0,341.48354845047,0.7348562479019165,658.0262124538422
561,1.406612499999999,0.0008333333333333334,0.0008333333333333334,0.6875,0.6070833333333333,1.6966666666666668,0.8520063850687629,0.14799361493123778,2.946218074656189,0.2,102.23708333333333,0.47625,266.0,-0.004615285352338105,73.9169264793396,4.419733089208603,7.139391454984434e-05,0.0,200.72199001312256,0.560768187046051,659.1858434677124
562,1.4217930555555551,0.0,0.0,0.7083333333333334,0.625,1.72375,0.8498839738941268,0.15011602610587388,2.932559825960841,0.22375,113.07625,0.5466666666666666,244.0,-0.009949314617551863,46.69620761871338,4.498899030685425,0.0003901723466697149,0.0,162.75380659103394,0.7351830005645752,660.3362421989441
563,1.3109541666666664,0.0004166666666666667,0.0004166666666666667,0.6666666666666666,0.5741666666666667,1.5816666666666668,0.8512355110642783,0.14876448893572194,2.9415173867228663,0.18208333333333335,93.74125,0.465,255.0,-0.009368899208493531,95.01530275344848,4.238167238235474,9.911800734698772e-05,0.0,283.43142499923704,0.4383845329284668,661.5028536319733
564,1.379640277777778,0.004583333333333333,0.0008333333333333334,0.6916666666666667,0.6083333333333333,1.6691666666666667,0.8538367448826766,0.14616325511732406,2.9603095356964553,0.18708333333333332,101.69,0.44666666666666666,283.0,0.004012260958552361,100.94677953720092,4.321904766559601,-0.00021404153740149922,0.0,496.0528558731079,0.4524420499801636,662.6592493057251
565,1.4230291666666652,0.0025,0.0008333333333333334,0.7208333333333333,0.6233333333333333,1.725,0.8497028985507251,0.1502971014492754,2.9304347826086956,0.19708333333333333,115.96416666666667,0.5808333333333333,285.0,0.005965884262695909,87.2940390586853,4.436923170089722,-7.623670062457677e-05,0.0,481.2014680862427,0.5512146949768066,663.8063797950745
566,1.3274472222222211,0.0,0.0,0.6541666666666667,0.5820833333333333,1.5991666666666666,0.8537102657634192,0.14628973423658156,2.9590932777488277,0.19625,102.06083333333333,0.49083333333333334,255.0,-0.0004648159723728895,117.742511844635,4.172780293226242,4.036300779262092e-05,0.0,299.9336564064026,0.38592708110809326,664.9602978229523
567,1.4764111111111098,0.00375,0.00125,0.7291666666666666,0.6495833333333333,1.7891666666666666,0.8513553795994411,0.14864462040055895,2.942244993013507,0.20458333333333334,126.15333333333334,0.6095833333333334,333.0,-0.0012435832992196082,88.68387198448181,4.500071698427201,-1.2542027980089187e-05,0.0,612.9175497055054,0.638034462928772,666.1237165927887
568,1.4070500000000006,0.0033333333333333335,0.00125,0.7041666666666667,0.6125,1.6995833333333332,0.8542338808531502,0.14576611914684962,2.962490806570238,0.19791666666666666,111.78875,0.54625,309.0,0.003329126536846161,75.97642698287964,4.3033581376075745,-0.00020260592064005322,0.0,201.69808530807495,0.6403024196624756,667.2939760684967
569,1.460656944444443,0.0016666666666666668,0.0008333333333333334,0.7375,0.6420833333333333,1.75625,0.8547829181494654,0.1452170818505338,2.9665480427046265,0.19708333333333333,117.33791666666667,0.5645833333333333,293.0,0.011896861577406525,51.62137804031372,4.544599533081055,6.219150091055781e-05,0.0,302.0510212898254,0.7049199342727661,668.454083442688
570,1.5305972222222217,0.0008333333333333334,0.0004166666666666667,0.7416666666666667,0.6583333333333333,1.8345833333333332,0.8573926868044519,0.1426073131955485,2.9834203951851013,0.2225,132.19833333333332,0.6320833333333333,321.0,-0.004623872949741781,67.56664524078369,4.5307782053947445,-0.000390130328014493,0.0,334.7990601539612,0.7721794843673706,669.6330218315125
571,1.3623500000000002,0.004583333333333333,0.0008333333333333334,0.6875,0.6008333333333333,1.6545833333333333,0.8529690254343988,0.14703097456560066,2.9536640644673886,0.2075,106.975,0.49416666666666664,300.0,0.005698402225971222,75.39377632141114,4.27760763168335,6.83183767250739e-05,0.0,223.64991931915284,0.4464322328567505,670.8185434341431
572,1.3359111111111113,0.0020833333333333333,0.0004166666666666667,0.6916666666666667,0.5920833333333333,1.6116666666666666,0.8538055842812817,0.1461944157187176,2.9594105480868667,0.19083333333333333,94.82708333333333,0.4295833333333333,261.0,0.0011688150465488435,80.91882247924805,4.1930673837661745,0.0003352640182129107,0.0,157.69579010009767,0.43711042404174805,671.9649255275726
573,1.506568055555555,0.0020833333333333333,0.0008333333333333334,0.7333333333333333,0.65125,1.8120833333333333,0.855008047827087,0.1449919521729134,2.968038629570016,0.20583333333333334,127.39708333333333,0.5691666666666667,297.0,-0.011926825135014951,77.66313495635987,4.528134524822235,0.00025104503392867625,0.0,322.851561832428,0.6080387830734253,673.128340959549
574,1.413666666666667,0.0016666666666666668,0.0004166666666666667,0.7083333333333334,0.6191666666666666,1.7025,0.8567792462065589,0.143220753793441,2.981399902104748,0.2175,113.39583333333333,0.5933333333333334,260.0,-0.0034751091850921513,61.81889476776123,4.389032059907914,0.0001299162377108587,0.0,197.4971784591675,0.5053351521492004,674.2850086688995
575,1.4379583333333332,0.0033333333333333335,0.0016666666666666668,0.7416666666666667,0.6341666666666667,1.74375,0.8515173237753876,0.14848267622461178,2.944324970131422,0.20625,116.99666666666667,0.5941666666666666,261.0,-0.0003992957645095885,50.63640670776367,4.602489185333252,-0.00021129155575181358,0.0,212.19633073806762,0.7185100317001343,675.6535036563873
576,1.4465055555555564,0.0008333333333333334,0.0008333333333333334,0.7083333333333334,0.6308333333333334,1.755,0.8493067426400768,0.15069325735992406,2.9283000949667617,0.2175,113.8375,0.5220833333333333,274.0,-0.008636954776011407,65.14870567321778,4.391661232709884,-0.0001842506550019607,0.0,195.48118867874146,0.6523787379264832,676.8049125671387
577,1.4383472222222204,0.0033333333333333335,0.0016666666666666668,0.7166666666666667,0.6320833333333333,1.74625,0.8513958482462427,0.1486041517537579,2.9427344309234074,0.21875,121.49916666666667,0.5758333333333333,268.0,0.0022358050337061286,52.736057305336,4.514625400304794,-0.001198024054610869,0.0,227.6075852870941,0.7532899379730225,677.9683814048767
578,1.452537500000001,0.0025,0.0008333333333333334,0.7125,0.6308333333333334,1.7516666666666667,0.8555161750713609,0.14448382492863934,2.972407231208373,0.21166666666666667,124.33666666666667,0.5808333333333333,336.0,0.005721934465691447,44.6712070941925,4.5613884091377255,-0.0003690487392304931,0.0,194.69311108589173,0.7905488014221191,679.1249063014984
579,1.3846069444444449,0.004166666666666667,0.0016666666666666668,0.7083333333333334,0.6154166666666666,1.6791666666666667,0.8528263027295284,0.14717369727047136,2.9528535980148884,0.20166666666666666,103.29375,0.49,248.0,0.0029657731764018537,67.06549606323242,4.478126609325409,0.0002552242331148591,0.0,199.84269471168517,0.5878653526306152,680.2900631427765
580,1.4437222222222224,0.0,0.0,0.7208333333333333,0.6320833333333333,1.75,0.8513333333333336,0.14866666666666672,2.943095238095238,0.23916666666666667,118.43125,0.5483333333333333,345.0,-0.004862801730632782,90.76027326583862,4.370203870534897,1.896461471915245e-05,0.0,320.66549854278566,0.5749451518058777,681.442485332489
581,1.4736458333333315,0.0075,0.0025,0.7291666666666666,0.6541666666666667,1.80125,0.8514341892204487,0.14856581077955128,2.943326393708073,0.235,127.47625,0.59875,282.0,-0.014397257752716542,53.55707364082336,4.631520938873291,-0.0002483955591742415,0.0,211.73912706375123,0.7766048908233643,682.5968041419983
582,1.4134027777777785,0.002916666666666667,0.0008333333333333334,0.7166666666666667,0.61875,1.7229166666666667,0.8507859733978241,0.14921402660217659,2.939782345828295,0.2375,108.73,0.48,325.0,-0.002122836047783494,56.96605143547058,4.456386363506317,-0.0005011380650103092,0.0,196.9631293773651,0.6022607088088989,683.7493782043457
583,1.4326263888888895,0.007916666666666667,0.0025,0.7125,0.6304166666666666,1.7420833333333334,0.8554101889500129,0.1445898110499881,2.9717770868213345,0.21416666666666667,107.07833333333333,0.5183333333333333,308.0,-0.008546295342966914,58.235444402694704,4.417763274908066,0.000346342636476038,0.0,196.8468165397644,0.6727926731109619,684.8950870037079
584,1.443555555555556,0.004583333333333333,0.0016666666666666668,0.7291666666666666,0.6291666666666667,1.7483333333333333,0.8553860819828408,0.1446139180171591,2.9702097235462346,0.225,122.28875,0.58,280.0,0.00562075802590698,42.72422108650208,4.551635771989822,0.00019021313628400093,0.0,314.5535139083862,0.8462117314338684,686.044358253479
585,1.4892888888888884,0.0033333333333333335,0.0008333333333333334,0.7166666666666667,0.6575,1.8104166666666666,0.8529252013808978,0.14707479861910236,2.954890678941312,0.24583333333333332,127.9225,0.5975,313.0,-0.0024000802426598967,64.52134466171265,4.465804851055145,0.00016576913112658075,0.0,157.40095314979553,0.6394122838973999,687.1908586025238
586,1.4297236111111107,0.0,0.0,0.7,0.6245833333333334,1.7283333333333333,0.8528616200578596,0.14713837994214074,2.9544358727097397,0.22458333333333333,120.825,0.5975,271.0,-0.004693588148802519,57.78981947898865,4.3494304895401,0.0003453775192610919,0.0,278.7299942970276,0.6206423044204712,688.3470973968506
587,1.420372222222222,0.0004166666666666667,0.0004166666666666667,0.7083333333333334,0.6166666666666667,1.7166666666666666,0.8525631067961168,0.14743689320388356,2.9514563106796117,0.22083333333333333,114.86458333333333,0.6058333333333333,256.0,0.004236663831397891,67.07474946975708,4.451452767848968,0.00016228182357735932,0.0,214.51091632843017,0.5658241510391235,689.4940850734711
588,1.4176402777777797,0.0033333333333333335,0.00125,0.725,0.62625,1.7245833333333334,0.8512128533462195,0.1487871466537812,2.9422565837158734,0.22125,118.5,0.5829166666666666,286.0,-0.0030548484763130547,37.19024667739868,4.384997594356537,0.00026331357948947696,0.0,181.98891506195068,0.8296139240264893,690.6463849544525
589,1.3675944444444434,0.005416666666666667,0.0020833333333333333,0.6916666666666667,0.60125,1.6608333333333334,0.8545057701956846,0.1454942298043151,2.964626191670848,0.215,104.72291666666666,0.5120833333333333,280.0,0.006473317206837237,79.92919902801513,4.375988686084748,9.945420642907266e-05,0.0,245.34805917739868,0.49938052892684937,691.8093497753143
590,1.408720833333333,0.002916666666666667,0.0004166666666666667,0.7125,0.61625,1.70375,0.8520249449743215,0.1479750550256787,2.946441672780631,0.19291666666666665,108.34666666666666,0.46291666666666664,295.0,0.005547726689837873,49.69934892654419,4.508434092998504,-8.869346984283766e-05,0.0,184.6271282196045,0.7198585271835327,692.969598531723
591,1.3763180555555554,0.004166666666666667,0.0016666666666666668,0.7041666666666667,0.6070833333333333,1.6716666666666666,0.8521510468594221,0.14784895314057828,2.9481555333998006,0.2,105.04958333333333,0.51125,237.0,0.0029636974912136795,73.50450949668884,4.2137783706188205,0.00035862452423316424,0.0,219.99670095443724,0.5358079671859741,694.1362500190735
592,1.3848194444444455,0.0033333333333333335,0.0004166666666666667,0.6916666666666667,0.6125,1.6675,0.855672163918042,0.14432783608195895,2.972513743128436,0.18541666666666667,101.51583333333333,0.4658333333333333,251.0,-0.0019763143733143806,80.59308700561523,4.321806651353836,0.0005276174415485002,0.0,209.64313945770263,0.5290242433547974,695.2823703289032
593,1.4913486111111107,0.0,0.0,0.7291666666666666,0.64625,1.7954166666666667,0.8535785565096312,0.1464214434903691,2.958459039220237,0.21208333333333335,122.09416666666667,0.5579166666666666,313.0,-0.010066753812134266,56.37321834564209,4.419258403778076,-0.00026634411665327207,0.0,461.44889106750486,0.707538366317749,696.4543583393097
594,1.4967652777777785,0.0025,0.00125,0.725,0.6441666666666667,1.8054166666666667,0.8539279944611128,0.14607200553888763,2.960535425801985,0.21083333333333334,125.37458333333333,0.59625,340.0,0.003966255020350218,44.86039023399353,4.393347227573395,0.00039823070765123705,0.0,181.87669653892516,0.8219960927963257,697.6287987232208
595,1.4039624999999998,0.00875,0.0020833333333333333,0.7,0.61875,1.7066666666666668,0.8555932617187508,0.14440673828125003,2.971923828125,0.20333333333333334,106.47125,0.5070833333333333,246.0,-0.0035374152241274713,98.79143586158753,4.430478489398956,0.00014493932540062814,0.0,197.51023149490356,0.3896307945251465,698.7766139507294
596,1.4958444444444448,0.0008333333333333334,0.0004166666666666667,0.7208333333333333,0.6533333333333333,1.81125,0.8515896020243848,0.14841039797561537,2.9452495974235107,0.23166666666666666,121.2225,0.5691666666666667,313.0,-0.0030416926834732293,53.61013240814209,4.254834479093551,0.00018951456722788863,0.0,271.1638732433319,0.7284082174301147,699.9383957386017
597,1.4565541666666653,0.0016666666666666668,0.0008333333333333334,0.7083333333333334,0.63375,1.7620833333333332,0.8547481674154652,0.1452518325845353,2.966185859541263,0.24541666666666667,118.49791666666667,0.5858333333333333,299.0,-0.007597909634932875,55.43464598655701,4.406706202030182,0.001746860597631894,0.0,182.35277070999146,0.7265585064888,701.0889492034912
598,1.4274625,0.0008333333333333334,0.0004166666666666667,0.7208333333333333,0.6275,1.7270833333333333,0.8517273823884198,0.14827261761158014,2.945717732207479,0.21583333333333332,118.07708333333333,0.53875,284.0,-0.007890223432332278,74.94355735778808,4.263716024160385,0.0003372029692400247,0.0,249.7213233947754,0.6537173986434937,702.2495069503784
599,1.4411916666666664,0.0008333333333333334,0.0008333333333333334,0.7125,0.6291666666666667,1.7283333333333333,0.8560414657666348,0.14395853423336558,2.974927675988428,0.19583333333333333,113.695,0.56625,265.0,-0.011097937822341919,54.04494023323059,4.40768409371376,-0.0005790259243440232,0.0,236.03554005622863,0.6283237934112549,703.4167885780334
600,1.3983805555555553,0.0016666666666666668,0.0004166666666666667,0.6916666666666667,0.6158333333333333,1.6875,0.8536493827160502,0.14635061728395068,2.9587654320987653,0.20333333333333334,99.56,0.44666666666666666,274.0,0.0011494448874145747,74.21188516616822,4.272820544242859,-3.189146518707275e-05,0.0,245.7052008628845,0.549336314201355,704.7710220813751
601,1.3947375,0.0016666666666666668,0.00125,0.7083333333333334,0.60625,1.6808333333333334,0.8534630639563707,0.14653693604362933,2.9583539910758554,0.18833333333333332,106.59416666666667,0.5291666666666667,292.0,0.001353430631570518,73.34240045547486,4.2979527592658995,0.00018868462066166103,0.0,162.13382730484008,0.5778831243515015,705.9355969429016
602,1.3928597222222223,0.004166666666666667,0.0008333333333333334,0.6958333333333333,0.6141666666666666,1.6875,0.8539580246913581,0.14604197530864194,2.9612345679012346,0.20875,113.31666666666666,0.5204166666666666,303.0,-0.00633859932422638,68.16895570755005,4.184730923175811,-0.00019768170768657,0.0,143.99018888473512,0.6239126324653625,707.0782976150513
603,1.4252236111111107,0.0008333333333333334,0.0008333333333333334,0.6875,0.6108333333333333,1.70375,0.8571460014673515,0.1428539985326486,2.983859134262656,0.17416666666666666,106.32125,0.5104166666666666,272.0,-0.007769350009039044,68.91762428283691,4.319526332616806,0.00024800369865261016,0.0,195.87796754837035,0.6970285177230835,708.2455687522888
604,1.4080083333333315,0.004583333333333333,0.0008333333333333334,0.7166666666666667,0.6208333333333333,1.7116666666666667,0.8505890944498534,0.14941090555014608,2.937682570593963,0.19958333333333333,112.56,0.5391666666666667,302.0,0.004747160570695996,93.87491693496705,4.266865909099579,-8.335707934747916e-05,0.0,288.685804271698,0.45733320713043213,709.4259214401245
605,1.4125638888888887,0.0016666666666666668,0.0016666666666666668,0.6958333333333333,0.6204166666666666,1.7025,0.8531130690161529,0.14688693098384722,2.9559471365638768,0.18375,114.48625,0.58125,244.0,0.004038981208577752,69.49604539871216,4.251129180192947,-7.19067953468766e-05,0.0,211.5634874343872,0.6015279293060303,710.5985193252563
606,1.3530750000000011,0.00125,0.00125,0.6833333333333333,0.5920833333333333,1.6345833333333333,0.851486107570737,0.14851389242926324,2.9436655620698446,0.18583333333333332,104.52041666666666,0.5104166666666666,266.0,-0.0035963029600679874,96.9494502067566,4.291059291362762,4.783769418281736e-05,0.0,249.31147632598876,0.5349818468093872,711.7662904262543
607,1.4673125000000007,0.0004166666666666667,0.0004166666666666667,0.7208333333333333,0.6366666666666667,1.76625,0.8519815994338301,0.1480184005661715,2.94692144373673,0.19125,114.61791666666667,0.535,278.0,0.00048232600092887876,56.096698713302615,4.3624884486198425,8.124325613607652e-05,0.0,352.8132055282593,0.6634860038757324,712.9207870960236
608,1.4267166666666673,0.005,0.0020833333333333333,0.7083333333333334,0.62125,1.7270833333333333,0.8537080820265381,0.14629191797346205,2.959710494571773,0.19208333333333333,106.56333333333333,0.5083333333333333,263.0,-0.006539690867066383,48.50350866317749,4.223230069875717,0.0001676262851106003,0.0,153.77136325836182,0.7055922150611877,714.0786418914795
609,1.3463416666666668,0.002916666666666667,0.00125,0.6708333333333333,0.5925,1.6279166666666667,0.8528845661632963,0.14711543383670347,2.9536728948041975,0.18791666666666668,102.02583333333334,0.48125,293.0,-0.004386710631661117,98.26412534713745,4.211221033334732,-0.00026381838688394055,0.0,231.5542027950287,0.4279717206954956,715.2404510974884
610,1.4071125000000002,0.0033333333333333335,0.0008333333333333334,0.7,0.61625,1.6975,0.854091801669122,0.14590819833087879,2.961953853706431,0.185,119.78,0.5491666666666667,279.0,-0.00020533468341454864,134.42983255386352,4.187516725063324,-0.00011080142285209149,0.0,331.3572782516479,0.3621394634246826,716.4182469844818
611,1.4578361111111104,0.002916666666666667,0.0008333333333333334,0.725,0.6370833333333333,1.7575,0.8536367946894274,0.14636320531057373,2.957799905168326,0.19083333333333333,118.8625,0.5479166666666667,314.0,-0.005218714568763971,47.472484493255614,4.358873027563095,-6.092521362006664e-05,0.0,208.1432839870453,0.7824505567550659,717.5972316265106
612,1.4000958333333324,0.005833333333333334,0.0016666666666666668,0.6916666666666667,0.6141666666666666,1.6979166666666667,0.8530625766871169,0.1469374233128833,2.9538650306748466,0.1975,113.79416666666667,0.5441666666666667,254.0,-0.0017417556140571834,78.6764386177063,4.324114465713501,0.0003707351119373925,0.0,254.0751407623291,0.676068902015686,718.7663218975067
613,1.4260652777777776,0.005833333333333334,0.0016666666666666668,0.7166666666666667,0.6279166666666667,1.7375,0.8502134292565947,0.14978657074340518,2.934772182254197,0.20416666666666666,115.33625,0.5166666666666667,329.0,0.0016426651738584042,84.86276550292969,4.312202906608581,0.00034889751113951204,0.0,262.21573667526246,0.5894653797149658,719.9202954769135
614,1.4843541666666669,0.005833333333333334,0.002916666666666667,0.725,0.65125,1.79625,0.8554743678960801,0.1445256321039203,2.971004407330086,0.21458333333333332,123.75,0.5833333333333334,314.0,-0.006487772800028324,50.22641830444336,4.426716262102127,8.886323139449815e-05,0.0,293.44439282417295,0.7327741980552673,721.0783565044403
615,1.4683375,0.0033333333333333335,0.0016666666666666668,0.7166666666666667,0.6320833333333333,1.7625,0.8567399527186765,0.143260047281324,2.979905437352246,0.18583333333333332,114.46583333333334,0.5416666666666666,312.0,-0.00017093520145863294,61.97926378250122,4.33679032921791,5.3986741113476457e-05,0.0,203.724951171875,0.5722517967224121,722.2506954669952
616,1.4325499999999987,0.0004166666666666667,0.0004166666666666667,0.6916666666666667,0.61875,1.7208333333333334,0.8536610169491523,0.14633898305084744,2.9583535108958836,0.18375,112.58166666666666,0.5491666666666667,251.0,-0.0005092538427561522,100.32647886276246,4.2596409797668455,3.591420500015374e-05,0.0,232.12665786743165,0.43673598766326904,723.4355711936951
617,1.355858333333333,0.005416666666666667,0.00125,0.6916666666666667,0.5975,1.6370833333333332,0.8546856706541108,0.14531432934588948,2.965640111987783,0.16916666666666666,110.16333333333333,0.5075,257.0,0.002276170579716563,87.95408987998962,4.266943871974945,0.00018995041730249796,0.0,191.43673505783082,0.550375759601593,724.6144688129425
618,1.4829986111111106,0.005833333333333334,0.00125,0.7375,0.6570833333333334,1.7975,0.8543184979137693,0.14568150208623087,2.9624478442280946,0.22,124.65541666666667,0.5825,311.0,0.0030205298215150835,58.4231258392334,4.512160962820053,-0.00024886403698474167,0.0,323.6891182899475,0.7011539936065674,725.7921235561371
619,1.496702777777778,0.00375,0.00125,0.7208333333333333,0.6495833333333333,1.7991666666666666,0.8574386289949057,0.14256137100509497,2.985178323297823,0.205,125.85916666666667,0.5829166666666666,313.0,-0.008705900772474707,47.16373972892761,4.340835857391357,-0.00046999047553981655,0.0,208.3572377204895,0.787584662437439,726.952963590622
620,1.4472638888888887,0.002916666666666667,0.0004166666666666667,0.725,0.63375,1.7595833333333333,0.8509590338621833,0.1490409661378167,2.940089983424106,0.22666666666666666,119.29125,0.5504166666666667,266.0,-0.003558064601384103,52.520836687088014,4.238354575634003,0.001439598243450746,0.0,146.47224807739258,0.7026824951171875,728.1190507411957
621,1.426470833333334,0.004166666666666667,0.0020833333333333333,0.6916666666666667,0.6195833333333334,1.71125,0.8590284879474076,0.14097151205259315,2.9963476990504017,0.18333333333333332,110.56166666666667,0.5358333333333334,266.0,-0.007853288797196,88.24846301078796,4.058048874139786,0.00033765260013751686,0.0,256.03117084503174,0.4224346876144409,729.2703793048859
622,1.4445180555555552,0.0004166666666666667,0.0004166666666666667,0.7041666666666667,0.6375,1.7404166666666667,0.8519296145559025,0.14807038544409867,2.9473306200622456,0.19041666666666668,113.53916666666667,0.5658333333333333,275.0,-0.008181368838995695,65.00512671470642,4.226147645711899,0.0003265799954533577,0.0,297.52622241973876,0.6296550631523132,730.4287400245667
623,1.4308513888888896,0.00375,0.0020833333333333333,0.7125,0.6191666666666666,1.7245833333333334,0.8531553515341881,0.14684464846581308,2.955303213336555,0.17208333333333334,109.30083333333333,0.5066666666666667,288.0,-0.004748274944722653,40.11732957363129,4.183013242483139,-0.00034259734434272104,0.0,173.24902563095094,0.7729116082191467,731.5902569293976
624,1.4257319444444445,0.0025,0.0004166666666666667,0.7,0.61875,1.7108333333333334,0.8559644422795912,0.1440355577204092,2.973940574768631,0.18166666666666667,115.51458333333333,0.5858333333333333,312.0,-0.0035390029195696117,58.09974298477173,4.0766824066638945,9.47793319937773e-05,0.0,223.20698955059052,0.750318706035614,732.7410342693329
625,1.4263152777777768,0.00625,0.0016666666666666668,0.7,0.6229166666666667,1.7141666666666666,0.8579217306757418,0.14207826932425852,2.987603305785124,0.16833333333333333,104.59208333333333,0.49375,254.0,-0.007959283655509353,41.24629969596863,4.165076971054077,0.0005632730950310361,0.0,138.47173881530762,0.8034462332725525,734.2253174781799
626,1.4125624999999995,0.0020833333333333333,0.00125,0.6791666666666667,0.6079166666666667,1.7004166666666667,0.8537490811075719,0.14625091889242844,2.9583435432492036,0.18625,114.72916666666667,0.5820833333333333,246.0,-0.005100322235375643,53.529027462005615,4.220635795593262,-0.0009220422914950177,0.0,144.3535710811615,0.7992932200431824,735.3810911178589
627,1.4686263888888897,0.0020833333333333333,0.0008333333333333334,0.7208333333333333,0.6395833333333333,1.7725,0.8515209214856608,0.14847907851433959,2.943112364833098,0.18875,126.40416666666667,0.6183333333333333,297.0,-0.0003167002461850643,107.34138116836547,4.12608962059021,0.0001129687293087045,0.0,499.4663856506348,0.6504765748977661,736.5263931751251
628,1.4580680555555554,0.0020833333333333333,0.00125,0.7083333333333334,0.635,1.7616666666666667,0.8513552507095562,0.14864474929044466,2.942762535477767,0.19208333333333333,114.93,0.5366666666666666,308.0,-0.009041449287906289,66.19691791534424,4.333288818597794,1.0210244613517717e-05,0.0,267.57407541275023,0.7177417278289795,737.6946723461151
629,1.4498236111111107,0.0,0.0,0.7125,0.6308333333333334,1.7470833333333333,0.8511590746482243,0.1488409253517768,2.941092296684951,0.19,119.39166666666667,0.5795833333333333,269.0,0.004718374903313815,52.7726393699646,4.13414443731308,0.0002135432778231916,0.0,180.16581468582154,0.7010321617126465,738.882429599762
630,1.4347472222222222,0.005416666666666667,0.0016666666666666668,0.6958333333333333,0.6216666666666667,1.7258333333333333,0.8566055045871556,0.1433944954128441,2.9787542250120715,0.17166666666666666,114.165,0.5666666666666667,271.0,-0.004531271988525987,77.46434583663941,4.129373639822006,9.466068149777129e-05,0.0,277.3478667259216,0.5694015026092529,740.0409741401672
631,1.427033333333333,0.0033333333333333335,0.0020833333333333333,0.7083333333333334,0.62625,1.7270833333333333,0.850875753920387,0.14912424607961391,2.938238841978287,0.19083333333333333,112.87583333333333,0.5291666666666667,267.0,0.0010899606626480819,75.11307735443116,4.050538057088852,-0.00016442622682006914,0.0,235.14674625396728,0.6825091242790222,741.2144117355347
632,1.5048805555555558,0.0020833333333333333,0.0004166666666666667,0.7291666666666666,0.6541666666666667,1.8083333333333333,0.8533133640553003,0.14668663594470044,2.955299539170507,0.18125,126.58833333333334,0.5920833333333333,304.0,0.00475331402849406,61.986905336380005,4.277459073066711,-4.6812754590064285e-06,0.0,368.5168062210083,0.7288874387741089,742.3761553764343
633,1.4693625000000006,0.0025,0.0008333333333333334,0.7291666666666666,0.64,1.77625,0.8512714051137699,0.14872859488623041,2.943232465399953,0.19083333333333333,119.72,0.5675,292.0,-0.00020605705794878303,43.921857023239134,4.263722324371338,0.00015341653397626942,0.0,162.71982135772706,0.7792673707008362,743.5569715499878
634,1.4487777777777777,0.0,0.0,0.7083333333333334,0.6304166666666666,1.7491666666666668,0.8509766555502616,0.14902334444973797,2.9397332062887087,0.20875,109.99041666666666,0.51375,292.0,0.005552317993715405,73.0040093421936,4.087645000219345,-0.0001786057880963199,0.0,250.68526153564454,0.5601102113723755,744.7184133529663
635,1.490522222222223,0.005833333333333334,0.0020833333333333333,0.7291666666666666,0.6491666666666667,1.7975,0.8569587389893375,0.14304126101066295,2.982846546128883,0.19333333333333333,125.71,0.6054166666666667,324.0,0.0015915862750262022,48.60343203544617,4.23302372097969,-0.0004979160032235086,0.0,296.63447895050047,0.8099015951156616,745.8686327934265
636,1.4328972222222214,0.0020833333333333333,0.0004166666666666667,0.7125,0.62625,1.7316666666666667,0.8516891241578449,0.14831087584215596,2.945380173243503,0.19458333333333333,110.74041666666666,0.52375,277.0,-0.007786223944276571,75.67929773330688,4.173645132780075,1.9038934988202526e-05,0.0,341.3553070068359,0.534690260887146,747.0299003124237
637,1.5234236111111106,0.0,0.0,0.7291666666666666,0.6558333333333334,1.8320833333333333,0.8538890152376627,0.14611098476233797,2.9608824198317034,0.21041666666666667,134.14,0.6229166666666667,288.0,0.009684675326570868,54.47305850982666,4.174860101938248,0.00020481169740378392,0.0,333.6306481361389,0.8070632219314575,748.1688029766083
638,1.3989986111111112,0.0008333333333333334,0.0004166666666666667,0.6916666666666667,0.6066666666666667,1.68875,0.8507105847520358,0.1492894152479645,2.938564026646928,0.18375,104.05583333333334,0.4816666666666667,268.0,-0.007513922126963735,72.71744880676269,4.145246231555939,4.252628714311868e-05,0.0,237.41589794158935,0.5049917101860046,749.330313205719
639,1.487470833333333,0.005416666666666667,0.0016666666666666668,0.7166666666666667,0.6441666666666667,1.7941666666666667,0.8564630747793786,0.14353692522062234,2.977473293079424,0.20583333333333334,125.0,0.5766666666666667,302.0,-0.0066471614874899386,70.15919508934022,4.278632569313049,0.00011210354714421555,0.0,272.9998908996582,0.6381593346595764,750.5083184242249
640,1.4285277777777763,0.005416666666666667,0.00125,0.7041666666666667,0.6175,1.7275,0.8536661842739991,0.14633381572600088,2.9589966232513265,0.18375,120.17416666666666,0.5608333333333333,303.0,-5.100639536976814e-05,92.67530665397643,4.106201201677322,1.34341862576548e-06,0.0,320.3310910224915,0.471532940864563,751.6646771430969
641,1.4230166666666662,0.0020833333333333333,0.0004166666666666667,0.7,0.6233333333333333,1.7108333333333334,0.8545396980029233,0.14546030199707752,2.9644422795908425,0.1875,107.87541666666667,0.5104166666666666,279.0,-0.007816806202754378,73.67857437133789,4.118994361162185,0.00020005197511636653,0.0,227.18529586791993,0.6231403350830078,752.8409354686737
642,1.417822222222222,0.005416666666666667,0.0025,0.7,0.61875,1.71875,0.8530763636363639,0.14692363636363648,2.9549090909090907,0.19583333333333333,108.33583333333333,0.5266666666666666,271.0,0.005008341744542122,65.96595220565796,4.086203265190124,0.0004490116785746068,0.0,167.0860417366028,0.7461483478546143,754.0145041942596
643,1.3905736111111109,0.004583333333333333,0.0025,0.6916666666666667,0.6045833333333334,1.6841666666666666,0.8495076694705589,0.15049233052944078,2.9292429490351313,0.16083333333333333,112.275,0.53875,267.0,0.009534245450049638,61.00659332275391,4.076889193058014,-0.000325625017285347,0.0,184.30246324539183,0.7707899808883667,755.1881763935089
644,1.4152361111111105,0.00375,0.0004166666666666667,0.6875,0.61625,1.7054166666666666,0.8537503053994631,0.14624969460053763,2.958709992670413,0.17416666666666666,116.27833333333334,0.54625,249.0,0.0005370559636503458,90.1207049369812,4.141891700029373,7.267313103511696e-05,0.0,229.01497173309326,0.5742292404174805,756.3668534755707
645,1.4417874999999998,0.002916666666666667,0.0008333333333333334,0.7166666666666667,0.63,1.7366666666666666,0.8525167946257202,0.1474832053742803,2.9493761996161227,0.17541666666666667,114.49375,0.5316666666666666,345.0,-0.0023647107649594546,104.68359241485595,4.050123566389084,3.8369883986888455e-05,0.0,362.54349689483644,0.5766843557357788,757.5272080898285
646,1.5215708333333346,0.005,0.0020833333333333333,0.725,0.6566666666666666,1.8395833333333333,0.8527225368063424,0.14727746319365798,2.9524348810872025,0.1875,128.04583333333332,0.5841666666666666,311.0,-0.0026813775300979616,79.68220233917236,4.016442406177521,5.087557437946089e-05,0.0,339.3665855407715,0.6020687818527222,758.6756274700165
647,1.4362583333333325,0.004166666666666667,0.00125,0.6916666666666667,0.6254166666666666,1.73375,0.8528046142754144,0.14719538572458554,2.951694304253785,0.17666666666666667,112.03833333333333,0.5383333333333333,242.0,0.006272292253561318,82.93156156539916,3.999368506669998,0.00021245928364805878,0.0,255.62558307647706,0.49810898303985596,759.8476514816284
648,1.503736111111111,0.00125,0.0008333333333333334,0.7166666666666667,0.6479166666666667,1.8058333333333334,0.853899400092293,0.1461005999077066,2.960775265343793,0.185,120.83125,0.5741666666666667,318.0,0.005514690745621919,65.09928426742553,4.088148438930512,0.00023599675405421293,0.0,232.03176050186158,0.6371774673461914,761.0204401016235
649,1.410940277777777,0.0033333333333333335,0.00125,0.6958333333333333,0.6166666666666667,1.7083333333333333,0.8529487804878054,0.14705121951219513,2.953658536585366,0.20625,113.7875,0.5404166666666667,253.0,-0.012892081029713153,57.56839008331299,4.12181441783905,-0.00027282056253170596,0.0,177.0951244354248,0.7593550682067871,762.1777486801147
650,1.418954166666667,0.0016666666666666668,0.0004166666666666667,0.6875,0.61375,1.70625,0.8554310134310134,0.1445689865689865,2.9711843711843713,0.19291666666666665,109.08916666666667,0.52,272.0,0.0022523446008563043,109.69658651351929,4.157609939575195,-0.0003864898179017473,0.0,207.3502628326416,0.5357682108879089,763.6573305130005
651,1.4846458333333328,0.0025,0.00125,0.7125,0.6404166666666666,1.7958333333333334,0.8517749419953603,0.14822505800464042,2.945475638051044,0.20625,125.47458333333333,0.6154166666666666,289.0,-0.0016007344704121352,57.93985414505005,4.1270348072052006,-2.4478169507347047e-05,0.0,277.66813268661497,0.6846208572387695,764.7943916320801
652,1.4725722222222222,0.0016666666666666668,0.0004166666666666667,0.7208333333333333,0.64125,1.7775,0.8513455227379289,0.1486544772620722,2.9428035630567275,0.19125,124.72166666666666,0.60375,278.0,-0.007441426254808902,55.10586457252502,4.113921684026718,-4.3152844864380316e-05,0.0,210.6207802772522,0.7045781016349792,765.9394397735596
653,1.4516194444444437,0.005,0.0020833333333333333,0.7083333333333334,0.63,1.7558333333333334,0.851618414807784,0.14838158519221648,2.9439962031324156,0.175,112.58083333333333,0.56,292.0,-0.001927950559183955,61.164373111724856,4.073592644929886,0.0004246522834364441,0.0,188.9680338859558,0.6839603781700134,767.0988068580627
654,1.4134930555555552,0.00125,0.0004166666666666667,0.6833333333333333,0.6066666666666667,1.69375,0.8553628536285359,0.1446371463714638,2.9699876998769987,0.17416666666666666,99.34125,0.455,274.0,0.0010497228620806708,85.03283348083497,4.255447036027908,8.67597118485719e-05,0.0,219.63751935958862,0.5713367462158203,768.2532956600189
655,1.3852875000000002,0.004166666666666667,0.00125,0.6916666666666667,0.6083333333333333,1.6829166666666666,0.8517430056944789,0.14825699430552117,2.946273830155979,0.19958333333333333,105.35291666666667,0.4741666666666667,270.0,0.0008876989828422666,73.65805187225342,4.0516027987003325,-0.00016351950471289457,0.0,189.64199113845825,0.6679946184158325,769.4144861698151
656,1.4726291666666662,0.00125,0.0004166666666666667,0.7208333333333333,0.6395833333333333,1.77875,0.8501546029515111,0.14984539704848918,2.933239634574842,0.19375,124.09875,0.6033333333333334,302.0,0.007378576346673072,49.1815721988678,4.310283362865448,-4.559041117317975e-05,0.0,266.77141399383544,0.7589663863182068,770.5913035869598
657,1.5165333333333324,0.00625,0.00125,0.725,0.6641666666666667,1.8425,0.852030755314338,0.14796924468566258,2.9475350520126637,0.21125,138.79083333333332,0.6470833333333333,302.0,-0.008756228676065802,70.24982414245605,4.2403721630573274,-9.616962997824885e-05,0.0,248.64278631210328,0.7231594324111938,771.7775928974152
658,1.4149666666666667,0.0033333333333333335,0.0008333333333333334,0.7125,0.6245833333333334,1.72375,0.8495093062605753,0.15049069373942492,2.9301426154218033,0.22041666666666668,115.63541666666667,0.5391666666666667,272.0,0.005595754086971283,60.68446021080017,4.329580295085907,-0.0007097339406755054,0.0,150.28857679367064,0.6576662063598633,772.9308111667633
659,1.4456541666666665,0.005416666666666667,0.0025,0.7083333333333334,0.6279166666666667,1.75125,0.8533357125862482,0.14666428741375215,2.9562217463716394,0.19791666666666666,112.85833333333333,0.5379166666666667,273.0,-0.0011384728830307722,65.95891051292419,4.210980558395386,0.00013439302565529943,0.0,205.69755420684814,0.6136071681976318,774.08220911026
660,1.4877472222222239,0.0025,0.00125,0.7166666666666667,0.6429166666666667,1.7904166666666668,0.8551919944147084,0.1448080055852921,2.9697463346520827,0.19666666666666666,125.11041666666667,0.5679166666666666,314.0,0.004298056574771181,101.05802373886108,4.122442978620529,0.00013723711817874572,0.0,192.88600335121154,0.5766854286193848,775.2491729259491
661,1.435725000000001,0.002916666666666667,0.00125,0.725,0.63,1.7379166666666668,0.8533301366578764,0.14666986334212415,2.956365380004795,0.21875,111.52125,0.5225,284.0,0.004240155685693026,56.96443109512329,4.157181239128112,0.00032392358407378196,0.0,185.05818758010864,0.6643984317779541,776.4043943881989
662,1.4739861111111092,0.002916666666666667,0.0008333333333333334,0.7041666666666667,0.6358333333333334,1.7720833333333332,0.8539619092405369,0.14603809075946397,2.9597930872325415,0.17333333333333334,125.72833333333334,0.6391666666666667,282.0,-0.0047061419114470485,63.79404058456421,4.1958847641944885,0.00028790704482162255,0.0,219.16883749961852,0.7356703281402588,777.5621030330658
663,1.4566694444444448,0.00125,0.0004166666666666667,0.7125,0.62875,1.7525,0.8539800285306712,0.1460199714693296,2.9607703281027105,0.19375,125.305,0.5933333333333334,264.0,-0.012688106019049883,72.66361947059632,4.056219130754471,0.0007522200467064977,0.001171875,202.97024126052855,0.698817253112793,778.7128009796143
664,1.4974847222222227,0.004583333333333333,0.00125,0.7166666666666667,0.6504166666666666,1.8033333333333332,0.854928373382625,0.14507162661737533,2.9671903881700556,0.18458333333333332,124.98416666666667,0.6020833333333333,310.0,-0.004590092250145972,46.28961615562439,4.337860822677612,0.00029267148183862444,0.0,169.5002272605896,0.7693494558334351,779.875239610672
665,1.3636541666666664,0.006666666666666667,0.0020833333333333333,0.6791666666666667,0.5966666666666667,1.66,0.8517243975903621,0.14827560240963855,2.947289156626506,0.18166666666666667,99.40875,0.44375,281.0,-0.006688803946599364,97.70041537284851,4.062867504358292,0.00017503841663710774,0.0,162.14622716903688,0.42630428075790405,781.037766456604
666,1.4668527777777778,0.004166666666666667,0.00125,0.7083333333333334,0.6283333333333333,1.7570833333333333,0.8584965615366382,0.14150343846336258,2.9924116670618925,0.17708333333333334,120.75708333333333,0.59875,285.0,-0.009965576604008675,53.61897239685059,4.1636179983615875,-0.00013481214045896195,0.0,200.62565579414368,0.7490800023078918,782.1782593727112
667,1.4815527777777768,0.0,0.0,0.7166666666666667,0.6404166666666666,1.7895833333333333,0.8513527357392321,0.14864726426076835,2.9441210710128054,0.2125,124.79125,0.5875,320.0,0.0012119682040065527,57.273975419998166,4.2386484205722805,0.0002346141256566625,0.0,267.15348014831545,0.7004728317260742,783.3225440979004
668,1.4211402777777766,0.0020833333333333333,0.0004166666666666667,0.6875,0.615,1.71,0.8555238791423005,0.14447612085769979,2.9724658869395713,0.195,109.83416666666666,0.51,273.0,0.0025164604419842364,87.79350481033325,4.0524595320224766,-0.00044126499196863735,0.0,196.4791844367981,0.558335542678833,784.4663279056549
669,1.437148611111111,0.0075,0.0020833333333333333,0.7083333333333334,0.63,1.74875,0.8542983083154638,0.14570169168453653,2.964021920419347,0.21416666666666667,124.03875,0.59875,273.0,-0.008784642932005227,43.55380215644836,4.165156972408295,-5.791150083496177e-05,0.0,184.5571397781372,0.8165208101272583,785.6299276351929
670,1.4274138888888883,0.005,0.002916666666666667,0.6875,0.61875,1.71875,0.8568387878787884,0.1431612121212121,2.980848484848485,0.18666666666666668,117.4825,0.5495833333333333,250.0,0.005914096068590879,62.760348892211915,4.147119921445847,-8.384638313145843e-05,0.0,199.95585803985597,0.716436505317688,786.7641324996948
671,1.4567722222222215,0.005416666666666667,0.00125,0.7125,0.6325,1.7679166666666666,0.8531510723544666,0.14684892764553376,2.9559274098515202,0.21083333333333334,118.84708333333333,0.55375,304.0,0.0027544555021449925,57.92755756378174,4.055094063282013,-6.648991293332074e-05,0.0,267.4355776309967,0.698294460773468,787.9116945266724
672,1.4292527777777777,0.0008333333333333334,0.0004166666666666667,0.7083333333333334,0.61875,1.7141666666666666,0.8572046669907641,0.14279533300923677,2.9827418570734077,0.20666666666666667,103.79041666666667,0.47875,260.0,-0.008155503985472023,69.34224815368653,4.122648704051971,-0.00024392250888922719,0.0,157.32201919555663,0.6188669204711914,789.0722987651825
673,1.3632194444444434,0.0008333333333333334,0.0004166666666666667,0.6541666666666667,0.5870833333333333,1.6270833333333334,0.8580179257362353,0.1419820742637644,2.9884763124199742,0.16833333333333333,106.26833333333333,0.5325,249.0,-0.0027109301649034024,131.87217979431153,4.057086616754532,-0.0001447872578864917,0.0,308.29765701293945,0.48402225971221924,790.2264070510864
674,1.4559625000000003,0.0025,0.00125,0.7083333333333334,0.63125,1.7566666666666666,0.8530147058823538,0.14698529411764708,2.954933586337761,0.18833333333333332,117.1825,0.5383333333333333,287.0,-0.007135963696055114,79.84415011405945,4.210311764478684,-4.308895786380163e-05,0.0,389.8512134552002,0.7099352478981018,791.3980593681335
675,1.4285375000000002,0.005833333333333334,0.0008333333333333334,0.7,0.62,1.72125,0.8582643427741468,0.14173565722585318,2.991285403050109,0.19416666666666665,125.73958333333333,0.6258333333333334,263.0,0.011801873554941267,56.60119094848633,4.172904425859452,-0.00033646503652562387,0.0,192.77185888290404,0.7989887595176697,792.8562984466553
676,1.4967013888888896,0.0008333333333333334,0.0004166666666666667,0.7291666666666666,0.6458333333333334,1.7920833333333333,0.8567193675889336,0.14328063241106717,2.9800046500813764,0.19458333333333333,129.29541666666665,0.6075,318.0,0.005664768465794623,96.93052034378051,4.189115357398987,4.192430787952617e-05,0.0,416.1795747756958,0.642417311668396,794.0024707317352
677,1.3827750000000005,0.002916666666666667,0.0004166666666666667,0.6791666666666667,0.6,1.6658333333333333,0.855217608804403,0.14478239119559783,2.9702351175587793,0.18791666666666668,102.8525,0.4766666666666667,243.0,-0.009673272911459207,93.90089988708496,4.059981417655945,0.00012974616183782927,0.0,271.88835792541505,0.4082253575325012,795.1616237163544
678,1.4334597222222216,0.00125,0.0004166666666666667,0.6916666666666667,0.6195833333333334,1.7183333333333333,0.8572914645974783,0.1427085354025218,2.984238603297769,0.19666666666666666,116.975,0.5879166666666666,300.0,-0.006359677249565721,94.60270519256592,3.960582584142685,0.0003341530100442469,0.0,220.24583988189698,0.6149253845214844,796.3025033473969
679,1.4394236111111118,0.005,0.0008333333333333334,0.7083333333333334,0.6266666666666667,1.73625,0.8568394528437727,0.1431605471562275,2.980561555075594,0.20416666666666666,115.90125,0.5441666666666667,291.0,-0.0022907678969204424,63.50019655227661,3.915008491277695,0.000684222192649031,0.0,196.21975555419922,0.699657142162323,797.4536352157593
680,1.5338597222222214,0.0025,0.0004166666666666667,0.7333333333333333,0.65875,1.8366666666666667,0.8561547186932851,0.14384528130671506,2.976179673321234,0.17583333333333334,129.94125,0.5916666666666667,295.0,-0.002642583951819688,46.730875730514526,3.9733742415905,-3.4677592338994145e-05,0.0,349.6545916557312,0.7803512811660767,798.6163437366486
681,1.4436569444444451,0.0,0.0,0.7041666666666667,0.6295833333333334,1.73125,0.8526137184115524,0.1473862815884476,2.952346570397112,0.16458333333333333,121.45083333333334,0.5829166666666666,275.0,0.0007945481222122908,73.68564548492432,4.0749914109706875,-0.00028845188062405215,0.0,281.4475799560547,0.6527361869812012,799.7695422172546
682,1.4465888888888894,0.002916666666666667,0.0025,0.7166666666666667,0.6316666666666667,1.7391666666666667,0.854451365596551,0.14554863440344984,2.9633445136559655,0.17916666666666667,117.35375,0.5654166666666667,272.0,-0.009062105463817716,70.19502487182618,4.120179069042206,0.00017264076086576097,0.0,228.08495569229126,0.6889035701751709,800.9311780929565
683,1.468526388888888,0.0020833333333333333,0.0004166666666666667,0.7083333333333334,0.6391666666666667,1.7675,0.8539910419613391,0.14600895803866099,2.9608675153229607,0.19,119.57791666666667,0.6054166666666667,269.0,0.009463975904509425,61.752583742141724,4.0244131028652195,-0.0001163908418675419,0.0,197.58826246261597,0.7271814346313477,802.0785670280457
684,1.4707361111111117,0.00125,0.00125,0.7166666666666667,0.6358333333333334,1.7641666666666667,0.8548889938592351,0.1451110061407653,2.9676428908833254,0.18,118.16166666666666,0.5391666666666667,285.0,-0.007397101679816842,61.41835789680481,3.958353263139725,-6.633242446696386e-05,0.0,206.80033187866212,0.7055832147598267,803.2249426841736
685,1.5019375,0.0025,0.0016666666666666668,0.7,0.6479166666666667,1.8083333333333333,0.8530299539170514,0.14697004608294925,2.9546082949308756,0.1825,129.1575,0.58125,333.0,-0.0035543846897780895,106.6158046245575,3.992386484146118,0.00046826531033730137,0.0,252.64851264953614,0.5421373844146729,804.3511085510254
686,1.4749569444444441,0.007083333333333333,0.00125,0.7083333333333334,0.6420833333333333,1.78375,0.8546437748189681,0.1453562251810326,2.965895818733941,0.18125,115.62041666666667,0.5433333333333333,276.0,-0.0010911676887189969,67.8572368144989,3.919354683160782,0.0009117413737840252,0.0,225.7687858581543,0.6838350892066956,805.5412340164185
687,1.3960416666666662,0.005,0.0008333333333333334,0.675,0.6083333333333333,1.6845833333333333,0.8559238189463276,0.14407618105367317,2.9742765273311895,0.18583333333333332,105.80416666666666,0.5370833333333334,274.0,0.007281574746593833,97.097331905365,3.8704682528972625,-0.0001833233400247991,0.0,247.49930963516235,0.46946102380752563,806.7170922756195
688,1.4399930555555567,0.0008333333333333334,0.0008333333333333334,0.7083333333333334,0.6166666666666667,1.7291666666666667,0.8546144578313253,0.14538554216867455,2.966024096385542,0.18541666666666667,115.90708333333333,0.5458333333333333,278.0,0.00530972215346992,47.95434193611145,3.98795166015625,2.909645718318643e-05,0.0,212.09373893737794,0.7911746501922607,807.850013256073
689,1.451334722222222,0.0,0.0,0.7083333333333334,0.6270833333333333,1.7370833333333333,0.8553298153034311,0.14467018469656992,2.9704965219477093,0.18083333333333335,113.405,0.5604166666666667,288.0,-0.0039472335018217565,57.618378734588624,3.9771461963653563,-0.0001305944597334019,0.0,250.44244785308837,0.6329450011253357,808.9853785037994
690,1.4412138888888886,0.0016666666666666668,0.0004166666666666667,0.6958333333333333,0.6225,1.7379166666666668,0.8518532725964997,0.1481467274035003,2.947254854950851,0.17833333333333334,114.50875,0.5554166666666667,244.0,-0.0069306906778365375,53.463878536224364,4.048657786846161,-6.035648402757943e-05,0.0,179.3217264175415,0.7672873735427856,810.133291721344
691,1.4666180555555561,0.00125,0.0004166666666666667,0.7208333333333333,0.6391666666666667,1.76375,0.8540160642570281,0.1459839357429718,2.9619655090952044,0.19125,120.87916666666666,0.6025,299.0,0.00788216693326831,42.18424158096313,4.029671561717987,9.969098900910466e-05,0.0,226.395424079895,0.7813655138015747,811.2862718105316
692,1.462373611111111,0.0008333333333333334,0.0004166666666666667,0.6958333333333333,0.6295833333333334,1.755,0.8562511870845203,0.1437488129154795,2.97673314339981,0.20291666666666666,117.21,0.56,264.0,0.004464301676489413,90.3702522277832,3.8942518889904023,0.0005335213461421517,0.0,276.0034945487976,0.6072801351547241,812.4438774585724
693,1.4789124999999992,0.0025,0.00125,0.7125,0.645,1.775,0.8558427230046949,0.1441572769953051,2.9741784037558685,0.1825,125.51125,0.59,313.0,-0.007146163121797144,63.92659506797791,3.891425108909607,-4.11450702813454e-05,0.0,252.7418890953064,0.725763201713562,813.5913541316986
694,1.4383986111111111,0.0008333333333333334,0.0004166666666666667,0.7041666666666667,0.6229166666666667,1.7245833333333334,0.8573302730128054,0.14266972698719513,2.9857453491181443,0.19333333333333333,105.94458333333333,0.47791666666666666,296.0,0.007665624562650919,91.64836854934693,4.116183680295944,-0.00034561616557766684,0.0,289.72908487319944,0.5178683400154114,814.7462725639343
695,1.5003041666666663,0.002916666666666667,0.00125,0.7208333333333333,0.6441666666666667,1.8,0.8566504629629633,0.14334953703703704,2.9800925925925927,0.185,129.88041666666666,0.6141666666666666,297.0,-0.01558650708757341,59.62725615501404,4.0449485838413235,-0.00010164145733142505,0.0,387.7651062011719,0.7719237804412842,815.8968141078949
696,1.502111111111111,0.00125,0.0008333333333333334,0.7083333333333334,0.6479166666666667,1.7958333333333334,0.857981438515082,0.1420185614849189,2.988863109048724,0.19041666666666668,126.33875,0.59875,298.0,-0.0017150215338915587,56.94693002700806,4.0234443008899685,0.00018494830728741363,0.0,241.36617889404297,0.6713703870773315,817.033055305481
697,1.5625888888888895,0.0020833333333333333,0.0008333333333333334,0.7375,0.6675,1.87625,0.8559582500555194,0.14404174994448155,2.975793915167666,0.19583333333333333,136.0,0.61875,303.0,-0.00022092568688094615,43.199280095100406,4.071667927503586,3.921861298294971e-05,0.0,381.70503706932067,0.7819944620132446,818.1929278373718
698,1.4503319444444438,0.0025,0.0008333333333333334,0.7041666666666667,0.6254166666666666,1.7425,0.8556025824964134,0.14439741750358678,2.9727403156384504,0.18583333333333332,118.91291666666666,0.545,300.0,-0.0007407490920741111,86.41831350326538,3.9683041095733644,0.0005552688133320771,0.0,234.13408250808715,0.5964128971099854,819.3505117893219
699,1.4192472222222217,0.0075,0.0025,0.7,0.6175,1.7233333333333334,0.8526015473887812,0.1473984526112185,2.952127659574468,0.17791666666666667,116.40666666666667,0.5520833333333334,269.0,-0.0029502730583772065,77.06172800064087,3.915727436542511,-0.000145735252135637,0.0,262.74652309417723,0.5572008490562439,820.5240116119385
700,1.4874097222222227,0.00125,0.0008333333333333334,0.7208333333333333,0.6433333333333333,1.7920833333333333,0.8530458033015581,0.14695419669844226,2.954661706579865,0.19916666666666666,123.12333333333333,0.585,321.0,-0.010602165618911386,45.03803830146789,3.9626769602298735,4.949427166138776e-05,0.0,179.05356912612916,0.782130777835846,821.9984247684479
701,1.5340000000000003,0.005833333333333334,0.0016666666666666668,0.7083333333333334,0.6583333333333333,1.845,0.8553748870822044,0.14462511291779595,2.9699638663053296,0.17291666666666666,129.75916666666666,0.62,282.0,0.01036567152477801,56.00046529769897,3.898180812597275,4.353296753834002e-05,0.0,175.16717653274537,0.7286434769630432,823.163699388504
702,1.488302777777778,0.0016666666666666668,0.0004166666666666667,0.7125,0.6395833333333333,1.78125,0.855733333333334,0.14426666666666674,2.973333333333333,0.16833333333333333,115.97041666666667,0.5379166666666667,301.0,-0.0051399783231318,101.25523223876954,4.012868094444275,0.000151749935321277,0.0,312.14241724014283,0.5311984419822693,824.3473978042603
703,1.4875194444444442,0.0016666666666666668,0.0004166666666666667,0.7041666666666667,0.6420833333333333,1.7829166666666667,0.8539097920074789,0.1460902079925218,2.959803692451507,0.16541666666666666,121.27583333333334,0.575,288.0,-0.005655698594637215,69.04949045181274,4.029105412960052,-0.00020438314750208518,0.0,234.27577104568482,0.5537257194519043,825.4953265190125
704,1.4326361111111106,0.00375,0.0008333333333333334,0.7,0.6208333333333333,1.7245833333333334,0.8547136989611026,0.14528630103889842,2.9661754046871227,0.17708333333333334,117.08333333333333,0.5795833333333333,274.0,-0.0028161934576928617,102.19861307144166,3.9185227870941164,0.0008187470622942783,0.0,379.3912654876709,0.5186632871627808,826.6584565639496
705,1.524549999999999,0.00375,0.0016666666666666668,0.7208333333333333,0.655,1.8345833333333332,0.8533772427890078,0.14662275721099255,2.956393368158074,0.17166666666666666,136.26,0.66875,326.0,-0.0011248919647186995,59.548266887664795,3.904380226135254,0.0013401899981545285,0.0,267.30428314208984,0.723715603351593,827.8032205104828
706,1.545204166666667,0.0033333333333333335,0.0020833333333333333,0.7291666666666666,0.6645833333333333,1.8641666666666667,0.8531493071077343,0.1468506928922665,2.955520786767993,0.19958333333333333,132.82333333333332,0.6116666666666667,311.0,-0.013555301679298281,44.9608097076416,4.103057557344437,-0.00023174984162324108,0.0,360.8401817321777,0.7862290740013123,828.9448568820953
707,1.401269444444445,0.0016666666666666668,0.0004166666666666667,0.6708333333333333,0.60875,1.6841666666666666,0.8540029688273136,0.14599703117268698,2.962147451756556,0.17333333333333334,112.68041666666667,0.5116666666666667,286.0,0.005776323983445764,103.19160552024842,3.918666934967041,-6.295984239841345e-05,0.0,303.81402282714845,0.45190221071243286,830.0817143917084
708,1.5215430555555562,0.004583333333333333,0.0008333333333333334,0.7291666666666666,0.6566666666666666,1.8366666666666667,0.8545530852994563,0.14544691470054458,2.9655172413793105,0.19791666666666666,129.18583333333333,0.6045833333333334,298.0,0.009826425113715231,54.18681235313416,4.022820150852203,0.0001631133727642009,0.0,299.376079082489,0.7510827779769897,831.2303094863892
709,1.4930472222222224,0.00625,0.0020833333333333333,0.7,0.6425,1.8016666666666667,0.8567252543940803,0.14327474560592052,2.981267345050879,0.18833333333333332,121.66083333333333,0.565,293.0,0.005378296482376754,66.43086400032044,4.081120944023132,7.160357636166736e-05,0.0,182.437353515625,0.6366890668869019,832.3588423728943
710,1.4302263888888875,0.0025,0.0004166666666666667,0.7,0.6166666666666667,1.7208333333333334,0.8562251815980637,0.14377481840193704,2.9772397094430993,0.19833333333333333,122.55541666666667,0.5954166666666667,261.0,-0.006391430785879493,97.32391319274902,4.005832314491272,-1.7812295482144692e-06,0.0,204.54842166900636,0.5903854370117188,833.5064318180084
711,1.5046319444444434,0.0008333333333333334,0.0004166666666666667,0.7375,0.6558333333333334,1.8091666666666666,0.8542031321971446,0.14579686780285592,2.9633809304467986,0.19833333333333333,121.555,0.5525,306.0,-0.00018667769618332385,52.24469494819641,4.134073477983475,-4.330094343458768e-05,0.0,268.53234872817995,0.670738935470581,834.6948444843292
712,1.42818611111111,0.008333333333333333,0.00125,0.6833333333333333,0.6191666666666666,1.7291666666666667,0.8568626506024093,0.14313734939759049,2.9819277108433737,0.19291666666666665,112.72041666666667,0.5266666666666666,288.0,0.00046800216659903526,103.69768962860107,3.93175892829895,4.7826992158661596e-05,0.0,356.652068901062,0.5346168279647827,835.8706159591675
713,1.4106763888888882,0.0033333333333333335,0.0016666666666666668,0.675,0.60875,1.69875,0.8556021584498407,0.14439784155015942,2.973264655383861,0.18541666666666667,113.98416666666667,0.5429166666666667,276.0,0.003967536007985472,74.65157537460327,3.892217868566513,0.00013211635377956553,0.0,157.51790609359742,0.6631247997283936,837.0179734230042
714,1.4784722222222222,0.0004166666666666667,0.0004166666666666667,0.7083333333333334,0.63625,1.78,0.8531132958801506,0.14688670411985022,2.9569288389513106,0.19375,119.11416666666666,0.5795833333333333,287.0,0.0009178363252431154,54.18545460700989,3.996416503190994,-0.0004962834131902128,0.0,336.02970304489133,0.7401865720748901,838.1643476486206
715,1.5034625,0.0,0.0,0.7125,0.6516666666666666,1.81,0.8528568139963174,0.14714318600368337,2.9539594843462247,0.20791666666666667,117.67458333333333,0.5529166666666666,305.0,-0.0030671249376609923,50.10543341636658,3.8797768473625185,-4.829953832086176e-05,0.0,204.09490461349486,0.7527821063995361,839.3166377544403
716,1.589383333333333,0.0025,0.0016666666666666668,0.7458333333333333,0.6795833333333333,1.90375,0.8569752681111844,0.14302473188881598,2.9820529656379953,0.19666666666666666,140.16166666666666,0.6516666666666666,310.0,0.0005958033725619316,42.13158073425293,4.078329294919968,-0.0003203160929842852,0.0,395.10966205596924,0.8034780025482178,840.4614350795746
717,1.5450958333333327,0.0008333333333333334,0.0008333333333333334,0.7208333333333333,0.65875,1.8458333333333334,0.8575011286681715,0.1424988713318285,2.9857787810383747,0.18583333333333332,134.7925,0.62125,337.0,0.004309615329839289,73.91806197166443,3.877558356523514,-0.0001634203999856254,0.0,274.1961040496826,0.6560214757919312,841.6078708171844
718,1.473408333333333,0.004583333333333333,0.0008333333333333334,0.7041666666666667,0.6358333333333334,1.76875,0.8591707891637231,0.14082921083627803,2.9967020023557125,0.1975,114.60708333333334,0.49916666666666665,308.0,4.913699813187122e-05,95.50619468688964,3.986923187971115,-0.00039724350299366053,0.0,310.19259996414183,0.49722450971603394,842.7505073547363
719,1.477472222222223,0.004166666666666667,0.0008333333333333334,0.7083333333333334,0.6358333333333334,1.7795833333333333,0.85520955279794,0.14479044720206047,2.9704987122453756,0.18416666666666667,127.31333333333333,0.6179166666666667,269.0,0.009456204017624259,52.397535181045534,4.080090939998627,7.722180507698794e-05,0.0,185.7097092628479,0.7578690052032471,843.8978235721588
720,1.4712222222222218,0.005833333333333334,0.0008333333333333334,0.7166666666666667,0.6383333333333333,1.7816666666666667,0.8542095416276895,0.1457904583723105,2.963751169317119,0.19916666666666666,119.89041666666667,0.5616666666666666,266.0,-0.007097874814644456,39.45007395744324,4.013624680042267,-0.00028738739420077766,0.0,160.97087640762328,0.7964265942573547,845.0348901748657
721,1.4080527777777767,0.007916666666666667,0.0016666666666666668,0.6833333333333333,0.6145833333333334,1.7095833333333332,0.8539263953204974,0.14607360467950267,2.961735315622715,0.18041666666666667,117.1925,0.6066666666666667,252.0,0.015337313199415803,107.63731145858765,4.033600622415543,0.0002706726507312851,0.0,244.24869585037231,0.5030496120452881,846.1915924549103
722,1.5413777777777777,0.0025,0.0016666666666666668,0.725,0.6591666666666667,1.8504166666666666,0.8562575996397215,0.14374240036027924,2.9783832470164375,0.195,139.31125,0.6383333333333333,326.0,-0.012562284478917718,81.72746677398682,4.1355047762393955,0.0002128587555489503,0.0,471.80159559249876,0.7255603075027466,847.3471667766571
723,1.4758930555555558,0.0,0.0,0.7,0.6341666666666667,1.7616666666666667,0.858517029328288,0.1414829706717124,2.992194891201514,0.19666666666666666,118.83291666666666,0.5520833333333334,303.0,-0.003496464341878891,71.95345487594605,4.126669925451279,0.00019228750225011026,0.0,263.1778688430786,0.648597240447998,848.5196568965912
724,1.4273430555555553,0.00375,0.0008333333333333334,0.675,0.6175,1.7204166666666667,0.8548776943569868,0.14512230564301282,2.9673044320658755,0.18375,131.04,0.6491666666666667,280.0,-0.0008845095289871097,98.16094393730164,4.0455952167510985,0.00016622464172542096,0.0,360.99370231628416,0.647193431854248,849.6762664318085
725,1.5337541666666659,0.0033333333333333335,0.0008333333333333334,0.7208333333333333,0.6645833333333333,1.8441666666666667,0.8569837324898337,0.14301626751016713,2.9830546769091733,0.20791666666666667,137.72583333333333,0.6491666666666667,318.0,0.0033838820643723013,52.48695316314697,4.093437963724137,-0.00011652346365735866,0.0,327.45393266677854,0.7977504730224609,851.0942642688751
726,1.4918222222222222,0.004583333333333333,0.0020833333333333333,0.7041666666666667,0.63875,1.7891666666666666,0.8580670703306947,0.141932929669306,2.9892873777363764,0.18208333333333335,119.75666666666666,0.5745833333333333,311.0,-0.009410756325814873,56.967749738693236,4.051735365390778,1.0171206668019295e-05,0.0,186.42791900634765,0.7176312208175659,852.2614653110504
727,1.5131541666666664,0.0016666666666666668,0.00125,0.7333333333333333,0.6579166666666667,1.8195833333333333,0.8558667277307079,0.14413327226929254,2.975040073276849,0.20958333333333334,126.63916666666667,0.5845833333333333,295.0,0.014662702311761677,43.46594641208649,4.1578420996665955,-0.00021648230103892273,0.0,256.2044509887695,0.7777014970779419,853.4238150119781
728,1.5324486111111109,0.005,0.0016666666666666668,0.7375,0.665,1.8433333333333333,0.8570773056057867,0.1429226943942134,2.982368896925859,0.19458333333333333,127.74958333333333,0.58125,301.0,0.0019509350880980493,35.479059028625485,3.9977511763572693,-0.0004560207317581444,0.0,192.40766220092775,0.8165395259857178,854.5819041728973
729,1.472574999999999,0.005416666666666667,0.0016666666666666668,0.7208333333333333,0.6383333333333333,1.7725,0.8585284438175836,0.1414715561824165,2.9927127409496945,0.19916666666666666,121.89166666666667,0.5808333333333333,281.0,-0.0023748564068228005,62.816878986358645,4.207121700048447,0.00013501149805961177,0.0,265.1386839866638,0.6357380151748657,855.7463963031769
730,1.505093055555556,0.0004166666666666667,0.0004166666666666667,0.7125,0.6470833333333333,1.80125,0.856208651399492,0.14379134860050888,2.976636594957206,0.19166666666666668,122.42416666666666,0.5766666666666667,272.0,-0.0004097753204405308,39.75614647865295,4.128096407651901,-9.159759308658977e-05,0.0,165.96915392875673,0.8250182867050171,856.9117000102997
731,1.5284888888888888,0.0016666666666666668,0.00125,0.725,0.6583333333333333,1.84125,0.8545010183299396,0.14549898167006103,2.9660556687033264,0.20708333333333334,132.50708333333333,0.61125,310.0,0.0006948891095817089,58.24141135215759,4.0752298593521115,0.00021579883382401023,0.0,274.24582452774047,0.7639592289924622,858.0584037303925
732,1.4690763888888885,0.004166666666666667,0.00125,0.7083333333333334,0.63625,1.765,0.8572828139754491,0.1427171860245515,2.9841831916902737,0.18666666666666668,115.13,0.5341666666666667,281.0,-0.01133277635090053,50.417887449264526,3.9965949058532715,9.85219026915729e-05,0.0,250.7310579299927,0.7422727942466736,859.2444677352905
733,1.5031819444444439,0.00125,0.0008333333333333334,0.7291666666666666,0.645,1.7979166666666666,0.8573511008111242,0.14264889918887602,2.9847045191193513,0.19083333333333333,123.77833333333334,0.5745833333333333,295.0,0.002919318666681647,61.744834184646606,4.0360811114311215,3.781678724408266e-05,0.0,257.4352512359619,0.7615265250205994,860.3984761238098
734,1.495873611111111,0.004583333333333333,0.00125,0.725,0.6433333333333333,1.7945833333333334,0.8582377524959369,0.1417622475040631,2.99094497329928,0.18416666666666667,124.94708333333334,0.6125,291.0,0.00792193398810923,50.56172420978546,3.9910186290740968,0.0001578665200213436,0.0,187.7661295890808,0.7736867070198059,861.5603122711182
735,1.5397458333333347,0.0020833333333333333,0.0008333333333333334,0.7208333333333333,0.6545833333333333,1.8429166666666668,0.8579900520009053,0.14200994799909566,2.9886954555731404,0.19625,132.71708333333333,0.6104166666666667,326.0,-0.004717223299667239,40.94936881065369,3.909221667051315,0.001157687015074771,0.0015625,183.83436436653136,0.8560176491737366,862.7290790081024
736,1.441138888888889,0.0008333333333333334,0.0004166666666666667,0.6791666666666667,0.6170833333333333,1.7229166666666667,0.858984280532044,0.14101571946795646,2.997097944377267,0.1925,115.29083333333334,0.5470833333333334,277.0,0.01599589572288096,72.49752912521362,4.034169083833694,0.00048048049211502075,0.0,332.5428833961487,0.5960578322410583,863.9097802639008
737,1.5158055555555556,0.00125,0.0004166666666666667,0.7125,0.6533333333333333,1.8179166666666666,0.8561998624799458,0.14380013752005516,2.9763923905569563,0.20458333333333334,123.86666666666666,0.5870833333333333,310.0,-0.005201729596592486,53.379049158096315,4.013483381271362,8.357644001080188e-05,0.0,206.492263507843,0.7532429695129395,865.0943219661713
738,1.3975513888888882,0.007083333333333333,0.00125,0.6666666666666666,0.6066666666666667,1.6858333333333333,0.8590682155215034,0.14093178447849736,2.9967869500741475,0.19333333333333333,113.82458333333334,0.5779166666666666,270.0,-0.007719707861542702,101.348277759552,4.030323737859726,4.6205947000999004e-05,0.0,384.9963426589966,0.5475407838821411,866.2543737888336
739,1.4464763888888876,0.0025,0.0004166666666666667,0.6875,0.6241666666666666,1.74375,0.8551278375149348,0.1448721624850658,2.968936678614098,0.2025,108.95875,0.5041666666666667,263.0,0.0052255548536777495,56.02022886276245,4.018911308050155,-6.589430122403429e-05,0.0,203.6325897216797,0.7983438372612,867.4036464691162
740,1.518838888888888,0.005833333333333334,0.0008333333333333334,0.7166666666666667,0.6570833333333334,1.84,0.8544791666666675,0.14552083333333335,2.965126811594203,0.2075,131.95041666666665,0.6079166666666667,287.0,-0.013298537686932833,78.06436829566955,4.133935445547104,1.7478673908044583e-05,0.0,619.4611721038818,0.6763091087341309,868.5616991519928
741,1.5414874999999988,0.0020833333333333333,0.0004166666666666667,0.7208333333333333,0.6579166666666667,1.8516666666666666,0.8564513951395148,0.14354860486048604,2.9781728172817283,0.21083333333333334,132.24583333333334,0.61125,300.0,0.0016663897782564162,41.02647595405578,4.196272540092468,0.000133170837398211,0.0,307.06878147125246,0.7980179190635681,869.7236001491547
742,1.5125180555555557,0.0016666666666666668,0.0008333333333333334,0.7083333333333334,0.65375,1.8195833333333333,0.8552118158919169,0.14478818410808342,2.970460270208381,0.2025,125.70458333333333,0.6008333333333333,298.0,-0.0018435470527037978,67.40957412719726,3.955952125787735,6.220813083928079e-05,0.0,228.0259823322296,0.6466537714004517,870.890204668045
743,1.5493902777777773,0.0004166666666666667,0.0004166666666666667,0.725,0.6616666666666666,1.86,0.8561536738351263,0.1438463261648746,2.977374551971326,0.21666666666666667,130.40666666666667,0.58875,307.0,-0.009822136117145419,41.54712519645691,4.134298992156983,1.698328196653165e-06,0.0,180.97358112335206,0.791045069694519,872.0538301467896
744,1.508805555555555,0.0,0.0,0.7041666666666667,0.6495833333333333,1.8066666666666666,0.8576568265682666,0.14234317343173433,2.9866236162361623,0.21541666666666667,130.91416666666666,0.6308333333333334,309.0,-0.006042294576764107,36.625077438354495,4.144145375490188,0.00024619183204777073,0.0,184.32057828903197,0.8248537182807922,873.2144079208374
745,1.5418819444444445,0.00375,0.0008333333333333334,0.7208333333333333,0.6641666666666667,1.8616666666666666,0.8540398388540746,0.14596016114592658,2.9621754700089524,0.21041666666666667,136.22916666666666,0.6258333333333334,308.0,0.0034047494758851827,44.34886965751648,4.1220504462718965,-0.00017641135564190337,0.0,181.29042701721193,0.8140977025032043,874.3846943378448
746,1.438219444444443,0.0,0.0,0.6833333333333333,0.6154166666666666,1.7208333333333334,0.8554624697336567,0.14453753026634378,2.9714285714285715,0.17458333333333334,118.58875,0.6004166666666667,264.0,-0.011345034185796975,73.50391111373901,3.9273918211460113,-0.0002014897603658028,0.0,319.2884883880615,0.6342850923538208,875.5558128356934
747,1.4841319444444447,0.002916666666666667,0.00125,0.7041666666666667,0.63875,1.7766666666666666,0.8572349906191373,0.14276500938086314,2.9838180112570356,0.17125,127.41125,0.6216666666666667,294.0,-0.002462065382860601,81.71613092422486,4.0354374825954435,-0.0007368746359134093,0.0,269.98232622146605,0.7328218221664429,876.7232527732849
748,1.4087861111111117,0.008333333333333333,0.0025,0.6916666666666667,0.6095833333333334,1.7095833333333332,0.8575237631001708,0.14247623689982927,2.986595174262735,0.21083333333333334,115.72958333333334,0.5554166666666667,254.0,-0.010333802457898856,90.29635210037232,3.97404865026474,-0.00021356294164434075,0.0,229.65546264648438,0.6234279274940491,877.8754723072052
749,1.5054416666666655,0.0033333333333333335,0.0008333333333333334,0.7125,0.6466666666666666,1.8120833333333333,0.8564175672568413,0.14358243274315932,2.9788457116578524,0.2025,125.59333333333333,0.5875,327.0,-0.007776609971188009,54.95570182800293,3.9765786945819857,0.0004166653525317088,0.0,268.9362964630127,0.6852960586547852,879.0249881744385
750,1.5952583333333339,0.0008333333333333334,0.0004166666666666667,0.725,0.6704166666666667,1.9041666666666666,0.8584507658643332,0.14154923413566736,2.992122538293217,0.19916666666666666,137.10625,0.6320833333333333,318.0,0.006556741497479379,58.1466082572937,3.9758370578289033,-0.0006252548424527049,0.0,366.3623336791992,0.7060801982879639,880.3767292499542
751,1.5167083333333333,0.002916666666666667,0.00125,0.7166666666666667,0.6504166666666666,1.8229166666666667,0.8579657142857144,0.14203428571428564,2.9901714285714287,0.21166666666666667,126.225,0.59,308.0,0.008269756287336349,58.952764701843265,3.9177014112472532,-0.00032321794278686864,0.0,179.47720766067505,0.7270477414131165,881.519927740097
752,1.4290430555555564,0.004166666666666667,0.00125,0.6916666666666667,0.6166666666666667,1.7308333333333332,0.8528815599422253,0.1471184400577756,2.954260953298026,0.19541666666666666,117.3025,0.5545833333333333,282.0,0.006041868985630572,67.7884837627411,3.938303130865097,0.0004106099877390079,0.0,239.23457126617433,0.6168670654296875,882.6623203754425
753,1.6002291666666666,0.0016666666666666668,0.0008333333333333334,0.7375,0.6825,1.9120833333333334,0.8580409675310532,0.14195903246894748,2.9893222924384397,0.18875,140.58625,0.6395833333333333,320.0,-0.009846212295815348,54.272538566589354,4.200189888477325,8.003564162208931e-05,0.0,457.3114797592163,0.741878867149353,883.7902965545654
754,1.4920541666666676,0.0033333333333333335,0.0008333333333333334,0.7083333333333334,0.6375,1.7933333333333332,0.8579065985130115,0.14209340148698885,2.989079925650558,0.20833333333333334,121.74291666666667,0.59875,272.0,-0.0035625057527795432,68.0447060585022,3.956514894962311,0.00034893302945420145,0.0,256.9728491783142,0.6556179523468018,884.9465737342834
755,1.5043166666666654,0.00375,0.0016666666666666668,0.7166666666666667,0.6495833333333333,1.8083333333333333,0.8573410138248849,0.14265898617511524,2.984562211981567,0.20458333333333334,120.83791666666667,0.5733333333333334,295.0,0.0029053806589217856,55.129892349243164,3.9096561431884767,0.00021456565400512773,0.0,164.08096857070922,0.7481650114059448,886.0942845344543
756,1.5308708333333345,0.0016666666666666668,0.0004166666666666667,0.7125,0.6566666666666666,1.8358333333333334,0.8572605537902869,0.14273944620971404,2.983885610531094,0.2125,125.24791666666667,0.55625,301.0,-0.0005792170879431069,65.06862592697144,4.07643694281578,0.0001631864301089081,0.0,235.80927171707154,0.7450958490371704,887.2828040122986
757,1.5049958333333335,0.0016666666666666668,0.0016666666666666668,0.7041666666666667,0.64375,1.8008333333333333,0.8592063859324393,0.14079361406756147,2.998149005090236,0.20291666666666666,123.7475,0.555,342.0,-0.0036252038786187767,41.46668705940247,3.935754632949829,-0.00016405680289608427,0.0,172.26540298461913,0.8419793248176575,888.4490258693695
758,1.4095722222222218,0.0016666666666666668,0.0008333333333333334,0.6583333333333333,0.6004166666666667,1.6833333333333333,0.8604306930693066,0.13956930693069292,3.006683168316832,0.1875,117.0175,0.5791666666666667,262.0,0.0008814671542495489,110.80591783523559,3.796034300327301,0.00010591296522761695,0.0,339.5557695388794,0.5177961587905884,889.5956091880798
759,1.4836333333333331,0.006666666666666667,0.002916666666666667,0.7,0.63875,1.7925,0.8565132496513267,0.1434867503486752,2.9797768479776847,0.1975,120.36083333333333,0.5670833333333334,284.0,-0.006135369371622801,65.0559832572937,3.996644580364227,-0.00015857823636906688,0.0,243.09710369110107,0.7004846334457397,890.7610669136047
760,1.5169861111111116,0.002916666666666667,0.0008333333333333334,0.7166666666666667,0.6504166666666666,1.8204166666666666,0.8570840009155422,0.14291599908445882,2.983978027008469,0.1925,127.48625,0.58125,314.0,-0.004141896031796932,59.4843367099762,3.8864475786685944,2.6493705991015305e-05,0.0,325.2778119087219,0.6685932278633118,891.923627614975
761,1.5535625,0.002916666666666667,0.0016666666666666668,0.7291666666666666,0.6675,1.8604166666666666,0.8580179171332596,0.1419820828667413,2.9885778275475925,0.19875,131.92166666666665,0.6054166666666667,308.0,0.004374419944360853,41.612027168273926,4.012352824211121,-0.0005473046587212594,0.0,277.238823223114,0.8103923797607422,893.070648431778
762,1.5049027777777768,0.00375,0.0020833333333333333,0.7125,0.6420833333333333,1.80125,0.8604210039324544,0.13957899606754562,3.005783021050197,0.19791666666666666,126.47916666666667,0.5904166666666667,341.0,-0.011279274662956595,99.50520224571228,4.068966060876846,0.0002515296140700229,0.0,269.31202907562255,0.5351360440254211,894.2358229160309
763,1.4817069444444453,0.006666666666666667,0.0025,0.7166666666666667,0.6425,1.7875,0.857792540792541,0.14220745920745922,2.987878787878788,0.20166666666666666,122.22958333333334,0.5829166666666666,338.0,-0.011153620621189474,61.30375201702118,3.929549890756607,1.3765406038146465e-06,0.0,174.74945921897887,0.6252022385597229,895.394406080246
764,1.546638888888889,0.00125,0.0008333333333333334,0.7291666666666666,0.6604166666666667,1.8475,0.8594046008119082,0.14059539918809205,2.999323410013532,0.20041666666666666,134.50083333333333,0.6279166666666667,336.0,-0.0010231878608465196,59.048014116287234,4.092093950510025,2.658480661921203e-05,0.0,227.93393421173096,0.7042425870895386,896.5456230640411
765,1.4370236111111112,0.004166666666666667,0.0016666666666666668,0.6875,0.61625,1.72875,0.8561557001687159,0.14384429983128466,2.978067004097373,0.17125,117.63208333333333,0.5908333333333333,341.0,-0.011470840126276017,160.69525375366212,3.9282777667045594,-4.6170997848093975e-05,0.0,310.6776206970215,0.41694462299346924,897.6960732936859
766,1.4683777777777782,0.0025,0.00125,0.7083333333333334,0.6308333333333334,1.7591666666666668,0.8592941733775467,0.14070582662245376,2.9995262908574136,0.19875,111.22041666666667,0.4945833333333333,303.0,-0.007475891755893827,90.08650274276734,3.992604148387909,-9.197875288009527e-05,0.0,178.0683759689331,0.5788431763648987,898.842360496521
767,1.479966666666666,0.0025,0.0004166666666666667,0.6875,0.635,1.7704166666666667,0.8592421746293245,0.14075782537067533,2.998117204048011,0.18916666666666668,134.71708333333333,0.6495833333333333,307.0,-0.0033730053342878818,95.67379188537598,3.898327589035034,-0.0001467226058593951,0.0,308.5805540084839,0.6772689819335938,899.9835073947906
768,1.510463888888889,0.0025,0.0008333333333333334,0.7041666666666667,0.65,1.8004166666666668,0.8620180513769966,0.13798194862300386,3.0175885211756537,0.19333333333333333,127.75708333333333,0.615,277.0,0.001666190568357706,53.314615631103514,3.88704691529274,0.0008239874590799445,0.0,158.76767139434816,0.7818223237991333,901.1231153011322
769,1.512356944444445,0.0020833333333333333,0.00125,0.7083333333333334,0.6458333333333334,1.8045833333333334,0.8603070884322334,0.1396929115677673,3.006003232509813,0.18375,128.215,0.57625,284.0,0.006764175463467836,69.44879388809204,4.092994523048401,0.00012385519087843022,0.0,328.0151703834534,0.7788832783699036,902.2915897369385
770,1.5170166666666662,0.0004166666666666667,0.0004166666666666667,0.7083333333333334,0.6470833333333333,1.8225,0.8545587562871518,0.14544124371284867,2.9659350708733423,0.20166666666666666,121.99666666666667,0.5733333333333334,315.0,0.0010407326277345418,81.11472930908204,3.8626677334308623,-0.00017534662038087845,0.0,219.86883382797242,0.5706648230552673,903.4634578227997
771,1.4736013888888893,0.004166666666666667,0.00125,0.6916666666666667,0.6266666666666667,1.7633333333333334,0.859241493383744,0.14075850661625708,2.997873345935728,0.17375,116.60083333333333,0.5420833333333334,280.0,0.006273573776707053,78.82155714035034,3.8173781394958497,0.00014210480148904025,0.0,178.92322359085082,0.5830544233322144,904.6064233779907
772,1.5640097222222225,0.002916666666666667,0.0016666666666666668,0.725,0.66,1.8616666666666666,0.8605170098478072,0.13948299015219345,3.0067144136078783,0.17291666666666666,127.13583333333334,0.575,329.0,-0.0017417642986401916,49.78287363052368,3.920085448026657,-0.00020235422998666764,0.0,328.7129516124725,0.7449052333831787,905.7585048675537
773,1.4126180555555545,0.0,0.0,0.6791666666666667,0.605,1.6916666666666667,0.8552832512315267,0.14471674876847282,2.969950738916256,0.17541666666666667,108.62,0.5095833333333334,278.0,-0.010894287913106381,100.70102000236511,3.812275540828705,0.0002238482089524041,0.0,238.05503358840943,0.49050378799438477,906.9100975990295
774,1.3818194444444438,0.005416666666666667,0.0016666666666666668,0.6625,0.595,1.6629166666666666,0.8571034828363824,0.1428965171636181,2.98371335504886,0.1675,107.4175,0.5,272.0,0.00012426928151398897,128.30611057281493,3.8664476335048676,1.4872450265102088e-06,0.0,341.155576133728,0.5788478851318359,908.0625731945038
775,1.5060513888888887,0.0004166666666666667,0.0004166666666666667,0.6916666666666667,0.6429166666666667,1.79125,0.8589648755524544,0.1410351244475461,2.9953477552919283,0.16625,121.96666666666667,0.5720833333333334,298.0,0.0075448091141879555,59.489855670928954,3.927954888343811,-0.00034565870519145394,0.0,227.16298570632935,0.6929882764816284,909.4218800067902
776,1.3976527777777785,0.00625,0.0016666666666666668,0.675,0.6020833333333333,1.685,0.8581107814045495,0.14188921859545012,2.990108803165183,0.18166666666666667,103.03041666666667,0.47875,274.0,-0.0033864049706608056,89.5091381072998,3.8459019541740416,0.0001255052844499005,0.0,188.1398989677429,0.567491888999939,910.5753350257874
777,1.2819777777777788,0.005416666666666667,0.00125,0.6416666666666667,0.5529166666666666,1.545,0.8565480043149956,0.14345199568500552,2.9795037756202807,0.15458333333333332,89.9225,0.43416666666666665,260.0,0.007603512075729668,134.72515926361083,3.857426655292511,0.00022665117830911186,0.0,283.92025594711305,0.4792810082435608,911.7204706668854
778,1.4785444444444444,0.007083333333333333,0.00125,0.6916666666666667,0.635,1.7795833333333333,0.8588948723952249,0.14110512760477648,2.9953172559119645,0.18666666666666668,119.52166666666666,0.5479166666666667,299.0,-0.008704924257472157,95.46639623641968,3.8200708985328675,-0.00011581354774534703,0.0,402.8299680709839,0.5981255769729614,912.8730058670044
779,1.5274680555555546,0.00625,0.0025,0.7208333333333333,0.6541666666666667,1.8345833333333332,0.8578446513740636,0.14215534862593693,2.987962752668635,0.17791666666666667,131.10791666666665,0.61875,326.0,-0.006266620242968202,56.50970067977905,3.9157924711704255,-2.5988540801336058e-05,0.0,368.6551005363464,0.7333130836486816,914.0253753662109
780,1.5560111111111112,0.0004166666666666667,0.0004166666666666667,0.725,0.6629166666666667,1.8529166666666668,0.8594018439397351,0.14059815606026527,2.9984259051045647,0.19,127.83458333333333,0.5754166666666667,333.0,0.007317498698830605,45.03245968818665,3.84780952334404,-0.00031845525845710656,0.0,276.78679141998293,0.816373884677887,915.174791097641
781,1.6138111111111106,0.00125,0.0008333333333333334,0.7458333333333333,0.6879166666666666,1.9291666666666667,0.8589589632829381,0.14104103671706264,2.997840172786177,0.20625,144.8425,0.6529166666666667,311.0,-0.008067070762626827,66.60607070922852,4.032552289962768,-0.00040359612030442803,0.0,514.5346701622009,0.7306172847747803,916.3329675197601
782,1.5009916666666663,0.004166666666666667,0.0008333333333333334,0.7083333333333334,0.6466666666666666,1.8,0.8580740740740739,0.14192592592592596,2.9905092592592593,0.18,131.00375,0.6233333333333333,291.0,-0.0023683076724410057,80.86546874046326,3.862533116340637,0.00037929768004687505,0.0,409.6149570465088,0.5316764116287231,917.4833846092224
783,1.485388888888888,0.00375,0.0008333333333333334,0.7041666666666667,0.6329166666666667,1.7758333333333334,0.8583059596433602,0.1416940403566401,2.99061473486626,0.16416666666666666,125.40708333333333,0.6025,289.0,-0.0020834409398958085,65.55389156341553,3.9016190111637115,0.00018002015031015617,0.0,219.00197763442992,0.7608456015586853,918.6328349113464
784,1.49050138888889,0.0,0.0,0.7,0.6408333333333334,1.7754166666666666,0.85857075803802,0.14142924196198076,2.992959399202065,0.17625,112.01708333333333,0.5179166666666667,284.0,-0.0006119424942880869,81.05731458663941,3.870665580034256,-1.5909242574707604e-05,0.0,275.594580078125,0.5684852004051208,919.832117319107
785,1.383012499999999,0.0016666666666666668,0.00125,0.6583333333333333,0.5866666666666667,1.6416666666666666,0.8617335025380718,0.13826649746192896,3.013959390862944,0.15583333333333332,102.70083333333334,0.45958333333333334,300.0,-0.004837664170190692,96.3627121925354,3.8109221339225767,-7.9636974260211e-05,0.0,226.55204572677613,0.5967557430267334,920.984875202179
786,1.4662222222222223,0.006666666666666667,0.00125,0.6916666666666667,0.6325,1.7620833333333332,0.8590919839205486,0.1409080160794514,2.9971624497517144,0.18,119.82833333333333,0.5870833333333333,300.0,-0.0009832123760133982,70.22634053230286,3.962364172935486,0.00015529307311226148,0.0,190.57993831634522,0.6984547972679138,922.1328084468842
787,1.5518777777777781,0.00125,0.0008333333333333334,0.725,0.6616666666666666,1.8508333333333333,0.8594867176947328,0.14051328230526788,2.9993246285457,0.19291666666666665,134.46458333333334,0.5991666666666666,344.0,0.0057683141436427835,55.67123365402222,3.7981710374355315,0.00022568921449419576,0.0,347.1984066963196,0.766213059425354,923.2811291217804
788,1.5001277777777786,0.005416666666666667,0.00125,0.7166666666666667,0.6429166666666667,1.7954166666666667,0.8607890461824096,0.13921095381759122,3.009514968670225,0.17791666666666667,129.625,0.60875,335.0,-0.00256918768864125,51.1647002696991,3.8483417689800263,-1.3102863158565015e-05,0.0,258.4480375289917,0.8110517859458923,924.4397032260895
789,1.4486583333333338,0.0020833333333333333,0.0008333333333333334,0.7125,0.6320833333333333,1.74375,0.8556224611708483,0.14437753882915175,2.9732377538829153,0.20041666666666666,116.45083333333334,0.5279166666666667,297.0,-0.0018977649975568055,67.29393920898437,3.9087828278541563,-1.9437436276348307e-05,0.0,187.66969628334044,0.6592618227005005,925.5922255516052
790,1.533440277777777,0.006666666666666667,0.0025,0.7333333333333333,0.6591666666666667,1.8433333333333333,0.8590845388788435,0.14091546112115738,2.996609403254973,0.19416666666666665,128.19208333333333,0.5954166666666667,292.0,0.006451827357523143,42.750651121139526,3.9781201124191283,2.032767588389106e-06,0.0,258.8071228027344,0.7959842085838318,926.7330660820007
791,1.4828805555555558,0.005416666666666667,0.0016666666666666668,0.6916666666666667,0.6370833333333333,1.7745833333333334,0.8614886123503179,0.13851138764968307,3.013148626438131,0.18958333333333333,124.92791666666666,0.6241666666666666,345.0,0.0017039458267390727,113.40528073310853,3.904541236162186,-0.00012857844121754168,0.0,275.20812196731566,0.5434013605117798,927.896311044693
792,1.5442986111111106,0.00375,0.0008333333333333334,0.7125,0.6554166666666666,1.8495833333333334,0.8584478486145529,0.14155215138544722,2.9916647893669746,0.19166666666666668,134.85916666666665,0.6383333333333333,306.0,8.34986800327897e-05,75.46014022827148,3.8916109204292297,0.00032723250733397436,0.0,258.14461555480955,0.6399959325790405,929.0551898479462
793,1.5119430555555544,0.004166666666666667,0.0016666666666666668,0.7125,0.6425,1.7970833333333334,0.8638604219800606,0.13613957801993964,3.0292140041734292,0.17541666666666667,128.995,0.6091666666666666,269.0,-0.0038163467310369016,52.49798421859741,3.731918787956238,6.321888649836182e-05,0.0,222.5848469734192,0.7249271273612976,930.2023992538452
794,1.4164833333333329,0.00125,0.0004166666666666667,0.6875,0.6083333333333333,1.6908333333333334,0.8597979300147857,0.14020206998521426,3.0024642681123708,0.17958333333333334,110.16666666666667,0.5270833333333333,270.0,0.005843563820235431,97.7219009399414,3.9022413969039915,7.059214112814516e-05,0.0,254.90923461914062,0.6309858560562134,931.3605806827545
795,1.510733333333334,0.005,0.00125,0.7125,0.6529166666666667,1.81,0.8595211786372017,0.1404788213627994,2.9995395948434624,0.185,120.41458333333334,0.5466666666666666,329.0,0.019455934432335197,71.67263798713684,3.8625254929065704,7.364753182628191e-05,0.0,313.0652443885803,0.6547420024871826,932.5024178028107
796,1.5132458333333323,0.0008333333333333334,0.0004166666666666667,0.7041666666666667,0.6441666666666667,1.8083333333333333,0.8580161290322584,0.14198387096774193,2.9889400921658984,0.19166666666666668,121.9375,0.5683333333333334,336.0,-0.00803917779121548,73.56761884689331,3.770112681388855,-0.00015010850183898582,0.0,235.8820748806,0.6668661236763,933.669997215271
797,1.5151902777777757,0.005,0.0020833333333333333,0.7208333333333333,0.65375,1.8191666666666666,0.8578309665597803,0.14216903344022008,2.9880897846999543,0.18291666666666667,119.53666666666666,0.5416666666666666,298.0,-0.004489621566608548,42.4975329875946,3.838849276304245,0.0005187990065678605,0.0,167.68586292266846,0.7985617518424988,934.8389604091644
798,1.522461111111111,0.005,0.0008333333333333334,0.7083333333333334,0.65125,1.8254166666666667,0.8603606482538235,0.13963935174617667,3.0057064597123944,0.20208333333333334,133.36375,0.6233333333333333,308.0,-0.005243654362857342,66.52514491081237,3.7647150814533235,-8.438704535365104e-05,0.0,242.821236038208,0.7147674560546875,935.9890694618225
799,1.5424402777777775,0.0008333333333333334,0.0004166666666666667,0.7041666666666667,0.6529166666666667,1.8354166666666667,0.8594074914869471,0.1405925085130535,2.997956867196368,0.17708333333333334,128.74166666666667,0.57,326.0,0.00432107993401587,77.33703136444092,3.941703599691391,0.0003374803171027452,0.0,342.879301071167,0.5858421325683594,937.123099565506
800,1.4810097222222212,0.006666666666666667,0.00125,0.7,0.6358333333333334,1.78375,0.8589324924083164,0.14106750759168424,2.996028965195048,0.1975,124.60791666666667,0.58125,298.0,0.007989017432555557,53.667121744155885,3.8612127780914305,-0.0001882931520412967,0.0,224.80305976867675,0.7055714130401611,938.5014863014221
801,1.4299666666666657,0.0008333333333333334,0.0004166666666666667,0.6916666666666667,0.6125,1.7008333333333334,0.8600979911807939,0.1399020088192063,3.0041646251837335,0.16166666666666665,105.34,0.45166666666666666,264.0,-0.007540745288133621,74.96167783737182,3.9095755398273466,-6.986095850152197e-05,0.0,290.6756874084473,0.6097050905227661,939.6475901603699
802,1.531183333333333,0.00375,0.0008333333333333334,0.7166666666666667,0.65,1.8208333333333333,0.8634645308924492,0.13653546910755154,3.0270022883295193,0.17833333333333334,127.70333333333333,0.60625,284.0,6.133033894002437e-05,51.50209040641785,3.8638835549354553,0.00020120486879022793,0.0,366.57272386550903,0.7581230401992798,940.7933027744293
803,1.3990152777777776,0.007916666666666667,0.0016666666666666668,0.6875,0.6054166666666667,1.685,0.8591666666666669,0.14083333333333328,2.9972799208704255,0.17416666666666666,109.08125,0.5170833333333333,248.0,-0.008296817319933324,78.55151028633118,3.771681171655655,6.624148227274418e-07,0.0,230.3781123161316,0.6188657283782959,941.9363577365875
804,1.5137041666666662,0.004583333333333333,0.00125,0.7041666666666667,0.6520833333333333,1.81125,0.8609132735219701,0.1390867264780309,3.0094317920404876,0.19541666666666666,127.44166666666666,0.6041666666666666,282.0,0.005514301732182503,75.17654314041138,3.806339806318283,-8.357063634321094e-05,0.0,294.55317573547364,0.6574330925941467,943.0784339904785
805,1.4629305555555556,0.0025,0.0008333333333333334,0.6916666666666667,0.6266666666666667,1.7595833333333333,0.8557186834004269,0.1442813165995738,2.974188965190623,0.19583333333333333,114.00708333333333,0.5645833333333333,283.0,0.004225050378590822,63.335480308532716,3.87525674700737,-0.00023111109621822833,0.0,223.02865657806396,0.7106607556343079,944.2343878746033
806,1.4960083333333332,0.0,0.0,0.7125,0.6391666666666667,1.7854166666666667,0.8592578763127192,0.1407421236872812,2.9985997666277715,0.19666666666666666,129.03291666666667,0.6170833333333333,319.0,-0.0107154730707407,85.7167935848236,3.8913827657699587,0.0001853939604188781,0.001171875,329.39418210983274,0.7358719110488892,945.3817217350006
807,1.5050402777777776,0.007083333333333333,0.0016666666666666668,0.7041666666666667,0.6483333333333333,1.8066666666666666,0.8616074723247233,0.13839252767527682,3.014990774907749,0.19833333333333333,125.33166666666666,0.56875,291.0,0.007713346788659692,42.53884196281433,3.7117324113845824,0.00034936829470098016,0.0,151.72032566070556,0.8475988507270813,946.5222837924957
808,1.469947222222223,0.0020833333333333333,0.0004166666666666667,0.7125,0.6329166666666667,1.7483333333333333,0.8616634890371785,0.13833651096282173,3.0145376549094376,0.17666666666666667,118.03375,0.5491666666666667,274.0,0.0008860913570970297,46.129770803451535,3.833062672615051,1.2007373152300716e-05,0.0,207.1945894241333,0.8069144487380981,947.666375875473
809,1.5697430555555556,0.0016666666666666668,0.0016666666666666668,0.7291666666666666,0.6695833333333333,1.8716666666666666,0.8620992876224399,0.13790071237756,3.0191451469278716,0.21291666666666667,138.22333333333333,0.6254166666666666,324.0,-0.001230501662939787,61.7184802532196,3.9303844571113586,5.415280629677e-05,0.0,336.5543037414551,0.7779535055160522,948.8047616481781
810,1.542427777777777,0.00125,0.0004166666666666667,0.7125,0.66125,1.83375,0.861658713928653,0.13834128607134744,3.014087707339241,0.18916666666666668,124.465,0.6004166666666667,301.0,-0.0017753599677234888,85.06694531440735,3.8230549454689027,6.465429578383919e-06,0.0,173.0883243560791,0.5550388693809509,949.973560333252
811,1.4815875,0.0,0.0,0.7083333333333334,0.635,1.765,0.860790840415487,0.1392091595845138,3.009442870632672,0.19583333333333333,115.15333333333334,0.5545833333333333,251.0,-0.011569653847254812,63.60011858940125,3.8554626584053038,-0.0007061620552121894,0.00078125,266.4490078926086,0.5937843322753906,951.1387965679169
812,1.4684944444444443,0.00375,0.00125,0.6958333333333333,0.6258333333333334,1.7541666666666667,0.8612161520190035,0.13878384798099763,3.012351543942993,0.17958333333333334,115.69708333333334,0.5745833333333333,282.0,0.005636405944824219,73.02856826782227,3.927977466583252,0.00015141334042709787,0.0,236.0045139312744,0.6786531209945679,952.2963800430298
813,1.542533333333334,0.004583333333333333,0.0008333333333333334,0.7208333333333333,0.6558333333333334,1.8425,0.8602623247399377,0.13973767526006342,3.0049751243781095,0.17708333333333334,128.3175,0.58125,325.0,0.008172431122511625,63.91675882339477,3.9671719431877137,0.00032904609297474964,0.0,277.16037187576296,0.7077181339263916,953.4444630146027
814,1.4555166666666661,0.00125,0.0008333333333333334,0.6833333333333333,0.625,1.7379166666666668,0.8600431551186767,0.13995684488132343,3.0043155118676577,0.18833333333333332,120.67,0.5858333333333333,263.0,-0.010465505183674395,85.04583396911622,3.846433925628662,7.963426469359547e-05,0.0,284.7886603355408,0.5847256779670715,954.5899310112
815,1.5126208333333333,0.002916666666666667,0.00125,0.7041666666666667,0.6425,1.8033333333333332,0.8628211645101668,0.13717883548983373,3.0235674676524953,0.195,120.72208333333333,0.57375,299.0,0.0013887479435652494,52.658577823638915,3.8799533009529115,2.5332732730021234e-05,0.0,243.7272086620331,0.7404261827468872,955.7449247837067
816,1.5005319444444436,0.0025,0.0016666666666666668,0.7041666666666667,0.6375,1.7925,0.8602068805206876,0.13979311947931194,3.00511390051139,0.18958333333333333,125.87958333333333,0.63,282.0,-0.0017707325285300612,66.80227851867676,3.8646748781204225,6.12215280852979e-05,0.0,241.78983211517334,0.7361947298049927,956.8985371589661
817,1.5128875000000006,0.0016666666666666668,0.0008333333333333334,0.7166666666666667,0.6445833333333333,1.7979166666666666,0.8624403244495954,0.13755967555040557,3.01946697566628,0.1875,122.97083333333333,0.57625,329.0,0.0016914701089262962,85.51447896957397,3.7960723638534546,0.0001534064605948515,0.0,267.3646183013916,0.5933486223220825,958.066004037857
818,1.5027597222222224,0.005416666666666667,0.0016666666666666668,0.7208333333333333,0.64875,1.79625,0.8644838784504761,0.13551612154952455,3.0345627464625378,0.21,122.1425,0.5670833333333334,284.0,0.005674283765256405,74.13238430023193,3.799514091014862,-0.00013810718919557985,0.0,224.8955340385437,0.6614247560501099,959.214394569397
819,1.506654166666667,0.00125,0.0004166666666666667,0.7041666666666667,0.645,1.7929166666666667,0.8605554264466665,0.13944457355333492,3.006507088078085,0.18125,126.065,0.5695833333333333,304.0,0.008205840166192501,51.326855945587155,3.8987567126750946,3.1539113115286456e-05,0.0,208.22143449783326,0.7629753351211548,960.3596246242523
820,1.432147222222222,0.005,0.0016666666666666668,0.6833333333333333,0.6183333333333333,1.7191666666666667,0.8621715947649061,0.13782840523509451,3.019146873485216,0.21125,108.73416666666667,0.50875,285.0,0.0032332143746316433,94.59029788970948,3.8029835164546966,8.181081892644215e-05,0.0,219.71218128204345,0.558224081993103,961.518224477768
821,1.5267847222222226,0.0025,0.00125,0.7333333333333333,0.65375,1.8158333333333334,0.8638022028453428,0.13619779715465813,3.0293712712253327,0.1975,129.84666666666666,0.61625,276.0,0.00681646573357284,62.52075448036194,3.875092315673828,5.4092176469566766e-05,0.0,405.7314275741577,0.7546819448471069,962.6747581958771
822,1.4458722222222211,0.00125,0.0004166666666666667,0.6833333333333333,0.61875,1.7220833333333334,0.8617856278732154,0.13821437212678442,3.0166948947495764,0.18458333333333332,123.96166666666667,0.6345833333333334,311.0,-0.006020872807130218,116.9977301120758,3.95548700094223,-0.00012677025406446774,0.0,359.3090518951416,0.5509240627288818,963.8261480331421
823,1.4520611111111101,0.004166666666666667,0.0016666666666666668,0.6833333333333333,0.6195833333333334,1.7275,0.8645151953690308,0.13548480463096962,3.0354558610709117,0.17583333333333334,113.87041666666667,0.5583333333333333,297.0,-0.005009978404268622,119.40116930007935,3.894791615009308,-0.00016726069161450142,0.0,241.96595582962036,0.4612584114074707,964.9628417491913
824,1.4719458333333335,0.00125,0.0004166666666666667,0.7125,0.6279166666666667,1.7533333333333334,0.861613593155894,0.13838640684410655,3.0147338403041823,0.18958333333333333,119.56958333333333,0.5454166666666667,309.0,0.004760988522320986,98.46174459457397,3.772403585910797,0.00032024661340983583,0.0,235.24150376319886,0.5374388694763184,966.1161875724792
825,1.5342944444444442,0.0020833333333333333,0.0004166666666666667,0.7291666666666666,0.6566666666666666,1.82125,0.8633356211393282,0.13666437886067276,3.0260809883321893,0.18416666666666667,125.84625,0.6016666666666667,291.0,-0.0032915723510086536,52.332952880859374,3.853944259881973,-0.0007547402560703631,0.0,177.7140998840332,0.745932400226593,967.4476726055145
826,1.4197291666666672,0.00125,0.0008333333333333334,0.6791666666666667,0.6129166666666667,1.6958333333333333,0.859299754299755,0.14070024570024584,2.9985257985257987,0.18166666666666667,101.79375,0.4575,279.0,-0.005924182897433639,89.24125957489014,3.8316900432109833,0.0005726406370133219,0.0,233.99974460601806,0.4941750764846802,968.6283574104309
827,1.569055555555555,0.00125,0.0004166666666666667,0.725,0.665,1.8608333333333333,0.8623824451410661,0.13761755485893423,3.0190326914464847,0.18083333333333335,133.85458333333332,0.6058333333333333,300.0,0.0012545797508209944,85.82391309738159,3.8645424067974092,-5.489913755809539e-05,0.0,510.3995602607727,0.6750290393829346,969.7768959999084
828,1.4714472222222206,0.0008333333333333334,0.0008333333333333334,0.6916666666666667,0.6333333333333333,1.7541666666666667,0.8604845605700716,0.1395154394299288,3.007125890736342,0.18916666666666668,113.78083333333333,0.54875,289.0,-0.0010918570682406426,76.82385559082032,3.8319310188293456,0.00014370833669090642,0.0,253.90584449768068,0.6507883667945862,970.9181704521179
829,1.5024388888888889,0.002916666666666667,0.0008333333333333334,0.725,0.6470833333333333,1.7875,0.8623589743589746,0.1376410256410258,3.0193473193473195,0.17833333333333334,121.485,0.55375,321.0,-0.01224081558175385,72.0648931503296,3.8217933773994446,-0.0002348575431824429,0.0,384.2809200286865,0.5806287527084351,972.080976486206
830,1.424737499999999,0.0033333333333333335,0.0020833333333333333,0.6833333333333333,0.61375,1.7079166666666667,0.8579824347401812,0.14201756525981954,2.9887777506708955,0.1775,114.89916666666667,0.5204166666666666,329.0,0.012349122436717153,140.2684980392456,3.731889069080353,0.00021527369681280107,0.0,282.5080230712891,0.515476405620575,973.238831281662
831,1.4876819444444445,0.006666666666666667,0.0020833333333333333,0.7,0.6391666666666667,1.7791666666666666,0.8625925058548017,0.13740749414519918,3.021077283372365,0.18291666666666667,118.5425,0.5370833333333334,357.0,0.006995628681033849,96.39404067993163,3.6687073707580566,0.0001479715221648803,0.0,175.30317401885986,0.5781329870223999,974.389607667923
832,1.5488013888888883,0.0,0.0,0.7291666666666666,0.6554166666666666,1.8308333333333333,0.8626058261265367,0.13739417387346378,3.0207100591715976,0.16375,132.38458333333332,0.6158333333333333,347.0,-0.0003940390539355576,49.02807140350342,3.795105540752411,0.00016407401599281002,0.0,172.1060215950012,0.7802274227142334,975.5573532581329
833,1.504029166666667,0.0020833333333333333,0.0008333333333333334,0.7125,0.6391666666666667,1.7966666666666666,0.8593854359925791,0.14061456400742123,2.9988404452690167,0.18875,118.06333333333333,0.53625,322.0,-0.010242812451906502,65.807608127594,3.7972785115242003,0.0009653953689849004,0.000390625,182.02386226654053,0.6597514152526855,976.726152420044
834,1.520706944444444,0.0,0.0,0.7083333333333334,0.6466666666666666,1.7983333333333333,0.8640013901760901,0.1359986098239111,3.0308155699721966,0.1825,125.31416666666667,0.63375,306.0,0.00471438008826226,69.90816354751587,3.9242489516735075,9.797071033972316e-05,0.0,187.44706926345825,0.6990023851394653,977.892885684967
835,1.3468902777777765,0.00375,0.0008333333333333334,0.6416666666666667,0.5766666666666667,1.60625,0.8630012970168608,0.13699870298313882,3.024383916990921,0.16791666666666666,107.11875,0.5375,252.0,-0.003646226250566542,120.93098630905152,3.8010028898715973,0.00015273019726009808,0.0,308.0295110702515,0.5622307658195496,979.0516536235809
836,1.495856944444444,0.00125,0.0008333333333333334,0.7041666666666667,0.6325,1.7783333333333333,0.8627905342080604,0.13720946579194002,3.0224929709465793,0.1925,126.30541666666667,0.59625,319.0,0.0011101290816441177,88.87530622482299,3.799378764629364,0.0005746578179241623,0.0,505.204890537262,0.7007592916488647,980.212317943573
837,1.436329166666667,0.01,0.0033333333333333335,0.675,0.62,1.7283333333333333,0.8615453230472523,0.13845467695274835,3.013982642237223,0.17083333333333334,110.31666666666666,0.5433333333333333,250.0,0.0019990544009488077,97.40268249511719,3.694167023897171,5.317710747476667e-06,0.0,305.5664516448975,0.6214900612831116,981.3834652900696
838,1.566015277777777,0.004166666666666667,0.0016666666666666668,0.7125,0.6604166666666667,1.8541666666666667,0.8659033707865178,0.13409662921348314,3.0440449438202246,0.17041666666666666,131.28541666666666,0.6091666666666666,298.0,-0.0048953869845718145,92.7099326133728,3.6330647349357603,-0.00024722279438265103,0.0,400.0757367134094,0.6238616108894348,982.5579459667206
839,1.5103152777777769,0.0020833333333333333,0.0004166666666666667,0.725,0.6433333333333333,1.795,0.8616736304549683,0.13832636954503258,3.0143918291550604,0.17208333333333334,129.65291666666667,0.6629166666666667,276.0,0.0009654154535382986,78.06055207252503,3.818227696418762,0.0001243404833076056,0.0,379.1775963783264,0.5967788696289062,983.7180366516113
840,1.5198722222222214,0.004583333333333333,0.00125,0.725,0.6529166666666667,1.815,0.8606198347107448,0.13938016528925623,3.007575757575758,0.17375,134.265,0.6304166666666666,328.0,-0.0106320780236274,64.57438564300537,3.7062958121299743,7.926145772216842e-05,0.0,196.44833269119263,0.7627236843109131,984.8676731586456
841,1.462755555555555,0.0020833333333333333,0.00125,0.7,0.6245833333333334,1.7391666666666667,0.862189746046958,0.13781025395304267,3.018926689027312,0.17125,115.90208333333334,0.54125,288.0,0.0009059394709765911,91.57308931350708,3.8061913311481477,0.00017041154593471218,0.0,197.45024328231813,0.5314017534255981,986.0181701183319
842,1.4750458333333334,0.004583333333333333,0.0016666666666666668,0.6916666666666667,0.6279166666666667,1.7620833333333332,0.8606313549302443,0.1393686450697566,3.007093875620714,0.17291666666666666,122.75125,0.585,269.0,0.007006817031651735,94.74562797546386,3.7457294046878813,-0.00022940265189390628,0.0,254.55184984207153,0.5914461016654968,987.1751749515533
843,1.5006569444444442,0.004583333333333333,0.0008333333333333334,0.6958333333333333,0.6379166666666667,1.7883333333333333,0.8640284249767007,0.1359715750232992,3.031919850885368,0.18916666666666668,134.40708333333333,0.6254166666666666,310.0,0.002877191314473748,85.59426352977752,3.726351946592331,0.0001783621323738771,0.0,198.82899789810182,0.7089837789535522,988.3163330554962
844,1.5056277777777771,0.0033333333333333335,0.00125,0.7041666666666667,0.6479166666666667,1.79125,0.8641172365666433,0.13588276343335656,3.0321004884856944,0.19083333333333333,124.48333333333333,0.6020833333333333,288.0,0.0015256291255354882,65.29265832901001,3.7417043268680574,-0.00019433032721281052,0.0,208.46594018936156,0.7118839025497437,989.4704098701477
845,1.5239305555555553,0.004166666666666667,0.0008333333333333334,0.7125,0.6495833333333333,1.81125,0.8648723257418912,0.13512767425810912,3.0372670807453415,0.18416666666666667,132.57333333333332,0.6404166666666666,309.0,-0.0056521590187912805,39.041361236572264,3.7082859098911287,0.0003322549324366264,0.0,220.37785191535949,0.8589228391647339,990.604368686676
846,1.5420791666666662,0.00375,0.0008333333333333334,0.7166666666666667,0.65125,1.8333333333333333,0.8655659090909102,0.13443409090909106,3.0420454545454545,0.20125,129.77166666666668,0.575,325.0,-0.009752041194587946,67.70979256629944,3.7372927010059356,5.828018020110903e-05,0.0,333.00361757278444,0.617072582244873,991.7586953639984
847,1.5178694444444443,0.0004166666666666667,0.0004166666666666667,0.7,0.64,1.79625,0.863539781953144,0.13646021804685693,3.028067733704477,0.17333333333333334,119.21708333333333,0.5475,310.0,-0.0043516435194760564,57.62025351524353,3.8300484478473664,0.0005117374479596037,0.0,216.3719970703125,0.699676513671875,992.9077751636505
848,1.560784722222222,0.0033333333333333335,0.0004166666666666667,0.725,0.6608333333333334,1.84875,0.865798963263467,0.13420103673653366,3.0434978589136805,0.18083333333333335,137.67708333333334,0.6295833333333334,332.0,-8.388794958591461e-05,57.643148517608644,4.00228071808815,0.0004449087369721383,0.0,289.02761497497556,0.7855337858200073,994.0622417926788
849,1.5482972222222222,0.0008333333333333334,0.0004166666666666667,0.7041666666666667,0.6583333333333333,1.8404166666666666,0.8612361331220287,0.13876386687797151,3.0115462983925743,0.18833333333333332,134.66,0.655,297.0,0.0026573839597404,66.50421996116638,3.8684051036834717,0.00013320171201485208,0.0,232.87550525665284,0.7671183943748474,995.2368338108063
850,1.5071347222222222,0.004166666666666667,0.0020833333333333333,0.7041666666666667,0.6466666666666666,1.8,0.8625671296296301,0.13743287037037044,3.0217592592592593,0.19541666666666666,122.8775,0.5975,353.0,-0.0030373820569366216,62.59226584434509,3.8835874915122988,-2.216826833318919e-05,0.0,245.092670917511,0.6786514520645142,996.5683171749115
851,1.5035916666666675,0.004583333333333333,0.00125,0.7291666666666666,0.6491666666666667,1.8020833333333333,0.8604901734104045,0.13950982658959538,3.0071676300578036,0.19375,130.37916666666666,0.62125,283.0,-0.011306192725896835,47.83201975822449,3.9702573239803316,-0.000147389883568394,0.0,261.89862060546875,0.8026196360588074,997.7288856506348
852,1.551773611111112,0.0016666666666666668,0.0008333333333333334,0.7125,0.6629166666666667,1.8504166666666666,0.860637243863995,0.1393627561360054,3.0078811078585903,0.20083333333333334,132.82333333333332,0.61625,304.0,0.0029107841895893217,47.7620014667511,3.833649492263794,0.00012629308366740588,0.0,240.2039963722229,0.7921631336212158,998.8834028244019
853,1.4639902777777778,0.005833333333333334,0.0008333333333333334,0.7041666666666667,0.6254166666666666,1.7570833333333333,0.8588830922456733,0.14111690775432761,2.996442968935262,0.17166666666666666,124.00791666666667,0.5941666666666666,286.0,-0.001038725080434233,73.16267967224121,3.917669689655304,0.0005484125115799543,0.0,264.858567905426,0.6660268306732178,1000.0338561534882
854,1.5120166666666666,0.005833333333333334,0.0008333333333333334,0.7208333333333333,0.64625,1.8104166666666666,0.8616432681242817,0.13835673187571917,3.0151898734177216,0.19166666666666668,128.54583333333332,0.6258333333333334,282.0,-0.00407230225391686,42.26832356452942,3.8628092110157013,-1.1657285115518335e-05,0.0,216.50356216430663,0.8042269349098206,1001.1820662021637
855,1.3880374999999987,0.0016666666666666668,0.0008333333333333334,0.675,0.60375,1.6570833333333332,0.8610233844606492,0.13897661553935134,3.0100578325370884,0.18916666666666668,109.65625,0.54625,241.0,0.009404125553555787,108.90130643844604,3.767374539375305,-0.00011418512585805728,0.0,340.6260564804077,0.46628934144973755,1002.311131477356
856,1.485931944444443,0.008333333333333333,0.00125,0.6958333333333333,0.6341666666666667,1.7845833333333334,0.8613285080551022,0.13867149194489836,3.012141022647677,0.18375,122.14,0.6079166666666667,289.0,0.0019069001544266939,67.34680676460266,3.83996821641922,9.391115490871016e-05,0.0,277.73871726989745,0.6808017492294312,1003.4457759857178
857,1.522609722222222,0.0016666666666666668,0.0008333333333333334,0.7125,0.6483333333333333,1.81375,0.8618033540087304,0.1381966459912705,3.0160808637721113,0.19541666666666666,121.84416666666667,0.57375,310.0,-0.007603888039011508,52.303628873825076,3.881375765800476,-0.0015041509876027703,0.0,244.83404541015625,0.7827972173690796,1004.582955121994
858,1.480038888888888,0.004166666666666667,0.00125,0.7166666666666667,0.6416666666666667,1.76875,0.8603674911660787,0.1396325088339223,3.004946996466431,0.17791666666666667,123.24291666666667,0.6079166666666667,313.0,-0.007956198285683058,72.25389194488525,3.8373344779014587,0.0028548042289912702,0.0,261.113649892807,0.6571387052536011,1005.7480511665344
859,1.4889500000000002,0.005416666666666667,0.0020833333333333333,0.6958333333333333,0.6329166666666667,1.775,0.864666666666668,0.13533333333333342,3.0354460093896716,0.18916666666666668,116.86666666666666,0.5629166666666666,288.0,-0.001185131981037557,84.92074694633484,3.8570938289165495,7.557432727480772e-05,0.0,294.6807246208191,0.6104298830032349,1006.925838470459
860,1.421618055555556,0.0020833333333333333,0.0008333333333333334,0.675,0.60875,1.6929166666666666,0.8629214865862666,0.13707851341373362,3.0238739847403395,0.18791666666666668,114.77416666666667,0.5658333333333333,283.0,-0.0017546516377478839,131.72607460021973,3.8066770434379578,9.655466565163806e-05,0.0,405.5273838043213,0.5531964302062988,1008.0701665878296
861,1.5374805555555562,0.0020833333333333333,0.0008333333333333334,0.7166666666666667,0.655,1.8358333333333334,0.8616931457103951,0.1383068542896051,3.014525646845211,0.21916666666666668,129.80666666666667,0.6366666666666667,297.0,0.007382122497074306,57.50740475654602,3.852871972322464,9.34727824642323e-05,0.0,296.4728728294373,0.7437578439712524,1009.2121744155884
862,1.453383333333332,0.005833333333333334,0.00125,0.675,0.6220833333333333,1.7420833333333334,0.8629801482898831,0.13701985171011716,3.024874431954078,0.19875,119.23,0.5691666666666667,271.0,0.0008386055938899517,96.8340859413147,3.9562273561954497,1.5355661525973117e-05,0.0,264.47187557220457,0.7101072072982788,1010.3423562049866
863,1.5299472222222217,0.0033333333333333335,0.00125,0.7291666666666666,0.6520833333333333,1.8229166666666667,0.8643520000000003,0.13564800000000007,3.0345142857142857,0.20416666666666666,128.64583333333334,0.5954166666666667,285.0,-0.004903200105763972,69.86873984336853,4.024967980384827,-8.714599407539936e-05,0.0,444.4040885925293,0.6956906318664551,1011.4994485378265
864,1.479720833333333,0.0020833333333333333,0.0008333333333333334,0.7,0.6295833333333334,1.7670833333333333,0.8619028531006842,0.1380971468993162,3.016269747701014,0.20583333333333334,121.0225,0.565,275.0,-0.004285874078050256,57.03336586952209,3.9188155710697172,0.00023092017509043216,0.0,221.7033745765686,0.7232855558395386,1012.6478190422058
865,1.4883680555555552,0.0,0.0,0.6958333333333333,0.6379166666666667,1.77375,0.8594667606295523,0.14053323937044865,3.000469814423303,0.18833333333333332,115.84833333333333,0.5520833333333334,279.0,-0.0028232619981281458,62.457437133789064,3.9183030247688295,0.001164397329557687,0.0,255.79843511581421,0.6487138271331787,1013.7944619655609
866,1.461937499999999,0.006666666666666667,0.0020833333333333333,0.6958333333333333,0.62625,1.74625,0.8652230971128617,0.13477690288713903,3.0396086852779765,0.18916666666666668,118.44291666666666,0.59125,265.0,0.004089527390897274,99.08267488479615,3.870452517271042,-0.00022034797220840118,0.0,226.57904138565064,0.5367140769958496,1014.9203295707703
867,1.4432944444444444,0.005833333333333334,0.00125,0.6833333333333333,0.6179166666666667,1.7283333333333333,0.862762777242045,0.13723722275795558,3.0231436837029895,0.18916666666666668,121.07083333333334,0.58375,326.0,0.006710446788929403,77.86863894462586,3.9057940542697906,0.00024125942363752983,0.0,277.65853147506715,0.6985317468643188,1016.0649924278259
868,1.4829569444444437,0.0016666666666666668,0.0008333333333333334,0.6958333333333333,0.6341666666666667,1.7683333333333333,0.8626131008482562,0.1373868991517436,3.022148916116871,0.20708333333333334,117.76708333333333,0.5895833333333333,272.0,-0.0037333731539547443,51.47732400894165,3.9867483496665956,0.00024677874898770824,0.0,182.8829520225525,0.7782754898071289,1017.2144920825958
869,1.5471111111111118,0.00625,0.00125,0.7125,0.6595833333333333,1.8508333333333333,0.8635524538496191,0.13644754615038274,3.028365601080594,0.20541666666666666,126.78791666666666,0.575,292.0,0.0018006091937422752,52.09463391304016,3.9140062749385836,-8.754711052461061e-06,0.0,423.6057885169983,0.7340664863586426,1018.3936021327972
870,1.4715624999999988,0.005833333333333334,0.00125,0.6916666666666667,0.6341666666666667,1.7641666666666667,0.8628365611714696,0.13716343882853094,3.0231459612659424,0.20458333333333334,118.80375,0.54875,334.0,-0.011461074207909405,77.37200202941895,3.85293048620224,-0.00016603777380623795,0.0,222.050159740448,0.6885029077529907,1019.5648856163025
871,1.3804249999999991,0.007916666666666667,0.0016666666666666668,0.6791666666666667,0.5975,1.6625,0.8621604010025067,0.13783959899749368,3.019298245614035,0.19125,105.82875,0.47875,310.0,-0.0066402100026607515,119.12707719802856,3.85566828250885,-0.0002011233169469051,0.0,272.63287658691405,0.48276424407958984,1020.7121562957764
872,1.5077138888888888,0.004583333333333333,0.0008333333333333334,0.6916666666666667,0.6441666666666667,1.8025,0.8623855755894584,0.1376144244105409,3.0194174757281553,0.205,135.52208333333334,0.6425,295.0,0.00272268308326602,82.7137843132019,3.980215448141098,-9.284609404858202e-05,0.0,329.8861652374268,0.6840434670448303,1021.8603973388672
873,1.4786222222222216,0.0020833333333333333,0.0008333333333333334,0.6916666666666667,0.6325,1.7679166666666666,0.8611501296252659,0.1388498703747349,3.012255479613481,0.20291666666666666,125.21958333333333,0.5575,328.0,-0.005893503606785089,95.4195634841919,3.8256967663764954,-0.0002727293884163373,0.0,256.5012644767761,0.6308401823043823,1023.0229797363281
874,1.568888888888888,0.007916666666666667,0.00125,0.7208333333333333,0.6704166666666667,1.8745833333333333,0.8661924872193828,0.13380751278061798,3.046232496110247,0.21083333333333334,142.16666666666666,0.6625,327.0,-0.013180749991443008,66.14566383361816,3.89681116938591,0.00020763613429153338,0.0,328.54965381622316,0.7238123416900635,1024.1780591011047
875,1.557513888888888,0.00375,0.0008333333333333334,0.7375,0.6654166666666667,1.86125,0.8615849563465421,0.13841504365345872,3.0141034251175287,0.20541666666666666,133.80416666666667,0.63125,337.0,-0.0091550899669528,44.49068126678467,4.018200796842575,0.0002006159455049783,0.0,320.3574117660522,0.8045003414154053,1025.6542294025421
876,1.4827194444444436,0.0033333333333333335,0.00125,0.6916666666666667,0.6370833333333333,1.7704166666666667,0.8616992233466704,0.13830077665333015,3.0150623676159096,0.19416666666666665,123.19291666666666,0.5941666666666666,273.0,0.009073070017620921,97.30248126983642,3.8788010656833647,-0.00037573073132080026,0.0,321.6618349075317,0.5483618974685669,1026.813644170761
877,1.505245833333334,0.00375,0.0025,0.7,0.6429166666666667,1.7966666666666666,0.8635412801484238,0.13645871985157706,3.027829313543599,0.20583333333333334,112.53708333333333,0.5120833333333333,309.0,-0.005091708479449153,74.19262914657592,3.778887373209,-2.8770401331712492e-05,0.0,278.10780668258667,0.708858847618103,1027.9497911930084
878,1.4571069444444449,0.014166666666666666,0.0033333333333333335,0.6958333333333333,0.6329166666666667,1.77875,0.8584891075193255,0.14151089248067464,2.994378074490513,0.21125,122.69708333333334,0.5816666666666667,276.0,0.0036926641245372594,74.66146183013916,3.8722958981990816,-0.00015308288370761148,0.0,284.58056182861327,0.7160612344741821,1029.1093266010284
879,1.597318055555555,0.002916666666666667,0.00125,0.7208333333333333,0.67,1.8970833333333332,0.865853283549309,0.13414671645069176,3.0439270810454646,0.21416666666666667,136.24375,0.6020833333333333,365.0,0.016053169639781116,53.25620784759521,3.896464377641678,1.8329359409108293e-05,0.0,440.5530964851379,0.7117384076118469,1030.2639682292938
880,1.5661180555555552,0.00125,0.0008333333333333334,0.7375,0.6704166666666667,1.8575,0.8657133243606998,0.13428667563930016,3.0430686406460294,0.21416666666666667,136.07458333333332,0.6066666666666667,328.0,-0.0042391470167785885,58.23468804359436,3.9065568864345552,0.00018406989838695153,0.0,375.2668245315552,0.7149508595466614,1031.409954071045
881,1.4334986111111125,0.004583333333333333,0.0004166666666666667,0.6958333333333333,0.6154166666666666,1.7216666666666667,0.8606558567279773,0.1393441432720232,3.0091965150048403,0.20083333333333334,112.22708333333334,0.53375,269.0,-0.009048690949566663,82.13466348648072,3.801261377334595,0.00038032463598938195,0.0,294.9831356048584,0.5201473832130432,1032.5591464042664
882,1.544044444444444,0.002916666666666667,0.0008333333333333334,0.725,0.6579166666666667,1.8429166666666668,0.862997965182003,0.13700203481799686,3.0244178159620168,0.21041666666666667,132.22333333333333,0.6304166666666666,301.0,-0.006481646839529276,35.635241866111755,3.9069047570228577,-0.0010217577757430263,0.0,259.43249559402466,0.8204951882362366,1033.714385509491
883,1.5447208333333338,0.0016666666666666668,0.0008333333333333334,0.7083333333333334,0.6558333333333334,1.835,0.8636080835604012,0.1363919164396004,3.028156221616712,0.19791666666666666,128.75708333333333,0.5908333333333333,334.0,0.00016190053429454565,82.60646438598633,3.845312762260437,0.00016746042711019983,0.0,235.37179203033446,0.6487133502960205,1034.8621950149536
884,1.4878902777777763,0.004583333333333333,0.00125,0.7041666666666667,0.6358333333333334,1.7733333333333334,0.8644901315789477,0.1355098684210526,3.0345394736842106,0.1925,118.29208333333334,0.5683333333333334,270.0,-0.011724247876554728,79.51124639511109,3.964951145648956,2.095685267704539e-05,0.0,263.17497968673706,0.5513182878494263,1036.014167547226
885,1.4738652777777768,0.00375,0.00125,0.6958333333333333,0.63125,1.76875,0.8603321554770327,0.13966784452296824,3.0063604240282684,0.21,121.45458333333333,0.6141666666666666,297.0,0.005607029283419251,83.51338534355163,3.921700584888458,-0.00028102995420340446,0.0,222.8774341583252,0.6229442358016968,1037.1768915653229
886,1.5336722222222228,0.00625,0.0016666666666666668,0.7166666666666667,0.65625,1.8366666666666667,0.8656941923774959,0.13430580762250452,3.044464609800363,0.23166666666666666,132.87208333333334,0.6125,289.0,-0.0034656063420698048,53.78760120868683,3.9292750358581543,0.0005036506030592136,0.0,226.24848155975343,0.7720480561256409,1038.3410077095032
887,1.4312347222222221,0.0016666666666666668,0.0004166666666666667,0.6708333333333333,0.6104166666666667,1.7033333333333334,0.8662255381604693,0.1337744618395303,3.0467221135029354,0.22333333333333333,120.31958333333333,0.6145833333333334,259.0,-0.000334706180728972,82.23320384025574,3.8810350954532624,3.952095248678233e-05,0.0,387.95566139221194,0.6123096942901611,1039.5024771690369
888,1.4395638888888898,0.005416666666666667,0.0016666666666666668,0.7041666666666667,0.62625,1.7308333333333332,0.8612469908521905,0.13875300914780933,3.0132402503610978,0.20833333333333334,117.31375,0.6208333333333333,254.0,0.0021381918806582688,74.60851335525513,3.7443382382392882,-7.243333457154221e-05,0.0,194.35015459060668,0.7223199605941772,1040.646250963211
889,1.4943430555555555,0.004166666666666667,0.0016666666666666668,0.7208333333333333,0.6370833333333333,1.7829166666666667,0.8637742463192345,0.1362257536807667,3.0292124328114047,0.20291666666666666,122.01291666666667,0.6075,298.0,0.00654219021089375,57.63848254680634,3.8495181083679197,0.0002522696417145198,0.0,233.34664125442504,0.7339972257614136,1041.8076486587524
890,1.5829263888888887,0.0033333333333333335,0.0025,0.7291666666666666,0.6741666666666667,1.8858333333333333,0.8647127706584189,0.13528722934158194,3.0371188687582853,0.2175,138.11666666666667,0.6483333333333333,296.0,0.0037703597685322166,49.93578481674194,4.013854521512985,6.746714816472377e-05,0.0,459.004158782959,0.827026903629303,1042.9484536647797
891,1.5380125000000004,0.0016666666666666668,0.0004166666666666667,0.7166666666666667,0.6558333333333334,1.82375,0.8674274617317801,0.13257253826822019,3.055060543751428,0.22083333333333333,136.66458333333333,0.6354166666666666,322.0,-0.005198005109559744,58.67444500923157,3.9132793128490446,-0.0004998284213797888,0.0,237.60070791244507,0.8030332326889038,1044.1103370189667
892,1.5182583333333324,0.004166666666666667,0.0008333333333333334,0.7125,0.6529166666666667,1.8133333333333332,0.8630101102941187,0.1369898897058824,3.024356617647059,0.20333333333333334,129.39416666666668,0.60375,292.0,0.01129295933060348,67.69259462356567,3.8697989106178285,5.57291166842333e-05,0.0,219.28961839675904,0.6889548301696777,1045.2423148155212
893,1.4341680555555545,0.0020833333333333333,0.0008333333333333334,0.675,0.6133333333333333,1.7029166666666666,0.8659579153413258,0.13404208465867373,3.045020797651089,0.19625,117.95208333333333,0.5908333333333333,268.0,0.006656967010349036,105.36687602996827,3.7913030445575715,7.292230438906699e-05,0.0,336.1489730834961,0.5691139698028564,1046.400390625
894,1.455530555555556,0.008333333333333333,0.00125,0.6958333333333333,0.625,1.7433333333333334,0.8648279158699814,0.13517208413001913,3.0370458891013383,0.18958333333333333,112.36916666666667,0.5116666666666667,283.0,-0.0006287002004683017,97.78052406311035,3.9660664975643156,9.444905444979667e-05,0.0,261.72333459854127,0.4808257222175598,1047.5464835166931
895,1.5225263888888885,0.0004166666666666667,0.0004166666666666667,0.6875,0.6425,1.8016666666666667,0.8648774283071237,0.13512257169287692,3.0374653098982423,0.19,125.63458333333334,0.6195833333333334,281.0,-0.005468563083559275,66.83859100341797,3.750610965490341,7.981510607351084e-05,0.0,214.1976668357849,0.7529191374778748,1048.7228047847748
896,1.5468666666666664,0.0020833333333333333,0.00125,0.7125,0.6608333333333334,1.8479166666666667,0.8622277339346114,0.13777226606538895,3.0187147688838785,0.22375,132.22333333333333,0.6058333333333333,325.0,0.0076077552686911075,50.027179908752444,3.8864015102386475,-9.068528452189639e-05,0.0,308.595832157135,0.788558304309845,1049.8711340427399
897,1.5192972222222227,0.002916666666666667,0.00125,0.7166666666666667,0.6483333333333333,1.81875,0.8621947308132876,0.1378052691867124,3.0190148911798396,0.22708333333333333,137.965,0.6479166666666667,282.0,-0.0036246272269636393,50.28399891853333,3.897594064474106,0.00023696888238191604,0.0,262.12461643218995,0.7987597584724426,1051.0190734863281
898,1.5705499999999994,0.0016666666666666668,0.0008333333333333334,0.7291666666666666,0.67,1.8691666666666666,0.8648729380294257,0.1351270619705752,3.038341506910388,0.225,134.54916666666668,0.6191666666666666,341.0,-0.003163514379411936,51.18648071289063,3.92858282327652,-0.00016187744840863162,0.0,293.73972177505493,0.7266385555267334,1052.183349609375
899,1.453487499999999,0.0033333333333333335,0.0008333333333333334,0.6875,0.6191666666666666,1.7325,0.8652886002886001,0.1347113997113998,3.04040404040404,0.2075,121.72166666666666,0.5929166666666666,300.0,-0.006357031816150993,105.15660438537597,3.797810286283493,-0.00044906501134391876,0.0,373.0785514831543,0.5882386565208435,1053.3604488372803
900,1.4856166666666653,0.0,0.0,0.6958333333333333,0.6258333333333334,1.7520833333333334,0.8696741973840669,0.1303258026159334,3.0706302021403094,0.20875,122.94166666666666,0.6079166666666667,287.0,-0.005199448578059674,70.35370168685913,3.9225242257118227,5.213317126617767e-05,0.0,283.1411502838135,0.7364270091056824,1054.735286474228
901,1.4933930555555561,0.0020833333333333333,0.0008333333333333334,0.7166666666666667,0.6408333333333334,1.7783333333333333,0.8652319587628869,0.1347680412371133,3.0405342080599813,0.21583333333333332,131.01625,0.61625,298.0,-0.007725040568038822,54.14464173316956,3.9393833100795748,0.00037068693691253427,0.0,187.80919542312623,0.8243939280509949,1055.8705089092255
902,1.5290347222222216,0.0008333333333333334,0.0004166666666666667,0.7166666666666667,0.6520833333333333,1.8233333333333333,0.8619401279707505,0.1380598720292505,3.016453382084095,0.22083333333333333,131.67458333333335,0.5995833333333334,328.0,0.006415891880169511,74.51065125465394,3.8391288816928864,-0.00016438766979263165,0.0,407.6880558013916,0.7313060760498047,1057.0093364715576
903,1.4967388888888884,0.004583333333333333,0.0008333333333333334,0.7125,0.6408333333333334,1.7783333333333333,0.8665276476101216,0.13347235238987815,3.048734770384255,0.19083333333333333,121.19666666666667,0.5608333333333333,311.0,-0.010567638045176863,67.25454263687134,3.838865911960602,-0.00018449520339345327,0.0,385.30710887908936,0.7159764170646667,1058.1553366184235
904,1.50359861111111,0.00125,0.00125,0.7083333333333334,0.64375,1.7895833333333333,0.8643701979045398,0.1356298020954598,3.0344586728754366,0.21916666666666668,128.43666666666667,0.6045833333333334,308.0,-0.003193573746830225,57.3993727684021,4.019544523954392,-4.0090254333335904e-05,0.0,319.446239566803,0.7266461849212646,1059.3089730739594
905,1.4865555555555565,0.002916666666666667,0.0008333333333333334,0.6916666666666667,0.6304166666666666,1.7654166666666666,0.8650932263393916,0.134906773660609,3.0394146801982536,0.185,116.97375,0.5454166666666667,280.0,0.008140633441507816,65.74637122154236,3.9207873344421387,-8.640096129965968e-05,0.0,311.1650957107544,0.7645694017410278,1060.472451210022
906,1.4825624999999985,0.0020833333333333333,0.0004166666666666667,0.6916666666666667,0.6308333333333334,1.7595833333333333,0.8669547714894631,0.1330452285105376,3.051858868103244,0.20708333333333334,116.39666666666666,0.5720833333333334,284.0,-4.664575681090355e-05,123.33839511871338,3.8035846650600433,-0.00019776187837123872,0.0,292.13776502609255,0.4764946699142456,1061.6208686828613
907,1.5144749999999996,0.0020833333333333333,0.00125,0.7375,0.6525,1.8054166666666667,0.8631987075928926,0.13680129240710825,3.0249249942303256,0.21708333333333332,124.99833333333333,0.6158333333333333,269.0,0.0003059412352740765,53.124223279953,3.8542206406593325,-0.0005702430731616914,0.0,298.36368093490603,0.747866153717041,1062.7793064117432
908,1.4993333333333327,0.002916666666666667,0.0008333333333333334,0.6958333333333333,0.64125,1.78875,0.8627766130910789,0.1372233869089215,3.022827859305847,0.19958333333333333,125.09125,0.575,312.0,0.00022533811861649155,68.12311148643494,3.9030786037445067,-3.177936341671739e-05,0.0,267.0628363609314,0.6843813061714172,1063.9244163036346
909,1.4856874999999994,0.006666666666666667,0.0016666666666666668,0.6958333333333333,0.6404166666666666,1.77875,0.8653431717029754,0.1346568282970252,3.041227453736238,0.21583333333333332,126.10458333333334,0.6208333333333333,289.0,0.0011489396914839745,56.81760516166687,3.751513105630875,5.80884501687251e-05,0.0,285.38397722244264,0.7301827669143677,1065.0714628696442
910,1.5880666666666654,0.0016666666666666668,0.0004166666666666667,0.7375,0.6716666666666666,1.88375,0.8644901570449016,0.13550984295509838,3.0347268303472683,0.19875,138.76083333333332,0.64125,300.0,-0.008919980190694333,37.235088682174684,4.074662607908249,0.0008945731635321863,0.0,462.35765771865846,0.7865529656410217,1066.221779346466
911,1.4871291666666666,0.004583333333333333,0.0008333333333333334,0.6916666666666667,0.6283333333333333,1.7654166666666666,0.8696270946424356,0.1303729053575644,3.071748878923767,0.21041666666666667,127.93708333333333,0.6254166666666666,311.0,0.008415355905890464,70.20572552680969,3.963873827457428,-3.002400881086942e-05,0.0,327.09962091445925,0.6463370323181152,1067.3799662590027
912,1.576766666666667,0.0016666666666666668,0.00125,0.7333333333333333,0.6679166666666667,1.86875,0.8676120401337799,0.13238795986622082,3.05685618729097,0.22041666666666668,135.23166666666665,0.6170833333333333,304.0,0.01176775263156742,57.552818870544435,3.984307563304901,0.0001644087034947006,0.0,389.03692560195924,0.7074320912361145,1068.5286066532135
913,1.5364708333333332,0.002916666666666667,0.00125,0.7291666666666666,0.6575,1.825,0.8677009132420095,0.13229908675799093,3.0579908675799086,0.2225,134.74083333333334,0.64125,311.0,0.007070118188858032,60.4127739906311,3.8096161663532255,0.0005019285558546472,0.0,215.20182847976685,0.7426244616508484,1069.710654258728
914,1.5011458333333327,0.0020833333333333333,0.00125,0.7083333333333334,0.64375,1.7904166666666668,0.8658948103327905,0.13410518966720972,3.0458459390272283,0.23541666666666666,126.71958333333333,0.595,336.0,-0.0047990411694627255,73.47068824768067,3.9054790258407595,-0.00013976654545331258,0.0,233.9435651779175,0.672006368637085,1070.900262594223
915,1.5084333333333335,0.0033333333333333335,0.0008333333333333334,0.7,0.6404166666666666,1.7945833333333334,0.8666682145344788,0.13333178546552138,3.0506152774553055,0.2175,121.92458333333333,0.57125,303.0,-0.004755711322650314,82.40032105445862,3.922159105539322,0.00017953977949218823,0.0,211.3990451335907,0.6003497838973999,1072.0479562282562
916,1.556443055555555,0.0,0.0,0.7375,0.66,1.8425,0.8676232473993674,0.1323767526006331,3.057213930348259,0.22625,127.74458333333334,0.5729166666666666,334.0,0.006468397425487637,63.754644107818606,3.991595947742462,-0.00023827425084164134,0.0,427.3350817680359,0.6959639191627502,1073.2024953365326
917,1.5202916666666655,0.00125,0.0008333333333333334,0.6958333333333333,0.6470833333333333,1.7983333333333333,0.869253938832252,0.13074606116774792,3.0678869323447637,0.22,125.98291666666667,0.5866666666666667,315.0,-0.004719640966504813,119.41598339080811,4.132351511716843,-0.00015952248795656488,0.0,357.0818668365479,0.46444910764694214,1074.3599951267242
918,1.527880555555556,0.0,0.0,0.7083333333333334,0.6533333333333333,1.8216666666666668,0.8632387923147308,0.13676120768526992,3.0274473924977126,0.2325,132.56875,0.6358333333333334,300.0,-0.0013898396515287458,48.98028378486633,4.015165108442306,0.00030321140329760967,0.0,245.73370237350463,0.8298220634460449,1075.4915597438812
919,1.5073763888888878,0.0,0.0,0.6958333333333333,0.6404166666666666,1.78,0.871458333333333,0.1285416666666667,3.083801498127341,0.23791666666666667,123.01916666666666,0.59375,294.0,0.004942263150587678,74.64113435745239,3.9083415985107424,0.00019879232859238983,0.000390625,227.79906368255615,0.711206316947937,1076.6291377544403
920,1.4240972222222217,0.005416666666666667,0.00125,0.6625,0.6058333333333333,1.6933333333333334,0.8682332677165356,0.13176673228346458,3.060285433070866,0.1925,112.46791666666667,0.5058333333333334,277.0,0.006252822279930115,113.11731433868408,3.9845132648944857,-0.00033902051097811636,0.0,308.30376200675965,0.5497668981552124,1077.7496888637543
921,1.4710861111111109,0.0008333333333333334,0.0008333333333333334,0.6916666666666667,0.6283333333333333,1.7491666666666668,0.8680181038589798,0.13198189614101938,3.0607432110528823,0.23666666666666666,124.60916666666667,0.63375,262.0,0.0015624839114025235,54.59585056304932,4.006988036632538,-0.0003773094329517335,0.0,204.40707502365112,0.7942075729370117,1078.9266560077667
922,1.4583805555555558,0.0033333333333333335,0.0008333333333333334,0.6791666666666667,0.6208333333333333,1.7408333333333332,0.8666299664911457,0.13337003350885598,3.050741981809478,0.23083333333333333,113.8375,0.52875,300.0,0.005035218363627791,64.07913093566894,4.010111081600189,0.00023382248400594108,0.0,213.57457780838013,0.7342178821563721,1080.0773923397064
923,1.4875333333333323,0.008333333333333333,0.002916666666666667,0.7041666666666667,0.6366666666666667,1.7791666666666666,0.8678173302107736,0.1321826697892272,3.0585480093676813,0.21708333333333332,120.20333333333333,0.5625,309.0,-0.0016033835709095001,53.378029584884644,4.075136411190033,0.0003273746613558615,0.0,210.85139837265015,0.772568941116333,1081.2245032787323
924,1.5973513888888888,0.002916666666666667,0.0004166666666666667,0.7375,0.6829166666666666,1.8970833333333332,0.8689457500549095,0.13105424994509118,3.066769163189106,0.24208333333333334,137.91416666666666,0.5875,348.0,0.00014630137011408805,63.01052970886231,4.044966155290604,-0.00013126218764227814,0.0,661.7878947257996,0.654454231262207,1082.3701405525208
925,1.590279166666666,0.0020833333333333333,0.0008333333333333334,0.7375,0.6770833333333334,1.8858333333333333,0.8700110472823692,0.1299889527176313,3.0746796288113125,0.245,138.465,0.615,323.0,0.00026265936903655527,50.23649659156799,3.982183039188385,-0.00025345917292725063,0.0,352.9061354637146,0.7922322750091553,1083.7436249256134
926,1.5572374999999996,0.004166666666666667,0.00125,0.7291666666666666,0.6604166666666667,1.8483333333333334,0.8697858431018941,0.1302141568981064,3.0716862037871957,0.22833333333333333,129.50708333333333,0.5920833333333333,330.0,0.003315967367962003,73.890922498703,4.3281714737415315,0.0003212076873751357,0.0,267.4148372650146,0.6938787698745728,1084.9236462116241
927,1.487180555555556,0.0016666666666666668,0.00125,0.6958333333333333,0.6341666666666667,1.7645833333333334,0.8696340023612744,0.1303659976387249,3.0722550177095633,0.23416666666666666,117.69875,0.5654166666666667,265.0,-0.0068825807888060805,76.01439628601074,4.073433578014374,-0.00021985021085129118,0.0,333.29221391677856,0.5839390754699707,1086.0823712348938
928,1.5128499999999996,0.00625,0.00125,0.7041666666666667,0.6416666666666667,1.8116666666666668,0.866338546458143,0.13366145354185843,3.047838086476541,0.23791666666666667,125.1825,0.5854166666666667,329.0,0.0023896419908851383,88.52637014389038,4.0035649836063385,9.435618594579864e-05,0.0,484.2314130783081,0.5122532844543457,1087.2383241653442
929,1.4154708333333337,0.0025,0.0004166666666666667,0.6666666666666666,0.6066666666666667,1.6833333333333333,0.8676064356435645,0.13239356435643554,3.0576732673267326,0.21541666666666667,103.96125,0.5029166666666667,264.0,-0.001136668398976326,89.29053869247437,3.9385754108428954,-0.0003749643627088517,0.0,303.89220771789553,0.5608035326004028,1088.3904385566711
930,1.5042958333333332,0.0016666666666666668,0.0016666666666666668,0.7125,0.6441666666666667,1.7929166666666667,0.8667929351615157,0.13320706483848485,3.0520567046246803,0.24625,125.43916666666667,0.6175,308.0,0.007000179355964064,72.07654857635498,3.998492342233658,-0.00020250190136721357,0.0,520.2485074996948,0.662274956703186,1089.5328500270844
931,1.4380680555555558,0.006666666666666667,0.0016666666666666668,0.6958333333333333,0.6175,1.7216666666666667,0.8661737657308813,0.13382623426911908,3.04622458857696,0.2125,117.62041666666667,0.5229166666666667,300.0,-0.005758346093352884,68.79354038238526,3.870475035905838,-0.00021905667817918585,0.0,311.7151972770691,0.6449787616729736,1090.69038772583
932,1.4691777777777768,0.0,0.0,0.6833333333333333,0.6216666666666667,1.73125,0.8725294825511427,0.12747051744885673,3.0921780986762935,0.22333333333333333,121.60708333333334,0.5820833333333333,278.0,-0.0026144217001274226,67.72138748168945,3.9974564015865326,-0.00016398696825490334,0.0,260.321226978302,0.7053177356719971,1091.8422210216522
933,1.5700750000000003,0.0020833333333333333,0.0004166666666666667,0.7416666666666667,0.67,1.8625,0.8686085011185685,0.13139149888143176,3.063982102908277,0.23291666666666666,138.30583333333334,0.6408333333333334,295.0,0.0012055068975314498,71.46964626312256,3.951907479763031,0.00015755370259284973,0.0,653.4776111602783,0.7632420063018799,1092.9809575080872
934,1.4724333333333335,0.004166666666666667,0.0020833333333333333,0.6791666666666667,0.6233333333333333,1.7545833333333334,0.8689954880076003,0.13100451199240107,3.0672049394443124,0.2325,121.70625,0.5825,358.0,0.008868336211889982,115.25803556442261,4.020268714427948,7.050555814203108e-05,0.0,488.69715614318847,0.5153290033340454,1094.1405918598175
935,1.4407222222222222,0.005833333333333334,0.00125,0.6833333333333333,0.6125,1.7145833333333333,0.8698420413122717,0.13015795868772773,3.0729040097205345,0.20833333333333334,123.77916666666667,0.6020833333333333,281.0,-0.003245023638010025,93.80003366470336,4.06818585395813,0.00012286502606002615,0.0,290.4961154937744,0.7080055475234985,1095.279881477356
936,1.4451541666666665,0.005,0.0020833333333333333,0.6875,0.61375,1.72625,0.8675766352884388,0.13242336471156163,3.0576876659425536,0.22625,110.95,0.53875,321.0,-0.0077539349906146525,79.97307815551758,3.8952104449272156,0.00024594399437773975,0.0,248.74078884124756,0.6963326930999756,1096.4287524223328
937,1.4716916666666666,0.0025,0.00125,0.6875,0.6254166666666666,1.7508333333333332,0.8676963350785345,0.13230366492146609,3.0578296049500238,0.22791666666666666,113.86666666666666,0.5045833333333334,312.0,0.013757560995873063,94.90558638572693,4.025998145341873,-0.000125987625142443,0.0,362.86956081390383,0.5051421523094177,1097.5871396064758
938,1.4763055555555549,0.002916666666666667,0.0008333333333333334,0.7,0.6270833333333333,1.7595833333333333,0.866398295050912,0.13360170494908838,3.0485436893203883,0.22333333333333333,117.40833333333333,0.5883333333333334,289.0,0.0020953786792233587,64.94970955848694,4.0234506845474245,2.3029450437661582e-05,0.0,214.2218653678894,0.7066314220428467,1098.779218196869
939,1.557874999999999,0.005833333333333334,0.0016666666666666668,0.7125,0.6645833333333333,1.8583333333333334,0.8690358744394622,0.13096412556053816,3.0670403587443946,0.24125,140.46583333333334,0.64125,376.0,-0.004010542901232839,108.32677640914918,3.989841026067734,3.2691624073777345e-05,0.0,371.115922164917,0.6099441051483154,1099.9584519863129
940,1.3971611111111095,0.005416666666666667,0.0008333333333333334,0.675,0.6091666666666666,1.68375,0.863652561247216,0.13634743875278396,3.0311804008908685,0.23625,112.72916666666667,0.58875,273.0,0.004373977473005652,117.38127326965332,3.9905677855014803,-0.00015860544517636298,0.0,204.17035541534423,0.5392004251480103,1101.1352314949036
941,1.5655652777777773,0.00125,0.0008333333333333334,0.7375,0.6683333333333333,1.8633333333333333,0.8687813059033987,0.13121869409660106,3.066413237924866,0.27166666666666667,135.79166666666666,0.63,317.0,-0.008622741443105042,53.89650611877441,4.181562328338623,-0.000705917619052343,0.0,530.1882917404175,0.7629374861717224,1102.29305434227
942,1.4223249999999994,0.002916666666666667,0.0008333333333333334,0.6708333333333333,0.60625,1.6875,0.8696493827160493,0.13035061728395061,3.0720987654320986,0.21125,99.7825,0.41083333333333333,342.0,-0.004086199076846242,103.53257102966309,3.93508694767952,0.00022860328244860283,0.0,315.62163772583006,0.5994882583618164,1103.4611954689026
943,1.501345833333333,0.0,0.0,0.7166666666666667,0.6379166666666667,1.7745833333333334,0.8709157079126559,0.12908429208734445,3.0805353369335524,0.24125,120.19583333333334,0.5566666666666666,300.0,0.011761901911813765,94.81097936630249,3.9673057317733766,-0.00012615044179256074,0.0,380.6022693634033,0.5315240621566772,1104.6114115715027
944,1.4941152777777775,0.0008333333333333334,0.0008333333333333334,0.7041666666666667,0.6404166666666666,1.7775,0.8671378340365684,0.1328621659634319,3.0541490857946556,0.24208333333333334,122.4925,0.5929166666666666,340.0,0.007805116940289736,74.24981088638306,3.986735314130783,0.00021954758012725505,0.0,311.1698434829712,0.7022590637207031,1105.761384010315
945,1.5304486111111106,0.005833333333333334,0.00125,0.7208333333333333,0.65875,1.8291666666666666,0.869113895216401,0.13088610478359913,3.0685649202733485,0.25625,126.18,0.5741666666666667,340.0,-0.0014015295426361262,61.94038758277893,4.163520663976669,-0.0003615486595663242,0.0,248.23010053634644,0.6704038381576538,1106.914463043213
946,1.519181944444445,0.0004166666666666667,0.0004166666666666667,0.7291666666666666,0.65,1.8029166666666667,0.8700878206609668,0.129912179339034,3.075571989831292,0.2504166666666667,122.39166666666667,0.5641666666666667,324.0,-0.0067957253893837334,79.76640872955322,3.978201907873154,-8.012894249986857e-05,0.0,248.11190948486328,0.598792552947998,1108.0822653770447
947,1.5201138888888899,0.004166666666666667,0.0008333333333333334,0.7166666666666667,0.6516666666666666,1.8191666666666666,0.8656527714154831,0.13434722858451667,3.044205222171324,0.24166666666666667,126.69166666666666,0.6091666666666666,350.0,-0.006203157734125853,76.28985385894775,4.109523528814316,2.0440345906536095e-05,0.0,242.53853006362914,0.6181827783584595,1109.2484800815582
948,1.5636458333333327,0.0,0.0,0.7125,0.66,1.8483333333333334,0.8697587917042381,0.13024120829576197,3.0723624887285843,0.23375,131.44375,0.5970833333333333,322.0,-0.0070515481755137445,67.66719436645508,3.953592324256897,-0.0001577889235704788,0.0,304.13820667266845,0.6921330690383911,1110.4161534309387
949,1.4609680555555562,0.0016666666666666668,0.0008333333333333334,0.6708333333333333,0.6175,1.7266666666666666,0.8717398648648654,0.12826013513513507,3.0863899613899615,0.22041666666666668,112.34541666666667,0.5479166666666667,302.0,-0.0012571219354867934,110.5758261680603,3.957255083322525,0.0005799830134492368,0.0,288.18634567260744,0.4907118082046509,1111.5802903175354
950,1.4963763888888886,0.0033333333333333335,0.0008333333333333334,0.6958333333333333,0.64,1.7854166666666667,0.8662707117852979,0.13372928821470245,3.048541423570595,0.22458333333333333,124.16375,0.5733333333333334,291.0,-0.008711091848090291,63.38974781036377,4.068830728530884,-0.0006053990673535736,0.0,249.80965881347657,0.7935296297073364,1112.9471049308777
951,1.5188819444444455,0.0025,0.0008333333333333334,0.7,0.645,1.805,0.8689173591874421,0.1310826408125576,3.0667128347183747,0.23666666666666666,126.91958333333334,0.625,314.0,0.0064216335769742726,51.09292087554932,3.9208434402942656,4.268687625881284e-05,0.0,201.40385160446166,0.8076618909835815,1114.0983228683472
952,1.5469444444444447,0.004166666666666667,0.0008333333333333334,0.7166666666666667,0.6629166666666667,1.85375,0.8658125421443023,0.13418745785569783,3.045178691840863,0.25958333333333333,137.3725,0.5916666666666667,330.0,-0.003914922429248691,82.12693662643433,3.9259845077991486,0.00012865158205386252,0.0,494.5610095977783,0.6910604238510132,1115.2653951644897
953,1.5651374999999998,0.002916666666666667,0.0004166666666666667,0.7291666666666666,0.65875,1.8604166666666666,0.8691668533034728,0.13083314669652843,3.0683090705487124,0.24458333333333335,134.225,0.60875,367.0,0.008015244919806718,52.727770519256595,4.070991265773773,-0.0002831130943377502,0.0,257.13132057189944,0.7722313404083252,1116.4543778896332
954,1.5832291666666654,0.0016666666666666668,0.0008333333333333334,0.7333333333333333,0.6766666666666666,1.88375,0.8685578411855795,0.1314421588144217,3.0645874806458746,0.26375,135.2025,0.60125,345.0,-0.007976031163707376,44.06846208572388,4.1914371132850645,0.0001239443641679827,0.0,240.13197736740113,0.8182920217514038,1117.6186835765839
955,1.5298305555555545,0.0025,0.0008333333333333334,0.7083333333333334,0.64875,1.8229166666666667,0.8679451428571425,0.13205485714285717,3.059885714285714,0.25125,132.89041666666665,0.65375,321.0,-0.008594915410503745,67.27691602706909,4.040283906459808,8.206963684642687e-05,0.0,344.846466255188,0.6642800569534302,1118.7817549705505
956,1.4819305555555564,0.0,0.0,0.7,0.6358333333333334,1.76125,0.8681807428436251,0.13181925715637569,3.061272770286255,0.24833333333333332,127.55375,0.63375,307.0,-0.006123719876632095,73.99178667068482,4.121012252569199,0.00033033974468708036,0.0,321.2896767616272,0.6746096611022949,1119.9564497470856
957,1.5899736111111114,0.0025,0.00125,0.7416666666666667,0.6758333333333333,1.89375,0.8699163916391637,0.13008360836083613,3.075027502750275,0.27708333333333335,135.16291666666666,0.6233333333333333,364.0,0.006999741145409644,52.64715217351913,4.086492562294007,-0.0001732471886498388,0.0,353.3988868713379,0.7357455492019653,1121.1290035247803
958,1.5377763888888887,0.005,0.0016666666666666668,0.7208333333333333,0.6570833333333334,1.83125,0.8724300341296932,0.12756996587030717,3.092150170648464,0.26666666666666666,132.73416666666665,0.6245833333333334,299.0,-0.0036075385985895993,54.748089742660525,4.1102145433425905,-0.00019066793447564123,0.0,275.99465322494507,0.7356115579605103,1122.3100142478943
959,1.4489500000000006,0.00125,0.0004166666666666667,0.6833333333333333,0.6175,1.7216666666666667,0.8697918683446269,0.13020813165537268,3.073572120038722,0.24041666666666667,115.48958333333333,0.5554166666666667,285.0,-0.00445210300385952,119.1182297706604,4.056852960586548,-0.00010003005104408658,0.0,383.58863773345945,0.46049559116363525,1123.4858121871948
960,1.5340888888888877,0.0,0.0,0.7166666666666667,0.6545833333333333,1.8204166666666666,0.8688441290913258,0.13115587090867478,3.0659189745937288,0.25458333333333333,125.59375,0.5554166666666667,306.0,-0.0009641480748541654,61.698475456237794,4.165938973426819,0.00028409650403773414,0.0,447.47865028381347,0.7448205351829529,1124.6623494625092
961,1.5441333333333331,0.00375,0.0008333333333333334,0.7166666666666667,0.66125,1.845,0.8688843721770556,0.13111562782294484,3.067524841915086,0.26875,129.58208333333334,0.62125,308.0,0.0029449477326124905,54.67627792358398,4.210628873109817,-9.566136777721113e-05,0.0,356.38481588363646,0.7769643664360046,1125.8052949905396
962,1.516845833333333,0.004166666666666667,0.0008333333333333334,0.6958333333333333,0.6470833333333333,1.815,0.8667194674012861,0.13328053259871447,3.0511937557392104,0.25083333333333335,119.63958333333333,0.5420833333333334,307.0,-0.002355487141176127,83.1639669418335,3.985694932937622,-0.00036434015491977335,0.0,387.48120574951173,0.6104166507720947,1126.9660313129425
963,1.5733180555555548,0.0025,0.00125,0.7291666666666666,0.6708333333333333,1.87875,0.8658527389665118,0.13414726103348865,3.046129962297627,0.2520833333333333,136.90875,0.63125,324.0,-0.007458255044184625,58.85712423324585,4.0534975051879885,0.00017346121894661336,0.0,483.2146530151367,0.6865768432617188,1128.1188282966614
964,1.5017388888888885,0.0020833333333333333,0.00125,0.7,0.6379166666666667,1.7770833333333333,0.8751090269636578,0.12489097303634229,3.1111371629542792,0.2633333333333333,124.68625,0.6091666666666666,296.0,-0.011010383325628936,78.24792351722718,4.008754867315292,0.0005507682149982429,0.0,310.3818943977356,0.5899592638015747,1129.2997031211853
965,1.4611027777777776,0.004166666666666667,0.0008333333333333334,0.6916666666666667,0.625,1.7445833333333334,0.8685168378313834,0.1314831621686171,3.0647241461667063,0.23916666666666667,117.18583333333333,0.5891666666666666,276.0,-0.0007553695002570748,75.32622804641724,4.144250160455703,0.0007611925393575802,0.0,248.81560382843017,0.6631501913070679,1130.450731754303
966,1.6141499999999986,0.0025,0.0008333333333333334,0.7458333333333333,0.68375,1.9125,0.87123311546841,0.12876688453159038,3.0825708061002177,0.25666666666666665,137.25916666666666,0.6120833333333333,321.0,0.002680860087275505,77.81327695846558,4.203250139951706,-0.0005919119648751803,0.0,716.7927933692932,0.6541000008583069,1131.6135063171387
967,1.5051833333333324,0.0025,0.0008333333333333334,0.7208333333333333,0.65,1.7966666666666666,0.8686085343228214,0.13139146567717996,3.0651669758812616,0.26416666666666666,125.09375,0.58875,298.0,-0.0028542464366182684,58.13302583694458,4.089733058214188,0.0007326450868276879,0.0,275.8820844650269,0.745660126209259,1132.7699403762817
968,1.5458125,0.002916666666666667,0.00125,0.7166666666666667,0.6570833333333334,1.8333333333333333,0.8720340909090906,0.12796590909090907,3.089318181818182,0.2525,132.20125,0.63,322.0,0.0009783432818949223,60.972132968902585,4.00255401134491,0.0013302030522027053,0.0,322.0710376739502,0.7718099355697632,1133.914345741272
969,1.5119097222222215,0.005,0.002916666666666667,0.7125,0.6466666666666666,1.8041666666666667,0.869110854503464,0.13088914549653577,3.0678983833718245,0.24833333333333332,129.87458333333333,0.6104166666666667,334.0,0.0019165680976584553,123.06812963485717,4.095474964380264,0.00021599183601210824,0.0,306.3129228591919,0.5048357248306274,1135.0730865001678
970,1.488549999999999,0.0025,0.00125,0.6833333333333333,0.63,1.7708333333333333,0.8694164705882351,0.13058352941176463,3.0698823529411765,0.245,134.74791666666667,0.6333333333333333,275.0,-0.004506397596560419,86.2639970779419,3.984297662973404,1.6799063178041252e-05,0.0,385.3551347732544,0.6962096691131592,1136.2455837726593
971,1.5579444444444444,0.005416666666666667,0.00125,0.7041666666666667,0.6583333333333333,1.8583333333333334,0.8674663677130057,0.13253363228699555,3.0565022421524666,0.23125,137.76333333333332,0.6275,318.0,0.005730161163955927,82.10340938568115,3.892053985595703,0.00011406765261199326,0.0,220.93308773040772,0.6732600927352905,1137.3938570022583
972,1.4216694444444438,0.005,0.0008333333333333334,0.6791666666666667,0.6058333333333333,1.69875,0.8666519499632083,0.13334805003679184,3.0515084621044886,0.21166666666666667,119.54041666666667,0.6254166666666666,252.0,0.013638692535459995,116.94745121002197,3.9243116438388825,-0.00045991740335011856,0.0,331.3725664138794,0.5026377439498901,1138.5716397762299
973,1.4546472222222209,0.0004166666666666667,0.0004166666666666667,0.6875,0.6179166666666667,1.7320833333333334,0.8665672359874905,0.133432764012509,3.050517199903777,0.24416666666666667,123.76291666666667,0.6383333333333333,270.0,0.0026568627916276457,62.17355890274048,3.9169468879699707,-2.4883155128918587e-05,0.0,238.13727197647094,0.7832408547401428,1139.7630960941315
974,1.5338902777777783,0.0008333333333333334,0.0004166666666666667,0.7041666666666667,0.6579166666666667,1.83,0.8655897085610205,0.13441029143898006,3.0441712204007287,0.25375,120.34875,0.52,313.0,-0.00131167930085212,84.99642086029053,3.8637284874916076,0.00020896136047667823,0.0,375.4843807220459,0.5975912809371948,1140.9400570392609
975,1.425580555555554,0.0016666666666666668,0.00125,0.675,0.6054166666666667,1.6941666666666666,0.8678209542547954,0.13217904574520412,3.059026069847516,0.21916666666666668,110.24833333333333,0.51,301.0,0.004245092021301388,112.69587211608886,3.9334647238254545,5.7610652584116905e-05,0.0,295.96729640960694,0.5784599184989929,1142.32563662529
976,1.5247263888888896,0.005833333333333334,0.0008333333333333334,0.7083333333333334,0.6479166666666667,1.8183333333333334,0.8691590284142987,0.13084097158570115,3.0685151237396884,0.23541666666666666,133.65166666666667,0.6475,326.0,-0.007571755105163902,59.00336050987244,3.9866222143173218,-9.322635496573639e-05,0.0,312.8610069274902,0.8005123138427734,1143.4757237434387
977,1.4730972222222227,0.002916666666666667,0.0008333333333333334,0.6916666666666667,0.6245833333333334,1.7525,0.867593913456966,0.13240608654303382,3.0572990965287685,0.22,129.45583333333335,0.6079166666666667,277.0,0.003702286258339882,82.26019191741943,3.919074910879135,-1.8766196990327445e-05,0.0,308.1136468887329,0.7498491406440735,1144.6417915821075
978,1.5438472222222215,0.005833333333333334,0.0008333333333333334,0.7083333333333334,0.6495833333333333,1.8391666666666666,0.8706162211146355,0.12938377888536473,3.0788400543724515,0.24625,136.55416666666667,0.625,337.0,-0.006573759717866778,60.011092615127566,3.9388673186302183,0.000153884848987218,0.0,516.2595924377441,0.7293789982795715,1145.8106153011322
979,1.5365166666666665,0.0020833333333333333,0.00125,0.7125,0.6545833333333333,1.8358333333333334,0.8648751702224242,0.13512482977757598,3.0388107126645485,0.24583333333333332,127.98375,0.5920833333333333,323.0,4.031239077448845e-05,73.26211278438568,3.9226614236831665,0.00015515938066528178,0.0,261.1036895751953,0.6400782465934753,1147.0109062194824
980,1.6081125000000016,0.0025,0.0008333333333333334,0.7375,0.6795833333333333,1.9079166666666667,0.8679777243939729,0.1320222756060275,3.059183227778991,0.23625,139.93,0.6333333333333333,329.0,0.00995191978290677,38.76810190677643,3.972337210178375,0.001936646841932088,0.0,270.63509101867675,0.8261609673500061,1148.1913576126099
981,1.4985305555555566,0.005833333333333334,0.0016666666666666668,0.6916666666666667,0.6354166666666666,1.7804166666666668,0.8722536859349408,0.12774631406505976,3.09033465948982,0.22541666666666665,117.545,0.5425,311.0,-0.009622999373823405,69.84981541633606,3.90260996222496,9.655955764173996e-05,0.0,315.38248405456545,0.5939774513244629,1149.353770494461
982,1.5202611111111115,0.004583333333333333,0.00125,0.7,0.6495833333333333,1.8191666666666666,0.8687494273934954,0.1312505726065047,3.0664223545579476,0.26875,119.23416666666667,0.5504166666666667,347.0,-0.007953006494790315,65.82006597518921,4.036895841360092,-0.00017750286788213997,0.0,253.10339565277098,0.7061604261398315,1150.5139062404633
983,1.586941666666666,0.0016666666666666668,0.0004166666666666667,0.7333333333333333,0.67,1.8770833333333334,0.8711786903440627,0.1288213096559379,3.0821309655937847,0.24958333333333332,135.9975,0.5954166666666667,354.0,-0.012780767190270126,64.76996688842773,4.101485675573349,0.0008973545267508598,0.0,425.4819463729858,0.7563287019729614,1151.6865446567535
984,1.5239791666666658,0.0033333333333333335,0.0008333333333333334,0.725,0.6470833333333333,1.8129166666666667,0.8705010342450009,0.1294989657549988,3.078602620087336,0.25,134.63166666666666,0.645,284.0,-0.00953886501956731,67.29211614131927,3.953024387359619,-0.00021740685697295702,0.0,302.7090112686157,0.7289272546768188,1152.8566377162933
985,1.4334124999999995,0.00375,0.0008333333333333334,0.6833333333333333,0.6216666666666667,1.7125,0.8691459854014597,0.13085401459854015,3.0686131386861315,0.25375,114.23875,0.5504166666666667,308.0,0.0033018328715115784,110.2578875541687,3.9258602976799013,-6.90108794515254e-05,0.0,384.5232349395752,0.4968932867050171,1154.018256187439
986,1.4075138888888885,0.0004166666666666667,0.0004166666666666667,0.6583333333333333,0.5975,1.6691666666666667,0.8706190713929111,0.12938092860708938,3.0793809286070895,0.2375,103.00583333333333,0.4791666666666667,295.0,0.003555443588265916,82.02242555618287,3.8899190604686735,0.000191249638737645,0.0,244.04709157943725,0.6391826272010803,1155.1959767341614
987,1.5004805555555556,0.00625,0.00125,0.7,0.645,1.8070833333333334,0.867493659211437,0.1325063407885636,3.058565828913996,0.27416666666666667,131.58875,0.6258333333333334,340.0,0.005499039287678897,81.09119596481324,4.079986411333084,0.00040470004314556717,0.0,228.4057123184204,0.7453240156173706,1156.3803417682648
988,1.5345152777777777,0.004583333333333333,0.0016666666666666668,0.7,0.6508333333333334,1.83,0.8702572859744998,0.12974271402550083,3.0767304189435336,0.25916666666666666,129.25583333333333,0.6325,288.0,-0.004879418900236488,68.57373280525208,3.9995089769363403,0.001127180366893299,0.0,255.58470983505248,0.7246652841567993,1157.577868461609
989,1.4917555555555546,0.0033333333333333335,0.0008333333333333334,0.6916666666666667,0.6329166666666667,1.7725,0.8739727315467798,0.12602726845322051,3.10272684532205,0.26958333333333334,119.01041666666667,0.5358333333333334,312.0,0.002471476187929511,89.62668504714966,3.9978995621204376,-0.0006314368452876806,0.0,250.44669284820557,0.6461181640625,1158.7476449012756
990,1.5040972222222222,0.00625,0.0008333333333333334,0.7083333333333334,0.6441666666666667,1.8029166666666667,0.8698867575687543,0.1301132424312456,3.0748786688236653,0.2679166666666667,132.655,0.6404166666666666,344.0,-0.0022656264249235392,80.35857257843017,4.125651109218597,-9.536873403703794e-05,0.0,373.984090423584,0.7001522183418274,1159.9103593826294
991,1.452206944444443,0.005833333333333334,0.00125,0.6958333333333333,0.62125,1.7454166666666666,0.8674218190498925,0.13257818095010748,3.057770350919074,0.26166666666666666,110.58875,0.5258333333333334,288.0,-0.0051285028574056925,84.7379753112793,4.023293083906173,0.00019693087233463302,0.0,266.6737518310547,0.6088670492172241,1161.0761225223541
992,1.5360750000000007,0.002916666666666667,0.0008333333333333334,0.725,0.6558333333333334,1.83375,0.868684389911384,0.13131561008861614,3.0668029993183366,0.2658333333333333,138.03958333333333,0.6554166666666666,304.0,0.004447693191468716,49.43623657226563,4.271196657419205,0.00040956361963253587,0.0,286.7359811782837,0.82676762342453,1162.2434220314026
993,1.4512305555555547,0.007083333333333333,0.00125,0.6791666666666667,0.6229166666666667,1.7354166666666666,0.8714573829531812,0.1285426170468188,3.085234093637455,0.24791666666666667,122.73958333333333,0.605,293.0,-0.012804090604186058,103.58710126876831,4.051730459928512,0.000296290717960801,0.0,366.0278539657593,0.5641937851905823,1163.4124202728271
994,1.5850402777777772,0.0025,0.0008333333333333334,0.7291666666666666,0.6779166666666666,1.8854166666666667,0.8722497237569067,0.12775027624309399,3.0917127071823205,0.28458333333333335,141.32625,0.6325,329.0,0.003953623306006193,40.79062201976776,4.130608004331589,0.0008558907162296237,0.0,305.0974329948425,0.8537970781326294,1164.5696594715118
995,1.5152944444444443,0.00375,0.0008333333333333334,0.7041666666666667,0.6416666666666667,1.80125,0.8709322229932918,0.12906777700670835,3.0816562572287762,0.24541666666666667,121.225,0.5683333333333334,301.0,0.002409313526004553,56.243456745147704,4.080171757936478,0.0001378310742438771,0.0,213.43038835525513,0.7659091353416443,1165.7305500507355
996,1.5523611111111104,0.0016666666666666668,0.0016666666666666668,0.7208333333333333,0.6616666666666666,1.8466666666666667,0.8715027075812274,0.1284972924187726,3.085740072202166,0.2783333333333333,131.61083333333335,0.6308333333333334,314.0,0.005744199326727539,98.37474822998047,3.912774294614792,-7.805171044310555e-05,0.0,378.7782272338867,0.49353814125061035,1166.9057960510254
997,1.5732861111111098,0.0008333333333333334,0.0008333333333333334,0.7291666666666666,0.6670833333333334,1.8716666666666666,0.8688156723063225,0.13118432769367774,3.067453250222618,0.2675,132.70625,0.6008333333333333,291.0,0.0038356599397957325,40.61042017936707,4.11208565235138,-8.747222163947299e-05,0.0,201.9863434791565,0.8105003833770752,1168.0609970092773
998,1.5784527777777768,0.008333333333333333,0.00125,0.725,0.6704166666666667,1.885,0.8728160919540237,0.12718390804597707,3.095711759504863,0.2629166666666667,143.00708333333333,0.6691666666666667,328.0,0.006504784710705281,55.04775171279907,4.0156985223293304,0.00011805856338469312,0.0,276.8895630836487,0.7775557041168213,1169.212860584259
999,1.4651319444444442,0.00625,0.00125,0.6916666666666667,0.6308333333333334,1.7579166666666666,0.8694358852808727,0.13056411471912774,3.0725290353164256,0.25916666666666666,130.77541666666667,0.635,315.0,-0.0017853924073278904,93.64192628860474,4.017856574058532,0.0002510154678930121,0.0,471.35641746521,0.6001097559928894,1170.3723857402802
1000,1.5332875000000006,0.002916666666666667,0.0008333333333333334,0.7125,0.6529166666666667,1.8208333333333333,0.8717139588100686,0.12828604118993137,3.0869565217391304,0.26,121.22625,0.5408333333333334,319.0,-0.0025381889194250108,54.83027009963989,4.013327717781067,0.000548231991706416,0.0,262.40854091644286,0.7671706676483154,1171.7236442565918
1001,1.5161930555555565,0.00125,0.0004166666666666667,0.7208333333333333,0.6491666666666667,1.8008333333333333,0.8707843590930129,0.12921564090698748,3.0807496529384544,0.26375,122.31375,0.54,350.0,0.004727186320815235,64.85042333602905,4.01620666384697,-0.0003415380313526839,0.0,301.44857797622683,0.7087473273277283,1172.883846282959
1002,1.5801749999999992,0.004583333333333333,0.0004166666666666667,0.7208333333333333,0.6629166666666667,1.8745833333333333,0.8739542120471221,0.12604578795287846,3.1022449433207377,0.2654166666666667,137.16958333333332,0.6541666666666667,343.0,-0.005731577612459659,66.5257354736328,3.966476821899414,0.0002305739415987773,0.0,352.05856943130493,0.7022192478179932,1174.0548141002655
1003,1.5630138888888883,0.004166666666666667,0.0008333333333333334,0.7208333333333333,0.6675,1.8616666666666666,0.8710608773500452,0.12893912264995522,3.083034914950761,0.2658333333333333,133.55333333333334,0.605,317.0,0.010500871622934938,57.92434105873108,4.224295544624328,-6.0781679349020126e-05,0.0,279.1306941986084,0.7109684944152832,1175.2486822605133
1004,1.5450611111111112,0.0075,0.0016666666666666668,0.7166666666666667,0.6608333333333334,1.845,0.8726242095754285,0.12737579042457087,3.093947606142728,0.2633333333333333,136.74833333333333,0.6175,327.0,0.009643996832892299,57.66518988609314,4.020467472076416,0.00017781687784008683,0.0,237.9074384689331,0.8122599720954895,1176.426476240158
1005,1.5615083333333326,0.0016666666666666668,0.00125,0.7208333333333333,0.6629166666666667,1.8504166666666666,0.8758432785408697,0.12415672145913077,3.1173159198378744,0.29333333333333333,129.16166666666666,0.6095833333333334,296.0,-0.0030866630375385286,52.45686459541321,4.010405796766281,-0.0002527046191971749,0.0,387.2545603752136,0.7556195259094238,1177.5834221839905
1006,1.4931208333333335,0.00375,0.0008333333333333334,0.7041666666666667,0.63875,1.7766666666666666,0.8719488742964355,0.12805112570356478,3.0891181988742966,0.25666666666666665,128.69583333333333,0.5995833333333334,297.0,-0.002844226127490401,102.28650832176208,4.0260062396526335,0.00019081040682067396,0.0,306.04201793670654,0.6265138387680054,1178.7298624515533
1007,1.4320180555555546,0.0020833333333333333,0.00125,0.6916666666666667,0.6133333333333333,1.6991666666666667,0.873469838155959,0.12653016184404126,3.098577734183423,0.25875,111.93208333333334,0.5266666666666666,311.0,-0.01127983487676829,94.28707838058472,3.9404969096183775,-0.0004716448951512575,0.0,354.228607749939,0.6145226955413818,1179.876081943512
1008,1.5871166666666658,0.0016666666666666668,0.00125,0.7291666666666666,0.67,1.8725,0.8754072096128176,0.12459279038718298,3.1128170894526033,0.2579166666666667,132.95291666666665,0.6058333333333333,354.0,-0.00852267723530531,70.6303150177002,4.0819121360778805,-3.938134577765595e-05,0.0,408.234255027771,0.6953555345535278,1181.0455355644226
1009,1.4905305555555548,0.006666666666666667,0.0025,0.6916666666666667,0.635,1.7704166666666667,0.8753683219581073,0.12463167804189214,3.112497058131325,0.24708333333333332,123.53,0.5754166666666667,275.0,0.008995106304064393,92.28391513824462,3.9744670510292055,0.0003010226384503767,0.0,478.1545013427734,0.5545467138290405,1182.1991395950317
1010,1.490159722222221,0.006666666666666667,0.00125,0.7041666666666667,0.6383333333333333,1.7833333333333334,0.8690537383177572,0.130946261682243,3.06892523364486,0.23583333333333334,123.14041666666667,0.5958333333333333,309.0,-0.0007369250757619739,68.37886109352112,4.052269947528839,-1.564879494253546e-05,0.0,376.18872871398924,0.7264056205749512,1183.3503756523132
1011,1.5269083333333346,0.00375,0.0008333333333333334,0.7083333333333334,0.6545833333333333,1.8208333333333333,0.8700411899313509,0.12995881006864982,3.075057208237986,0.265,132.75166666666667,0.62,320.0,0.0037435630918480458,71.14778842926026,3.986509418487549,0.00026089713601322727,0.0,373.49561138153075,0.7139389514923096,1184.4822449684143
1012,1.5292944444444438,0.00625,0.0008333333333333334,0.7208333333333333,0.6570833333333334,1.8320833333333333,0.8693745735728907,0.13062542642710934,3.0709574710029566,0.26958333333333334,135.35916666666665,0.66375,304.0,-0.0012851235922425985,43.893828821182254,3.961579328775406,0.0006520453243865632,0.0,312.4534610748291,0.818734884262085,1185.6345472335815
1013,1.471762499999999,0.0025,0.0008333333333333334,0.6916666666666667,0.6241666666666666,1.7533333333333334,0.8695888783269972,0.13041112167300378,3.0720057034220534,0.2529166666666667,116.76041666666667,0.5445833333333333,289.0,0.004381890315562487,77.99148397445678,3.8965969562530516,-0.0001413946389220655,0.0,304.1042187690735,0.6661263704299927,1186.7803494930267
1014,1.4362861111111114,0.0,0.0,0.675,0.61,1.70625,0.8701880341880347,0.1298119658119657,3.077899877899878,0.2504166666666667,123.1325,0.6104166666666667,236.0,0.0032685632817447186,82.333953332901,3.904003071784973,2.1547080723394175e-05,0.0,425.3351266860962,0.6241090297698975,1187.9264922142029
1015,1.4794833333333324,0.002916666666666667,0.0008333333333333334,0.7083333333333334,0.6325,1.7570833333333333,0.8741427555133976,0.12585724448660188,3.104576713303296,0.2679166666666667,122.56166666666667,0.58875,307.0,0.0004192114807665348,84.22103643417358,3.976035553216934,-0.0005792203104647342,0.0,541.7543577194214,0.6873347759246826,1189.0874211788177
1016,1.5905499999999997,0.004583333333333333,0.00125,0.725,0.6783333333333333,1.8954166666666667,0.8715805671576168,0.128419432842383,3.0857331281600353,0.27958333333333335,141.27208333333334,0.6295833333333334,342.0,-0.0053491687402129175,41.801506185531615,4.042808574438095,-0.00026049182233691683,0.0,292.2733937263489,0.8091763257980347,1190.2586982250214
1017,1.4313874999999996,0.00375,0.00125,0.675,0.6058333333333333,1.7020833333333334,0.8718066095471234,0.12819339045287642,3.087637698898409,0.23708333333333334,107.88916666666667,0.49416666666666664,265.0,-0.0031301718670874836,85.89382672309875,3.9219046413898466,-0.00019640039499790873,0.0,277.69535427093507,0.5584725141525269,1191.428704738617
1018,1.5481555555555553,0.004166666666666667,0.0016666666666666668,0.7333333333333333,0.6645833333333333,1.8504166666666666,0.868439540644,0.13156045935600091,3.0646250844404412,0.2629166666666667,129.57041666666666,0.6058333333333333,326.0,0.009320348082110286,78.76223020553589,4.048617112636566,0.00011053327398258261,0.0,606.6511280059815,0.5820661783218384,1192.5855295658112
1019,1.5788222222222241,0.0033333333333333335,0.0016666666666666668,0.7291666666666666,0.6704166666666667,1.86875,0.8747692307692307,0.12523076923076928,3.1076923076923078,0.26458333333333334,142.78375,0.6754166666666667,348.0,-0.01189485911745578,52.6434139251709,4.096169555187226,0.0005451213575724978,0.0,270.03505849838257,0.7913933396339417,1193.7309529781342
1020,1.573625,0.00125,0.0008333333333333334,0.7125,0.6616666666666666,1.8625,0.8718568232662198,0.12814317673378078,3.0881431767337806,0.25708333333333333,127.84333333333333,0.6045833333333334,325.0,-0.00818650797009468,73.76449546813964,4.070300543308258,-1.6293784574372695e-05,0.0,289.4390829086304,0.6835141777992249,1194.8766009807587
1021,1.602181944444445,0.002916666666666667,0.0008333333333333334,0.7375,0.6841666666666667,1.9054166666666668,0.8703411327356223,0.12965886726437792,3.077192215176033,0.2675,141.255,0.6304166666666666,321.0,0.002106705924961716,44.97885360717773,4.021791160106659,0.0001808061104384251,0.0,239.7955225944519,0.7982826232910156,1196.0306894779205
1022,1.50868611111111,0.0008333333333333334,0.0004166666666666667,0.6958333333333333,0.6358333333333334,1.7920833333333333,0.8700720762613343,0.12992792373866544,3.076028830504534,0.25666666666666665,126.18083333333334,0.60875,308.0,-0.015794444479979575,91.07619533538818,3.8848639845848085,0.0007081475661834702,0.0,358.954389667511,0.5877200365066528,1197.199007987976
1023,1.4570902777777783,0.00625,0.0020833333333333333,0.6875,0.6220833333333333,1.7425,0.8700023912003829,0.1299976087996174,3.075083692013391,0.24458333333333335,119.11083333333333,0.5491666666666667,291.0,0.012210560590028762,107.74561758041382,3.8394125282764433,5.490118683155742e-05,0.0,475.37511653900145,0.6011570692062378,1198.3560199737549
1024,1.5939083333333324,0.00625,0.00125,0.7291666666666666,0.6758333333333333,1.9025,0.8690056942619366,0.13099430573806392,3.0678931230836617,0.2475,144.16708333333332,0.6566666666666666,337.0,0.0026351172477006913,53.05189533233643,4.029460716247558,7.833265408407897e-05,0.0,394.2600635528564,0.7822551727294922,1199.5144822597504
1025,1.4433944444444446,0.005,0.0020833333333333333,0.675,0.6170833333333333,1.7166666666666666,0.8715970873786412,0.12840291262135922,3.0861650485436893,0.22666666666666666,114.53375,0.55625,268.0,-0.001770532550290227,69.57911553382874,3.8651749968528746,9.093066710192943e-05,0.0,290.66365175247194,0.6383206844329834,1200.8718736171722
1026,1.5454958333333328,0.005416666666666667,0.0025,0.7083333333333334,0.6491666666666667,1.8441666666666667,0.8682083145051976,0.1317916854948036,3.062358788974243,0.23291666666666666,124.47166666666666,0.5575,338.0,-0.0015866810455918313,58.62929577827454,3.766122633218765,0.0003746760254216497,0.0,491.63453283309934,0.621755063533783,1202.0215537548065
1027,1.5284333333333322,0.0020833333333333333,0.0008333333333333334,0.6916666666666667,0.64125,1.8054166666666667,0.8725455804292631,0.12745441957073614,3.092776367412878,0.22791666666666666,134.51041666666666,0.6804166666666667,286.0,0.004186958458740264,75.99447264671326,3.8720027625560762,-0.0001634090207517147,0.0,416.36427516937255,0.6098283529281616,1203.161857366562
1028,1.5929958333333325,0.002916666666666667,0.0008333333333333334,0.7333333333333333,0.6779166666666666,1.8929166666666666,0.8702817521461589,0.12971824785384106,3.076601364736958,0.25916666666666666,144.1125,0.6825,332.0,-0.004303527204319835,56.193715524673465,3.9482835114002226,-0.000371826639820938,0.0,538.1635513305664,0.7654891610145569,1204.3106143474579
1029,1.553587499999999,0.005416666666666667,0.0025,0.7,0.6554166666666666,1.84375,0.8734711864406776,0.12652881355932202,3.098983050847458,0.24791666666666667,143.93083333333334,0.6533333333333333,310.0,0.0010850240301806479,97.14742126464844,3.9012031733989714,0.0002821810201567132,0.0,384.85656757354735,0.713038980960846,1205.4702672958374
1030,1.5198250000000006,0.0,0.0,0.7166666666666667,0.64625,1.8041666666666667,0.869879907621247,0.13012009237875274,3.0748267898383372,0.2575,132.27916666666667,0.6079166666666667,276.0,-0.0033650979166850448,49.81087725162506,4.073958563804626,0.00016258804025710561,0.0,275.7879060745239,0.8038231730461121,1206.6209540367126
1031,1.501283333333334,0.005416666666666667,0.00125,0.6958333333333333,0.6391666666666667,1.7933333333333332,0.8686291821561334,0.13137081784386598,3.0648234200743496,0.24083333333333334,129.825,0.6370833333333333,281.0,0.005589009937830269,48.95471878051758,3.932918429374695,-0.0009073406021343544,0.0,275.26446018218996,0.8455532193183899,1207.7951719760895
1032,1.5190361111111113,0.0020833333333333333,0.00125,0.6916666666666667,0.6479166666666667,1.8120833333333333,0.8679052655782936,0.1320947344217061,3.0613934237755807,0.25583333333333336,126.70208333333333,0.5820833333333333,329.0,-0.009922669068328106,61.61867170333862,3.8520114719867706,0.0004007377166999504,0.0,235.12548065185547,0.7505044341087341,1208.9864721298218
1033,1.5132527777777776,0.004583333333333333,0.0008333333333333334,0.7083333333333334,0.6429166666666667,1.8083333333333333,0.8675437788018434,0.13245622119815675,3.0585253456221198,0.23833333333333334,126.71208333333334,0.6141666666666666,330.0,-0.007524126209318638,98.45947818756103,3.919670522212982,0.0006930510666279588,0.0,284.62469301223757,0.5626011490821838,1210.1220662593842
1034,1.5700055555555539,0.0008333333333333334,0.0004166666666666667,0.7333333333333333,0.6670833333333334,1.86,0.8706720430107534,0.12932795698924732,3.079301075268817,0.25083333333333335,130.63291666666666,0.6079166666666667,291.0,-0.01755802007392049,54.68095054626465,4.128966671228409,0.001282378495670855,0.0,295.3776735782623,0.7517804503440857,1211.275850057602
1035,1.5065402777777779,0.002916666666666667,0.0008333333333333334,0.7125,0.6504166666666666,1.80875,0.8648997926745,0.13510020732550107,3.040082930200415,0.2658333333333333,124.43583333333333,0.5833333333333334,301.0,0.001598430355079472,76.4846691608429,4.025724536180496,0.000394384132232517,0.0,331.41482677459715,0.6301948428153992,1212.4264888763428
1036,1.4664763888888879,0.005416666666666667,0.0020833333333333333,0.6916666666666667,0.62625,1.7495833333333333,0.8718051917123115,0.12819480828768756,3.087639914265301,0.2554166666666667,117.80291666666666,0.5770833333333333,281.0,0.0050174955900729405,91.18828382492066,4.044014132022857,0.00021678088087355717,0.0,306.5700031280518,0.5734051465988159,1213.58970952034
1037,1.5266930555555551,0.004166666666666667,0.00125,0.725,0.6591666666666667,1.8229166666666667,0.8722811428571432,0.12771885714285713,3.091885714285714,0.28625,124.9075,0.57,341.0,0.006354910973459482,60.15357046127319,4.025144189596176,5.143366979609709e-05,0.0,328.41731395721433,0.6914920806884766,1214.7513403892517
1038,1.4785638888888892,0.002916666666666667,0.0008333333333333334,0.6875,0.625,1.7570833333333333,0.8722361868626995,0.1277638131373014,3.0910599952572917,0.25333333333333335,111.47958333333334,0.51875,316.0,-0.0005835938733071089,88.80269684791566,3.8995516180992125,2.480581897543743e-05,0.0,210.36620235443115,0.6134684085845947,1215.9062993526459
1039,1.5910041666666668,0.004583333333333333,0.0008333333333333334,0.7375,0.67875,1.8929166666666666,0.8706603565925606,0.12933964340744003,3.079022672243011,0.25916666666666666,139.55916666666667,0.6404166666666666,303.0,-0.0006723090540617704,52.70800204277039,3.9927078604698183,-0.0007068711798638106,0.0,518.4729142189026,0.8095507621765137,1217.056513786316
1040,1.5470833333333311,0.0020833333333333333,0.0008333333333333334,0.7125,0.6470833333333333,1.8304166666666666,0.873321192806738,0.126678807193262,3.0978829956749374,0.25125,133.83541666666667,0.6304166666666666,335.0,0.0015043061459437013,47.19301204681396,4.00761449933052,0.00013450032001856017,0.0,219.61122856140136,0.8247984051704407,1218.2104897499084
1041,1.4845305555555555,0.0020833333333333333,0.00125,0.6791666666666667,0.6283333333333333,1.7620833333333332,0.8723196973279733,0.12768030267202646,3.092456845589974,0.24833333333333332,128.97166666666666,0.5995833333333334,315.0,0.0007586255902424455,93.0696813583374,3.9637278735637667,-0.0006636991478444543,0.0,206.3452938079834,0.6355869174003601,1219.3574872016907
1042,1.5539472222222224,0.0008333333333333334,0.0008333333333333334,0.7291666666666666,0.6645833333333333,1.8504166666666666,0.8703310065300616,0.12966899346993926,3.0781355550551677,0.28791666666666665,134.89791666666667,0.6291666666666667,340.0,0.0018124555004760622,52.164179134368894,4.120728355646134,8.277159067802132e-05,0.0,218.26640133857728,0.793498694896698,1220.51060628891
1043,1.458406944444443,0.00375,0.00125,0.675,0.6154166666666666,1.7325,0.8744612794612795,0.12553872053872053,3.107984607984608,0.2575,116.10291666666667,0.5183333333333333,309.0,0.013186358998063951,91.96152248382569,3.944650012254715,4.7586594882886855e-05,0.0,337.69813508987426,0.619253396987915,1221.6756439208984
1044,1.5464458333333329,0.0004166666666666667,0.0004166666666666667,0.7125,0.6570833333333334,1.8329166666666667,0.8718958854285063,0.12810411457149343,3.0891111616276428,0.2658333333333333,131.67625,0.61,298.0,0.011412513250252231,68.37376832962036,4.124905663728714,-7.98102941189427e-05,0.0,307.5207413196564,0.8100377917289734,1222.8567707538605
1045,1.4337222222222217,0.004166666666666667,0.0004166666666666667,0.675,0.6154166666666666,1.7170833333333333,0.8680174714875034,0.131982528512497,3.060907546711963,0.2520833333333333,109.70791666666666,0.5029166666666667,272.0,-0.005666234705131501,114.713148021698,3.8891594767570496,0.00039378851652145387,0.0,244.77368659973143,0.6086404919624329,1224.0306227207184
1046,1.567491666666667,0.0020833333333333333,0.0008333333333333334,0.7375,0.665,1.8558333333333332,0.8756129321957792,0.12438706780422097,3.1138302649303995,0.28833333333333333,134.42666666666668,0.6395833333333333,339.0,-0.005531355505809188,65.34906044006348,4.265755385160446,7.779009029036388e-05,0.0,505.13571405410767,0.6683101654052734,1225.1784160137177
1047,1.5669458333333337,0.00375,0.0008333333333333334,0.7166666666666667,0.6629166666666667,1.85625,0.8762446689113363,0.12375533108866435,3.1189674523007858,0.2825,140.4725,0.6679166666666667,347.0,0.014185329363681377,30.35026216506958,4.18652772307396,0.00016989739233395085,0.0,203.34503889083862,0.8770558834075928,1226.3351111412048
1048,1.4714541666666663,0.005,0.0016666666666666668,0.675,0.625,1.7554166666666666,0.87289105150724,0.12710894849276047,3.0951815808212677,0.265,110.88416666666667,0.5216666666666666,278.0,0.003026273939758539,93.6485466003418,4.1040536046028135,0.0002633592739584856,0.0,352.18115558624265,0.6333672404289246,1227.5044317245483
1049,1.3264819444444453,0.0025,0.0008333333333333334,0.6125,0.5633333333333334,1.5716666666666668,0.876826617179214,0.12317338282078463,3.124337221633086,0.24625,95.3175,0.4116666666666667,238.0,0.001578675676137209,133.439595413208,3.91211576461792,3.8699977449141445e-05,0.0,375.0280347824097,0.5884513854980469,1228.685293674469
1050,1.5803083333333316,0.0,0.0,0.7,0.6629166666666667,1.8745833333333333,0.8710246721493673,0.12897532785063365,3.0824627695043345,0.2775,130.09625,0.6145833333333334,296.0,0.00019078962504863738,114.85495104789734,4.249513465166092,-0.00011358445808582474,0.0,1011.0458669662476,0.47395503520965576,1230.029928445816
1051,1.479597222222222,0.0016666666666666668,0.0008333333333333334,0.6791666666666667,0.62875,1.7520833333333334,0.8743638525564793,0.12563614744351947,3.1053507728894174,0.25708333333333333,131.32916666666668,0.6566666666666666,287.0,-0.008083903416991233,97.42360348701477,4.023886638879776,0.0008895741528249345,0.0,245.64200553894042,0.6940672397613525,1231.185596704483
1052,1.424115277777777,0.0025,0.00125,0.6583333333333333,0.6,1.68875,0.8782901554404128,0.1217098445595854,3.134715025906736,0.285,115.52791666666667,0.6016666666666667,252.0,0.00229580020532012,99.44918012619019,4.040643161535263,-0.0005019043892389163,0.0,317.89942569732665,0.5734478235244751,1232.3339004516602
1053,1.590763888888889,0.002916666666666667,0.00125,0.7416666666666667,0.6729166666666667,1.88625,0.8765186657830795,0.1234813342169208,3.1208305721228187,0.30625,140.4925,0.6591666666666667,338.0,0.0042850247817114,80.23036856651306,4.200057911872864,0.00026283512661393613,0.0,554.6589479446411,0.6379060745239258,1233.514056444168
1054,1.4657055555555552,0.0020833333333333333,0.0008333333333333334,0.6916666666666667,0.6233333333333333,1.7416666666666667,0.8742488038277513,0.1257511961722489,3.105980861244019,0.2725,116.6525,0.5520833333333334,277.0,-0.00011064235586673021,77.07325744628906,4.07370633482933,0.0005071567993581994,0.0,215.32133378982545,0.6711629629135132,1234.6584281921387
1055,1.5367430555555557,0.005833333333333334,0.0020833333333333333,0.7166666666666667,0.65375,1.8329166666666667,0.8772107297112978,0.1227892702887019,3.126392361900432,0.31916666666666665,127.89708333333333,0.6245833333333334,300.0,0.010185830877162516,46.310236310958864,4.013140004873276,-0.00020729097013827413,0.0,408.8429281234741,0.7267374992370605,1235.8457188606262
1056,1.4954666666666645,0.005833333333333334,0.00125,0.6958333333333333,0.6341666666666667,1.77375,0.8779938924124966,0.12200610758750288,3.131548038524783,0.27375,126.49375,0.5979166666666667,271.0,-0.007802916201762855,61.41558470726013,4.120045667886734,0.00033681127169984395,0.0,348.0220643997192,0.6742165088653564,1237.0196385383606
1057,1.494269444444443,0.0008333333333333334,0.0008333333333333334,0.7041666666666667,0.6354166666666666,1.7733333333333334,0.8738439849624052,0.12615601503759388,3.1029135338345863,0.2833333333333333,122.71041666666666,0.5875,300.0,0.007571206334978342,48.216847038269044,4.096253883838654,0.00022890168911544607,0.0,219.01624298095703,0.781683623790741,1238.1715261936188
1058,1.529058333333333,0.0016666666666666668,0.00125,0.7166666666666667,0.6504166666666666,1.8116666666666668,0.87482520699172,0.12517479300827966,3.1085556577736893,0.28375,132.52083333333334,0.6320833333333333,290.0,-0.003212927794083953,70.65946197509766,4.08456751704216,-4.290076867619064e-05,0.0,598.0469566345215,0.7179306745529175,1239.3190486431122
1059,1.4893125000000005,0.0020833333333333333,0.0004166666666666667,0.6875,0.63625,1.765,0.8749645892351275,0.12503541076487254,3.1104815864022664,0.2683333333333333,125.70583333333333,0.6141666666666666,295.0,0.000564725766889751,68.01180953979492,4.186594820022583,0.0011454795487225056,0.0,314.33540964126587,0.7222567796707153,1240.474412202835
1060,1.528113888888888,0.0008333333333333334,0.0008333333333333334,0.7083333333333334,0.6466666666666666,1.80375,0.8788727188727187,0.121127281127281,3.1383691383691383,0.29583333333333334,134.10583333333332,0.6266666666666667,287.0,0.010661409204476512,76.17164692878723,4.247631853818893,7.012945934548043e-05,0.0,341.64776096343996,0.7752244472503662,1241.6581315994263
1061,1.5033111111111102,0.004166666666666667,0.0008333333333333334,0.6958333333333333,0.6425,1.79,0.8783240223463684,0.12167597765363129,3.1347765363128492,0.3179166666666667,121.42916666666666,0.6025,305.0,0.01142496787942946,76.57214612960816,4.128302842378616,-0.0005410230533016147,0.0,350.9025888442993,0.6881604194641113,1242.838225364685
1062,1.533970833333333,0.00125,0.0008333333333333334,0.6916666666666667,0.6454166666666666,1.8095833333333333,0.8794681096016578,0.12053189039834217,3.1427584618927007,0.29125,130.2975,0.5870833333333333,334.0,-0.001981041254475713,51.510679268836974,4.182477760314941,7.461572895408607e-05,0.0,208.43444995880128,0.834723174571991,1244.0046620368958
1063,1.5789930555555554,0.0033333333333333335,0.0008333333333333334,0.7416666666666667,0.6695833333333333,1.8641666666666667,0.8819289226642825,0.11807107733571745,3.160035762181493,0.30541666666666667,134.26333333333332,0.60875,347.0,0.00010046972893178463,90.48051981925964,4.256663388013839,-0.00032463759707752616,0.0,563.926400566101,0.5602376461029053,1245.1651275157928
1064,1.507234722222221,0.002916666666666667,0.0008333333333333334,0.7,0.6383333333333333,1.7870833333333334,0.8791163441361624,0.1208836558638377,3.141291676381441,0.30333333333333334,120.92208333333333,0.545,320.0,0.007152102165855467,82.96579694747925,4.215843063592911,-3.249919877816865e-05,0.0,303.57738761901857,0.6341469883918762,1246.317379951477
1065,1.5035208333333328,0.0025,0.0008333333333333334,0.7041666666666667,0.64,1.7870833333333334,0.8788645371881557,0.12113546281184424,3.1391932851480533,0.32625,122.36125,0.5845833333333333,283.0,-0.0007397720590233802,73.80718250274658,4.073160094022751,0.0007417935412377119,0.0,274.23149290084837,0.6888221502304077,1247.4819540977478
1066,1.5240847222222214,0.0004166666666666667,0.0004166666666666667,0.7041666666666667,0.6454166666666666,1.79625,0.8812270934817906,0.11877290651820922,3.1549524472280215,0.30291666666666667,129.72291666666666,0.5895833333333333,323.0,-0.011717683449387551,87.37695474624634,4.129598325490951,-0.0006846450029115658,0.0,259.14648780822756,0.7239168882369995,1248.6495716571808
1067,1.5666583333333337,0.002916666666666667,0.00125,0.7041666666666667,0.6545833333333333,1.8425,0.8856806874717311,0.11431931252826774,3.1876978742650386,0.3125,140.36416666666668,0.65,295.0,-0.005573797070701403,64.45618047714234,4.316304790973663,-0.0009174779821478296,0.0,326.63714733123777,0.7771866321563721,1249.8092381954193
1068,1.5618166666666653,0.005416666666666667,0.0004166666666666667,0.7083333333333334,0.6570833333333334,1.8529166666666668,0.8804497413986953,0.1195502586013042,3.149539015066337,0.31166666666666665,133.73125,0.6154166666666666,305.0,0.0028276875149458648,75.8136043548584,4.211935740709305,0.0010584207135252654,0.0,337.0534536361694,0.7582850456237793,1250.9611909389496
1069,1.5291375,0.0033333333333333335,0.0008333333333333334,0.725,0.6504166666666666,1.81,0.8810842541436462,0.11891574585635352,3.154696132596685,0.30916666666666665,124.99958333333333,0.57625,328.0,-0.002296731877140701,76.49494767189026,4.337544417381286,0.0007917707262095064,0.0,487.6846170425415,0.6013555526733398,1252.11465549469
1070,1.4893097222222214,0.004583333333333333,0.0016666666666666668,0.6833333333333333,0.63,1.76375,0.8845995747696662,0.11540042523033307,3.1800141743444366,0.31875,126.01625,0.6004166666666667,276.0,0.0028970275074243546,105.2603313446045,4.295070725679397,0.00018714953475864604,0.0,415.01113920211793,0.5343296527862549,1253.2762081623077
1071,1.5477694444444443,0.0008333333333333334,0.0008333333333333334,0.7208333333333333,0.6554166666666666,1.825,0.8829863013698631,0.11701369863013698,3.1678082191780823,0.3275,132.92416666666668,0.6375,285.0,-0.004009904200211167,49.59487867355347,4.340588307380676,0.0006941212130186613,0.0,364.2713431358337,0.8018049597740173,1254.4230027198792
1072,1.5205874999999995,0.0008333333333333334,0.0008333333333333334,0.7125,0.6433333333333333,1.7945833333333334,0.882379846761086,0.11762015323891342,3.163687021128396,0.31708333333333333,123.69375,0.5954166666666667,299.0,0.008779322053305805,51.89096240997314,4.324332112073899,2.9177096439525486e-05,0.0,223.29199895858764,0.7440121173858643,1255.576669216156
1073,1.4840277777777775,0.01,0.002916666666666667,0.7083333333333334,0.64,1.7783333333333333,0.8806232427366446,0.11937675726335512,3.1532333645735706,0.3179166666666667,125.67291666666667,0.6254166666666666,271.0,0.0012020530179142953,62.41366724967956,4.347637009620667,0.00011577608529478312,0.0,293.0937127113342,0.718080997467041,1256.7367939949036
1074,1.5978416666666664,0.0016666666666666668,0.0004166666666666667,0.7416666666666667,0.6858333333333333,1.9020833333333333,0.879040525739321,0.12095947426067905,3.1417305585980286,0.3575,140.58833333333334,0.65875,346.0,-0.004437047615647316,51.98964796066284,4.431167542934418,-0.00047359263044199906,0.0,338.42323341369627,0.7610067129135132,1257.8766145706177
1075,1.521869444444444,0.004583333333333333,0.0008333333333333334,0.7041666666666667,0.6454166666666666,1.8133333333333332,0.8801286764705881,0.11987132352941181,3.1482077205882355,0.3325,128.03916666666666,0.6004166666666667,289.0,0.0030478524859063327,53.910067892074586,4.259684479236602,0.0022422136302338914,0.0,194.5360198020935,0.7529182434082031,1259.2377429008484
1076,1.5283736111111115,0.00125,0.0008333333333333334,0.6958333333333333,0.6458333333333334,1.8108333333333333,0.8801035434882649,0.11989645651173492,3.1488725264611137,0.32083333333333336,122.11166666666666,0.59125,302.0,-0.0030193008948117494,91.07547130584717,4.223061215877533,0.00030773761973250656,0.0,291.1378638267517,0.6093257665634155,1260.382292509079
1077,1.578956944444444,0.0025,0.0016666666666666668,0.7375,0.6708333333333333,1.8708333333333333,0.8796948775055686,0.1203051224944321,3.1452115812917594,0.3225,136.81541666666666,0.6191666666666666,301.0,0.003587647044332698,58.186508655548096,4.318291711807251,5.1282916683703664e-05,0.0,511.5108799934387,0.7576727867126465,1261.538634777069
1078,1.5810236111111093,0.004166666666666667,0.0016666666666666668,0.7208333333333333,0.6716666666666666,1.8720833333333333,0.8827709770754506,0.1172290229245493,3.166036056087247,0.3329166666666667,132.54958333333335,0.5966666666666667,297.0,0.00684722198639065,59.59397258758545,4.377227163314819,-9.690367951407098e-05,0.0,279.0772533416748,0.7569091320037842,1262.7200191020966
1079,1.5982902777777774,0.0025,0.0008333333333333334,0.7333333333333333,0.6729166666666667,1.8904166666666666,0.8827925942252584,0.11720740577474097,3.1666299316729116,0.3416666666666667,138.62541666666667,0.65625,352.0,0.0025209497835021466,44.80292086601257,4.37214994430542,0.0001199731879751198,0.0,291.68357248306273,0.8229396939277649,1263.8984003067017
1080,1.50911111111111,0.004166666666666667,0.0016666666666666668,0.6791666666666667,0.64125,1.7858333333333334,0.8839710685954263,0.11602893140457296,3.175221651889874,0.31875,118.86125,0.5466666666666666,298.0,0.004204453434795141,106.14907646179199,4.15946426987648,-0.0009591381280188216,0.0,348.34221534729005,0.5254189968109131,1265.0540947914124
1081,1.468458333333333,0.0033333333333333335,0.00125,0.675,0.6266666666666667,1.7408333333333332,0.8819530876017229,0.11804691239827672,3.1606031594064143,0.31416666666666665,122.57916666666667,0.6345833333333334,254.0,-0.006597605068236589,89.80966973304749,4.21735235452652,8.4657795378007e-05,0.0,384.858043384552,0.6721059083938599,1266.2232451438904
1082,1.528430555555556,0.004166666666666667,0.00125,0.7,0.64625,1.8108333333333333,0.8830878969167042,0.11691210308329489,3.169351127473539,0.32166666666666666,130.71875,0.5854166666666667,323.0,0.008159144199453294,123.29033560752869,4.258890050649643,-0.00012776692983607063,0.0,367.530771446228,0.6054266691207886,1267.386011838913
1083,1.4657277777777775,0.00375,0.0008333333333333334,0.6625,0.6154166666666666,1.7270833333333333,0.8861471652593476,0.11385283474065136,3.1905910735826297,0.29833333333333334,120.28,0.5858333333333333,312.0,0.005374698399100453,101.60373115539551,4.222639346122742,0.0004769427414430538,0.0,218.96851902008058,0.6103842258453369,1268.5466620922089
1084,1.498086111111112,0.004583333333333333,0.0008333333333333334,0.7041666666666667,0.6429166666666667,1.7825,0.8816596540439456,0.11834034595605424,3.1594202898550723,0.33,126.33333333333333,0.5829166666666666,292.0,0.005575133487582207,75.45733585357667,4.185396200418472,0.00029806343954987826,0.0,442.3309747695923,0.6481455564498901,1269.689705133438
1085,1.571544444444443,0.00125,0.0008333333333333334,0.7125,0.6625,1.8545833333333333,0.8827319703437428,0.11726802965625698,3.1653560997528647,0.33541666666666664,129.41625,0.62875,322.0,0.004891406535170973,45.42479548454285,4.220521545410156,0.0008277102527699754,0.0,183.5299786567688,0.7875910997390747,1270.8415281772614
1086,1.5524152777777762,0.002916666666666667,0.0008333333333333334,0.7208333333333333,0.66,1.8395833333333333,0.8810033975084934,0.11899660249150618,3.154246885617214,0.3275,134.05291666666668,0.6079166666666667,338.0,0.005029509449377656,68.71325807571411,4.25037944316864,7.984335534274578e-05,0.0,298.082177734375,0.7559908628463745,1272.002869606018
1087,1.5290597222222215,0.002916666666666667,0.00125,0.7,0.6483333333333333,1.8104166666666666,0.8808768699654771,0.11912313003452242,3.1535097813578825,0.3145833333333333,131.82333333333332,0.6208333333333333,296.0,-0.015372277272399515,82.17267227172852,4.260829263925553,4.7263471060432494e-05,0.0,347.69938526153567,0.6595935821533203,1273.1617782115936
1088,1.6437305555555546,0.0004166666666666667,0.0004166666666666667,0.75,0.6925,1.93625,0.8829610501398749,0.11703894986012477,3.168710996341726,0.34375,144.52375,0.6391666666666667,335.0,-0.011788654490374029,77.9917754650116,4.288447219133377,7.138917826523538e-05,0.0,626.6226270675659,0.5980639457702637,1274.2981960773468
1089,1.4995555555555553,0.002916666666666667,0.00125,0.6958333333333333,0.6333333333333333,1.7679166666666666,0.8837143530520853,0.1162856469479142,3.1718123968889937,0.3016666666666667,120.0825,0.5845833333333333,313.0,-0.0007628508610650897,75.18353481292725,4.153982990980149,-0.0017474312327976805,0.0,324.2125774383545,0.5909757018089294,1275.4519717693329
1090,1.5803402777777764,0.004166666666666667,0.0004166666666666667,0.7166666666666667,0.6679166666666667,1.8679166666666667,0.8838166406424267,0.11618335935757303,3.1739906312737007,0.32666666666666666,138.15916666666666,0.6416666666666667,331.0,-0.0007031738990917802,85.64565868377686,4.252715885639191,-1.265811879420653e-05,0.0,384.2765733718872,0.6555922031402588,1276.613821029663
1091,1.6115861111111114,0.0004166666666666667,0.0004166666666666667,0.725,0.68375,1.8991666666666667,0.8821061869240899,0.11789381307591049,3.1608161474330845,0.34,146.68583333333333,0.66375,319.0,-0.0076795498374849554,61.9277446269989,4.269435375928879,0.0004206933081150055,0.0,298.2496956825256,0.7150962948799133,1277.7784736156464
1092,1.4428583333333327,0.006666666666666667,0.0020833333333333333,0.6708333333333333,0.6170833333333333,1.7166666666666666,0.8826116504854368,0.1173883495145631,3.1650485436893203,0.30916666666666665,108.95458333333333,0.5091666666666667,290.0,0.003089559474028647,128.60921697616578,4.123661559820175,-0.00017444996046833694,0.0,253.2394313812256,0.5811092853546143,1278.9477531909943
1093,1.5298805555555561,0.0025,0.0008333333333333334,0.6958333333333333,0.64375,1.8025,0.8855478502080438,0.11445214979195556,3.1858529819694867,0.32416666666666666,123.91166666666666,0.5858333333333333,344.0,0.007182899978943169,65.26050071716308,4.194939750432968,0.00045304661616683004,0.0,266.81056156158445,0.7343788743019104,1280.1010251045227
1094,1.5518374999999978,0.012916666666666667,0.0025,0.7208333333333333,0.6625,1.8675,0.8803904506916557,0.11960954930834447,3.151048639000446,0.3375,131.54666666666665,0.58,349.0,-0.0010195779846981167,50.44627175331116,4.226215678453445,-0.0006327179415166028,0.0,271.5402997970581,0.7460694313049316,1281.258416891098
1095,1.4762402777777777,0.004166666666666667,0.00125,0.6958333333333333,0.62625,1.74875,0.8826090064331653,0.11739099356683338,3.165117941386705,0.30625,115.28625,0.5020833333333333,308.0,-0.0004240918904542923,87.2064642906189,4.291397905349731,0.0004220510018058121,0.0,301.9781888008118,0.6286956071853638,1282.423223733902
1096,1.4758166666666659,0.0008333333333333334,0.0004166666666666667,0.6875,0.6220833333333333,1.7329166666666667,0.8848184659773981,0.1151815340226016,3.1805722529454195,0.29875,118.2925,0.5908333333333333,266.0,-0.012609572522342205,108.47530961036682,4.382796591520309,0.00015576712758047506,0.0,344.08197727203367,0.5954806804656982,1283.5713407993317
1097,1.4444083333333326,0.005416666666666667,0.00125,0.6708333333333333,0.6133333333333333,1.7170833333333333,0.8814802232467848,0.11851977675321519,3.1582140257219122,0.305,116.48333333333333,0.5804166666666667,282.0,-0.003636920778080821,83.62657489776612,4.139606773853302,0.00020373860679683274,0.0,300.05831813812256,0.7259966135025024,1284.7183413505554
1098,1.5108236111111106,0.007083333333333333,0.0016666666666666668,0.6958333333333333,0.6416666666666667,1.7920833333333333,0.8838200418507315,0.11617995814926757,3.17368053940944,0.31166666666666665,127.75166666666667,0.6075,298.0,-0.00593387468252331,75.36229438781739,4.11648353934288,0.0001497382687375648,0.0,351.0600478172302,0.8006268739700317,1285.8695952892303
1099,1.5570555555555545,0.00375,0.00125,0.7041666666666667,0.65875,1.8404166666666666,0.8848992528865743,0.11510074711342533,3.182023998188816,0.33125,125.88708333333334,0.5866666666666667,322.0,0.003899934492073953,63.50400133132935,4.157624113559723,0.0002707455336349085,0.0,451.4100509643555,0.754302978515625,1287.0186553001404
1100,1.577723611111111,0.0033333333333333335,0.0008333333333333334,0.7291666666666666,0.6708333333333333,1.8658333333333332,0.8849642697632872,0.11503573023671287,3.1820008932559176,0.3516666666666667,132.0775,0.60375,354.0,-0.003138643829151988,48.89504389762878,4.497170913219452,0.002621616312171682,0.0026041666977107527,225.55875720977784,0.7931421995162964,1288.3662974834442
1101,1.5428888888888879,0.002916666666666667,0.00125,0.725,0.6533333333333333,1.8225,0.8844535893918608,0.11554641060813904,3.1787837219935984,0.32875,132.97166666666666,0.6241666666666666,340.0,0.006329374969936907,57.4369140625,4.482226884365081,-0.0003953461091441568,0.0,210.41565322875977,0.7720394730567932,1289.511958360672
1102,1.5252486111111099,0.005833333333333334,0.00125,0.7166666666666667,0.6529166666666667,1.81625,0.8804611149346182,0.11953888506538206,3.150034411562285,0.32458333333333333,129.95875,0.6179166666666667,363.0,-0.001153230480849743,70.76623239517212,4.296801048517227,-0.0009657909191446379,0.0,230.252668094635,0.6690324544906616,1290.6534087657928
1103,1.519129166666667,0.0025,0.00125,0.7125,0.6491666666666667,1.80875,0.8770813176687394,0.12291868233126003,3.128081087307072,0.31166666666666665,126.18916666666667,0.61,303.0,-0.003818170726299286,56.112363719940184,4.188944000005722,-0.0004293801641324535,0.0,227.0584171295166,0.8148841857910156,1291.8078339099884
1104,1.4370666666666665,0.0025,0.0008333333333333334,0.6791666666666667,0.6129166666666667,1.7133333333333334,0.8763278210116728,0.1236721789883268,3.122568093385214,0.30291666666666667,112.90666666666667,0.5566666666666666,252.0,0.0008575479034334422,104.9873161315918,4.104442453384399,0.0010485676408279686,0.0,343.6044034957886,0.48214149475097656,1292.9553034305573
1105,1.5623152777777776,0.0008333333333333334,0.0008333333333333334,0.7125,0.6583333333333333,1.845,0.8793789521228542,0.12062104787714542,3.142728093947606,0.30083333333333334,135.855,0.6354166666666666,356.0,0.005576649168506265,62.50278244018555,4.220246082544326,-3.958193974540336e-05,0.0,439.93209075927734,0.7440395355224609,1294.135692358017
1106,1.3642236111111112,0.005,0.0008333333333333334,0.6458333333333334,0.5825,1.625,0.8797358974358978,0.12026410256410258,3.144871794871795,0.2875,92.31208333333333,0.36833333333333335,233.0,0.0006640576291829347,144.10404939651488,4.199950104951858,-0.0001454792480217293,0.0,320.91437473297117,0.44594359397888184,1295.3141040802002
1107,1.510616666666667,0.0,0.0,0.6875,0.6316666666666667,1.7795833333333333,0.8811706860220091,0.11882931397799107,3.1545305549051745,0.30375,116.73625,0.525,326.0,0.0020585172576829793,70.14476070404052,4.088359242677688,0.00035810582267004065,0.0,318.77533664703367,0.7495391368865967,1296.465330839157
1108,1.4342125000000006,0.007916666666666667,0.0016666666666666668,0.6791666666666667,0.6229166666666667,1.7154166666666666,0.8799149866407575,0.12008501335924207,3.1471945591450083,0.30666666666666664,112.52791666666667,0.50875,301.0,0.0009686429984867573,76.4318018913269,4.172591805458069,-0.00037595225912809835,0.0,295.3305856704712,0.7347458600997925,1297.6260106563568
1109,1.5549722222222226,0.006666666666666667,0.0016666666666666668,0.725,0.65625,1.8308333333333333,0.8861174328629945,0.11388256713700494,3.188893946290396,0.2891666666666667,130.61291666666668,0.5966666666666667,305.0,-0.0032908606808632612,70.05360298156738,4.141932541131974,-0.0002754474992343603,0.0,495.10213832855226,0.6780316829681396,1298.7908418178558
1110,1.5007708333333323,0.0025,0.00125,0.7041666666666667,0.645,1.77875,0.8788592176153665,0.12114078238463348,3.1386741625673458,0.3016666666666667,127.09625,0.595,313.0,-0.0077799242222681645,81.6799967288971,4.166531413793564,9.427491240785458e-05,0.0,222.31863231658934,0.7383518815040588,1299.928926706314
1111,1.4858569444444436,0.0020833333333333333,0.0004166666666666667,0.6916666666666667,0.6291666666666667,1.7608333333333333,0.8794107903454802,0.12058920965451958,3.1431613819214386,0.29625,121.8975,0.6033333333333334,283.0,0.0016204977175220848,82.51314597129821,4.25141881108284,3.209406131645665e-05,0.0,294.2633641242981,0.7012730240821838,1301.058217048645
1112,1.495658333333334,0.00625,0.00125,0.7,0.6370833333333333,1.78125,0.8797847953216364,0.12021520467836248,3.145730994152047,0.305,119.98708333333333,0.5758333333333333,306.0,0.00264827033970505,50.07459673881531,4.1615637123584746,-0.00032541734835831446,0.0,254.29333791732788,0.767713189125061,1302.2188935279846
1113,1.5619486111111105,0.0004166666666666667,0.0004166666666666667,0.7166666666666667,0.6566666666666666,1.8433333333333333,0.8808792947558768,0.11912070524412299,3.1525768535262206,0.3233333333333333,131.93625,0.62375,300.0,-0.005083322245627642,52.66661186218262,4.1596266508102415,8.786115868133492e-05,0.0,416.54190626144407,0.7888368368148804,1303.3706901073456
1114,1.4307708333333333,0.002916666666666667,0.0008333333333333334,0.6666666666666666,0.605,1.6920833333333334,0.8806574735286867,0.11934252647131238,3.151933021423295,0.2791666666666667,116.23,0.5916666666666667,253.0,-0.0057472432497888805,90.58306760787964,4.177769219875335,0.00027976717719866426,0.0,479.2324104309082,0.6311315894126892,1304.5270066261292
1115,1.5416555555555562,0.002916666666666667,0.00125,0.7083333333333334,0.65375,1.8254166666666667,0.877799589134901,0.12220041086509932,3.1305637982195846,0.29041666666666666,132.98541666666668,0.6079166666666667,288.0,0.0078109164722263815,46.466226482391356,4.271063601970672,0.00020629914215533062,0.0,305.7499021530151,0.8464421033859253,1305.6848363876343
1116,1.5716416666666666,0.00375,0.0008333333333333334,0.7083333333333334,0.65875,1.8545833333333333,0.8839451808582341,0.11605481914176591,3.174118175690856,0.3179166666666667,137.12,0.6208333333333333,311.0,0.004848946491256357,49.732907104492185,4.150812143087387,0.0005696613923646509,0.0,456.05830612182615,0.8104208111763,1306.8315205574036
1117,1.484724999999999,0.0025,0.0016666666666666668,0.6958333333333333,0.6291666666666667,1.7608333333333333,0.8807004259346888,0.11929957406530985,3.1526265972550878,0.31708333333333333,121.04125,0.6016666666666667,291.0,0.0020657519169617446,66.16920833587646,4.1500219166278836,0.0005896053917240351,0.0,277.3872453689575,0.7301419973373413,1307.979065656662
1118,1.5947388888888885,0.002916666666666667,0.0020833333333333333,0.7166666666666667,0.66875,1.8895833333333334,0.8781786108048516,0.12182138919514884,3.1342888643880924,0.30666666666666664,139.46375,0.6308333333333334,335.0,0.00023437663912773132,54.83622765541077,4.2248659491539,-8.303620779770426e-05,0.0,262.61716508865356,0.8045256733894348,1309.142023563385
1119,1.4884805555555554,0.004166666666666667,0.0016666666666666668,0.6791666666666667,0.62625,1.7695833333333333,0.8782717212149758,0.12172827878502486,3.134447845538027,0.30041666666666667,110.04791666666667,0.49541666666666667,297.0,4.679772537201643e-05,82.29123477935791,3.9987054646015165,-9.922105782607104e-05,0.0,233.2835723876953,0.6247278451919556,1310.3043100833893
1120,1.5098250000000002,0.0025,0.0004166666666666667,0.7,0.64,1.7925,0.8769363086936312,0.12306369130636913,3.125755462575546,0.30291666666666667,116.4675,0.5229166666666667,301.0,-0.0009027935680933297,66.0248143196106,4.156946122646332,-0.0002077947696307092,0.0,224.906805229187,0.6915159225463867,1311.4591660499573
1121,1.5728583333333335,0.002916666666666667,0.0008333333333333334,0.7208333333333333,0.6654166666666667,1.8795833333333334,0.8747195743737531,0.1252804256262469,3.1115052094879183,0.32958333333333334,132.45916666666668,0.5875,324.0,0.0007720639230683445,53.12596230506897,4.246130907535553,-0.0010375570273026824,0.0,268.2722501754761,0.7840123176574707,1312.619990348816
1122,1.6216152777777793,0.0004166666666666667,0.0004166666666666667,0.725,0.6816666666666666,1.9145833333333333,0.8798063112078347,0.12019368879216541,3.145810663764962,0.32416666666666666,150.175,0.6833333333333333,311.0,-0.005739837465807795,54.44197931289673,4.1460275888443,0.00039255544616025875,0.0,343.60597410202024,0.7979515790939331,1313.767545223236
1123,1.6033597222222213,0.0,0.0,0.7208333333333333,0.67125,1.8904166666666666,0.8779435750495923,0.1220564249504078,3.131143927705532,0.30125,138.35666666666665,0.64375,334.0,0.0005968935787677765,41.23454222679138,4.12341142296791,0.0004369583293737378,0.0,209.10990991592408,0.8260987401008606,1314.9303889274597
1124,1.5261111111111114,0.0,0.0,0.7208333333333333,0.6479166666666667,1.8116666666666668,0.8772999080036794,0.12270009199632018,3.1294848206071757,0.3229166666666667,127.63541666666667,0.6,293.0,0.006788692274130881,57.53561053276062,4.1903052687644955,-3.6339780081107166e-06,0.0,329.20882453918455,0.7816745042800903,1316.060302734375
1125,1.5063444444444443,0.005416666666666667,0.00125,0.7166666666666667,0.645,1.8020833333333333,0.8766612716763007,0.12333872832369949,3.124161849710983,0.32666666666666666,122.61166666666666,0.575,310.0,-0.007040256960317492,90.82913918495179,4.07036600112915,7.797560247126966e-05,0.0,217.83897151947022,0.623738169670105,1317.4009981155396
1126,1.5869708333333326,0.002916666666666667,0.00125,0.7208333333333333,0.6679166666666667,1.8845833333333333,0.8766814061463631,0.12331859385363704,3.1240327216449257,0.3120833333333333,136.04291666666666,0.6154166666666666,355.0,0.0025225477293133736,60.43405179977417,4.173435395956039,3.617162001319229e-05,0.0,349.766166305542,0.7089252471923828,1318.5493440628052
1127,1.503288888888889,0.00125,0.00125,0.7,0.6366666666666667,1.7845833333333334,0.8751015643240723,0.12489843567592808,3.112070978286248,0.29333333333333333,115.78416666666666,0.5370833333333334,290.0,0.006748745683580637,68.10232238769531,4.098844236135482,0.00024206119669543114,0.0,252.69581575393676,0.7269695997238159,1319.711374759674
1128,1.5729541666666664,0.005,0.0025,0.7291666666666666,0.6695833333333333,1.8758333333333332,0.8759640159928926,0.12403598400710805,3.1201688138605066,0.30541666666666667,135.96083333333334,0.6358333333333334,317.0,0.010410721937660128,71.02536830902099,4.115671211481095,-0.00031690740288468076,0.0,449.93149909973147,0.6873875856399536,1320.8512914180756
1129,1.5003486111111095,0.004166666666666667,0.0008333333333333334,0.6875,0.6354166666666666,1.7854166666666667,0.8762357059509918,0.1237642940490082,3.1204200700116687,0.28791666666666665,119.84916666666666,0.5641666666666667,271.0,-0.00017087230226024984,97.04775495529175,4.098560398817062,0.00023024628917482913,0.0,345.97962217330934,0.552910566329956,1322.0139122009277
1130,1.5614777777777777,0.0,0.0,0.7208333333333333,0.6604166666666667,1.8566666666666667,0.8730655296229807,0.12693447037701971,3.0978456014362656,0.31125,130.94208333333333,0.6104166666666667,320.0,0.011537019070237875,94.80568890571594,4.18348867893219,0.00045456517254933716,0.0,758.3217960357666,0.6018240451812744,1323.1622660160065
1131,1.6310611111111106,0.0020833333333333333,0.0008333333333333334,0.7333333333333333,0.6875,1.9308333333333334,0.8774018126888217,0.1225981873111783,3.1281829952524816,0.30916666666666665,146.01333333333332,0.6170833333333333,335.0,-0.003983988869003951,49.85724954605102,4.097964107990265,0.00037187629786785694,0.0,492.31097717285155,0.8085156679153442,1324.3265552520752
1132,1.4786666666666666,0.005833333333333334,0.00125,0.7041666666666667,0.6383333333333333,1.7670833333333333,0.8752181089365706,0.12478189106342831,3.1136524404621553,0.29041666666666666,125.09958333333333,0.5891666666666666,314.0,0.005293068755418062,75.57144541740418,4.057067555189133,5.852819194842596e-05,0.0,366.17953357696535,0.6144918203353882,1325.4852275848389
1133,1.5526041666666657,0.0025,0.0016666666666666668,0.7083333333333334,0.6504166666666666,1.84125,0.8757071735686811,0.12429282643131931,3.1163159085766012,0.2891666666666667,128.42,0.5941666666666666,325.0,-0.0006152711750473828,63.25910477638244,4.141646832227707,0.0012552542746561812,0.0,203.0824336051941,0.766110897064209,1326.634296655655
1134,1.5469972222222212,0.004166666666666667,0.00125,0.7125,0.6495833333333333,1.8341666666666667,0.8787960018173548,0.12120399818264417,3.1390277146751475,0.29291666666666666,133.51041666666666,0.65,342.0,-0.0031542012933641673,84.8708966255188,4.239619725942612,0.00033089571516029535,0.0,237.74893922805785,0.6817262172698975,1327.7968015670776
1135,1.488884722222221,0.007083333333333333,0.00125,0.7083333333333334,0.63875,1.785,0.8773319327731086,0.1226680672268907,3.1281512605042017,0.33208333333333334,130.36708333333334,0.6304166666666666,314.0,0.0002538998844102025,50.960871076583864,4.055029100179672,0.00030054091839701866,0.0,183.61007232666014,0.8131649494171143,1328.9634718894958
1136,1.5572055555555546,0.0033333333333333335,0.0004166666666666667,0.7041666666666667,0.6566666666666666,1.84625,0.879814940194087,0.1201850598059128,3.1464680658993456,0.3145833333333333,138.13458333333332,0.65375,347.0,0.0056155173573642966,70.58705997467041,4.036162406206131,-4.2128623181270083e-05,0.0,191.39869441986085,0.7586247324943542,1330.1289513111115
1137,1.5274958333333324,0.0020833333333333333,0.0008333333333333334,0.7041666666666667,0.64125,1.8129166666666667,0.8749689726499648,0.12503102735003446,3.1116984601241096,0.28208333333333335,119.83625,0.5454166666666667,353.0,-0.013428256753832102,103.24651165008545,4.1921839118003845,-0.0009217548256856389,0.0,408.1001974105835,0.6217219233512878,1331.2909815311432
1138,1.5818347222222213,0.0020833333333333333,0.00125,0.7125,0.6625,1.8675,0.880537706381079,0.11946229361892019,3.150379294957608,0.3129166666666667,141.57708333333332,0.6541666666666667,330.0,-0.005491909093689173,79.127206325531,4.126892775297165,0.00042194059933535754,0.0,267.6233938217163,0.7000255584716797,1332.4303579330444
1139,1.4879847222222229,0.005,0.00125,0.6875,0.63125,1.7679166666666666,0.8792905962762187,0.12070940372378025,3.141880744756069,0.30083333333333334,125.68875,0.5941666666666666,305.0,-0.004816896864213049,70.92463693618774,4.018956625461579,-0.0008959141414379701,0.00078125,250.31181755065919,0.7076621055603027,1333.5663108825684
1140,1.3959805555555556,0.0033333333333333335,0.0004166666666666667,0.65,0.59,1.6566666666666667,0.8796579476861158,0.12034205231388317,3.1446177062374248,0.28291666666666665,111.75458333333333,0.5383333333333333,268.0,0.005144822038710117,123.91897411346436,4.035635495185852,8.969812988652847e-05,0.0,342.7692041397095,0.5499643683433533,1334.7195520401
1141,1.6273597222222211,0.0008333333333333334,0.0008333333333333334,0.7333333333333333,0.6795833333333333,1.9133333333333333,0.8816049651567948,0.11839503484320558,3.1574477351916377,0.30625,137.91708333333332,0.6133333333333333,346.0,0.009771886537782848,115.01075258255005,4.29360933303833,-4.523438547039404e-05,0.0,1115.262665939331,0.5418806076049805,1335.8618309497833
1142,1.5242041666666652,0.0025,0.0008333333333333334,0.7,0.6475,1.81,0.8783586556169426,0.12164134438305706,3.1351289134438307,0.31666666666666665,127.14375,0.6266666666666667,303.0,-0.002617924427613616,63.258183288574216,4.182479852437973,0.00010963248496409506,0.0,261.5882493972778,0.7434655427932739,1337.000039100647
1143,1.4633749999999988,0.004166666666666667,0.0016666666666666668,0.6791666666666667,0.6208333333333333,1.7441666666666666,0.8772336359292877,0.12276636407071197,3.128523650262781,0.30041666666666667,117.54416666666667,0.5875,281.0,0.010970426583662629,90.39068584442138,4.112290525436402,0.0013986479680170305,0.0,350.47539472579956,0.6809177398681641,1338.1380589008331
1144,1.5169249999999994,0.005,0.00125,0.6958333333333333,0.6379166666666667,1.7958333333333334,0.882162412993039,0.11783758700696059,3.162180974477958,0.30416666666666664,123.54291666666667,0.5704166666666667,291.0,0.010421626246534288,67.30086030960084,4.085952270030975,0.0006169315650367934,0.0,432.5534010887146,0.7954191565513611,1339.2813704013824
1145,1.505054166666667,0.0016666666666666668,0.0004166666666666667,0.6958333333333333,0.63875,1.7908333333333333,0.8790437412750114,0.12095625872498837,3.1421591437878083,0.3304166666666667,120.96416666666667,0.5766666666666667,317.0,-0.0025394613854587077,66.47388806343079,4.139511519670487,-0.0004119526667636819,0.0,219.72568588256837,0.7113630771636963,1340.427883863449
1146,1.5556222222222216,0.009583333333333333,0.0016666666666666668,0.7125,0.65625,1.8516666666666666,0.8830243024302428,0.11697569756975701,3.167641764176418,0.3225,128.49458333333334,0.585,343.0,-0.0026547021232545378,69.06210746765137,4.248827868700028,-6.541893963003531e-05,0.0,375.25062026977537,0.7422933578491211,1341.5999519824982
1147,1.534444444444445,0.00375,0.0008333333333333334,0.7083333333333334,0.6429166666666667,1.8204166666666666,0.8782330052643622,0.12176699473563744,3.134355687800412,0.3,129.07416666666666,0.6175,296.0,0.011557482043281197,79.02763352394103,4.292598640918731,0.0006688881840091199,0.0,254.62890968322753,0.7151415348052979,1342.7803568840027
1148,1.5226763888888888,0.005416666666666667,0.0016666666666666668,0.6916666666666667,0.6429166666666667,1.8054166666666667,0.8840503115624277,0.11594968843757214,3.176782829448419,0.325,120.89458333333333,0.5633333333333334,269.0,-0.006244947202503681,59.68079872131348,4.188657838106155,0.00041912474371201823,0.0,287.8001070022583,0.7664998173713684,1343.9593210220337
1149,1.5463097222222222,0.004166666666666667,0.0008333333333333334,0.7166666666666667,0.65625,1.83875,0.8805370496261045,0.11946295037389522,3.152277362338545,0.3333333333333333,125.715,0.5733333333333334,322.0,-0.00484392661601305,66.78633575439453,4.243571001291275,0.0004425507941050455,0.0,305.3801986694336,0.7337794899940491,1345.1104023456573
1150,1.5712111111111104,0.00375,0.0004166666666666667,0.7083333333333334,0.6633333333333333,1.8666666666666667,0.8805223214285712,0.11947767857142852,3.1522321428571427,0.33666666666666667,131.65125,0.6145833333333334,320.0,-0.000680979061871767,56.976663970947264,4.3494972586631775,-0.00029692698662984183,0.000390625,238.00866422653198,0.7503377199172974,1346.4334626197815
1151,1.5432361111111115,0.002916666666666667,0.0008333333333333334,0.7166666666666667,0.6529166666666667,1.8320833333333333,0.8810780077325443,0.11892199226745508,3.1560154650898338,0.33208333333333334,130.80083333333334,0.6120833333333333,296.0,-0.004490002989768982,42.540062236785886,4.392059522867203,0.0005700090977654781,0.0,251.17360467910765,0.8600236773490906,1347.590973854065
1152,1.458797222222222,0.0025,0.0008333333333333334,0.6708333333333333,0.6125,1.7354166666666666,0.8783385354141643,0.12166146458583427,3.1368547418967587,0.30875,121.67625,0.6220833333333333,255.0,0.0043546298518776895,80.68836193084717,4.321837729215622,-0.0002235423875390552,0.0,457.1635759353638,0.5758622884750366,1348.7557349205017
1153,1.5536986111111108,0.005833333333333334,0.0020833333333333333,0.7083333333333334,0.6541666666666667,1.8375,0.8863287981859408,0.11367120181405896,3.191609977324263,0.33708333333333335,130.88041666666666,0.61125,321.0,-9.852324146777391e-05,69.60327072143555,4.3447331368923185,3.368119650986046e-05,0.00234375,380.8144109725952,0.7139897346496582,1349.9037206172943
1154,1.4961263888888885,0.00375,0.0008333333333333334,0.6916666666666667,0.63375,1.7816666666666667,0.8815177736202051,0.11848222637979419,3.1592609915809167,0.34208333333333335,122.96083333333333,0.5833333333333334,293.0,-0.005065368209034205,76.53335380554199,4.261417061090469,0.000411357638949994,0.0,379.957855796814,0.680692732334137,1351.055757522583
1155,1.5771402777777777,0.002916666666666667,0.0008333333333333334,0.725,0.6654166666666667,1.88375,0.8780070780800706,0.12199292191992919,3.1362530413625302,0.35625,134.64625,0.6033333333333334,309.0,-0.004042032128199935,72.63772115707397,4.343971312046051,0.00018553781956143212,0.0,618.7519081115722,0.7225462198257446,1352.222592830658
1156,1.5045027777777766,0.004583333333333333,0.00125,0.6875,0.6320833333333333,1.7820833333333332,0.8833621697451485,0.11663783025485155,3.172083235913023,0.31083333333333335,124.175,0.5804166666666667,295.0,-0.005078643711749464,85.74806108474732,4.301665598154068,0.0007126054537366144,0.0,215.64339323043822,0.6621505618095398,1353.3699140548706
1157,1.5233236111111106,0.0,0.0,0.7041666666666667,0.63375,1.80375,0.8798359898359892,0.12016401016401007,3.148071148071148,0.32708333333333334,125.72291666666666,0.6120833333333333,312.0,-0.003117057029157877,72.35090260505676,4.325258326530457,-0.000250586359470617,0.0,183.36796674728393,0.7003182172775269,1354.5157504081726
1158,1.590866666666666,0.0,0.0,0.725,0.6691666666666667,1.8891666666666667,0.8797044552271726,0.12029554477282751,3.147551830613145,0.3575,138.36875,0.64375,309.0,0.005709479108918458,65.88540124893188,4.356072402000427,0.00019825344570563176,0.0,409.32576084136963,0.7667357921600342,1355.6760873794556
1159,1.5193097222222223,0.0004166666666666667,0.0004166666666666667,0.7,0.6425,1.80625,0.8802791234140704,0.11972087658592849,3.151326412918108,0.3525,126.49583333333334,0.5879166666666666,300.0,-0.006450194283388555,71.9793914794922,4.231098055839539,5.8511354382062565e-06,0.0,304.5369775772095,0.7066246271133423,1356.8349785804749
1160,1.560904166666667,0.0025,0.0008333333333333334,0.7208333333333333,0.6566666666666666,1.86375,0.8785311871227367,0.12146881287726356,3.1388329979879277,0.3541666666666667,132.16,0.6216666666666667,296.0,-0.002166452398523688,38.43042106628418,4.282165312767029,0.0005697496264474467,0.000390625,190.05094017982483,0.828752875328064,1358.0137476921082
1161,1.4836819444444433,0.00125,0.0008333333333333334,0.7083333333333334,0.6329166666666667,1.75875,0.8807557450841028,0.11924425491589664,3.1539919450367213,0.32125,116.37958333333333,0.52375,291.0,-0.004902111832052469,79.81080017089843,4.2655482172966,0.000498677120776847,0.0014322916977107525,329.3312566757202,0.5981545448303223,1359.198608636856
1162,1.5636875000000008,0.0025,0.00125,0.7,0.6575,1.845,0.8851287262872628,0.11487127371273713,3.1842818428184283,0.33625,128.46541666666667,0.5966666666666667,306.0,0.005153800221160054,45.47300233840942,4.268551135063172,-0.0003245811203669291,0.0,189.3391291618347,0.8318462371826172,1360.3558230400085
1163,1.6108750000000012,0.00375,0.00125,0.7166666666666667,0.67875,1.9120833333333334,0.881150577467858,0.11884942253214202,3.156025277838309,0.34791666666666665,146.42708333333334,0.6554166666666666,340.0,0.012872021505609154,68.7849262714386,4.368948346376419,0.0012645651040656958,0.0,483.0612325668335,0.7521892786026001,1361.5051889419556
1164,1.4009444444444445,0.00125,0.0008333333333333334,0.6458333333333334,0.5895833333333333,1.65375,0.8850088183421515,0.11499118165784827,3.183169564121945,0.31083333333333335,106.74416666666667,0.4920833333333333,258.0,-0.0040867630625143645,119.63869581222534,4.202410572767258,0.0005880326600163244,0.0,380.2142566680908,0.5162229537963867,1362.6656613349915
1165,1.5910374999999997,0.0008333333333333334,0.0004166666666666667,0.725,0.67375,1.89,0.880729717813051,0.11927028218694882,3.1552028218694885,0.36291666666666667,137.65958333333333,0.61375,322.0,0.010859227715991437,107.43590183258057,4.427825248241424,-9.121032016992103e-05,0.0,936.97262134552,0.6099056005477905,1363.8233616352081
1166,1.581619444444446,0.0025,0.0008333333333333334,0.725,0.6645833333333333,1.8633333333333333,0.8875715563506253,0.11242844364937384,3.2005813953488373,0.35625,136.94458333333333,0.6445833333333333,318.0,0.0067451368551701306,53.517517471313475,4.277554047107697,-0.00019657658122014255,0.0,206.01994981765748,0.7711318731307983,1364.9778139591217
1167,1.5823972222222222,0.005,0.00125,0.7083333333333334,0.6670833333333334,1.8845833333333333,0.8828034490382495,0.11719655096175106,3.169135529515808,0.36083333333333334,133.76708333333335,0.59875,315.0,0.013777715899050236,49.913560962677,4.342575627565384,0.00016700091073289513,0.0,185.5540892124176,0.7784463763237,1366.1362736225128
1168,1.5612000000000008,0.0025,0.00125,0.725,0.6591666666666667,1.8433333333333333,0.8861618444846292,0.11383815551537066,3.1912296564195297,0.34958333333333336,139.36458333333334,0.6370833333333333,305.0,0.014977143367286772,81.93758606910706,4.388023936748505,2.7002052138414002e-05,0.0,274.84915790557864,0.7572961449623108,1367.2918796539307
1169,1.6047555555555562,0.0025,0.00125,0.7166666666666667,0.67125,1.8920833333333333,0.8862761506276148,0.11372384937238497,3.193349482492843,0.34708333333333335,137.3975,0.6379166666666667,306.0,-0.017692875396460295,49.092612171173094,4.513962441682816,0.00017340048025289435,0.0,334.10105390548705,0.773253321647644,1368.4423277378082
1170,1.4676236111111118,0.007916666666666667,0.0020833333333333333,0.6916666666666667,0.6304166666666666,1.7566666666666666,0.8816722011385199,0.11832779886148014,3.1610531309297913,0.33458333333333334,109.21083333333333,0.49625,343.0,0.0026911621913313865,105.13142948150634,4.250811064243317,-0.00011396764930395875,0.0,261.60321826934813,0.5609000325202942,1369.5960581302643
1171,1.5723777777777772,0.004583333333333333,0.00125,0.7416666666666667,0.6695833333333333,1.8691666666666666,0.8821979491752119,0.11780205082478824,3.163620151582702,0.35,139.18708333333333,0.6216666666666667,335.0,-0.007228818768635392,63.495854663848874,4.508155906200409,-3.718966545420699e-05,0.0,503.52409267425537,0.7370216250419617,1370.7573108673096
1172,1.5922722222222225,0.004583333333333333,0.00125,0.7333333333333333,0.6783333333333333,1.8983333333333334,0.8796356453028975,0.12036435469710267,3.146180860403863,0.3475,138.86458333333334,0.65125,320.0,-0.012643028446473182,46.001930809021,4.3881709516048435,-0.0010225003847153858,0.0,249.70079164505006,0.7862370610237122,1371.9112005233765
1173,1.539474999999999,0.004583333333333333,0.00125,0.7333333333333333,0.65875,1.8304166666666666,0.8830503073070788,0.11694969269292053,3.170498520373321,0.3433333333333333,128.05375,0.6166666666666667,301.0,0.001765312789939344,66.0017514705658,4.321835970878601,-0.00045547918853117153,0.0,303.8316031455994,0.7006025314331055,1373.0601799488068
1174,1.5076333333333334,0.0033333333333333335,0.0004166666666666667,0.6958333333333333,0.6333333333333333,1.7929166666666667,0.8816686033000231,0.11833139669997671,3.160353241924239,0.33416666666666667,124.07583333333334,0.62,279.0,-0.0025442082900553943,73.39626321792602,4.187035977840424,5.104381925775669e-05,0.0,312.174559211731,0.6379904747009277,1374.2300708293915
1175,1.6163736111111118,0.00375,0.0016666666666666668,0.7375,0.6879166666666666,1.92125,0.8795554109737584,0.12044458902624172,3.1453047061374972,0.34,143.96625,0.64,353.0,0.0016135050915181636,63.43857870101929,4.402637195587158,-0.0006844109477242455,0.0,579.3636919021607,0.7584209442138672,1375.5945391654968
1176,1.5225916666666661,0.0020833333333333333,0.0004166666666666667,0.7083333333333334,0.6454166666666666,1.8083333333333333,0.8813870967741924,0.11861290322580634,3.1589861751152073,0.33875,134.57875,0.6383333333333333,308.0,0.0006955719242455416,52.60018544197082,4.263106024265289,0.0004943646461470052,0.0,231.29146528244019,0.7727395296096802,1376.7461097240448
1177,1.569431944444444,0.0025,0.0004166666666666667,0.7208333333333333,0.6670833333333334,1.8629166666666668,0.8807805859986568,0.11921941400134198,3.1529859091925743,0.34,137.33541666666667,0.65,315.0,0.008454823307693005,34.985204458236694,4.40116959810257,6.845763928140514e-05,0.0,225.79920148849487,0.8518192768096924,1377.8822207450867
1178,1.574808333333332,0.004583333333333333,0.00125,0.7333333333333333,0.66375,1.8695833333333334,0.8817784711388453,0.11822152886115443,3.1609092935145977,0.3333333333333333,137.09625,0.6383333333333333,324.0,-0.011172682733740658,59.471612977981565,4.235777962207794,0.00029592471837531776,0.000390625,374.85065088272097,0.7347612977027893,1379.0491197109222
1179,1.5999861111111109,0.0025,0.0008333333333333334,0.7208333333333333,0.6708333333333333,1.8945833333333333,0.8822960193534187,0.11770398064658015,3.164723993842094,0.34541666666666665,138.94791666666666,0.63375,344.0,0.008443478052504361,57.0805682182312,4.324534690380096,1.507027045590803e-05,0.0,241.57717151641845,0.7231359481811523,1380.2036442756653
1180,1.5691999999999995,0.0004166666666666667,0.0004166666666666667,0.7125,0.6620833333333334,1.8529166666666668,0.8839847087924431,0.11601529120755559,3.175848886890038,0.34875,133.89125,0.6166666666666667,336.0,-0.0021214761305600404,64.67413167953491,4.200348526239395,-0.00036704017147712873,0.0,355.3293473243713,0.7253516912460327,1381.364722251892
1181,1.5141972222222204,0.0033333333333333335,0.0004166666666666667,0.6958333333333333,0.6345833333333334,1.7941666666666667,0.8816163492800736,0.11838365071992571,3.1583836507199257,0.31916666666666665,121.12666666666667,0.5429166666666667,353.0,-3.478515427559614e-05,69.70667052268982,4.190359967947006,6.03518546995474e-05,0.0,294.527140045166,0.6968151330947876,1382.5078840255737
1182,1.4962972222222222,0.004166666666666667,0.0008333333333333334,0.6916666666666667,0.6395833333333333,1.78875,0.8770743070114121,0.122925692988586,3.127649662240857,0.33208333333333334,121.67541666666666,0.55125,312.0,-0.007690982334315777,84.96349506378174,4.221637028455734,-0.0005409243196481839,0.0,478.9381526947021,0.7128829956054688,1383.6574637889862
1183,1.5544972222222218,0.0025,0.00125,0.7125,0.6579166666666667,1.8491666666666666,0.8786525461919789,0.12134745380802164,3.1390265885534023,0.3375,134.77083333333334,0.62625,329.0,-0.003856976982206106,73.93090209960937,4.235840976238251,-4.077179473824799e-05,0.0,428.8612943649292,0.7100750803947449,1384.817488193512
1184,1.5793069444444443,0.007083333333333333,0.0025,0.7208333333333333,0.6683333333333333,1.8845833333333333,0.8821954455007732,0.11780455449922606,3.164271501216007,0.35041666666666665,140.78625,0.6358333333333334,351.0,-0.004891385440714657,45.53489512205124,4.257655203342438,4.007881532288593e-05,0.0,218.32831306457518,0.8257338404655457,1385.9659097194672
1185,1.4446569444444437,0.0025,0.0008333333333333334,0.6583333333333333,0.6125,1.7204166666666667,0.8799975781060783,0.12000242189392099,3.14870428675224,0.32625,114.16416666666667,0.5083333333333333,295.0,-0.008366695092990994,121.02377777099609,4.145003056526184,3.122903945040889e-05,0.0,388.8611253738403,0.528616189956665,1387.1094315052032
1186,1.5836763888888883,0.00125,0.0004166666666666667,0.7333333333333333,0.67125,1.875,0.8839977777777774,0.11600222222222224,3.176888888888889,0.3645833333333333,135.96708333333333,0.6254166666666666,317.0,0.006168879359029234,66.68571467399597,4.361055558919906,-0.0004403257327794563,0.0,559.5424139022828,0.6701804399490356,1388.2603724002838
1187,1.6254583333333321,0.002916666666666667,0.0016666666666666668,0.7416666666666667,0.6879166666666666,1.92625,0.8834306727233396,0.11656932727666017,3.172182565433701,0.3545833333333333,141.4525,0.64,319.0,0.009449110482819378,41.7266087770462,4.37603520154953,-0.00028657138464041056,0.0,422.91823015213015,0.8433054685592651,1389.4267082214355
1188,1.4964597222222205,0.0008333333333333334,0.0004166666666666667,0.7,0.6275,1.7629166666666667,0.8860009454029774,0.11399905459702195,3.19073505081541,0.33,120.36875,0.5804166666666667,301.0,0.0029411053052172064,85.95694026947021,4.29526110291481,-4.8775534378364685e-05,0.0,448.93337059020996,0.6161222457885742,1390.579435825348
1189,1.570905555555555,0.0033333333333333335,0.0008333333333333334,0.7166666666666667,0.66,1.8616666666666666,0.883245299910474,0.11675470008952549,3.171888988361683,0.3383333333333333,132.58125,0.61375,314.0,0.004326586751267314,58.01307325363159,4.281329250335693,0.00010371812095399946,0.0,498.9640326499939,0.7182639837265015,1391.7479779720306
1190,1.5231652777777778,0.00125,0.0004166666666666667,0.6875,0.6383333333333333,1.7908333333333333,0.8848138669148438,0.11518613308515582,3.1807817589576546,0.3154166666666667,125.32833333333333,0.5766666666666667,313.0,0.0011277912650257348,80.25956764221192,4.29358561038971,0.0007420160516630858,0.0,400.47858848571775,0.7147632241249084,1392.9065308570862
1191,1.6200208333333332,0.00625,0.00125,0.7166666666666667,0.6770833333333334,1.9179166666666667,0.8867151857484253,0.11328481425157506,3.195524657831849,0.35125,141.60208333333333,0.6341666666666667,342.0,-0.003987649828195572,49.61929388046265,4.394452464580536,0.00016916335152927786,0.0,274.8790901184082,0.7890920042991638,1394.0793902873993
1192,1.5854055555555553,0.0033333333333333335,0.00125,0.7375,0.6691666666666667,1.8804166666666666,0.8831464657655659,0.11685353423443388,3.1701750498559718,0.3566666666666667,140.6725,0.6429166666666667,305.0,-0.004552856041118503,39.86724588871002,4.468456220626831,-0.00013698798138648272,0.0,260.94492959976196,0.8654715418815613,1395.2355976104736
1193,1.5518458333333327,0.002916666666666667,0.0016666666666666668,0.7083333333333334,0.6504166666666666,1.8370833333333334,0.8828373780902691,0.11716262190973008,3.1671580857337265,0.3325,134.95125,0.6220833333333333,296.0,0.003245861968025565,54.15240926742554,4.236895549297333,0.00019825853523798288,0.0,370.83617639541626,0.7813582420349121,1396.384532213211
1194,1.5387652777777774,0.006666666666666667,0.00125,0.7125,0.6516666666666666,1.8375,0.8819433106575965,0.1180566893424036,3.1621315192743764,0.3441666666666667,127.38458333333334,0.5745833333333333,313.0,-0.005171111563686282,37.55871267318726,4.23630964756012,0.0019540725857950746,0.0,292.80228862762453,0.8319315910339355,1397.5559532642365
1195,1.5201375000000004,0.004166666666666667,0.00125,0.6916666666666667,0.6433333333333333,1.8033333333333332,0.8817768022181147,0.11822319778188545,3.160351201478743,0.32208333333333333,121.42125,0.565,337.0,0.009206392616033555,91.83950462341309,4.197446191310883,-0.00018785459178616293,0.0,351.18318367004395,0.5737659335136414,1398.716355085373
1196,1.4122777777777775,0.0025,0.0008333333333333334,0.6333333333333333,0.595,1.6725,0.8826108619830578,0.11738913801694056,3.165670154459392,0.30333333333333334,119.52291666666666,0.5708333333333333,283.0,-0.004539008997380733,167.46713943481444,4.122785419225693,0.0002517043186344381,0.0,393.7131977081299,0.5785147547721863,1399.8652737140656
1197,1.554802777777777,0.004166666666666667,0.00125,0.7,0.6516666666666666,1.8366666666666667,0.8857441016333932,0.1142558983666061,3.1880671506352085,0.33541666666666664,141.92416666666668,0.6391666666666667,351.0,-0.0032723834505304695,154.82183437347413,4.182335305213928,0.0004056546735228039,0.0,817.1140760421753,0.517821192741394,1401.0264213085175
1198,1.5549611111111101,0.006666666666666667,0.0008333333333333334,0.7166666666666667,0.6608333333333334,1.8633333333333333,0.8780724508050081,0.12192754919499098,3.1355098389982112,0.345,138.505,0.6408333333333334,303.0,-0.003509084589313716,52.77783179283142,4.244532865285874,-0.0003552694630343467,0.0,508.40979232788084,0.7855295538902283,1402.1861720085144
1199,1.5585249999999988,0.002916666666666667,0.00125,0.7125,0.6583333333333333,1.8504166666666666,0.8790722810177884,0.12092771898221115,3.141634766944382,0.325,130.47291666666666,0.6125,308.0,-0.007089994591660797,56.58847703933716,4.280499678850174,0.00014759368787053972,0.0,175.59643115997315,0.7753028869628906,1403.3405230045319
1200,1.5422236111111112,0.004583333333333333,0.00125,0.7041666666666667,0.6491666666666667,1.82625,0.8827675108373246,0.11723248916267393,3.16746520647958,0.32125,131.8825,0.6191666666666666,329.0,0.014226128999143838,80.53858971595764,4.183186089992523,0.00067231590510346,0.0,323.0506883621216,0.7287781834602356,1404.68918633461
1201,1.5576638888888887,0.0020833333333333333,0.0016666666666666668,0.7041666666666667,0.6508333333333334,1.8391666666666666,0.8846986859990936,0.11530131400090618,3.1814680561848663,0.33958333333333335,130.11708333333334,0.60875,308.0,0.002662497165147215,48.17771663665771,4.167814952135086,-0.00013483970615197905,0.0,196.50672817230225,0.7969430088996887,1405.828566789627
1202,1.5557888888888882,0.0004166666666666667,0.0004166666666666667,0.7166666666666667,0.6516666666666666,1.84125,0.8781534283774612,0.12184657162253913,3.1337406653088933,0.31833333333333336,128.73541666666668,0.61125,310.0,-0.007396179057468544,58.496742725372314,4.281468462944031,0.0007269035711715332,0.0,364.3808171272278,0.7669073343276978,1406.9749989509583
1203,1.5501083333333339,0.0033333333333333335,0.0004166666666666667,0.7166666666666667,0.6591666666666667,1.8470833333333334,0.8792600947439655,0.12073990525603424,3.144146176404241,0.33458333333333334,130.36833333333334,0.5875,348.0,0.0063605379778891805,77.23178100585938,4.244076281785965,-0.0009656554873799905,0.0,360.3865888595581,0.6522080898284912,1408.1611292362213
1204,1.5288152777777768,0.005,0.0020833333333333333,0.6916666666666667,0.64875,1.8145833333333334,0.8834649827784147,0.11653501722158428,3.1719862227324915,0.33458333333333334,129.615,0.6245833333333334,313.0,0.005820704903453588,69.30685663223267,4.167612820863724,-8.051244512898847e-05,0.0,395.45512943267823,0.6638867855072021,1409.341629266739
1205,1.5853958333333322,0.005,0.0008333333333333334,0.7416666666666667,0.67625,1.8791666666666667,0.8854656319290463,0.11453436807095341,3.1866962305986695,0.35125,138.88041666666666,0.6279166666666667,334.0,-0.0062371308376896195,86.01542224884034,4.186558753252029,-0.00020752190866915043,0.0,614.4685720443725,0.6116851568222046,1410.5028295516968
1206,1.6425027777777772,0.00125,0.0004166666666666667,0.7416666666666667,0.69125,1.9358333333333333,0.8865346534653462,0.11346534653465343,3.19479121825226,0.365,140.91083333333333,0.6333333333333333,353.0,0.00367136700078845,39.359141969680785,4.304749464988708,0.00013920208366471342,0.0,298.11121277809144,0.77569580078125,1411.6470625400543
1207,1.6234430555555546,0.0020833333333333333,0.0004166666666666667,0.7166666666666667,0.6758333333333333,1.9083333333333334,0.8857925764192139,0.11420742358078612,3.1882096069868995,0.32458333333333333,145.23458333333335,0.6616666666666666,353.0,0.0032444755197502673,51.07887206077576,4.319730377197265,0.00024790515381027943,0.0,290.55642557144165,0.7161444425582886,1412.8039073944092
1208,1.5020597222222212,0.004166666666666667,0.0020833333333333333,0.6875,0.63,1.7675,0.8885219236209331,0.11147807637906648,3.207213578500707,0.31625,127.49666666666667,0.615,294.0,0.00014985552988946437,93.65581188201904,4.265654224157333,0.0001315998859354295,0.0,298.1676486968994,0.6304787397384644,1413.9543936252594
1209,1.5838611111111098,0.0008333333333333334,0.0004166666666666667,0.7208333333333333,0.66875,1.8695833333333334,0.8841319367060401,0.11586806329396032,3.1762870514820594,0.3516666666666667,131.53041666666667,0.5995833333333334,342.0,-0.0012500917306169867,39.79519686698914,4.257615101337433,-0.0004304954627514235,0.0,290.7492612838745,0.841996431350708,1415.1182589530945
1210,1.5671152777777764,0.005,0.0008333333333333334,0.7291666666666666,0.6670833333333334,1.8675,0.8827331548415879,0.11726684515841135,3.167782240071397,0.36083333333333334,140.90458333333333,0.6441666666666667,313.0,0.0002829613862559199,86.37439785003662,4.383750188350677,-0.00030397993614315053,0.0,594.5481002807617,0.6556631326675415,1416.2714140415192
1211,1.5653333333333337,0.002916666666666667,0.0008333333333333334,0.7291666666666666,0.6616666666666666,1.8495833333333334,0.8839378238341972,0.11606217616580314,3.175715251182699,0.33125,124.70291666666667,0.5608333333333333,302.0,0.0022817565943114458,57.51993522644043,4.400699019432068,3.995996576122707e-05,0.0,293.65195655822754,0.7509848475456238,1417.4412243366241
1212,1.5566152777777773,0.004583333333333333,0.0016666666666666668,0.7166666666666667,0.6591666666666667,1.8483333333333334,0.8831627592425604,0.11683724075743905,3.1697475202885483,0.35083333333333333,135.92541666666668,0.64625,323.0,-0.009476450830698013,65.36858654022217,4.385460436344147,-0.0002736013688263483,0.0,334.7320411682129,0.6980677843093872,1418.610113620758
1213,1.5592305555555543,0.005416666666666667,0.00125,0.7083333333333334,0.6566666666666666,1.8425,0.8880189959294428,0.11198100407055626,3.204206241519674,0.3441666666666667,135.955,0.6291666666666667,348.0,0.012145441630855203,59.57224974632263,4.35969820022583,0.0005318162957337336,0.0,288.9413921356201,0.7748028039932251,1419.762751340866
1214,1.4093374999999997,0.004583333333333333,0.0008333333333333334,0.6583333333333333,0.5991666666666666,1.6629166666666666,0.885845652718616,0.11415434728138303,3.1884239538962666,0.2833333333333333,104.76458333333333,0.4925,247.0,-0.008496806491166353,109.47468118667602,4.0743596971035005,-0.00015520824454142712,0.0,378.3674491882324,0.559091329574585,1420.9237871170044
1215,1.5665555555555548,0.002916666666666667,0.0004166666666666667,0.7208333333333333,0.66125,1.8529166666666668,0.8824825725208002,0.11751742747919947,3.164830222621992,0.31875,133.50625,0.62875,285.0,0.00434404774568975,66.38446674346923,4.242674684524536,0.0002755465771770105,0.0,532.6847642898559,0.7136877775192261,1422.0997805595398
1216,1.532531944444445,0.002916666666666667,0.0008333333333333334,0.7125,0.65375,1.8158333333333334,0.8838710417622757,0.11612895823772372,3.1757687012391007,0.33958333333333335,130.93833333333333,0.6158333333333333,320.0,-0.0022556375944986938,55.71354875564575,4.43479733467102,0.0010247792059089988,0.0,287.49632759094237,0.7974739670753479,1423.2733397483826
1217,1.5787069444444437,0.0,0.0,0.7083333333333334,0.655,1.8491666666666666,0.8878391167192424,0.11216088328075696,3.2025687246507437,0.33208333333333334,132.24833333333333,0.6129166666666667,348.0,-0.006881976220756769,65.52335572242737,4.190821099281311,0.00041147117008222267,0.0,329.40528602600097,0.7522870898246765,1424.43048787117
1218,1.5699472222222217,0.0033333333333333335,0.0004166666666666667,0.7333333333333333,0.6683333333333333,1.85625,0.883847362514029,0.11615263748597078,3.1748597081930416,0.33541666666666664,134.66583333333332,0.62125,311.0,-0.008699337160214782,42.30783195495606,4.461513793468475,0.0007652466340914543,0.000390625,307.75908451080323,0.8322449922561646,1425.612298965454
1219,1.4859277777777766,0.004166666666666667,0.0008333333333333334,0.6916666666666667,0.6320833333333333,1.7533333333333334,0.8879657794676795,0.11203422053231932,3.204847908745247,0.3254166666666667,117.06541666666666,0.5283333333333333,273.0,-0.004196177702397108,100.18568105697632,4.188171857595444,0.0011760019173379988,0.0,365.2242095947266,0.610885739326477,1426.7817316055298
1220,1.5912833333333323,0.00625,0.00125,0.7291666666666666,0.67125,1.88375,0.8865472240654722,0.11345277593452775,3.1939836319398363,0.34541666666666665,138.50083333333333,0.66,351.0,0.0006778544280678034,65.89658846855164,4.4238595247268675,0.0005361873947549612,0.0,282.5385641098022,0.6998490691184998,1427.9697375297546
1221,1.5359680555555542,0.0020833333333333333,0.0004166666666666667,0.6875,0.63625,1.80375,0.8875005775005774,0.11249942249942246,3.2000462000462,0.32083333333333336,129.29375,0.6458333333333334,294.0,-0.0025865732226520778,93.98164749145508,4.242655688524247,-0.00017206569827976637,0.0,391.11169052124023,0.5965936183929443,1429.1352725028992
1222,1.4881666666666666,0.00125,0.0008333333333333334,0.6708333333333333,0.6245833333333334,1.7491666666666668,0.8867555979037629,0.1132444020962362,3.195807527393997,0.31666666666666665,119.91541666666667,0.5825,288.0,-0.002351263165473938,96.89222993850709,4.309763890504837,0.00010397511869086884,0.0,345.0361765861511,0.6857693791389465,1430.3185901641846
1223,1.6037763888888894,0.00125,0.0008333333333333334,0.7375,0.67,1.88125,0.8855437430786269,0.11445625692137322,3.185825027685493,0.31625,140.72875,0.6379166666666667,334.0,-0.000992107266210951,119.04519309997559,4.306349688768387,9.902655074256472e-05,0.0,944.7188180923462,0.5917695760726929,1431.488246679306
1224,1.492470833333333,0.0016666666666666668,0.00125,0.7083333333333334,0.6325,1.7695833333333333,0.8815469743348248,0.11845302566517545,3.1594066399811633,0.3283333333333333,126.43875,0.6316666666666667,265.0,-0.010383831732906402,67.14066247940063,4.273755216598511,0.0004737856244901195,0.0,312.1486951828003,0.7445449233055115,1432.6587262153625
1225,1.5002708333333328,0.0008333333333333334,0.0008333333333333334,0.7166666666666667,0.64,1.7766666666666666,0.8831261726078792,0.11687382739212003,3.171669793621013,0.34708333333333335,124.65333333333334,0.5883333333333334,309.0,0.004352352232672274,45.70938148498535,4.313936400413513,0.00011908314991160296,0.004296875,239.8379020690918,0.8135020732879639,1434.0419509410858
1226,1.6268680555555561,0.00125,0.0004166666666666667,0.7291666666666666,0.6816666666666666,1.9079166666666667,0.8870168158986678,0.11298318410133219,3.1967678532430663,0.32625,137.5,0.6095833333333334,333.0,-0.0030353954061865807,57.08682422637939,4.267801004648208,-0.0008024295268114657,0.0,443.02490854263306,0.7411491870880127,1435.193065404892
1227,1.5302194444444437,0.0020833333333333333,0.00125,0.6958333333333333,0.6483333333333333,1.79625,0.8889723961957776,0.11102760380422177,3.2106239851542564,0.3258333333333333,129.76916666666668,0.6195833333333334,294.0,-0.006030379515141249,75.14242277145385,4.1998188376426695,0.000106489920290187,0.0,345.50297651290896,0.7080603837966919,1436.3435819149017
1228,1.458836111111111,0.00375,0.0016666666666666668,0.6833333333333333,0.62,1.7220833333333334,0.8862908299056376,0.11370917009436246,3.1916283571255746,0.31416666666666665,109.78625,0.5383333333333333,266.0,-0.001172775775194168,102.01310143470764,4.16198313832283,0.00030742381131858564,0.0,326.39458961486815,0.543225884437561,1437.5220820903778
1229,1.473215277777777,0.004166666666666667,0.0008333333333333334,0.6875,0.6279166666666667,1.7466666666666666,0.8826455152671746,0.11735448473282437,3.167223282442748,0.3129166666666667,117.52291666666666,0.555,301.0,0.0026599937584251164,57.85310468673706,4.190301012992859,0.0008167194635461783,0.0,202.38576049804686,0.823458731174469,1438.6985886096954
1230,1.4945041666666665,0.00125,0.0008333333333333334,0.6875,0.6258333333333334,1.7491666666666668,0.8909742734635528,0.10902572653644589,3.2248689852310624,0.325,118.17375,0.5775,290.0,0.005226596491411328,82.35289726257324,4.3198101878166195,0.00030301228689495475,0.000390625,263.9445541381836,0.6660300493240356,1439.8760273456573
1231,1.5336555555555547,0.0020833333333333333,0.00125,0.6916666666666667,0.6445833333333333,1.8058333333333334,0.8873880941393627,0.11261190586063673,3.200276880479926,0.33625,116.64583333333333,0.5208333333333334,309.0,0.0027026065392419694,70.81216459274292,4.252679032087326,0.00012118001250200905,0.0,248.9874327659607,0.730362594127655,1441.0415568351746
1232,1.6274402777777763,0.004583333333333333,0.00125,0.7416666666666667,0.6895833333333333,1.9166666666666667,0.8891717391304346,0.1108282608695652,3.212608695652174,0.35291666666666666,144.425,0.65875,348.0,0.003110920707695186,52.524431681633,4.386102503538131,0.00034049277455778794,0.00078125,422.62857084274293,0.7413077354431152,1442.2155106067657
1233,1.457369444444445,0.0033333333333333335,0.00125,0.6708333333333333,0.6183333333333333,1.7295833333333333,0.8830450493856902,0.11695495061430969,3.169356781498434,0.3204166666666667,110.95208333333333,0.5104166666666666,308.0,0.004081131028942764,111.81314115524292,4.15535991191864,-0.00041074660839512944,0.0,387.35886611938474,0.539501965045929,1443.3905980587006
1234,1.5553611111111105,0.0004166666666666667,0.0004166666666666667,0.6958333333333333,0.6504166666666666,1.8225,0.8881344307270224,0.11186556927297663,3.2043895747599453,0.32958333333333334,124.40208333333334,0.6129166666666667,355.0,-0.011910749785602092,87.41493921279907,4.286552065610886,0.00013046654057689012,0.0,292.88755626678466,0.6358643770217896,1444.5645623207092
1235,1.5749694444444449,0.0020833333333333333,0.0004166666666666667,0.725,0.6629166666666667,1.8495833333333334,0.8868574003153862,0.11314259968461368,3.1959900878576257,0.3229166666666667,140.1675,0.63625,310.0,0.005703469552099705,79.29279351234436,4.265606325864792,-0.0004590381773596164,0.0,506.2828495979309,0.734056830406189,1445.7214858531952
1236,1.5510750000000002,0.0008333333333333334,0.0004166666666666667,0.7083333333333334,0.6516666666666666,1.8141666666666667,0.8913826366559479,0.10861736334405143,3.2282958199356915,0.3383333333333333,128.04666666666665,0.5854166666666667,302.0,0.006102824350818992,76.35040121078491,4.190973180532455,-0.0014205307234078646,0.0,317.70260524749756,0.7080340385437012,1446.8945624828339
1237,1.6046333333333331,0.0025,0.0004166666666666667,0.7208333333333333,0.67375,1.8804166666666666,0.8891247507201416,0.1108752492798582,3.211167737646798,0.33166666666666667,138.80541666666667,0.6258333333333334,313.0,-0.00030861804261803625,36.34073967933655,4.273390221595764,-0.0003868401690851897,0.0,192.22883796691895,0.860265851020813,1448.0487759113312
1238,1.4788111111111115,0.004166666666666667,0.0020833333333333333,0.6958333333333333,0.6295833333333334,1.7470833333333333,0.8862341998569039,0.11376580014309558,3.1919866444073457,0.32208333333333333,115.56666666666666,0.5570833333333334,317.0,0.004833110759500414,64.16615943908691,4.196806681156159,-0.00048739526537247004,0.0,273.0399620056152,0.70891934633255,1449.2265586853027
1239,1.5912944444444441,0.0008333333333333334,0.0008333333333333334,0.7291666666666666,0.6666666666666666,1.8683333333333334,0.887809991079393,0.11219000892060656,3.2029438001784123,0.3416666666666667,136.43208333333334,0.6275,305.0,0.005932229291647673,66.35730409622192,4.209481853246689,2.058665249933256e-05,0.0,486.66882171630857,0.7183657884597778,1450.3903844356537
1240,1.523011111111111,0.0016666666666666668,0.0004166666666666667,0.7,0.6458333333333334,1.79625,0.8851913709116211,0.11480862908837851,3.183716075156576,0.3283333333333333,120.95458333333333,0.55875,276.0,0.002315801684744656,63.580812549591066,4.120754861831665,0.0004049743991345167,0.0,231.88911418914796,0.7823799848556519,1451.5585849285126
1241,1.5920013888888889,0.0016666666666666668,0.0004166666666666667,0.7291666666666666,0.6704166666666667,1.8708333333333333,0.8864075723830739,0.11359242761692649,3.1928730512249444,0.32666666666666666,137.48791666666668,0.6420833333333333,295.0,-0.002202981384471059,84.05932302474976,4.149598270654678,0.00014456718490691857,0.0,360.7155288696289,0.6750540137290955,1452.7175462245941
1242,1.5724069444444424,0.0008333333333333334,0.0008333333333333334,0.7125,0.6604166666666667,1.8525,0.8852024291497971,0.11479757085020237,3.184885290148448,0.3416666666666667,135.86833333333334,0.6345833333333334,310.0,0.009543797513470054,47.46413178443909,4.216899567842484,0.0001793818359146826,0.0,211.96609449386597,0.8020721673965454,1453.8953161239624
1243,1.5207569444444433,0.00625,0.0016666666666666668,0.7,0.6433333333333333,1.7966666666666666,0.8888334879406301,0.11116651205936923,3.2105751391465676,0.32875,126.7775,0.5708333333333333,344.0,0.011873029312118888,86.17607231140137,4.220579993724823,0.0008414021373027936,0.0,370.8543684005737,0.6531735062599182,1455.0592827796936
1244,1.5533166666666667,0.008333333333333333,0.0025,0.7291666666666666,0.66125,1.83375,0.8910384003635539,0.10896159963644624,3.2247216541695067,0.34458333333333335,129.63583333333332,0.60375,327.0,0.00327061815187335,43.268303298950194,4.2775273561477665,0.0008660177369165467,0.0,259.48676815032957,0.7969009280204773,1456.2061970233917
1245,1.5872666666666664,0.0,0.0,0.7291666666666666,0.6691666666666667,1.85625,0.8884264870931536,0.11157351290684624,3.2058361391694725,0.32625,134.20291666666665,0.6258333333333334,315.0,-0.00798818194307387,67.68310985565185,4.403060483932495,0.003437767125433311,0.0,248.90334205627443,0.7025216817855835,1457.3675491809845
1246,1.593444444444443,0.005416666666666667,0.0016666666666666668,0.7375,0.6783333333333333,1.8633333333333333,0.8968246869409657,0.10317531305903394,3.2667710196779964,0.3491666666666667,131.5975,0.5895833333333333,346.0,0.005748367263004183,75.24705300331115,4.488272416591644,-0.0026239062208333053,0.0,230.26414308547973,0.6530264616012573,1458.5565638542175
1247,1.5328972222222212,0.005416666666666667,0.0025,0.7041666666666667,0.64875,1.79875,0.8930090340514232,0.10699096594857532,3.23905489923558,0.3283333333333333,131.63833333333332,0.6233333333333333,342.0,-0.002022262767422944,78.77488436698914,4.371340215206146,0.0027348194213118403,0.0,218.3926510810852,0.6752477884292603,1459.7487971782684
1248,1.6737305555555562,0.00125,0.0008333333333333334,0.7291666666666666,0.695,1.9391666666666667,0.8996819939836691,0.10031800601633,3.2862054146970348,0.3641666666666667,145.82,0.6570833333333334,338.0,0.003693929803557694,53.391463708877566,4.373304384946823,8.146824256982654e-05,0.0,303.74905586242676,0.7441340684890747,1460.9243865013123
1249,1.4547666666666652,0.00375,0.00125,0.6916666666666667,0.6241666666666666,1.7120833333333334,0.8920515940618141,0.10794840593818435,3.232903382818204,0.3433333333333333,126.3475,0.6045833333333334,270.0,0.0060797447571530935,113.91875896453857,4.275421553850174,-3.000627548317425e-05,0.0,348.1940845489502,0.6022577285766602,1462.0875926017761
1250,1.4831222222222218,0.0020833333333333333,0.00125,0.6708333333333333,0.6191666666666666,1.7275,0.8976507477086333,0.10234925229136506,3.2732754462132174,0.3254166666666667,125.60083333333333,0.61,304.0,-0.00031613503815606234,81.79249687194825,4.1462677896022795,-0.00019153238827129826,0.0,287.3219479560852,0.689711332321167,1463.411606311798
1251,1.5418722222222223,0.0020833333333333333,0.00125,0.7041666666666667,0.6483333333333333,1.8020833333333333,0.8944878612716758,0.1055121387283237,3.251098265895954,0.3383333333333333,126.90625,0.6166666666666667,268.0,-0.0056508444249629974,38.84366044998169,4.318098020553589,-0.0006851354337413795,0.0,194.9996808052063,0.8589385151863098,1464.553593635559
1252,1.5482166666666655,0.0008333333333333334,0.0008333333333333334,0.7041666666666667,0.645,1.8041666666666667,0.895893764434179,0.10410623556581974,3.261431870669746,0.34,136.29291666666666,0.6604166666666667,285.0,-0.00832221661694348,54.78076558113098,4.328489202260971,0.00045179345543147067,0.000390625,287.9635392189026,0.8324819803237915,1465.7056548595428
1253,1.5724194444444444,0.004583333333333333,0.0008333333333333334,0.7166666666666667,0.66125,1.8429166666666668,0.8962559348858231,0.10374406511417583,3.2629437033687543,0.36791666666666667,132.88291666666666,0.6054166666666667,302.0,-0.001835136441513896,43.32868456840515,4.296235531568527,0.0008114399446640163,0.0018229166977107524,214.84884061813355,0.8449137210845947,1466.85879445076
1254,1.582397222222221,0.0033333333333333335,0.0008333333333333334,0.7291666666666666,0.6675,1.8625,0.8902505592841153,0.10974944071588366,3.2212527964205817,0.3566666666666667,135.85,0.6316666666666667,332.0,-0.0025681224884465336,68.24604797363281,4.360773754119873,-0.0003232004673918709,0.0,460.38566570281984,0.7244362235069275,1468.0021097660065
1255,1.520220833333333,0.00125,0.0008333333333333334,0.6916666666666667,0.6279166666666667,1.7733333333333334,0.8939215225563907,0.10607847744360896,3.245770676691729,0.33208333333333334,114.72666666666667,0.5545833333333333,322.0,0.00933075782377273,86.19339027404786,4.272758728265762,-5.6260729616042225e-05,0.0,268.1270541191101,0.6792174577713013,1469.150399684906
1256,1.433952777777777,0.0016666666666666668,0.0008333333333333334,0.6666666666666666,0.605,1.6758333333333333,0.8932918945798098,0.10670810542018881,3.241422178020885,0.3145833333333333,114.09166666666667,0.59625,283.0,-0.0033490048022940754,106.63832106590272,4.1092365980148315,-0.0001989733907976188,0.0,278.8817413330078,0.581372857093811,1470.3113505840302
1257,1.5333666666666674,0.0016666666666666668,0.0004166666666666667,0.7166666666666667,0.6420833333333333,1.79125,0.8909234705745518,0.10907652942544778,3.223772970458246,0.31708333333333333,128.96791666666667,0.6229166666666667,304.0,0.009999280562624335,37.96708731651306,4.230824422836304,0.0027927770162932573,0.0,317.03205881118777,0.8414692282676697,1471.4948675632477
1258,1.4428874999999997,0.005,0.0020833333333333333,0.6875,0.6108333333333333,1.6975,0.893944526264113,0.10605547373588604,3.2476681394207167,0.32958333333333334,109.54166666666667,0.51875,288.0,0.001457718014717102,103.66399345397949,4.312165278196335,-0.00021179861505515873,0.0,171.4924758911133,0.6215612888336182,1472.661077260971
1259,1.595695833333333,0.0025,0.00125,0.725,0.6695833333333333,1.86875,0.8944637681159412,0.10553623188405797,3.250613154960981,0.3641666666666667,137.68833333333333,0.6354166666666666,362.0,-0.005325493705458939,58.25065107345581,4.44508056640625,0.0007186726754298434,0.0,413.6416823387146,0.796929121017456,1473.831327199936
1260,1.4863472222222232,0.0008333333333333334,0.0008333333333333334,0.6833333333333333,0.6270833333333333,1.7383333333333333,0.8931927133269407,0.10680728667305839,3.2408916586768934,0.33541666666666664,112.82291666666667,0.5195833333333333,319.0,-0.001732732795062475,89.5556978225708,4.180326741933823,-0.00026051342720165847,0.0,312.94214658737184,0.687109649181366,1474.9977612495422
1261,1.5916041666666663,0.005416666666666667,0.00125,0.7083333333333334,0.66125,1.8529166666666668,0.9000112435349666,0.09998875646503257,3.2894085900607153,0.3466666666666667,138.68416666666667,0.6333333333333333,358.0,-0.004363446775823831,68.89276471138001,4.282222014665604,-0.0011075708986027165,0.0010416666977107526,262.9139101028442,0.8059465885162354,1476.1506452560425
1262,1.4711847222222212,0.0025,0.0008333333333333334,0.6916666666666667,0.6154166666666666,1.71375,0.8983734500364687,0.10162654996353017,3.2793581327498176,0.3308333333333333,116.82416666666667,0.5683333333333334,330.0,-0.002809089499714901,124.45499114990234,4.3333114922046665,-0.00024902789591578766,0.0,360.731932258606,0.5600802898406982,1477.2827987670898
1263,1.5206847222222206,0.0020833333333333333,0.0004166666666666667,0.6833333333333333,0.6308333333333334,1.76625,0.8991059212078313,0.10089407879216793,3.2833215380986083,0.32916666666666666,126.30791666666667,0.5991666666666666,350.0,0.014547490840777754,72.89927101135254,4.218704724311829,0.000625054216652643,0.0,226.56630506515503,0.7547205686569214,1478.4395327568054
1264,1.520327777777778,0.0033333333333333335,0.0004166666666666667,0.6958333333333333,0.6375,1.7775,0.8953633380215642,0.10463666197843403,3.2569151429910925,0.33958333333333335,134.46458333333334,0.65625,325.0,-0.002064276160672307,82.97815523147582,4.332534945011139,0.00034161346466135003,0.0,283.26191806793213,0.7188185453414917,1479.5900597572327
1265,1.5636222222222214,0.0,0.0,0.7083333333333334,0.6529166666666667,1.8158333333333334,0.8982010096374472,0.10179899036255158,3.27581459385039,0.35208333333333336,126.40416666666667,0.5704166666666667,313.0,-0.00030477484688162804,59.226658248901366,4.3509805560112,-0.0004605375914252363,0.0,207.15526895523072,0.7422115206718445,1480.7455742359161
1266,1.5652736111111116,0.0025,0.0004166666666666667,0.7125,0.6591666666666667,1.82875,0.8962155388471172,0.10378446115288213,3.263613579403053,0.35541666666666666,131.19291666666666,0.6445833333333333,298.0,-0.014246870903298259,78.6665150642395,4.371038484573364,0.00023079997226886916,0.0,332.6109592437744,0.7069451808929443,1481.8895103931427
1267,1.5909624999999994,0.002916666666666667,0.00125,0.725,0.6679166666666667,1.855,0.8984299191374657,0.10157008086253368,3.278975741239892,0.36541666666666667,133.605,0.5845833333333333,326.0,0.007098635751754045,64.75333280563355,4.444744056463241,2.253229758935049e-05,0.0,481.4765382766724,0.7097703814506531,1483.0425505638123
1268,1.5630194444444439,0.007083333333333333,0.0020833333333333333,0.6958333333333333,0.6541666666666667,1.82375,0.9028055745944706,0.0971944254055289,3.3095727667352066,0.3616666666666667,129.43583333333333,0.6125,341.0,-0.00035409405827522276,65.15994381904602,4.248052436113357,-0.0008085002584266477,0.0,308.48712787628176,0.6951925754547119,1484.1904702186584
1269,1.4612111111111101,0.0004166666666666667,0.0004166666666666667,0.675,0.6158333333333333,1.6970833333333333,0.9002553400441917,0.09974465995580642,3.291431377363123,0.3358333333333333,115.68833333333333,0.5675,266.0,-0.007296123146079481,62.31152181625366,4.150309658050537,-0.0005592965200776235,0.0,298.09442443847655,0.7199509739875793,1485.3503913879395
1270,1.47145,0.00875,0.0008333333333333334,0.6666666666666666,0.61625,1.7175,0.9039252789907808,0.09607472100921877,3.3178068898592916,0.33458333333333334,106.71666666666667,0.4891666666666667,281.0,0.009073302010074258,81.11539573669434,4.141820329427719,0.0003650908023701049,0.0,323.7072057723999,0.6996103525161743,1486.5072236061096
1271,1.5433902777777773,0.0016666666666666668,0.0004166666666666667,0.7041666666666667,0.6454166666666666,1.7775,0.9052906704172523,0.0947093295827472,3.326769807782466,0.32875,121.51166666666667,0.5654166666666667,310.0,-0.012408996280282737,50.69728021621704,4.285155463218689,-0.00048826517195266206,0.0,300.6600233078003,0.7355971336364746,1487.6593444347382
1272,1.5953055555555546,0.0004166666666666667,0.0004166666666666667,0.7166666666666667,0.6616666666666666,1.8370833333333334,0.9066454978453159,0.09335450215468354,3.335903833068723,0.36583333333333334,129.15916666666666,0.6120833333333333,317.0,-0.007620439317543059,55.46732997894287,4.453689098358154,-0.0001533751121314708,0.0,347.0793928146362,0.7714977860450745,1488.822347164154
1273,1.5700513888888883,0.0020833333333333333,0.0004166666666666667,0.7125,0.6645833333333333,1.8241666666666667,0.9031041571493824,0.09689584285061667,3.3129282777523983,0.37625,134.60625,0.6541666666666667,290.0,0.0022599093383178113,75.93125104904175,4.265446358919144,-0.00024359704402741045,0.0,377.37019662857057,0.7267279624938965,1490.0050191879272
1274,1.5466138888888883,0.0020833333333333333,0.0004166666666666667,0.6958333333333333,0.64,1.7929166666666667,0.9019381826632578,0.09806181733674173,3.3030443876365325,0.3475,120.39708333333333,0.53125,343.0,-0.003054260986391455,98.23435411453247,4.29139307141304,0.0002714728791033849,0.0,399.10502128601075,0.514502763748169,1491.1744747161865
1275,1.498706944444444,0.010833333333333334,0.0020833333333333333,0.6833333333333333,0.6275,1.7520833333333334,0.9051676575505342,0.0948323424494648,3.326040428061831,0.3441666666666667,115.0325,0.51875,297.0,-0.005397967202588916,110.11697998046876,4.28340408205986,0.0002587044938991312,0.0,348.24915714263915,0.5690858364105225,1492.538036108017
1276,1.5895944444444445,0.004166666666666667,0.0020833333333333333,0.725,0.6641666666666667,1.8375,0.9094920634920621,0.09050793650793641,3.356235827664399,0.37958333333333333,129.26541666666665,0.6091666666666666,307.0,-0.0018918988294899463,46.49169144630432,4.317987734079361,-0.0002312875170900952,0.0,363.38959884643555,0.7948243021965027,1493.687054157257
1277,1.5792152777777777,0.007083333333333333,0.00125,0.7291666666666666,0.6675,1.8354166666666667,0.9067990919409756,0.09320090805902377,3.3380249716231556,0.3645833333333333,133.23708333333335,0.6116666666666667,315.0,-0.0020226708613336085,49.232416009902956,4.291847771406173,0.00013866761801182293,0.0,358.15194177627563,0.8236086964607239,1494.837022781372
1278,1.5532597222222215,0.0004166666666666667,0.0004166666666666667,0.7208333333333333,0.6516666666666666,1.8033333333333332,0.9005291127541578,0.09947088724584101,3.2945933456561924,0.35541666666666666,124.12666666666667,0.58,297.0,-0.011372340773232282,43.177930164337155,4.309361684322357,0.0007034386275336146,0.0,223.7458701133728,0.8048088550567627,1495.9889550209045
1279,1.4230777777777774,0.00125,0.00125,0.6583333333333333,0.5979166666666667,1.6520833333333333,0.9019470365699858,0.09805296343001252,3.3041614123581335,0.32875,102.48333333333333,0.47375,280.0,-0.008424824406392872,156.38117656707763,4.342849546670914,0.00036748828570125623,0.0,403.29378242492675,0.5095236897468567,1497.124273300171
1280,1.4972597222222215,0.00625,0.0008333333333333334,0.6958333333333333,0.6316666666666667,1.7433333333333334,0.9038217017208402,0.0961782982791586,3.3178776290630974,0.33791666666666664,117.2425,0.5725,279.0,-0.0063192585948854685,45.84999046325684,4.27992080450058,0.0004897597464150749,0.0,287.1179326057434,0.8621309995651245,1498.277931213379
1281,1.5730694444444429,0.002916666666666667,0.0020833333333333333,0.7125,0.6541666666666667,1.815,0.9098255280073453,0.09017447199265377,3.361111111111111,0.37083333333333335,129.83625,0.63125,297.0,-0.003158853854984045,69.03767757415771,4.442151463031768,-0.00030679043229611127,0.0,526.7113683700561,0.7803905010223389,1499.4385204315186
1282,1.625462500000001,0.0020833333333333333,0.0004166666666666667,0.7375,0.67125,1.8754166666666667,0.9062674961119745,0.0937325038880249,3.334814485669851,0.3570833333333333,132.44541666666666,0.60625,318.0,-0.001048872247338295,66.61525831222534,4.436061346530915,0.0004180873896984849,0.0,610.902311706543,0.6903531551361084,1500.5784318447113
1283,1.5280680555555564,0.00625,0.0016666666666666668,0.6958333333333333,0.6420833333333333,1.7825,0.9033496961196816,0.09665030388031784,3.31439925198691,0.3545833333333333,119.26208333333334,0.5720833333333334,321.0,-0.01355242113932036,59.74724535942077,4.215839540958404,0.0017889939452288672,0.0,234.04215621948242,0.7438623905181885,1501.7221989631653
1284,1.6154888888888896,0.002916666666666667,0.00125,0.7416666666666667,0.6804166666666667,1.86375,0.9079678068410454,0.09203219315895363,3.347417840375587,0.3641666666666667,133.63,0.6220833333333333,323.0,0.0068648554268293084,51.211352014541625,4.491675865650177,0.00021691168658435344,0.0,409.86453161239626,0.7643589377403259,1502.87441945076
1285,1.5183958333333336,0.0033333333333333335,0.0004166666666666667,0.7041666666666667,0.6375,1.7491666666666668,0.9104692710814664,0.08953072891853259,3.3642210576464984,0.35,113.95958333333333,0.5054166666666666,285.0,-0.0006700945319607854,107.2532681465149,4.424821418523789,0.00022712028585374354,0.0,438.15259208679197,0.5349209904670715,1504.0104649066925
1286,1.5921305555555538,0.0,0.0,0.7083333333333334,0.6533333333333333,1.815,0.9147796143250675,0.08522038567493095,3.394628099173554,0.3575,132.65375,0.6416666666666667,300.0,0.0013308065477758645,68.38014779090881,4.465986406803131,0.00018511690432205797,0.0015625,278.1582067489624,0.8159490823745728,1505.160629749298
1287,1.5481083333333323,0.0033333333333333335,0.0016666666666666668,0.7,0.6479166666666667,1.78,0.9127949438202233,0.08720505617977524,3.381320224719101,0.3516666666666667,124.52541666666667,0.6004166666666667,313.0,0.0005375578301027417,84.73502159118652,4.35246165394783,-0.0003701013501995476,0.000390625,290.4055895805359,0.7417005300521851,1506.330359697342
1288,1.5020694444444427,0.0033333333333333335,0.0004166666666666667,0.7,0.6229166666666667,1.7245833333333334,0.9122493355883051,0.08775066441169364,3.377869050495289,0.32958333333333334,109.07458333333334,0.5129166666666667,287.0,0.017584658763371407,92.10443267822265,4.353554475307464,0.00025508116887067444,0.0,276.5014726638794,0.643325924873352,1507.4994504451752
1289,1.5774027777777768,0.0033333333333333335,0.00125,0.7208333333333333,0.6533333333333333,1.8091666666666666,0.9122754491017947,0.08772455089820361,3.377245508982036,0.3433333333333333,133.31458333333333,0.6295833333333334,307.0,-0.0027659553568810226,99.451336479187,4.250888878107071,0.00016822245670482515,0.0,531.6515733718873,0.7110246419906616,1508.6627156734467
1290,1.5042291666666663,0.0016666666666666668,0.00125,0.7166666666666667,0.6358333333333334,1.7379166666666668,0.9084512107408281,0.09154878925917029,3.351474466554783,0.3566666666666667,111.61916666666667,0.49666666666666665,313.0,0.005255680656409823,105.51275796890259,4.452703189849854,0.00019142939927405678,0.0,162.3129674911499,0.5878155827522278,1509.8085465431213
1291,1.6363750000000004,0.00375,0.0020833333333333333,0.7333333333333333,0.6816666666666666,1.8795833333333334,0.9132786521835512,0.08672134781644858,3.3841720239414763,0.36875,130.13791666666665,0.5958333333333333,314.0,-0.002923197997733951,57.36196928024292,4.51036536693573,-0.0003370957201696001,0.0,254.04519872665406,0.7318365573883057,1510.9546015262604
1292,1.5862055555555548,0.00375,0.0008333333333333334,0.7375,0.66625,1.8216666666666668,0.9135544373284532,0.08644556267154617,3.3865507776761206,0.36,130.93791666666667,0.6220833333333333,288.0,-0.004645013040862978,50.719826674461366,4.497816121578216,0.0006747136416379362,0.0,233.10927562713624,0.7647209167480469,1512.111087322235
1293,1.5547930555555547,0.0025,0.0004166666666666667,0.6958333333333333,0.645,1.7783333333333333,0.9163940955951246,0.08360590440487344,3.407685098406748,0.3525,122.23875,0.5283333333333333,313.0,-0.003353427303954959,98.73610992431641,4.221324348449707,-0.0010244991455692798,0.0,341.35206298828126,0.5796632170677185,1513.2622935771942
1294,1.6021347222222213,0.0025,0.0004166666666666667,0.7166666666666667,0.6675,1.8266666666666667,0.9195460766423338,0.08045392335766408,3.4299726277372264,0.3645833333333333,134.90208333333334,0.6233333333333333,302.0,0.008932482241652906,83.20085554122925,4.328994107246399,-0.0004332214688474778,0.0,302.8492475509644,0.6932127475738525,1514.4070060253143
1295,1.4816166666666668,0.0025,0.00125,0.6916666666666667,0.6170833333333333,1.6933333333333334,0.9156938976377945,0.08430610236220468,3.4018208661417324,0.33,105.01458333333333,0.4716666666666667,262.0,0.0011179162422195077,94.95765008926392,4.262313085794449,0.0013355577961192467,0.0,243.74718723297119,0.6359854340553284,1515.555153131485
1296,1.559599999999999,0.007916666666666667,0.00125,0.7208333333333333,0.6475,1.7891666666666666,0.9174522589659972,0.08254774103400077,3.414066138798323,0.3433333333333333,126.65458333333333,0.6141666666666666,288.0,0.011020704498514533,59.05961766242981,4.303336107730866,0.0007119224392226897,0.0,316.9437158584595,0.749199390411377,1516.7022745609283
1297,1.5930736111111106,0.00375,0.00125,0.7375,0.66875,1.8241666666666667,0.9172476016445851,0.0827523983554133,3.4136592051164913,0.3670833333333333,130.34833333333333,0.61625,315.0,0.002975231409072876,46.119774961471556,4.536538159847259,0.000481033994583413,0.0,342.26166944503785,0.8172807693481445,1517.8544771671295
1298,1.5725236111111096,0.0025,0.0008333333333333334,0.7041666666666667,0.64875,1.7954166666666667,0.917472731492224,0.08252726850777435,3.414945462984451,0.35041666666666665,122.20625,0.56875,295.0,-0.002203211816959083,71.86202325820923,4.260636365413665,0.0004632315815797483,0.0,320.3884714126587,0.7092468738555908,1519.009422302246
1299,1.5778597222222204,0.0004166666666666667,0.0004166666666666667,0.725,0.65875,1.8075,0.9126394651913305,0.08736053480866746,3.3812816966343937,0.35375,129.1675,0.61,295.0,-0.0007902488578110933,81.57987785339355,4.319099080562592,-6.412544062186498e-05,0.0,531.8634424209595,0.725202739238739,1520.156438112259
1300,1.4639638888888886,0.0008333333333333334,0.0008333333333333334,0.6666666666666666,0.6029166666666667,1.6683333333333332,0.9160039960039938,0.08399600399600383,3.404845154845155,0.32083333333333336,103.985,0.50625,265.0,0.00047507442068308594,113.35000877380371,4.166144210100174,0.0001381606729410123,0.0,430.96340999603274,0.5284485220909119,1521.5315794944763
1301,1.6008624999999985,0.004583333333333333,0.0016666666666666668,0.75,0.6766666666666666,1.8445833333333332,0.91214592274678,0.08785407725321887,3.376778857013779,0.36916666666666664,133.15625,0.61625,309.0,-0.003928304370492697,100.95196523666382,4.5008028745651245,0.00016939101515163203,0.0,944.5700832366944,0.6307052373886108,1522.706239938736
1302,1.5320583333333335,0.005416666666666667,0.0016666666666666668,0.675,0.6266666666666667,1.7566666666666666,0.9168500948766588,0.08314990512333958,3.4103415559772294,0.3441666666666667,114.5275,0.5316666666666666,288.0,0.004522617417387664,88.77169637680053,4.264966386556625,-4.275571409380063e-05,0.0,338.2356044769287,0.6542080640792847,1523.8763456344604
1303,1.390601388888888,0.0,0.0,0.6458333333333334,0.58,1.5995833333333334,0.9110731961448278,0.08892680385517052,3.371450898671529,0.325,89.4575,0.39625,250.0,1.1705211363732816e-06,124.83438568115234,4.174433946609497,0.0003499578956507321,0.0,265.2066495895386,0.5968755483627319,1525.0388538837433
1304,1.6331722222222202,0.00125,0.0008333333333333334,0.725,0.6683333333333333,1.85125,0.9217375647085292,0.07826243529146969,3.444744541976142,0.36625,135.45041666666665,0.6520833333333333,364.0,-0.014214333985000849,100.9230507850647,4.267305946350097,0.0011539560422534124,0.0,571.4337209701538,0.6929078698158264,1526.1920557022095
1305,1.4930222222222214,0.0,0.0,0.6833333333333333,0.61875,1.7033333333333334,0.9153424657534226,0.08465753424657525,3.3989726027397262,0.33875,119.21833333333333,0.5625,280.0,-0.009475655015558004,87.4230354309082,4.362497097253799,0.0008675217832205817,0.0,326.4104423522949,0.6594338417053223,1527.3510673046112
1306,1.5560444444444432,0.0004166666666666667,0.0004166666666666667,0.6916666666666667,0.6383333333333333,1.7733333333333334,0.9156109022556376,0.08438909774436086,3.4015507518796992,0.33875,124.55083333333333,0.58875,267.0,0.0011544701410457492,92.44399404525757,4.3293991684913635,-7.335521804634482e-05,0.0,317.21913986206056,0.7564507722854614,1528.4903321266174
1307,1.51792361111111,0.0,0.0,0.6958333333333333,0.6345833333333334,1.7429166666666667,0.9129452546019592,0.08705474539803967,3.383456849151327,0.36291666666666667,123.775,0.6320833333333333,286.0,0.009837613441050053,88.25499792099,4.284885281324387,-3.85779349016957e-05,0.0,377.6217695236206,0.7647947072982788,1529.644799232483
1308,1.568031944444443,0.004583333333333333,0.00125,0.7,0.6491666666666667,1.7908333333333333,0.9173127035830606,0.08268729641693807,3.4125174499767335,0.34,125.18083333333334,0.6070833333333333,295.0,-0.0011865891050547362,52.313688564300534,4.286914819478989,0.0019944944098824633,0.0037760416977107524,207.74524240493776,0.7923320531845093,1530.8004405498505
1309,1.5230263888888884,0.00625,0.0016666666666666668,0.6875,0.6391666666666667,1.7570833333333333,0.9130732748399328,0.08692672516006625,3.382499407161489,0.35041666666666665,130.47291666666666,0.6420833333333333,336.0,-0.00564520878251642,72.89109830856323,4.2977053940296175,0.0010719082813011483,0.0,207.9869080543518,0.7854692935943604,1531.9521753787994
1310,1.5403083333333327,0.005416666666666667,0.0008333333333333334,0.7166666666666667,0.6454166666666666,1.7716666666666667,0.9144496707431783,0.08555032925682024,3.3927563499529634,0.3541666666666667,117.78083333333333,0.5345833333333333,341.0,0.002922710916027427,63.969900369644165,4.3689014434814455,-0.0015167061617830768,0.003125,232.9111755371094,0.7754372358322144,1533.0885744094849
1311,1.5897638888888892,0.005,0.0008333333333333334,0.7208333333333333,0.6595833333333333,1.835,0.9108991825613066,0.08910081743869201,3.369209809264305,0.36333333333333334,128.93291666666667,0.5975,282.0,-0.0004966748878359794,43.55735583305359,4.330905646085739,0.00044503884273581205,0.0,290.3131509780884,0.8238863945007324,1534.2497572898865
1312,1.4536208333333318,0.005,0.0008333333333333334,0.6875,0.62,1.69625,0.9058437730287391,0.09415622697125997,3.3338246131171703,0.35791666666666666,102.15708333333333,0.38875,308.0,0.007884706975892187,105.37961587905883,4.3308298826217655,0.0004335061210440472,0.0,260.55264530181887,0.5700574517250061,1535.3982517719269
1313,1.589841666666666,0.004166666666666667,0.0016666666666666668,0.7125,0.6583333333333333,1.8208333333333333,0.9161601830663603,0.08383981693363834,3.4045766590389017,0.36333333333333334,125.51291666666667,0.53125,335.0,-0.007017911644652486,57.79757461547852,4.375062519311905,0.00015767151780892162,0.0,231.66693153381348,0.7522299885749817,1536.5650718212128
1314,1.497769444444444,0.007916666666666667,0.00125,0.6875,0.6241666666666666,1.71875,0.9195103030303015,0.08048969696969686,3.4300606060606063,0.33791666666666664,116.57666666666667,0.5816666666666667,324.0,-0.009425165131688118,111.3033401966095,4.3162726521492,0.0014256411697715521,0.0,378.7160584449768,0.6192851662635803,1537.7316279411316
1315,1.5375611111111103,0.0020833333333333333,0.0008333333333333334,0.7208333333333333,0.6483333333333333,1.7920833333333333,0.9039711694954647,0.09602883050453381,3.3222506393861893,0.37958333333333333,127.52041666666666,0.6129166666666667,344.0,-0.007464122539386153,99.0127956867218,4.417446410655975,6.890149479659158e-05,0.0,497.6020908355713,0.6064430475234985,1538.9078340530396
1316,1.495004166666667,0.0025,0.0004166666666666667,0.6875,0.6233333333333333,1.7279166666666668,0.9088521823004572,0.09114781769954168,3.353749698577285,0.3570833333333333,116.42416666666666,0.5725,281.0,0.003070527082309127,93.21851530075074,4.212869507074356,-3.128509561065584e-05,0.000390625,260.3309527397156,0.5898300409317017,1540.095852613449
1317,1.6453791666666668,0.0020833333333333333,0.00125,0.7375,0.6754166666666667,1.8804166666666666,0.9140062042986916,0.08599379570130725,3.3893197429647683,0.355,139.76333333333332,0.6529166666666667,334.0,0.0003645884804427624,62.673968172073366,4.48282299041748,-0.00014258168230298906,0.0,419.79901828765867,0.7587356567382812,1541.2418920993805
1318,1.6663624999999989,0.00375,0.0020833333333333333,0.7333333333333333,0.6904166666666667,1.9154166666666668,0.9132629976071336,0.08673700239286487,3.3845986512943225,0.38333333333333336,147.60916666666665,0.6583333333333333,322.0,0.001171989319846034,34.574892735481264,4.496446442604065,0.0011935879282646057,0.0,409.9590980529785,0.8603869080543518,1542.3913617134094
1319,1.5543444444444434,0.005416666666666667,0.0016666666666666668,0.7125,0.65125,1.7895833333333333,0.9122840512223502,0.08771594877764836,3.3783469150174623,0.34375,122.32,0.5479166666666667,356.0,-0.001955267088487744,101.51981258392334,4.397461694478989,0.00039959009154699743,0.0,280.96392307281496,0.633415699005127,1543.5424683094025
1320,1.5636319444444442,0.005416666666666667,0.0008333333333333334,0.725,0.6554166666666666,1.8004166666666668,0.9143832446193003,0.08561675538069886,3.3929645915297386,0.36333333333333334,123.79125,0.5729166666666666,299.0,-0.007130527636036277,72.48669805526734,4.423827362060547,0.002008451643632725,0.0015625,231.3227554321289,0.628915011882782,1544.695396900177
1321,1.5853125,0.002916666666666667,0.0008333333333333334,0.7166666666666667,0.6579166666666667,1.8166666666666667,0.915424311926604,0.08457568807339452,3.401146788990826,0.35375,127.9075,0.5795833333333333,310.0,0.0004076206125319004,55.18126645088196,4.351991432905197,0.0006713201408274471,0.0,210.65130376815796,0.8131872415542603,1545.8551681041718
1322,1.6336930555555547,0.0033333333333333335,0.0004166666666666667,0.7291666666666666,0.6704166666666667,1.85,0.9244436936936922,0.07555630630630622,3.4644144144144144,0.36,136.86625,0.6495833333333333,289.0,-0.007056929124519229,54.217744207382204,4.210611283779144,0.002766318262729328,0.0,276.50144510269166,0.7810106873512268,1547.0184533596039
1323,1.6285930555555548,0.0020833333333333333,0.00125,0.7166666666666667,0.6625,1.8495833333333334,0.9203176391079062,0.07968236089209274,3.435233160621762,0.3466666666666667,129.39458333333334,0.6020833333333333,318.0,-0.007402736367657781,75.57627067565917,4.313524961471558,0.00046030556768528186,0.0,209.17861518859863,0.6933069825172424,1548.1655139923096
1324,1.6030055555555551,0.002916666666666667,0.0020833333333333333,0.7208333333333333,0.6633333333333333,1.8191666666666666,0.9217544663307367,0.07824553366926239,3.444342647732478,0.3466666666666667,125.50541666666666,0.5675,316.0,-0.010465366626158356,55.50002908706665,4.310027992725372,-0.0007361153257079422,0.0,290.106040763855,0.7275385856628418,1549.3144083023071
1325,1.6265416666666659,0.0008333333333333334,0.0004166666666666667,0.7291666666666666,0.6675,1.8416666666666666,0.9215384615384602,0.07846153846153842,3.4434389140271495,0.35041666666666665,135.14,0.6541666666666667,319.0,-0.0028583966428413986,43.6895308971405,4.4097675561904905,-0.0011572790856007487,0.0,241.897354221344,0.8423561453819275,1550.7636127471924
1326,1.6076388888888877,0.00375,0.0008333333333333334,0.725,0.6591666666666667,1.8291666666666666,0.9209567198177662,0.07904328018223229,3.4394077448747153,0.35541666666666666,135.61708333333334,0.63875,299.0,0.00016611320897936822,46.425810194015504,4.350120007991791,0.0008393569674808532,0.0,271.7825783729553,0.8592088222503662,1551.9067070484161
1327,1.5170291666666678,0.00375,0.0008333333333333334,0.6833333333333333,0.6291666666666667,1.7233333333333334,0.922961798839457,0.07703820116054147,3.4545454545454546,0.32958333333333334,116.73083333333334,0.5883333333333334,280.0,-0.0010888269636780024,126.97815742492676,4.279781937599182,-0.0005384466036048252,0.0,424.98602352142336,0.5170881748199463,1553.0610039234161
1328,1.5998874999999988,0.0,0.0,0.7208333333333333,0.65375,1.8058333333333334,0.9209113982464215,0.07908860175357624,3.4390862944162435,0.32625,126.18375,0.6070833333333333,293.0,-0.004033359559252858,62.474260568618774,4.25292671918869,-0.00015734251064714044,0.0,548.894888496399,0.7278390526771545,1554.2344534397125
1329,1.6123499999999984,0.0008333333333333334,0.0008333333333333334,0.7291666666666666,0.6616666666666666,1.8220833333333333,0.9229682140407025,0.0770317859592956,3.453007088954951,0.35208333333333336,129.63083333333333,0.6158333333333333,293.0,-1.7520366236567496e-05,64.4890296459198,4.24405300617218,0.00042798264730663503,0.0,302.95371131896974,0.7508927583694458,1555.4047899246216
1330,1.619204166666667,0.005416666666666667,0.00125,0.7125,0.6641666666666667,1.83375,0.9253783231083826,0.07462167689161539,3.470347648261759,0.3408333333333333,129.25291666666666,0.60375,327.0,-0.007388730021193624,69.68370943069458,4.243260627985,0.0007407523105030123,0.0,285.9911423683167,0.7225030660629272,1556.5830354690552
1331,1.5757972222222225,0.0025,0.0016666666666666668,0.7083333333333334,0.64875,1.785,0.9239215686274496,0.07607843137254897,3.4607843137254903,0.34833333333333333,129.38666666666666,0.6145833333333334,294.0,0.005383548885583877,55.176063013076785,4.33412304520607,0.00021954889325570548,0.0,292.84806432723997,0.7972795367240906,1557.7282721996307
1332,1.603965277777777,0.0033333333333333335,0.0004166666666666667,0.7125,0.6558333333333334,1.80875,0.9269407970513694,0.07305920294862923,3.481455885740613,0.33666666666666667,124.935,0.56,314.0,0.005804736772552133,80.87292404174805,4.323776185512543,-0.0002892135064939794,0.0,304.6542811393738,0.7032085061073303,1558.886868238449
1333,1.6123708333333335,0.00125,0.0004166666666666667,0.7166666666666667,0.6645833333333333,1.8266666666666667,0.9234010036496336,0.07659899635036486,3.457116788321168,0.35833333333333334,135.95291666666665,0.6308333333333334,322.0,0.006050588062498719,63.942660331726074,4.223717224597931,-0.0004134207629249431,0.0,342.0488176345825,0.7861549258232117,1560.0357880592346
1334,1.6072263888888878,0.0020833333333333333,0.0004166666666666667,0.7208333333333333,0.6620833333333334,1.8258333333333334,0.9216134185303503,0.07838658146964844,3.445230488361479,0.3620833333333333,136.44041666666666,0.63125,292.0,0.010767524549737572,69.3967851638794,4.31290510892868,0.00011265923676546663,0.0,407.7743935585022,0.7651038765907288,1561.1757726669312
1335,1.5150847222222228,0.004166666666666667,0.00125,0.6958333333333333,0.6345833333333334,1.72875,0.9207929621595549,0.07920703784044344,3.4391419619185344,0.35083333333333333,120.33916666666667,0.5829166666666666,285.0,-0.0004908886970952153,92.68039045333862,4.236555123329163,0.0012345161463599651,0.0,500.32225303649903,0.6620254516601562,1562.3267121315002
1336,1.658136111111109,0.00375,0.00125,0.7333333333333333,0.6825,1.88125,0.9239999999999989,0.07599999999999994,3.4624584717607974,0.36041666666666666,137.70583333333335,0.625,373.0,0.0058122285641729835,82.76243524551391,4.205582147836685,0.0001742116564855678,0.0,689.1626181602478,0.7214021682739258,1563.4742994308472
1337,1.5694444444444438,0.005416666666666667,0.0020833333333333333,0.7166666666666667,0.65375,1.79625,0.9191602876362776,0.08083971236372059,3.427047088842496,0.35625,126.20125,0.5891666666666666,366.0,-0.007608208828605712,70.65177040100097,4.245212286710739,0.0007654052766156383,0.0,284.9315784454346,0.7394719123840332,1564.623136997223
1338,1.5517597222222217,0.004583333333333333,0.00125,0.6958333333333333,0.6445833333333333,1.7575,0.9262422949265038,0.07375770507349445,3.47818871503082,0.33458333333333334,119.91083333333333,0.5808333333333333,275.0,-0.005240510846488178,98.67106847763061,4.18720189332962,-0.00011431716029619565,0.0,354.6645227432251,0.5309513807296753,1565.7804291248322
1339,1.5731527777777756,0.005416666666666667,0.0020833333333333333,0.7083333333333334,0.6466666666666666,1.7858333333333334,0.9248483434437688,0.0751516565562295,3.468502099860009,0.33875,121.3875,0.5870833333333333,291.0,0.001225451985374093,72.64480657577515,4.179150611162186,-0.0008101772429654375,0.0,343.9597294807434,0.7082321047782898,1566.9358532428741
1340,1.597759722222222,0.00375,0.0016666666666666668,0.7166666666666667,0.6570833333333334,1.80875,0.9245081778392064,0.07549182216079235,3.465560930661138,0.33416666666666667,128.41375,0.5591666666666667,298.0,-0.004418781849381048,111.92405500411988,4.267131680250168,0.0006076234363717959,0.0,363.75245132446287,0.5898650288581848,1568.102683544159
1341,1.568729166666666,0.0033333333333333335,0.0008333333333333334,0.7083333333333334,0.6525,1.785,0.9223739495798304,0.07762605042016806,3.450980392156863,0.34791666666666665,122.42333333333333,0.57875,310.0,0.004473340651020408,81.24627623558044,4.120275545120239,-0.0002086465869069798,0.0,292.4086212158203,0.6670870780944824,1569.2435851097107
1342,1.603944444444443,0.0033333333333333335,0.0004166666666666667,0.725,0.65625,1.8041666666666667,0.9285912240184746,0.07140877598152418,3.493995381062356,0.32875,133.76541666666665,0.6270833333333333,309.0,-0.003619001340121031,81.54399294853211,4.208042651414871,-6.421536018024199e-05,0.0,314.47654418945314,0.7468236088752747,1570.3896203041077
1343,1.6058652777777782,0.002916666666666667,0.0004166666666666667,0.7125,0.6579166666666667,1.7995833333333333,0.9320236165779101,0.06797638342208838,3.5188701088214867,0.3254166666666667,125.43958333333333,0.5995833333333334,298.0,0.0008365583955310286,85.65321140289306,4.22850998044014,-0.0007185031965491362,0.0,234.78086853027344,0.649050235748291,1571.5437064170837
1344,1.5541875000000018,0.0033333333333333335,0.0004166666666666667,0.6958333333333333,0.6354166666666666,1.7575,0.9258060692271205,0.07419393077287802,3.474869606448554,0.3325,120.35416666666667,0.595,303.0,-0.002119313972070813,86.82327756881713,4.1910395443439485,0.0007134454863262363,0.0,286.41494235992434,0.670083224773407,1572.727217912674
1345,1.537604166666666,0.00375,0.00125,0.7,0.6341666666666667,1.735,0.9287343900096049,0.07126560999039372,3.495437079731028,0.32625,115.42083333333333,0.5495833333333333,273.0,0.0003451523371040821,100.6413586139679,4.210705196857452,-0.00011334049827382842,0.0,255.04567270278932,0.6793286800384521,1573.9016737937927
1346,1.6507152777777774,0.0033333333333333335,0.0020833333333333333,0.7166666666666667,0.675,1.8675,0.9263833110218637,0.07361668897813471,3.4794734493529673,0.35625,137.54583333333332,0.63875,351.0,0.0022226524539291858,44.63656125068665,4.130801653861999,-0.0006181417702464387,0.0,301.0057708740234,0.853131890296936,1575.0703928470612
1347,1.6258277777777772,0.005416666666666667,0.00125,0.725,0.6654166666666667,1.83875,0.9271062769091308,0.07289372309086786,3.483118060276456,0.34125,130.00791666666666,0.6166666666666667,309.0,0.00315903602167964,44.697340440750125,4.167993652820587,0.0006471905933722155,0.0014322916977107525,245.59280500411987,0.8297041654586792,1576.2191762924194
1348,1.618609722222222,0.0020833333333333333,0.0004166666666666667,0.725,0.665,1.82,0.9305929487179476,0.06940705128205116,3.5080128205128207,0.34958333333333336,132.72166666666666,0.605,338.0,0.0018978239502757787,62.29000015258789,4.247828012704849,1.88778934898437e-05,0.0,332.53467445373536,0.8504859209060669,1577.4014949798584
1349,1.6236847222222217,0.00375,0.0008333333333333334,0.7333333333333333,0.66875,1.8241666666666667,0.9304499771585186,0.06955002284148004,3.507080858839653,0.3308333333333333,126.40583333333333,0.6033333333333334,291.0,0.0076203986536711454,44.02503666877747,4.226001811027527,0.0005361614785215352,0.0,216.46043891906737,0.8335460424423218,1578.5657286643982
1350,1.5924138888888868,0.00375,0.0008333333333333334,0.7166666666666667,0.6583333333333333,1.7970833333333334,0.9293902156271722,0.07060978437282621,3.502202643171806,0.33416666666666667,119.1075,0.5545833333333333,293.0,-0.009537917748093604,92.6067008972168,4.2128485381603245,-0.0004236247310473118,0.0,278.3623975753784,0.5324654579162598,1580.0544338226318
1351,1.6251041666666666,0.005,0.0008333333333333334,0.7375,0.6741666666666667,1.8316666666666668,0.9304481346678791,0.06955186533212009,3.508416742493176,0.33708333333333335,128.64791666666667,0.5891666666666666,317.0,0.002715527778491378,65.43698687553406,4.221557033061981,0.0009154091589152813,0.0010416666977107526,226.6843065261841,0.714765191078186,1581.20627951622
1352,1.651404166666668,0.0016666666666666668,0.0008333333333333334,0.725,0.67875,1.8575,0.9288627187079397,0.07113728129205912,3.4959623149394345,0.3570833333333333,133.28416666666666,0.6191666666666666,303.0,0.0015960338292643427,70.22590131759644,4.222175890207291,0.0003854237196719623,0.0,312.1569787979126,0.7296218276023865,1582.3463678359985
1353,1.5783374999999993,0.004166666666666667,0.0004166666666666667,0.7125,0.6491666666666667,1.7854166666666667,0.9262567094515742,0.07374329054842463,3.477712952158693,0.33625,120.85291666666667,0.5604166666666667,283.0,-0.003535808832384646,81.07326836585999,4.032305502891541,0.0015717690781457349,0.0,364.53392906188964,0.6442888975143433,1583.476274728775
1354,1.5316291666666662,0.004166666666666667,0.00125,0.6916666666666667,0.6320833333333333,1.7320833333333334,0.9279312003848913,0.07206879961510701,3.490738513350974,0.3304166666666667,116.19083333333333,0.5575,292.0,-0.0009342448320239782,94.77578163146973,4.122496688365937,-2.3357927420875058e-05,0.0,445.85536499023436,0.6371092796325684,1584.6299967765808
1355,1.686559722222222,0.002916666666666667,0.00125,0.7333333333333333,0.6795833333333333,1.8654166666666667,0.9395599731963356,0.060440026803663074,3.5715881170426624,0.30416666666666664,138.83708333333334,0.6358333333333334,319.0,-0.0005280811339616776,86.91960344314575,4.14796222448349,0.000504761423508171,0.0,300.69741411209105,0.7474133968353271,1585.7864022254944
1356,1.5707208333333336,0.00625,0.0008333333333333334,0.7125,0.6404166666666666,1.7679166666666666,0.9307636106528385,0.06923638934715996,3.5095451331604997,0.31083333333333335,122.27291666666666,0.5366666666666666,329.0,-0.0023180593037977816,77.91682510375976,4.10175274014473,0.0004511545499553904,0.0,284.3840715408325,0.7158947587013245,1586.9414479732513
1357,1.6429861111111108,0.0,0.0,0.7333333333333333,0.6758333333333333,1.8495833333333334,0.9275737778778994,0.07242622212209954,3.488173011939626,0.35125,130.12625,0.6270833333333333,320.0,-0.003046124125830829,69.14709429740905,4.3465022325515745,0.0002924852822616231,0.0,370.3895109176636,0.7193152904510498,1588.0964407920837
1358,1.5547611111111113,0.00375,0.00125,0.7041666666666667,0.6345833333333334,1.7441666666666666,0.9317391304347814,0.06826086956521728,3.516722408026756,0.3120833333333333,115.99875,0.5858333333333333,310.0,0.004914267989806831,108.02897062301636,4.163690596818924,0.00011067694813391427,0.0,273.54445934295654,0.5736953020095825,1589.2546334266663
1359,1.6096861111111098,0.0,0.0,0.7208333333333333,0.65875,1.8020833333333333,0.9298450867052002,0.0701549132947976,3.5033526011560694,0.3304166666666667,125.38333333333334,0.5620833333333334,319.0,0.0008883563801646233,89.46727590560913,4.193448162078857,-0.0006362011776218423,0.0,288.12443790435793,0.6699320673942566,1590.4025650024414
1360,1.6356847222222208,0.005416666666666667,0.0008333333333333334,0.725,0.6620833333333334,1.8254166666666667,0.9371855740698457,0.06281442593015286,3.554211367267747,0.32916666666666666,130.86708333333334,0.6175,273.0,-0.00559520679526031,79.98866548538209,4.1925655663013455,0.0006305812537902966,0.0,425.8057319641113,0.6422040462493896,1591.5712354183197
1361,1.5172041666666667,0.002916666666666667,0.00125,0.7041666666666667,0.62625,1.7025,0.9304429760156613,0.06955702398433666,3.507831620166422,0.305,108.09375,0.51,277.0,0.010164787224493921,78.0316120147705,4.152974760532379,-0.00021595224970951676,0.0,296.0813919067383,0.6067129373550415,1592.7265176773071
1362,1.5814944444444425,0.002916666666666667,0.0016666666666666668,0.7083333333333334,0.64625,1.76,0.9366524621212107,0.06334753787878777,3.5499526515151514,0.3125,121.02708333333334,0.5841666666666666,301.0,-0.0016689333948306738,80.21676931381225,4.146086513996124,-0.0007925658173917327,0.0,311.3116262435913,0.6917504072189331,1593.8738038539886
1363,1.6146319444444435,0.0020833333333333333,0.0004166666666666667,0.7083333333333334,0.65875,1.795,0.9374303621169898,0.06256963788300832,3.5577994428969357,0.31333333333333335,132.93291666666667,0.63,301.0,0.002633077697828412,79.99889307022094,4.267852485179901,-4.33061019066372e-05,0.000390625,247.07761507034303,0.7122840285301208,1595.0244596004486
1364,1.6053902777777769,0.0033333333333333335,0.00125,0.7333333333333333,0.6641666666666667,1.8033333333333332,0.9313239371534181,0.06867606284658032,3.5145563770794825,0.3329166666666667,128.7525,0.6233333333333333,329.0,-0.0033584019634872674,103.0237154006958,4.20743043422699,-6.678273348370567e-05,0.0,552.0367558479309,0.5974326133728027,1596.1875870227814
1365,1.6044124999999987,0.00625,0.0016666666666666668,0.7,0.6533333333333333,1.7816666666666667,0.9403858746492033,0.05961412535079508,3.577642656688494,0.2945833333333333,119.78125,0.5616666666666666,290.0,0.008259618817828596,75.64643640518189,4.0054627597332,0.0016781943035311998,0.0,228.73228063583375,0.6849981546401978,1597.338074684143
1366,1.5021305555555573,0.0,0.0,0.6625,0.6104166666666667,1.6733333333333333,0.9329631474103575,0.0670368525896414,3.5256474103585655,0.29375,114.92708333333333,0.5704166666666667,265.0,-0.0015969763859175145,149.47931137084962,4.111135500669479,0.0007512319047236815,0.0,276.43085918426516,0.6205833554267883,1598.4846816062927
1367,1.6006541666666672,0.004166666666666667,0.0008333333333333334,0.7125,0.6604166666666667,1.8033333333333332,0.9300069316081316,0.06999306839186685,3.5041589648798523,0.33791666666666664,132.2325,0.63625,324.0,-0.0011324023827910424,74.04549722671509,4.136671733856201,0.0005512170886504464,0.0,539.9899780273438,0.7660010457038879,1599.6463301181793
1368,1.5764291666666657,0.005,0.0008333333333333334,0.6958333333333333,0.6458333333333334,1.7779166666666666,0.928973517693929,0.07102648230606971,3.496133114600422,0.33541666666666664,126.56,0.5991666666666666,308.0,0.0027919612592086198,90.71721363067627,4.147517949342728,0.0005299770662531955,0.0,265.04409818649293,0.7457854747772217,1600.8076171875
1369,1.5995333333333324,0.006666666666666667,0.00375,0.7041666666666667,0.6620833333333334,1.8075,0.92885661595205,0.07114338404794829,3.496772706316275,0.3258333333333333,122.41208333333333,0.5529166666666666,332.0,-0.014039268903434276,84.24450826644897,4.089263832569122,-0.0005603473855444463,0.0,217.11610860824584,0.6159398555755615,1601.9660892486572
1370,1.5964638888888878,0.00125,0.0008333333333333334,0.725,0.66125,1.785,0.9326984126984114,0.06730158730158724,3.522875816993464,0.3308333333333333,123.22833333333334,0.56875,263.0,-0.00020556249655783175,73.8367157459259,4.085636818408966,-0.0008783160308666992,0.00078125,289.53612899780273,0.6553720235824585,1603.1145930290222
1371,1.5477222222222218,0.0025,0.00125,0.6875,0.6245833333333334,1.73125,0.931937424789409,0.06806257521058962,3.5181708784596872,0.2991666666666667,110.90166666666667,0.51375,303.0,-0.010034543392248452,110.57146129608154,4.015466910600662,0.001264177804114297,0.0,289.4797998428345,0.48256421089172363,1604.2583241462708
1372,1.5354916666666651,0.00625,0.0020833333333333333,0.7,0.6333333333333333,1.7329166666666667,0.9299543159413296,0.07004568405866787,3.504929069487858,0.3129166666666667,123.15875,0.6,292.0,-0.007963178341742604,67.1546335697174,4.101447534561157,0.0004985436942661181,0.0,264.3889241218567,0.7169435024261475,1605.4149358272552
1373,1.656801388888889,0.007083333333333333,0.0016666666666666668,0.7291666666666666,0.685,1.8654166666666667,0.9315367433549238,0.06846325664507479,3.5148536966718784,0.3383333333333333,132.03666666666666,0.6091666666666666,313.0,-0.006222009920747951,50.66715984344482,4.239749091863632,0.0006451449269661679,0.0,326.4689140319824,0.7797702550888062,1606.5743103027344
1374,1.5624527777777772,0.00875,0.0016666666666666668,0.7083333333333334,0.64375,1.765,0.931591123701603,0.06840887629839461,3.5158168083097263,0.3229166666666667,127.46541666666667,0.61875,293.0,-0.0008080797037109732,79.70748462677003,4.165853691101074,0.0032323161169188095,0.006119791697710752,242.7217363357544,0.7041507959365845,1607.7015931606293
1375,1.6326791666666656,0.004583333333333333,0.0008333333333333334,0.7208333333333333,0.66625,1.8175,0.9375126088950003,0.062487391104997604,3.5575424117377348,0.31833333333333336,129.18791666666667,0.6275,324.0,-0.0026486906921491028,86.85963463783264,4.077502369880676,-7.117912173271179e-05,0.0,218.1049801826477,0.6707893013954163,1609.2799897193909
1376,1.5767374999999988,0.002916666666666667,0.00125,0.7041666666666667,0.6491666666666667,1.7641666666666667,0.9336726499763803,0.06632735002361821,3.5302314596126596,0.3145833333333333,120.77708333333334,0.5675,297.0,-0.0006399722653441132,77.57147445678712,4.115129917860031,0.0024213840864831583,0.0,206.89839725494386,0.696584939956665,1610.4626541137695
1377,1.7067388888888881,0.002916666666666667,0.0016666666666666668,0.7333333333333333,0.68875,1.8825,0.9425276671093387,0.057472332890659526,3.5931828242585215,0.3145833333333333,139.58,0.63125,346.0,0.0044547614175826315,47.30745716094971,4.1027049899101256,-0.0006354041870508809,0.0,261.3382031440735,0.8157838582992554,1611.6341543197632
1378,1.5395055555555546,0.0025,0.00125,0.6916666666666667,0.62375,1.71625,0.9357805292546717,0.06421947074532647,3.5450352027191068,0.30875,117.77875,0.5704166666666667,277.0,-0.003390922537073493,120.38934087753296,4.155369120836258,-5.654073393088765e-05,0.0,344.33380908966063,0.5996805429458618,1612.8121600151062
1379,1.664641666666666,0.006666666666666667,0.00125,0.7375,0.685,1.8591666666666666,0.9380636485880749,0.061936351411922844,3.5616315553563425,0.31958333333333333,132.95166666666665,0.6179166666666667,321.0,0.0037903231335803867,78.95691633224487,4.125683319568634,-0.0004378971098049078,0.000390625,425.12609910964966,0.6192103624343872,1613.9619979858398
1380,1.6230833333333328,0.004166666666666667,0.00125,0.7208333333333333,0.67,1.8120833333333333,0.9339848240974922,0.0660151759025062,3.5323062773051275,0.30791666666666667,130.22875,0.6420833333333333,317.0,0.0044750781380571425,67.13580493927002,4.136355584859848,0.0008705920008651447,0.0,297.87859773635864,0.7516669034957886,1615.1424157619476
1381,1.6796902777777762,0.0004166666666666667,0.0004166666666666667,0.7416666666666667,0.6883333333333334,1.8795833333333334,0.9312990467745503,0.06870095322544882,3.5140767013965863,0.345,142.77041666666668,0.6675,329.0,0.004963593976572156,70.7938892364502,4.072252810001373,0.0006447274994570762,0.0,319.32915554046633,0.7590738534927368,1616.3137369155884
1382,1.623747222222222,0.0025,0.0008333333333333334,0.7166666666666667,0.665,1.8216666666666668,0.9324473924977114,0.06755260750228725,3.52355901189387,0.33791666666666664,131.25625,0.645,305.0,8.368436247110366e-05,68.60184421539307,4.079369431734085,0.0006009702134178952,0.0,226.02026462554932,0.7566244006156921,1617.4672243595123
1383,1.6479013888888876,0.004583333333333333,0.0016666666666666668,0.725,0.6716666666666666,1.8345833333333332,0.9382534635475795,0.06174653645241877,3.562798092209857,0.31958333333333333,134.10333333333332,0.6525,286.0,-0.018016467429697515,77.2596785068512,4.016440045833588,-0.0005677309549355414,0.0,281.5572819709778,0.7291935682296753,1618.6345164775848
1384,1.6221611111111096,0.006666666666666667,0.0016666666666666668,0.725,0.6670833333333334,1.8129166666666667,0.9386393932429306,0.06136060675706728,3.56584693173983,0.3233333333333333,128.95875,0.6141666666666666,296.0,0.0004667520523071289,76.48998041152954,4.097242003679275,0.0001253961971087847,0.0,261.68224411010743,0.6796221733093262,1619.814163684845
1385,1.579180555555556,0.00625,0.0016666666666666668,0.7,0.6404166666666666,1.755,0.9389126305792959,0.061087369420702704,3.5667141500474835,0.28541666666666665,122.72666666666667,0.5816666666666667,287.0,-0.0033572297310456634,116.78593029975892,3.9904524385929108,0.0008141059268382377,0.000390625,312.6470320701599,0.6062322854995728,1620.984745979309
1386,1.566077777777778,0.005,0.0016666666666666668,0.7,0.6416666666666667,1.7433333333333334,0.9387954110898651,0.06120458891013377,3.5654875717017207,0.30583333333333335,119.96833333333333,0.5641666666666667,261.0,0.0019367747940123082,104.83382349014282,4.086640626192093,0.002262639906257391,0.000390625,309.1185760498047,0.6505643725395203,1622.1018950939178
1387,1.505951388888888,0.00375,0.00125,0.6833333333333333,0.6095833333333334,1.67375,0.9383744087627564,0.06162559123724166,3.564351506099079,0.28541666666666665,104.55625,0.4816666666666667,286.0,-0.0006251748884096742,100.4790711402893,4.009257531166076,0.0011607407097471878,0.0,235.29781427383423,0.6603313684463501,1623.2550384998322
1388,1.5748,0.004583333333333333,0.0016666666666666668,0.7041666666666667,0.6504166666666666,1.77,0.9316195856873811,0.06838041431261759,3.5174199623352167,0.3145833333333333,118.25416666666666,0.59125,274.0,-0.011221286980435253,74.3420744895935,4.12332221865654,9.286277563660405e-05,0.000390625,197.94212665557862,0.7308390736579895,1624.422253370285
1389,1.6006555555555553,0.0016666666666666668,0.0008333333333333334,0.7083333333333334,0.65875,1.7941666666666667,0.9325917324663249,0.06740826753367386,3.5236878773803992,0.33208333333333334,126.68125,0.59875,318.0,0.012939116475172341,70.84675035476684,4.22173747420311,0.00033423315035179256,0.0,326.05899505615236,0.7872152328491211,1625.59583568573
1390,1.4806486111111095,0.005833333333333334,0.00125,0.6625,0.6033333333333334,1.6558333333333333,0.9361826874685446,0.06381731253145435,3.5483140412682435,0.2866666666666667,101.89375,0.495,235.0,-0.006706268619745969,137.22675819396972,3.9674192368984222,0.00013027607928961515,0.0,329.0925598144531,0.6005879640579224,1626.7709465026855
1391,1.5508763888888895,0.00625,0.00125,0.675,0.6325,1.73,0.938528420038535,0.06147157996146428,3.5647880539499037,0.30541666666666667,121.05291666666666,0.6104166666666667,266.0,-0.01300180023536086,79.9793664932251,3.9342605233192445,0.0015184296062216163,0.0026041666977107527,212.11141242980958,0.7855949401855469,1627.9484686851501
1392,1.652304166666665,0.0025,0.0004166666666666667,0.725,0.6720833333333334,1.8454166666666667,0.9337389930006754,0.06626100699932257,3.53149695190788,0.32458333333333333,132.63083333333333,0.6404166666666666,322.0,0.0047578673344105486,82.94114456176757,4.1859165012836455,-0.0004890216368949041,0.0,648.7352573394776,0.6440012454986572,1629.1214241981506
1393,1.5609902777777782,0.0020833333333333333,0.0008333333333333334,0.6875,0.6366666666666667,1.74875,0.9329783178460784,0.06702168215391945,3.5263283297593517,0.3154166666666667,116.2625,0.55,281.0,0.0026365132071077824,71.07335767745971,3.988843333721161,0.0003493700554827228,0.0,221.2381265640259,0.7347731590270996,1630.3109328746796
1394,1.654841666666665,0.002916666666666667,0.0008333333333333334,0.725,0.6695833333333333,1.8508333333333333,0.9331652408824839,0.06683475911751456,3.5279153534443943,0.32208333333333333,141.12833333333333,0.6545833333333333,325.0,0.004929665103554725,98.93515567779541,4.088812744617462,-8.369927909370744e-05,0.0,719.8682901382447,0.7615999579429626,1631.4863889217377
1395,1.6199458333333332,0.0016666666666666668,0.0008333333333333334,0.725,0.6583333333333333,1.8145833333333334,0.9310838117106757,0.0689161882893226,3.513203214695752,0.3145833333333333,128.06666666666666,0.6083333333333333,322.0,0.011500867945142091,62.55702681541443,4.195547193288803,0.00013410432488853986,0.0,281.25657482147216,0.8058871030807495,1632.6414585113525
1396,1.6192569444444445,0.0016666666666666668,0.0004166666666666667,0.7125,0.6591666666666667,1.8104166666666666,0.9320023014959712,0.06799769850402752,3.518987341772152,0.3129166666666667,125.33916666666667,0.6345833333333334,293.0,-0.008020498603582383,94.70152015686035,3.9980094134807587,-0.0007216985715785996,0.0,298.26874475479127,0.672003984451294,1633.8148729801178
1397,1.5221611111111102,0.002916666666666667,0.0008333333333333334,0.6791666666666667,0.6258333333333334,1.7070833333333333,0.9320283134000472,0.06797168659995108,3.520136685379546,0.30416666666666664,113.17708333333333,0.5429166666666667,285.0,-0.006096696062013507,109.00219345092773,4.127977246046067,-0.0010701977997086942,0.0,348.5815637588501,0.6206086874008179,1634.9714560508728
1398,1.4917472222222203,0.00625,0.0020833333333333333,0.6708333333333333,0.6120833333333333,1.6754166666666668,0.9350559562297914,0.06494404377020635,3.5401641382740614,0.3016666666666667,107.56,0.5670833333333334,292.0,-3.462131135165691e-05,100.35558891296387,3.9561202585697175,-0.00016784641484264285,0.0,301.5167774200439,0.6682689189910889,1636.1314616203308
1399,1.6117222222222216,0.0025,0.00125,0.725,0.6658333333333334,1.8058333333333334,0.9320027688047979,0.0679972311952007,3.5191508998615597,0.32625,129.49083333333334,0.6020833333333333,323.0,0.004027219419367611,66.30030722618103,4.1657902836799625,0.0004916708450764418,0.0,478.1881059646606,0.7542569637298584,1637.3040401935577
1400,1.5479583333333327,0.002916666666666667,0.00125,0.7125,0.6354166666666666,1.735,0.9317002881844363,0.06829971181556191,3.5172910662824206,0.3020833333333333,113.4275,0.5483333333333333,275.0,0.00686381752602756,86.95456018447877,4.0797406256198885,-0.00016055007945396936,0.0,266.58783493041994,0.6517436504364014,1638.693211555481
1401,1.5982944444444447,0.005416666666666667,0.0008333333333333334,0.7083333333333334,0.6504166666666666,1.79875,0.9321843873059984,0.06781561269400042,3.520268705119296,0.33166666666666667,120.92791666666666,0.5725,339.0,-0.008439996046945453,66.83801097869873,4.066613429784775,-9.406452591065317e-06,0.0,355.16972904205323,0.776418924331665,1639.8670077323914
1402,1.5611083333333324,0.00625,0.00125,0.7041666666666667,0.6425,1.7679166666666666,0.9289794956398765,0.07102050436012254,3.4998821588498705,0.3279166666666667,123.05,0.5804166666666667,276.0,-0.014797818427905441,85.36926956176758,4.049374508857727,0.00026369669212726875,0.0,358.7657476425171,0.6948126554489136,1641.0513603687286
1403,1.5903611111111104,0.0008333333333333334,0.0008333333333333334,0.7083333333333334,0.6504166666666666,1.7795833333333333,0.9316787637555591,0.06832123624443912,3.5165066729103254,0.3233333333333333,128.98583333333335,0.6229166666666667,281.0,-0.004891825490631163,84.75018253326417,4.055949324369431,0.0001246665146027226,0.0,415.04389781951903,0.7297590970993042,1642.2197940349579
1404,1.6668624999999986,0.0020833333333333333,0.00125,0.7416666666666667,0.6816666666666666,1.8570833333333334,0.9352636302445567,0.0647363697554408,3.542068656046668,0.32083333333333336,131.03708333333333,0.6166666666666667,321.0,-0.014809839660301805,45.73786211013794,4.045583862066269,0.0002512649458367378,0.0,323.78207740783694,0.7730116248130798,1643.373937368393
1405,1.571162499999999,0.0033333333333333335,0.0008333333333333334,0.6875,0.6329166666666667,1.7566666666666666,0.9353154648956338,0.06468453510436424,3.5426944971537,0.31833333333333336,116.09375,0.5175,277.0,-0.010325508704409004,103.52800149917603,4.028991538286209,-0.00021006488168495707,0.0,357.0893135070801,0.5696025490760803,1644.546614408493
1406,1.6294611111111106,0.0025,0.0008333333333333334,0.7291666666666666,0.6666666666666666,1.8233333333333333,0.9329387568555749,0.06706124314442408,3.526965265082267,0.31375,129.68875,0.59,311.0,0.0014790681656450034,50.786931371688844,4.076902168989181,-0.000279926912207884,0.0,270.5962574005127,0.8237868547439575,1645.731952905655
1407,1.6140013888888873,0.0020833333333333333,0.0008333333333333334,0.7125,0.6483333333333333,1.7925,0.9383472803347265,0.06165271966527194,3.564853556485356,0.3070833333333333,127.455,0.585,315.0,-0.005457907123491168,73.20013132095337,3.9662658154964445,0.0002529845340177417,0.0,264.1777430534363,0.7479408383369446,1646.9212727546692
1408,1.5323763888888877,0.0020833333333333333,0.0004166666666666667,0.6875,0.6229166666666667,1.71,0.9344225146198809,0.06557748538011687,3.5365497076023393,0.29125,115.85708333333334,0.58375,326.0,-0.004460031306371093,150.78208074569702,4.071637570858002,-1.2541029718704522e-06,0.0,374.4170375823975,0.6139278411865234,1648.0723748207092
1409,1.7180402777777763,0.0016666666666666668,0.0008333333333333334,0.7333333333333333,0.6883333333333334,1.9008333333333334,0.9406247259973688,0.05937527400263037,3.5797895659798336,0.32708333333333334,138.78291666666667,0.6291666666666667,332.0,0.012606593547388911,79.1314739227295,3.9719897866249085,0.00018942373426398263,0.000390625,673.8009105682373,0.7139703631401062,1649.233144044876
1410,1.6426319444444444,0.0033333333333333335,0.0020833333333333333,0.7,0.65625,1.8141666666666667,0.9422714745061994,0.05772852549379875,3.5916398713826365,0.29833333333333334,132.21,0.6283333333333333,279.0,-0.003151814336888492,67.96376495361328,4.021627730131149,-0.0010218342125881464,0.00078125,270.5624345779419,0.7211951017379761,1650.3853945732117
1411,1.5991611111111113,0.0016666666666666668,0.0004166666666666667,0.6875,0.6325,1.7654166666666666,0.9407174887892359,0.05928251121076226,3.580599480764692,0.2825,126.18875,0.6295833333333334,287.0,-0.008508337568491698,108.87892589569091,3.9629556000232697,0.0005667333651217632,0.0,301.0029375076294,0.6639513373374939,1651.5312368869781
1412,1.6315791666666664,0.0033333333333333335,0.0008333333333333334,0.7166666666666667,0.6570833333333334,1.82125,0.9347494852436498,0.06525051475634859,3.5387783115991764,0.30833333333333335,123.54875,0.55875,346.0,-0.008659469056874513,56.56056389808655,3.9546588540077208,0.0005343072203686461,0.0046875,475.3219259262085,0.6763648986816406,1652.7043414115906
1413,1.597322222222223,0.0016666666666666668,0.0008333333333333334,0.7,0.6441666666666667,1.78,0.9367368913857671,0.06326310861423219,3.5538389513108615,0.30916666666666665,120.61416666666666,0.58125,277.0,0.0007203693967312574,89.2107539653778,4.11951954960823,0.002518011551001109,0.0015625,231.8938781738281,0.6810745596885681,1653.8487076759338
1414,1.50572361111111,0.0033333333333333335,0.0016666666666666668,0.675,0.6129166666666667,1.6783333333333332,0.9380759682224409,0.06192403177755701,3.563803376365442,0.2833333333333333,108.24208333333333,0.5429166666666667,296.0,0.0004533965373411775,91.01431522369384,3.901180773973465,0.0002487345278495923,0.0,264.0521999359131,0.6005190014839172,1655.0036237239838
1415,1.6841166666666665,0.00625,0.00125,0.7375,0.6845833333333333,1.86875,0.9411103678929745,0.05888963210702331,3.5839464882943144,0.2975,140.2125,0.6429166666666667,316.0,-0.013749232003465294,64.26799287796021,4.123999935388565,-0.00015157591169554508,0.0015625,625.0879082679749,0.7757589817047119,1656.1797242164612
1416,1.588676388888888,0.0033333333333333335,0.00125,0.7083333333333334,0.6420833333333333,1.7345833333333334,0.9495532068220021,0.05044679317799653,3.6428056689887103,0.2529166666666667,119.60958333333333,0.58625,272.0,-0.0015803903108462692,68.42035570144654,3.915283328294754,-0.0005099842950585298,0.0,268.44378356933595,0.7444206476211548,1657.346423625946
1417,1.6466458333333336,0.002916666666666667,0.0016666666666666668,0.7125,0.65875,1.8016666666666667,0.9480689176688238,0.05193108233117478,3.632978723404255,0.2704166666666667,129.79041666666666,0.6125,291.0,-0.0010802242788486183,60.713976764678954,3.8319605231285094,0.00015343691229645627,0.000390625,223.78772716522218,0.7827910780906677,1658.526291847229
1418,1.6438152777777768,0.0020833333333333333,0.0008333333333333334,0.7166666666666667,0.6620833333333334,1.8041666666666667,0.9446859122401832,0.05531408775981516,3.6090069284064663,0.27666666666666667,124.82208333333334,0.5770833333333333,312.0,0.00025421257596462964,97.67587232589722,3.7980980694293978,-0.00011281164915999398,0.0,439.7229850769043,0.6611002683639526,1659.6928119659424
1419,1.5938583333333334,0.0,0.0,0.6958333333333333,0.6445833333333333,1.74125,0.9474180425939207,0.05258195740607792,3.62790141182101,0.2675,118.2,0.5529166666666666,282.0,-0.00019874563440680504,110.50608005523682,3.9922429263591765,0.0011621381025179289,0.0,379.3299057006836,0.6031858921051025,1660.8540585041046
1420,1.6483305555555545,0.004166666666666667,0.0008333333333333334,0.7333333333333333,0.67125,1.81875,0.9450538373424958,0.0549461626575028,3.6121420389461627,0.29,128.37708333333333,0.6054166666666667,344.0,0.009070054371841252,93.09451637268066,3.7999500155448915,-1.981958412216045e-05,0.0,479.01706676483155,0.6672213673591614,1662.0215773582458
1421,1.6354986111111112,0.00125,0.0004166666666666667,0.725,0.665,1.8041666666666667,0.9415773672055405,0.05842263279445718,3.58729792147806,0.2925,129.30083333333334,0.5904166666666667,314.0,-0.006242023501545191,95.93205394744874,3.9258992612361907,-0.0003784633241593838,0.0,272.2834808349609,0.6901373267173767,1663.2050423622131
1422,1.568504166666667,0.004166666666666667,0.0016666666666666668,0.6958333333333333,0.6316666666666667,1.7279166666666668,0.9457222088256556,0.05427779117434285,3.6173137207619965,0.2633333333333333,114.595,0.5733333333333334,281.0,-0.0036026191897690295,108.3097116470337,3.8837580263614653,0.000495661144668702,0.0,355.97173023223877,0.5985010862350464,1664.3623359203339
1423,1.6533194444444443,0.004166666666666667,0.00125,0.7333333333333333,0.665,1.82875,0.9412850307587132,0.05871496924128496,3.585099111414901,0.2891666666666667,128.82291666666666,0.6183333333333333,303.0,0.007328697526827454,95.85655269622802,3.9138198018074037,9.697364293970168e-06,0.0,599.4423728942871,0.6589009761810303,1665.5176787376404
1424,1.602070833333333,0.004583333333333333,0.0008333333333333334,0.7041666666666667,0.64875,1.77375,0.9426755931407083,0.05732440685929052,3.5950199671129903,0.29291666666666666,119.79125,0.5895833333333333,302.0,0.0024990364443510773,76.2784210205078,3.812379366159439,0.0008405051703448407,0.0,201.602209854126,0.7120126485824585,1666.666573524475
1425,1.6176138888888878,0.0033333333333333335,0.0004166666666666667,0.7083333333333334,0.6525,1.8045833333333334,0.9370676518125126,0.06293234818748546,3.5562225813899793,0.30291666666666667,121.14416666666666,0.5654166666666667,287.0,0.0020951685728505254,60.291645526885986,3.8329532563686373,0.001220825605560094,0.001171875,174.71043758392335,0.7348271608352661,1668.1545197963715
1426,1.5878097222222225,0.0008333333333333334,0.0008333333333333334,0.6958333333333333,0.6425,1.7425,0.9454591104734563,0.05454088952654229,3.6154949784791968,0.2654166666666667,122.72666666666667,0.5975,324.0,0.0007427476812154055,78.59031820297241,3.887158912420273,-0.0015846537542529404,0.0,229.32812900543212,0.7120547294616699,1669.3384277820587
1427,1.5058361111111116,0.00125,0.0008333333333333334,0.6666666666666666,0.6033333333333334,1.66125,0.9420215701028325,0.05797842989716574,3.5909204915976924,0.26625,101.24833333333333,0.43333333333333335,284.0,0.006024672673083842,127.95409269332886,3.7316856920719146,2.531489249122387e-05,0.0,279.33592081069946,0.5116902589797974,1670.5145196914673
1428,1.582255555555556,0.00375,0.0020833333333333333,0.7208333333333333,0.6429166666666667,1.7508333333333332,0.9419514516896703,0.058048548310328345,3.5906711089957164,0.27791666666666665,109.94291666666666,0.5033333333333333,298.0,-0.008923675760161131,81.84051337242127,3.9039966583251955,-0.00021560150580626213,0.0,310.2671058654785,0.6353630423545837,1671.6891551017761
1429,1.677302777777777,0.0033333333333333335,0.0020833333333333333,0.7166666666666667,0.6695833333333333,1.8454166666666667,0.9448769473921861,0.05512305260781205,3.6111989162339126,0.27708333333333335,133.24708333333334,0.6283333333333333,274.0,0.006751531455665827,56.972878742218015,3.671449476480484,-6.569229735760018e-05,0.001171875,347.83060536384585,0.8120213150978088,1672.8505284786224
1430,1.5829513888888889,0.0020833333333333333,0.0004166666666666667,0.7125,0.6429166666666667,1.74125,0.9439459200765722,0.05605407992342655,3.603972242163197,0.26208333333333333,116.92375,0.5458333333333333,296.0,0.0007015484850853681,108.24212131500244,3.8504434287548066,0.0004899002815363929,0.0,335.8759153366089,0.5974982380867004,1674.012924194336
1431,1.5919819444444443,0.008333333333333333,0.00125,0.7041666666666667,0.6479166666666667,1.7608333333333333,0.946306199716042,0.0536938002839564,3.619971604353999,0.2841666666666667,122.92041666666667,0.55625,288.0,-0.006596018048003316,72.31656041145325,3.787036347389221,0.00037754790391772983,0.0,375.0048667907715,0.67166668176651,1675.1699924468994
1432,1.6723374999999994,0.004583333333333333,0.0016666666666666668,0.7333333333333333,0.6795833333333333,1.83375,0.9493546921154278,0.050645307884571625,3.6432628947966372,0.27375,125.66,0.6029166666666667,296.0,-0.0023047905997373164,82.70802769660949,3.7695868790149687,0.000870913798280526,0.0,358.85630760192873,0.6166221499443054,1676.3308064937592
1433,1.605127777777778,0.002916666666666667,0.0016666666666666668,0.6958333333333333,0.64625,1.7691666666666668,0.9446867640131871,0.05531323598681104,3.6097503532736694,0.28708333333333336,127.30833333333334,0.6379166666666667,279.0,0.013568131532520056,68.48153676986695,3.698494166135788,0.0001816657510062214,0.0,335.35087022781374,0.7358337640762329,1677.4882826805115
1434,1.492980555555555,0.0004166666666666667,0.0004166666666666667,0.6833333333333333,0.6070833333333333,1.6425,0.9447792998477915,0.05522070015220697,3.612633181126332,0.2529166666666667,107.66291666666666,0.5316666666666666,245.0,-0.006793263368308544,71.3134801864624,3.9292457938194274,0.0014345214458444389,0.001171875,329.64308738708496,0.7655558586120605,1678.658611536026
1435,1.659844444444444,0.004583333333333333,0.00125,0.725,0.675,1.8375,0.9425079365079355,0.057492063492063386,3.594784580498866,0.29041666666666666,131.42583333333334,0.6316666666666667,305.0,-0.009662344213575124,86.20278205871583,3.824783629179001,-0.0010310053185094148,0.0,444.7555097579956,0.6854031085968018,1679.8112428188324
1436,1.6436236111111102,0.00625,0.0025,0.7166666666666667,0.6625,1.8104166666666666,0.9467272727272714,0.053272727272727166,3.623475258918297,0.2791666666666667,127.63083333333333,0.5991666666666666,305.0,0.004091856442391873,76.82430572509766,3.790289354324341,0.0015141985408263282,0.001953125,266.8956527709961,0.6925660371780396,1680.957006931305
1437,1.6015861111111105,0.0025,0.0004166666666666667,0.7,0.6358333333333334,1.7495833333333333,0.9478780662062378,0.052121933793760344,3.6308644915456063,0.25833333333333336,125.34833333333333,0.6125,273.0,0.002058167802169919,84.49402484893798,3.6804759204387665,-0.001027999774669297,0.0,320.37018356323244,0.7193266153335571,1682.136385679245
1438,1.693575000000001,0.00375,0.0016666666666666668,0.7291666666666666,0.6816666666666666,1.8570833333333334,0.9469553511330477,0.053044648866950775,3.6262059681400043,0.27375,130.78375,0.5916666666666667,335.0,0.011826719273813069,65.57005829811096,3.807149773836136,0.00023711717913101892,0.000390625,333.16642847061155,0.721757173538208,1683.314724445343
1439,1.5940902777777777,0.00375,0.0016666666666666668,0.6875,0.63125,1.75375,0.9452720361130893,0.05472796388690891,3.6139225469232596,0.2629166666666667,125.5775,0.57375,340.0,0.0014788435772061348,78.97686824798583,3.7759644627571105,0.0014316107641207053,0.0,334.06186695098876,0.7268955707550049,1684.4784061908722
1440,1.6616611111111108,0.0025,0.0004166666666666667,0.7375,0.67375,1.8566666666666667,0.934991023339317,0.06500897666068216,3.54286355475763,0.3075,135.73,0.5979166666666667,333.0,-0.002744812984019518,97.87852907180786,3.785577195882797,0.00019933815929107368,0.0,695.8929733276367,0.6920082569122314,1685.6521639823914
1441,1.6001541666666652,0.00375,0.0008333333333333334,0.7041666666666667,0.635,1.7566666666666666,0.9467196394686886,0.05328036053130925,3.623339658444023,0.2679166666666667,120.64125,0.5766666666666667,263.0,-0.001490475214086473,70.16273784637451,3.780548459291458,-0.0011649108564597555,0.0,214.8160054206848,0.7213916778564453,1686.8364453315735
1442,1.6808013888888884,0.0025,0.00125,0.7291666666666666,0.68,1.855,0.9415071877807709,0.05849281221922723,3.587151841868823,0.28875,133.0625,0.6108333333333333,313.0,-0.010324609139934183,71.03402128219605,3.873780643939972,4.932014417136088e-05,0.0,231.38032693862914,0.7674228549003601,1688.0021669864655
1443,1.6066999999999991,0.002916666666666667,0.0004166666666666667,0.6875,0.63875,1.7708333333333333,0.9419011764705867,0.05809882352941169,3.5896470588235294,0.26416666666666666,131.805,0.6566666666666666,315.0,0.0032081824261695146,81.46445817947388,3.7838261842727663,-0.000301307717745658,0.0,358.7781541824341,0.7130407094955444,1689.1788165569305
1444,1.6496430555555557,0.0020833333333333333,0.0004166666666666667,0.7291666666666666,0.6716666666666666,1.8183333333333334,0.9432424381301548,0.0567575618698441,3.6001374885426216,0.28833333333333333,132.32083333333333,0.6270833333333333,312.0,-0.00057649458758533,54.95022473335266,3.9088477909564974,-0.000873465245240368,0.0,268.1276731491089,0.8450367450714111,1690.347170829773
1445,1.6263083333333328,0.002916666666666667,0.00125,0.7041666666666667,0.6554166666666666,1.78875,0.9444770556720229,0.05552294432797573,3.608898206382483,0.26916666666666667,123.81375,0.5841666666666666,309.0,0.005358611303381622,82.23591737747192,3.836440622806549,0.0012256608373718337,0.0,338.91225414276124,0.7136269211769104,1691.5189723968506
1446,1.655211111111112,0.00375,0.0020833333333333333,0.7166666666666667,0.6616666666666666,1.8270833333333334,0.9420387685290748,0.05796123147092355,3.590193842645382,0.28125,128.775,0.5983333333333334,343.0,0.009751240781042725,65.95431499481201,3.8072008728981017,-0.0002877636838093167,0.0,386.77137727737426,0.7488690614700317,1692.6868002414703
1447,1.520694444444443,0.0033333333333333335,0.0008333333333333334,0.65,0.60375,1.6691666666666667,0.9455816275586613,0.05441837244133796,3.6148277583624564,0.24291666666666667,107.84375,0.5533333333333333,260.0,-0.0025994306430220603,156.6151466369629,3.703088587522507,-5.090142076369375e-05,0.0,315.5733373641968,0.5392627716064453,1693.8486437797546
1448,1.586783333333334,0.0033333333333333335,0.0004166666666666667,0.6916666666666667,0.6375,1.7608333333333333,0.9391339327969699,0.06086606720302882,3.571935636535731,0.2783333333333333,113.35208333333334,0.5429166666666667,311.0,0.005632978002540767,95.3293441772461,3.7519539058208466,0.0036173830019833987,0.0014322916977107525,251.8462833404541,0.735630214214325,1695.0050973892212
1449,1.7529541666666653,0.00375,0.0008333333333333334,0.7333333333333333,0.6983333333333334,1.91875,0.947467969598261,0.052532030401737165,3.629098805646037,0.27458333333333335,140.38916666666665,0.6241666666666666,345.0,-0.0008286932948976755,83.61674203872681,3.7460519134998322,-3.9308020495809616e-05,0.0,604.4244195938111,0.6643427610397339,1696.1625022888184
1450,1.593938888888889,0.0020833333333333333,0.0004166666666666667,0.6916666666666667,0.6470833333333333,1.7620833333333332,0.941622132891935,0.05837786710806333,3.588791676519272,0.2791666666666667,121.87875,0.5395833333333333,328.0,-0.004067236836999655,114.54260082244873,3.7493623971939085,8.090940391412005e-05,0.0,257.4952560424805,0.6410280466079712,1697.5160768032074
1451,1.655970833333334,0.00125,0.0008333333333333334,0.725,0.6604166666666667,1.8266666666666667,0.9414530109489041,0.0585469890510948,3.5871350364963503,0.2791666666666667,136.7075,0.6425,322.0,-0.009923805249854922,117.51168155670166,3.9432735323905943,-0.000146623607724905,0.0,955.8037055969238,0.6907907724380493,1698.695526599884
1452,1.660297222222222,0.0025,0.0004166666666666667,0.7125,0.6675,1.835,0.9410490463215243,0.05895095367847405,3.585149863760218,0.27666666666666667,126.93708333333333,0.60625,296.0,0.0022450125310570002,91.07071690559387,3.9915294349193573,0.00021774540946353226,0.0,349.2259349822998,0.6549839973449707,1699.8645462989807
1453,1.643979166666667,0.0008333333333333334,0.0008333333333333334,0.7208333333333333,0.6591666666666667,1.8195833333333333,0.9389855736203333,0.06101442637966561,3.5711014426379664,0.285,124.19333333333333,0.59875,316.0,0.005718931648880243,62.22168307304382,3.707462400197983,0.0024096694818581455,0.0010416666977107526,250.43395986557007,0.7794622182846069,1701.014757156372
1454,1.636354166666666,0.00125,0.0008333333333333334,0.7,0.6566666666666666,1.8104166666666666,0.9396432681242796,0.06035673187571911,3.575143843498274,0.27875,124.91125,0.58,323.0,0.0023823231691494583,66.2760983467102,3.7460638880729675,0.0007888596403063275,0.001953125,268.036547088623,0.7851668000221252,1702.1546247005463
1455,1.6700694444444435,0.0020833333333333333,0.00125,0.7125,0.6595833333333333,1.8370833333333334,0.9430709911544556,0.05692900884554313,3.598321614878657,0.2775,130.45833333333334,0.6279166666666667,299.0,0.007307677669450641,52.97288489341736,3.775511074066162,0.0006382272596965777,0.00234375,249.54790544509888,0.8191927671432495,1703.3200833797455
1456,1.6017722222222213,0.0033333333333333335,0.0008333333333333334,0.7083333333333334,0.64125,1.7841666666666667,0.9351751517982243,0.06482484820177482,3.5422699673049975,0.28375,126.54916666666666,0.58375,306.0,0.004844045243225991,90.71684055328369,3.802999401092529,-5.1475457939886835e-05,0.0,270.60429468154905,0.6602953672409058,1704.4728972911835
1457,1.6161263888888897,0.002916666666666667,0.0008333333333333334,0.6916666666666667,0.6504166666666666,1.7995833333333333,0.9358346839546178,0.06416531604538084,3.548969668904839,0.285,126.35041666666666,0.5895833333333333,301.0,-0.007956620398908853,93.44006237983703,3.8618109047412874,0.0009654979716287926,0.000390625,255.44194221496582,0.7163383960723877,1705.6292295455933
1458,1.5303944444444446,0.00125,0.0004166666666666667,0.6708333333333333,0.6125,1.705,0.9340860215053755,0.06591397849462355,3.5356793743890518,0.2725,120.54916666666666,0.6166666666666667,297.0,0.0034634670708328487,71.73465709686279,3.781004899740219,9.094493700558814e-05,0.0,296.1059345245361,0.7475841641426086,1706.7922921180725
1459,1.6718333333333322,0.0008333333333333334,0.0004166666666666667,0.7291666666666666,0.6708333333333333,1.8591666666666666,0.9353204840878521,0.06467951591214696,3.544150605109816,0.3045833333333333,137.32166666666666,0.6658333333333334,308.0,-0.004739865008741617,44.43485589027405,3.814642083644867,-0.000852676870272262,0.0014322916977107525,465.0560831069946,0.8095934987068176,1707.9561381340027
1460,1.7219763888888884,0.0008333333333333334,0.0004166666666666667,0.725,0.6795833333333333,1.8920833333333333,0.9425038537766998,0.0574961462232988,3.5930411803567495,0.29375,143.265,0.6479166666666667,367.0,-0.003944536903873086,51.98744909763336,3.9291164875030518,0.0012230148538947105,0.008984375,316.8091443061829,0.8593206405639648,1709.1171596050262
1461,1.6278652777777782,0.005,0.00125,0.6916666666666667,0.64625,1.7895833333333333,0.9471967403958079,0.052803259604190855,3.6274738067520373,0.26666666666666666,135.92875,0.6333333333333333,321.0,0.00987071853596717,104.2180869102478,3.539014756679535,-0.0002318669789019623,0.0,273.9129850387573,0.7406984567642212,1710.2746498584747
1462,1.6369916666666668,0.0075,0.0033333333333333335,0.7083333333333334,0.6554166666666666,1.8279166666666666,0.9381764303624327,0.06182356963756545,3.564166856621837,0.2875,123.15041666666667,0.5745833333333333,294.0,0.003080219868570566,78.0034278869629,3.8682694852352144,0.00038676212334394223,0.0,281.2697608947754,0.7544845342636108,1711.4306695461273
1463,1.6110374999999988,0.004583333333333333,0.00125,0.7041666666666667,0.6520833333333333,1.79375,0.9373960511033668,0.06260394889663176,3.5586527293844368,0.27875,127.21541666666667,0.6133333333333333,305.0,0.0015785786788910627,85.21798667907714,3.787605720758438,0.00022552838927367703,0.0,312.36442947387695,0.7209359407424927,1712.5865242481232
1464,1.6512722222222236,0.0008333333333333334,0.0004166666666666667,0.7125,0.65875,1.8266666666666667,0.9389187956204366,0.06108120437956197,3.5695711678832116,0.28625,133.66375,0.6204166666666666,322.0,0.006935744034126401,73.33271379470825,3.780834990739822,0.0008379363647691207,0.000390625,251.30352840423583,0.7762667536735535,1713.7366712093353
1465,1.6382874999999997,0.005416666666666667,0.0025,0.7041666666666667,0.6525,1.80125,0.9457298172565335,0.05427018274346513,3.617857969003007,0.26166666666666666,117.72375,0.5408333333333334,268.0,0.0005285276798531413,86.82503652572632,3.716394007205963,-0.0009409762511495501,0.0,349.69783725738523,0.708696722984314,1714.8965544700623
1466,1.6356861111111114,0.004166666666666667,0.00125,0.7166666666666667,0.65375,1.80625,0.942209919261821,0.05779008073817756,3.5907727797001154,0.27666666666666667,128.92041666666665,0.6208333333333333,316.0,-0.008187622809782625,79.51325149536133,3.807306927442551,0.0007852196940802969,0.0,329.39358348846434,0.7612860798835754,1716.0733151435852
1467,1.6276124999999984,0.0008333333333333334,0.0004166666666666667,0.7166666666666667,0.6558333333333334,1.7991666666666666,0.940312644742935,0.059687355257063354,3.5789717461787864,0.29125,126.96583333333334,0.5841666666666666,311.0,-0.006371658144053072,92.30938053131104,3.9043590903282164,0.001617249425908085,0.0,246.874516582489,0.6947754621505737,1717.2344257831573
1468,1.5089611111111096,0.002916666666666667,0.00125,0.6708333333333333,0.6116666666666667,1.6908333333333334,0.9328092656481004,0.06719073435189743,3.5251355347461804,0.295,116.4875,0.5754166666666667,272.0,0.0010034153005108238,174.161114692688,3.93027349114418,-0.00011968797189183533,0.0,428.4320526123047,0.45390641689300537,1718.4079225063324
1469,1.515044444444443,0.002916666666666667,0.0016666666666666668,0.6791666666666667,0.6091666666666666,1.6991666666666667,0.9319372241294737,0.0680627758705246,3.521824423737126,0.28291666666666665,111.12458333333333,0.5154166666666666,277.0,-0.00016555204056203365,67.22521047592163,3.7939366161823274,0.0010592621499199595,0.0,289.95167045593263,0.7678874731063843,1719.5556564331055
1470,1.6249222222222228,0.00125,0.0008333333333333334,0.6958333333333333,0.6466666666666666,1.7916666666666667,0.9409255813953473,0.0590744186046511,3.5830232558139534,0.28375,127.40375,0.6104166666666667,284.0,-0.0015084893675521016,62.470634078979494,3.7221939742565153,-0.000553197400222416,0.0,240.5674527168274,0.7989243268966675,1720.7024023532867
1471,1.6994499999999984,0.0025,0.0008333333333333334,0.7375,0.6804166666666667,1.88125,0.9407929125138412,0.05920708748615716,3.581838316722038,0.3129166666666667,138.59541666666667,0.6416666666666667,343.0,0.004646193562075495,79.78000717163086,3.8335491895675657,0.0004394887204398401,0.0,684.3074995040894,0.7059985399246216,1721.8568923473358
1472,1.654380555555555,0.00375,0.0008333333333333334,0.7166666666666667,0.6583333333333333,1.8304166666666666,0.9406282722513073,0.059371727748691046,3.58001365809242,0.29625,127.63666666666667,0.5833333333333334,301.0,-0.004429400549270213,62.62042508125305,3.8526577591896056,-0.0011971651052590459,0.010416666697710752,215.91188468933106,0.7478590607643127,1723.0123553276062
1473,1.6143444444444432,0.0016666666666666668,0.00125,0.7041666666666667,0.6495833333333333,1.80125,0.9335554013416598,0.06644459865833907,3.532037936618089,0.295,125.78041666666667,0.6083333333333333,318.0,0.011214641272090375,85.63635511398316,3.890317517518997,0.0009650993582908995,0.0,311.13783950805663,0.668181300163269,1724.1787571907043
1474,1.6267680555555553,0.007083333333333333,0.0020833333333333333,0.7083333333333334,0.6541666666666667,1.8229166666666667,0.9343794285714276,0.06562057142857133,3.5376,0.2920833333333333,129.04208333333332,0.6270833333333333,292.0,0.00957575454376638,78.85043354034424,3.792741930484772,-0.0007432731083099498,0.0,293.3882423400879,0.7128700017929077,1725.3435592651367
1475,1.5787763888888895,0.002916666666666667,0.0020833333333333333,0.6791666666666667,0.6329166666666667,1.7558333333333334,0.9359824394874211,0.06401756051257705,3.548172757475083,0.27666666666666667,123.86416666666666,0.6020833333333333,288.0,0.002221590466797352,90.6614179611206,3.813593935966492,0.0004902078573650215,0.0,342.43749675750735,0.783555805683136,1726.7228055000305
1476,1.5546722222222222,0.007083333333333333,0.00125,0.6833333333333333,0.6275,1.7354166666666666,0.9356254501800716,0.06437454981992796,3.5464585834333735,0.2658333333333333,117.075,0.5683333333333334,292.0,0.001019741827622056,87.39116754531861,3.8226107597351073,0.0019380655641725753,0.002734375,185.60392532348632,0.7821940183639526,1727.8820095062256
1477,1.6407847222222216,0.005416666666666667,0.00125,0.7083333333333334,0.6545833333333333,1.8333333333333333,0.934556818181817,0.06544318181818175,3.5379545454545456,0.3045833333333333,131.91791666666666,0.6291666666666667,288.0,0.0022571050561964513,57.506066703796385,3.8447594821453093,9.485229384154081e-07,0.0,282.18487520217894,0.7896912097930908,1729.052639722824
1478,1.6505180555555545,0.0,0.0,0.7208333333333333,0.6591666666666667,1.845,0.930422312556458,0.06957768744354102,3.509936766034327,0.30666666666666664,127.11791666666667,0.5804166666666667,310.0,-0.0047427462530322375,66.91917066574096,3.943657028675079,7.809398084646091e-06,0.00078125,290.61140270233153,0.7778670191764832,1730.2104015350342
1479,1.6784749999999995,0.0020833333333333333,0.00125,0.7291666666666666,0.67,1.8766666666666667,0.9303596802841902,0.06964031971580813,3.507992895204263,0.3125,136.61875,0.6241666666666666,324.0,0.0011754316277801991,54.018714141845706,4.01944859623909,0.0004026116323075257,0.0,232.45480756759645,0.8330294489860535,1731.3793551921844
1480,1.6192097222222235,0.005,0.0033333333333333335,0.6875,0.6441666666666667,1.80625,0.9353564013840814,0.0646435986159169,3.5432525951557095,0.2925,129.92458333333335,0.5979166666666667,292.0,-0.004308190755546093,150.14590244293214,3.7741038262844087,0.0001815728101064451,0.0,458.6047176361084,0.5313624143600464,1732.5391626358032
1481,1.5755833333333316,0.00375,0.0016666666666666668,0.7,0.64125,1.7783333333333333,0.9264058106841595,0.07359418931583873,3.481255857544517,0.30375,125.43958333333333,0.605,291.0,0.006372615182772279,50.49548778533936,3.81139315366745,0.0006535256150527857,0.0,275.9683967590332,0.8416001796722412,1733.7059259414673
1482,1.7034333333333331,0.004166666666666667,0.0020833333333333333,0.725,0.68625,1.9,0.9362368421052627,0.0637631578947368,3.549342105263158,0.32875,139.37666666666667,0.63625,324.0,-0.004694893956184387,35.655725145339964,3.7451270878314973,-0.0008732147376576904,0.0,460.15432291030885,0.8464145660400391,1734.8816888332367
1483,1.6214055555555549,0.005833333333333334,0.0016666666666666668,0.7,0.64875,1.8079166666666666,0.9364000921871382,0.06359990781286003,3.5503572251670894,0.29291666666666666,126.48791666666666,0.5975,330.0,0.011175683978945018,69.32328672409058,3.646293264627457,8.058436142164283e-05,0.0,259.64574270248414,0.7350156307220459,1736.0646615028381
1484,1.537988888888889,0.0020833333333333333,0.0004166666666666667,0.6583333333333333,0.6104166666666667,1.7,0.9399117647058808,0.06008823529411758,3.575735294117647,0.2725,114.29041666666667,0.4975,296.0,0.0047831677016802136,129.74017219543458,3.689841789007187,-0.0002565707647590898,0.0,350.31794929504395,0.5369696617126465,1737.2247364521027
1485,1.6753666666666662,0.0004166666666666667,0.0004166666666666667,0.7083333333333334,0.6629166666666667,1.8329166666666667,0.9459831779949976,0.054016822005001096,3.61786769720391,0.2808333333333333,122.00625,0.54625,305.0,-0.004370104079134763,89.89759731292725,3.7458645164966584,-0.0011991947816568428,0.001953125,310.49153881073,0.6767928600311279,1738.3743422031403
1486,1.6043472222222228,0.00375,0.0008333333333333334,0.6875,0.6354166666666666,1.76,0.946993371212119,0.05300662878787872,3.624526515151515,0.2683333333333333,124.49166666666666,0.61875,288.0,-0.0028763358481228352,75.0716344833374,3.6846941828727724,0.0008888048916560365,0.0,359.6945011138916,0.710087239742279,1739.5193202495575
1487,1.694623611111111,0.004166666666666667,0.00125,0.7208333333333333,0.6779166666666666,1.85625,0.9484691358024682,0.0515308641975308,3.6352413019079686,0.28875,138.93375,0.6395833333333333,308.0,0.0038425464648753405,43.51810162067413,3.8176239490509034,-0.00024679759444552475,0.0,523.6479768753052,0.874788761138916,1740.6835827827454
1488,1.60936111111111,0.002916666666666667,0.0008333333333333334,0.7166666666666667,0.65,1.7833333333333334,0.9403738317756992,0.059626168224298955,3.5792056074766356,0.2920833333333333,118.68333333333334,0.5558333333333333,295.0,0.0015608245972543954,62.080180168151855,3.753958296775818,0.00025763552002899814,0.0,298.13081045150756,0.7890962958335876,1741.8496181964874
1489,1.6990999999999976,0.0004166666666666667,0.0004166666666666667,0.7208333333333333,0.6775,1.8708333333333333,0.9419465478841853,0.05805345211581286,3.5902004454342986,0.2995833333333333,137.81708333333333,0.6520833333333333,311.0,0.0004997290205210447,50.250583219528195,3.855970013141632,0.0010119867569301278,0.0,408.6902103424072,0.8339710235595703,1742.9964911937714
1490,1.6407833333333322,0.00125,0.00125,0.7125,0.6575,1.81375,0.9395543303468852,0.06044566965311276,3.5724787502871584,0.2941666666666667,128.64291666666668,0.61875,337.0,-0.012691078498028219,67.43301339149475,3.7533083140850065,-0.0004290229175239801,0.0029947916977107526,303.50476970672605,0.7586635947227478,1744.1473078727722
1491,1.6360430555555545,0.0,0.0,0.7166666666666667,0.6575,1.805,0.9399053554939967,0.06009464450600172,3.5752539242843953,0.28791666666666665,126.9575,0.595,273.0,-0.0013162847084458918,76.33664679527283,3.8197927474975586,4.580599925247952e-05,0.0,282.45025634765625,0.7043107748031616,1745.3115639686584
1492,1.62401111111111,0.0033333333333333335,0.0008333333333333334,0.7041666666666667,0.6525,1.80875,0.9350287952084761,0.0649712047915226,3.5406588343699608,0.2925,128.77541666666667,0.6283333333333333,277.0,0.0012292961939238012,66.34288921356202,3.802918791770935,-6.017422492732294e-05,0.0,321.46768980026246,0.7879810333251953,1746.4649238586426
1493,1.617926388888889,0.002916666666666667,0.00125,0.7208333333333333,0.65375,1.8033333333333332,0.9352333641404799,0.06476663585951935,3.5422828096118297,0.30583333333333335,121.37541666666667,0.5666666666666667,306.0,0.0030185756739228966,64.89705572128295,3.815434145927429,-3.717413201229647e-05,0.0,349.8735761642456,0.7653955221176147,1747.6079754829407
1494,1.5430624999999998,0.0025,0.0004166666666666667,0.675,0.6195833333333334,1.71875,0.9348727272727263,0.06512727272727267,3.541818181818182,0.275,105.71708333333333,0.47208333333333335,318.0,-0.004378856439143419,106.02564058303832,3.6985057651996613,0.00011658836883725599,0.0,390.58901863098146,0.6092568635940552,1748.7554404735565
1495,1.5931,0.004166666666666667,0.00125,0.7,0.6375,1.7670833333333333,0.9386795567083221,0.061320443291676414,3.566140061306296,0.27375,116.0925,0.53625,293.0,-0.00634697712957859,83.72282457351685,3.757120817899704,0.000284851313335821,0.0,288.88988571166993,0.6535200476646423,1749.9054186344147
1496,1.7096444444444436,0.0008333333333333334,0.0004166666666666667,0.7291666666666666,0.6816666666666666,1.87875,0.9422222222222203,0.057777777777777685,3.5914836992681303,0.28791666666666665,133.9175,0.6308333333333334,306.0,-0.00021293270401656628,52.93234128952027,3.779113972187042,0.002007538246107288,0.0,338.40794258117677,0.7997559905052185,1751.0810437202454
1497,1.594888888888889,0.007083333333333333,0.0016666666666666668,0.6791666666666667,0.6316666666666667,1.76875,0.9415547703180198,0.05844522968197873,3.5879858657243817,0.26916666666666667,120.92916666666666,0.5779166666666666,281.0,0.00965828385669738,111.9919843673706,3.6607433915138246,0.00025517940548525075,0.0,448.73834056854247,0.6547492742538452,1752.2586469650269
1498,1.664362499999999,0.0008333333333333334,0.0004166666666666667,0.725,0.67,1.85875,0.931847119479936,0.06815288052006273,3.5193902712396326,0.30833333333333335,137.36625,0.6258333333333334,321.0,0.003356777294538915,62.631056499481204,3.765411227941513,-0.0013251491691335104,0.0,486.69076852798463,0.7881940603256226,1753.4235754013062
1499,1.6258222222222212,0.004166666666666667,0.00125,0.7125,0.655,1.8166666666666667,0.9338623853210993,0.06613761467889898,3.532798165137615,0.30666666666666664,131.11625,0.6070833333333333,345.0,-0.00464684545295313,80.48533082008362,3.7923925817012787,-0.000953686277352972,0.010677083395421505,287.51645441055297,0.7323949933052063,1754.5936906337738
